  0
SECTION
  2
HEADER
  9
$ACADVER
  1
AC1014
  9
$ACADMAINTVER
 70
     9
  9
$DWGCODEPAGE
  3
ANSI_1252
  9
$INSBASE
 10
0.0
 20
0.0
 30
0.0
  9
$EXTMIN
 10
1.000000000000000E+20
 20
1.000000000000000E+20
 30
1.000000000000000E+20
  9
$EXTMAX
 10
-1.000000000000000E+20
 20
-1.000000000000000E+20
 30
-1.000000000000000E+20
  9
$LIMMIN
 10
0.0
 20
0.0
  9
$LIMMAX
 10
420.0
 20
297.0
  9
$ORTHOMODE
 70
     0
  9
$REGENMODE
 70
     1
  9
$FILLMODE
 70
     1
  9
$QTEXTMODE
 70
     0
  9
$MIRRTEXT
 70
     1
  9
$DRAGMODE
 70
     2
  9
$LTSCALE
 40
1.0
  9
$OSMODE
 70
    37
  9
$ATTMODE
 70
     1
  9
$TEXTSIZE
 40
2.5
  9
$TRACEWID
 40
1.0
  9
$TEXTSTYLE
  7
STANDARD
  9
$CLAYER
  8
0
  9
$CELTYPE
  6
BYLAYER
  9
$CECOLOR
 62
   256
  9
$CELTSCALE
 40
1.0
  9
$DELOBJ
 70
     1
  9
$DISPSILH
 70
     0
  9
$DIMSCALE
 40
1.0
  9
$DIMASZ
 40
2.5
  9
$DIMEXO
 40
0.625
  9
$DIMDLI
 40
3.75
  9
$DIMRND
 40
0.0
  9
$DIMDLE
 40
0.0
  9
$DIMEXE
 40
1.25
  9
$DIMTP
 40
0.0
  9
$DIMTM
 40
0.0
  9
$DIMTXT
 40
2.5
  9
$DIMCEN
 40
2.5
  9
$DIMTSZ
 40
0.0
  9
$DIMTOL
 70
     0
  9
$DIMLIM
 70
     0
  9
$DIMTIH
 70
     0
  9
$DIMTOH
 70
     0
  9
$DIMSE1
 70
     0
  9
$DIMSE2
 70
     0
  9
$DIMTAD
 70
     1
  9
$DIMZIN
 70
     8
  9
$DIMBLK
  1

  9
$DIMASO
 70
     1
  9
$DIMSHO
 70
     1
  9
$DIMPOST
  1

  9
$DIMAPOST
  1

  9
$DIMALT
 70
     0
  9
$DIMALTD
 70
     3
  9
$DIMALTF
 40
0.03937007874016
  9
$DIMLFAC
 40
1.0
  9
$DIMTOFL
 70
     1
  9
$DIMTVP
 40
0.0
  9
$DIMTIX
 70
     0
  9
$DIMSOXD
 70
     0
  9
$DIMSAH
 70
     0
  9
$DIMBLK1
  1

  9
$DIMBLK2
  1

  9
$DIMSTYLE
  2
ISO-25
  9
$DIMCLRD
 70
     0
  9
$DIMCLRE
 70
     0
  9
$DIMCLRT
 70
     0
  9
$DIMTFAC
 40
1.0
  9
$DIMGAP
 40
0.625
  9
$DIMJUST
 70
     0
  9
$DIMSD1
 70
     0
  9
$DIMSD2
 70
     0
  9
$DIMTOLJ
 70
     0
  9
$DIMTZIN
 70
     8
  9
$DIMALTZ
 70
     0
  9
$DIMALTTZ
 70
     0
  9
$DIMFIT
 70
     3
  9
$DIMUPT
 70
     0
  9
$DIMUNIT
 70
     2
  9
$DIMDEC
 70
     2
  9
$DIMTDEC
 70
     2
  9
$DIMALTU
 70
     2
  9
$DIMALTTD
 70
     3
  9
$DIMTXSTY
  7
STANDARD
  9
$DIMAUNIT
 70
     0
  9
$LUNITS
 70
     2
  9
$LUPREC
 70
     4
  9
$SKETCHINC
 40
1.0
  9
$FILLETRAD
 40
0.0
  9
$AUNITS
 70
     0
  9
$AUPREC
 70
     0
  9
$MENU
  1
.
  9
$ELEVATION
 40
0.0
  9
$PELEVATION
 40
0.0
  9
$THICKNESS
 40
0.0
  9
$LIMCHECK
 70
     0
  9
$CHAMFERA
 40
0.0
  9
$CHAMFERB
 40
0.0
  9
$CHAMFERC
 40
0.0
  9
$CHAMFERD
 40
0.0
  9
$SKPOLY
 70
     0
  9
$TDCREATE
 40
2461285.685152315
  9
$TDUPDATE
 40
2461285.685152396
  9
$TDINDWG
 40
0.0000000116
  9
$TDUSRTIMER
 40
0.0000000116
  9
$USRTIMER
 70
     1
  9
$ANGBASE
 50
0.0
  9
$ANGDIR
 70
     0
  9
$PDMODE
 70
     0
  9
$PDSIZE
 40
0.0
  9
$PLINEWID
 40
0.0
  9
$COORDS
 70
     1
  9
$SPLFRAME
 70
     0
  9
$SPLINETYPE
 70
     6
  9
$SPLINESEGS
 70
     8
  9
$ATTDIA
 70
     0
  9
$ATTREQ
 70
     1
  9
$HANDLING
 70
     1
  9
$HANDSEED
  5
100003AB
  9
$SURFTAB1
 70
     6
  9
$SURFTAB2
 70
     6
  9
$SURFTYPE
 70
     6
  9
$SURFU
 70
     6
  9
$SURFV
 70
     6
  9
$UCSNAME
  2

  9
$UCSORG
 10
0.0
 20
0.0
 30
0.0
  9
$UCSXDIR
 10
1.0
 20
0.0
 30
0.0
  9
$UCSYDIR
 10
0.0
 20
1.0
 30
0.0
  9
$PUCSNAME
  2

  9
$PUCSORG
 10
0.0
 20
0.0
 30
0.0
  9
$PUCSXDIR
 10
1.0
 20
0.0
 30
0.0
  9
$PUCSYDIR
 10
0.0
 20
1.0
 30
0.0
  9
$USERI1
 70
     0
  9
$USERI2
 70
     0
  9
$USERI3
 70
     0
  9
$USERI4
 70
     0
  9
$USERI5
 70
     0
  9
$USERR1
 40
0.0
  9
$USERR2
 40
0.0
  9
$USERR3
 40
0.0
  9
$USERR4
 40
0.0
  9
$USERR5
 40
0.0
  9
$WORLDVIEW
 70
     1
  9
$SHADEDGE
 70
     3
  9
$SHADEDIF
 70
    70
  9
$TILEMODE
 70
     1
  9
$MAXACTVP
 70
    64
  9
$PINSBASE
 10
0.0
 20
0.0
 30
0.0
  9
$PLIMCHECK
 70
     0
  9
$PEXTMIN
 10
1.000000000000000E+20
 20
1.000000000000000E+20
 30
1.000000000000000E+20
  9
$PEXTMAX
 10
-1.000000000000000E+20
 20
-1.000000000000000E+20
 30
-1.000000000000000E+20
  9
$PLIMMIN
 10
0.0
 20
0.0
  9
$PLIMMAX
 10
420.0
 20
297.0
  9
$UNITMODE
 70
     0
  9
$VISRETAIN
 70
     1
  9
$PLINEGEN
 70
     0
  9
$PSLTSCALE
 70
     1
  9
$TREEDEPTH
 70
  3020
  9
$PICKSTYLE
 70
     1
  9
$CMLSTYLE
  2
STANDARD
  9
$CMLJUST
 70
     0
  9
$CMLSCALE
 40
20.0
  9
$PROXYGRAPHICS
 70
     1
  9
$MEASUREMENT
 70
     1
  0
ENDSEC
  0
SECTION
  2
CLASSES
  0
CLASS
  1
ACDBDICTIONARYWDFLT
  2
AcDbDictionaryWithDefault
  3
ObjectDBX Classes
 90
        0
280
     0
281
     0
  0
CLASS
  1
VISUALSTYLE
  2
AcDbVisualStyle
  3
ObjectDBX Classes
 90
     4095
280
     0
281
     0
  0
CLASS
  1
MATERIAL
  2
AcDbMaterial
  3
ObjectDBX Classes
 90
     1153
280
     0
281
     0
  0
CLASS
  1
SCALE
  2
AcDbScale
  3
ObjectDBX Classes
 90
     1153
280
     0
281
     0
  0
CLASS
  1
TABLESTYLE
  2
AcDbTableStyle
  3
ObjectDBX Classes
 90
     4095
280
     0
281
     0
  0
CLASS
  1
MLEADERSTYLE
  2
AcDbMLeaderStyle
  3
ACDB_MLEADERSTYLE_CLASS
 90
     4095
280
     0
281
     0
  0
CLASS
  1
SUN
  2
AcDbSun
  3
SCENEOE
 90
     1153
280
     0
281
     0
  0
CLASS
  1
SORTENTSTABLE
  2
AcDbSortentsTable
  3
ObjectDBX Classes
 90
        0
280
     0
281
     0
  0
CLASS
  1
DICTIONARYVAR
  2
AcDbDictionaryVar
  3
ObjectDBX Classes
 90
        0
280
     0
281
     0
  0
CLASS
  1
XRECORD
  2
AcDbXrecord
  3
ObjectDBX Classes
 90
        0
280
     0
281
     0
  0
CLASS
  1
LWPOLYLINE
  2
AcDbPolyline
  3
ObjectDBX Classes
 90
        0
280
     0
281
     1
  0
CLASS
  1
HATCH
  2
AcDbHatch
  3
ObjectDBX Classes
 90
        0
280
     0
281
     1
  0
CLASS
  1
ACDBPLACEHOLDER
  2
AcDbPlaceHolder
  3
ObjectDBX Classes
 90
        0
280
     0
281
     0
  0
CLASS
  1
LAYOUT
  2
AcDbLayout
  3
ObjectDBX Classes
 90
        0
280
     0
281
     0
  0
ENDSEC
  0
SECTION
  2
TABLES
  0
TABLE
  2
VPORT
  5
8
102
{ACAD_XDICTIONARY
360
100003A0
102
}
330
0
100
AcDbSymbolTable
 70
     1
  0
VPORT
  5
29
330
8
100
AcDbSymbolTableRecord
100
AcDbViewportTableRecord
  2
*ACTIVE
 70
     0
 10
0.0
 20
0.0
 11
1.0
 21
1.0
 12
344.1869158878504
 22
148.5
 13
0.0
 23
0.0
 14
10.0
 24
10.0
 15
10.0
 25
10.0
 16
0.0
 26
0.0
 36
1.0
 17
0.0
 27
0.0
 37
0.0
 40
297.0
 41
1.972972972850329
 42
50.0
 43
0.0
 44
0.0
 50
0.0
 51
0.0
 71
     0
 72
   100
 73
     1
 74
     3
 75
     0
 76
     0
 77
     0
 78
     0
  0
ENDTAB
  0
TABLE
  2
LTYPE
  5
5
330
0
100
AcDbSymbolTable
 70
     7
  0
LTYPE
  5
14
330
5
100
AcDbSymbolTableRecord
100
AcDbLinetypeTableRecord
  2
BYBLOCK
 70
     0
  3

 72
    65
 73
     0
 40
0.0
  0
LTYPE
  5
15
330
5
100
AcDbSymbolTableRecord
100
AcDbLinetypeTableRecord
  2
BYLAYER
 70
     0
  3

 72
    65
 73
     0
 40
0.0
  0
LTYPE
  5
16
330
5
100
AcDbSymbolTableRecord
100
AcDbLinetypeTableRecord
  2
CONTINUOUS
 70
     0
  3
Solid line
 72
    65
 73
     0
 40
0.0
  0
LTYPE
  5
10000024
330
5
100
AcDbSymbolTableRecord
100
AcDbLinetypeTableRecord
  2
ONS_PHANTOM
 70
     0
  3
Onshape Phantom line ______ __ __ ______
 72
    65
 73
     6
 40
0.4999999999999999
 49
0.25
 74
     0
 49
-0.05
 74
     0
 49
0.05
 74
     0
 49
-0.05
 74
     0
 49
0.05
 74
     0
 49
-0.05
 74
     0
  0
LTYPE
  5
10000025
330
5
100
AcDbSymbolTableRecord
100
AcDbLinetypeTableRecord
  2
CENTER
 70
     0
  3
Center line ____ _ ____ _ ____ _
 72
    65
 73
     4
 40
0.7874015748031495
 49
0.4921259842519685
 74
     0
 49
-0.0984251968503937
 74
     0
 49
0.0984251968503937
 74
     0
 49
-0.0984251968503937
 74
     0
  0
LTYPE
  5
10000026
330
5
100
AcDbSymbolTableRecord
100
AcDbLinetypeTableRecord
  2
DASHED
 70
     0
  3
Dashed line __ __ __ __ __
 72
    65
 73
     2
 40
0.75
 49
0.5
 74
     0
 49
-0.25
 74
     0
  0
LTYPE
  5
10000027
330
5
100
AcDbSymbolTableRecord
100
AcDbLinetypeTableRecord
  2
ONS_DASHDOT
 70
     0
  3
Onshape Dashed with Dot _ . ____ . ____
 72
    65
 73
     4
 40
0.71
 49
0.5
 74
     0
 49
-0.1
 74
     0
 49
0.01
 74
     0
 49
-0.1
 74
     0
  0
LTYPE
  5
10000028
330
5
100
AcDbSymbolTableRecord
100
AcDbLinetypeTableRecord
  2
ONS_DOTTED
 70
     0
  3
Onshape Dotted line . . . . . . .
 72
    65
 73
     2
 40
0.11
 49
0.01
 74
     0
 49
-0.1
 74
     0
  0
LTYPE
  5
10000029
330
5
100
AcDbSymbolTableRecord
100
AcDbLinetypeTableRecord
  2
HIDDEN
 70
     0
  3
Hidden line ____ ____ ____ ____ 
 72
    65
 73
     2
 40
0.15
 49
0.1
 74
     0
 49
-0.05
 74
     0
  0
ENDTAB
  0
TABLE
  2
LAYER
  5
2
330
0
100
AcDbSymbolTable
 70
    48
  0
LAYER
  5
10
330
2
100
AcDbSymbolTableRecord
100
AcDbLayerTableRecord
  2
0
 70
     0
 62
     7
  6
CONTINUOUS
  0
LAYER
  5
1000002A
330
2
100
AcDbSymbolTableRecord
100
AcDbLayerTableRecord
  2
SECTION_CUTTING_LINE
 70
     0
 62
     7
  6
ONS_DASHDOT
  0
LAYER
  5
1000002B
330
2
100
AcDbSymbolTableRecord
100
AcDbLayerTableRecord
  2
DETAIL_VIEW_BORDER
 70
     0
 62
     7
  6
CONTINUOUS
  0
LAYER
  5
1000002C
330
2
100
AcDbSymbolTableRecord
100
AcDbLayerTableRecord
  2
DETAIL_VIEW_PARENT_BORDER
 70
     0
 62
     7
  6
ONS_PHANTOM
  0
LAYER
  5
1000002D
330
2
100
AcDbSymbolTableRecord
100
AcDbLayerTableRecord
  2
TEXT
 70
     0
 62
     7
  6
CONTINUOUS
  0
LAYER
  5
1000002E
330
2
100
AcDbSymbolTableRecord
100
AcDbLayerTableRecord
  2
SKETCHED_GEOMETRY
 70
     0
 62
    -7
  6
CONTINUOUS
  0
LAYER
  5
1000002F
330
2
100
AcDbSymbolTableRecord
100
AcDbLayerTableRecord
  2
VIRTUAL_SHARPS
 70
     0
 62
    -7
  6
CONTINUOUS
  0
LAYER
  5
10000030
330
2
100
AcDbSymbolTableRecord
100
AcDbLayerTableRecord
  2
CENTERLINES
 70
     0
 62
    -7
  6
CENTER
  0
LAYER
  5
10000031
330
2
100
AcDbSymbolTableRecord
100
AcDbLayerTableRecord
  2
CENTERMARKS
 70
     0
 62
    -7
  6
CONTINUOUS
  0
LAYER
  5
10000032
330
2
100
AcDbSymbolTableRecord
100
AcDbLayerTableRecord
  2
TABLES
 70
     0
 62
     7
  6
CONTINUOUS
  0
LAYER
  5
10000033
330
2
100
AcDbSymbolTableRecord
100
AcDbLayerTableRecord
  2
IMAGES
 70
     0
 62
    -7
  6
CONTINUOUS
  0
LAYER
  5
10000034
330
2
100
AcDbSymbolTableRecord
100
AcDbLayerTableRecord
  2
ANNOTATION_LINES
 70
     0
 62
    -7
  6
CONTINUOUS
  0
LAYER
  5
10000035
330
2
100
AcDbSymbolTableRecord
100
AcDbLayerTableRecord
  2
ANNOTATION_TEXT
 70
     0
 62
    -7
  6
CONTINUOUS
  0
LAYER
  5
10000036
330
2
100
AcDbSymbolTableRecord
100
AcDbLayerTableRecord
  2
SIDE_THREAD_SYMBOLS
 70
     0
 62
     7
  6
CONTINUOUS
  0
LAYER
  5
10000037
330
2
100
AcDbSymbolTableRecord
100
AcDbLayerTableRecord
  2
SIDE_THREAD_SYMBOLS_HIDDEN
 70
     0
 62
    -7
  6
HIDDEN
  0
LAYER
  5
10000038
330
2
100
AcDbSymbolTableRecord
100
AcDbLayerTableRecord
  2
SURFACE_THREAD_SYMBOLS
 70
     0
 62
     7
  6
CONTINUOUS
  0
LAYER
  5
10000039
330
2
100
AcDbSymbolTableRecord
100
AcDbLayerTableRecord
  2
SURFACE_THREAD_SYMBOLS_ON_
 70
     0
 62
     7
  6
CONTINUOUS
  0
LAYER
  5
1000003A
330
2
100
AcDbSymbolTableRecord
100
AcDbLayerTableRecord
  2
SURFACE_THREAD_SYMBOLS_HID
 70
     0
 62
    -7
  6
HIDDEN
  0
LAYER
  5
1000003B
330
2
100
AcDbSymbolTableRecord
100
AcDbLayerTableRecord
  2
BLIND_THREAD_SYMBOLS
 70
     0
 62
     7
  6
CONTINUOUS
  0
LAYER
  5
1000003C
330
2
100
AcDbSymbolTableRecord
100
AcDbLayerTableRecord
  2
BLIND_THREAD_SYMBOLS_HIDDE
 70
     0
 62
    -7
  6
HIDDEN
  0
LAYER
  5
1000003D
330
2
100
AcDbSymbolTableRecord
100
AcDbLayerTableRecord
  2
EXPLODE_LINES
 70
     0
 62
     7
  6
ONS_PHANTOM
  0
LAYER
  5
1000003E
330
2
100
AcDbSymbolTableRecord
100
AcDbLayerTableRecord
  2
HIDDEN_EXPLODE_LINES
 70
     0
 62
    -7
  6
ONS_PHANTOM
  0
LAYER
  5
1000003F
330
2
100
AcDbSymbolTableRecord
100
AcDbLayerTableRecord
  2
BREAK_LINES
 70
     0
 62
    -7
  6
CONTINUOUS
  0
LAYER
  5
10000040
330
2
100
AcDbSymbolTableRecord
100
AcDbLayerTableRecord
  2
SHEETMETAL_BEND_LINES_UP
 70
     0
 62
     7
  6
CENTER
  0
LAYER
  5
10000041
330
2
100
AcDbSymbolTableRecord
100
AcDbLayerTableRecord
  2
SHEETMETAL_BEND_LINES_DOWN
 70
     0
 62
     7
  6
CENTER
  0
LAYER
  5
10000042
330
2
100
AcDbSymbolTableRecord
100
AcDbLayerTableRecord
  2
SHEETMETAL_BEND_TANGENT_LI
 70
     0
 62
     7
  6
CONTINUOUS
  0
LAYER
  5
10000043
330
2
100
AcDbSymbolTableRecord
100
AcDbLayerTableRecord
  2
SHEETMETAL_CUT_LINES
 70
     0
 62
     7
  6
CONTINUOUS
  0
LAYER
  5
10000044
330
2
100
AcDbSymbolTableRecord
100
AcDbLayerTableRecord
  2
SHEETMETAL_CBORE_CSINK_UP
 70
     0
 62
     7
  6
CONTINUOUS
  0
LAYER
  5
10000045
330
2
100
AcDbSymbolTableRecord
100
AcDbLayerTableRecord
  2
SHEETMETAL_CBORE_CSINK_DOW
 70
     0
 62
     7
  6
CONTINUOUS
  0
LAYER
  5
10000046
330
2
100
AcDbSymbolTableRecord
100
AcDbLayerTableRecord
  2
SHEETMETAL_CBORE_CSINK_UP_
 70
     0
 62
    -7
  6
HIDDEN
  0
LAYER
  5
10000047
330
2
100
AcDbSymbolTableRecord
100
AcDbLayerTableRecord
  2
SHEETMETAL_CBORE_CSINK_DO0
 70
     0
 62
    -7
  6
HIDDEN
  0
LAYER
  5
10000048
330
2
100
AcDbSymbolTableRecord
100
AcDbLayerTableRecord
  2
SHEETMETAL_FORM_TEAR
 70
     0
 62
     7
  6
CONTINUOUS
  0
LAYER
  5
10000049
330
2
100
AcDbSymbolTableRecord
100
AcDbLayerTableRecord
  2
SHEETMETAL_FORM_UP
 70
     0
 62
     7
  6
CENTER
  0
LAYER
  5
1000004A
330
2
100
AcDbSymbolTableRecord
100
AcDbLayerTableRecord
  2
SHEETMETAL_FORM_DOWN
 70
     0
 62
     7
  6
CENTER
  0
LAYER
  5
1000004B
330
2
100
AcDbSymbolTableRecord
100
AcDbLayerTableRecord
  2
SHEETMETAL_FORM_CENTERMARK
 70
     0
 62
     7
  6
CENTER
  0
LAYER
  5
1000004C
330
2
100
AcDbSymbolTableRecord
100
AcDbLayerTableRecord
  2
REGION_ASSOC_POINTS
 70
     0
 62
    -7
  6
CONTINUOUS
  0
LAYER
  5
1000004D
330
2
100
AcDbSymbolTableRecord
100
AcDbLayerTableRecord
  2
PATTERN_CENTERLINES
 70
     1
 62
    -7
  6
CENTER
  0
LAYER
  5
1000004E
330
2
100
AcDbSymbolTableRecord
100
AcDbLayerTableRecord
  2
HIDDEN
 70
     0
 62
    -7
  6
HIDDEN
  0
LAYER
  5
1000004F
330
2
100
AcDbSymbolTableRecord
100
AcDbLayerTableRecord
  2
VISIBLE
 70
     0
 62
     7
  6
CONTINUOUS
  0
LAYER
  5
10000050
330
2
100
AcDbSymbolTableRecord
100
AcDbLayerTableRecord
  2
MODELSKETCH_VISIBLE
 70
     0
 62
     7
  6
CONTINUOUS
  0
LAYER
  5
10000051
330
2
100
AcDbSymbolTableRecord
100
AcDbLayerTableRecord
  2
MODELSKETCH_POINT
 70
     0
 62
     7
  6
CONTINUOUS
  0
LAYER
  5
10000052
330
2
100
AcDbSymbolTableRecord
100
AcDbLayerTableRecord
  2
MODELSKETCH_CONSTRUCTION
 70
     0
 62
    -7
  6
CENTER
  0
LAYER
  5
10000053
330
2
100
AcDbSymbolTableRecord
100
AcDbLayerTableRecord
  2
HIDDEN_BASE_VIEW
 70
     0
 62
     7
  6
CONTINUOUS
  0
LAYER
  5
10000054
330
2
100
AcDbSymbolTableRecord
100
AcDbLayerTableRecord
  2
TANGENT_LINES
 70
     0
 62
    -7
  6
CONTINUOUS
  0
LAYER
  5
10000055
330
2
100
AcDbSymbolTableRecord
100
AcDbLayerTableRecord
  2
TANGENT_HIDDEN
 70
     0
 62
    -7
  6
HIDDEN
  0
LAYER
  5
10000056
330
2
100
AcDbSymbolTableRecord
100
AcDbLayerTableRecord
  2
INVISIBLE_LINES
 70
     0
 62
    -7
  6
CONTINUOUS
  0
LAYER
  5
10000057
330
2
100
AcDbSymbolTableRecord
100
AcDbLayerTableRecord
  2
VIEW_HATCHES
 70
     0
 62
    -7
  6
CONTINUOUS
  0
LAYER
  5
10000058
330
2
100
AcDbSymbolTableRecord
100
AcDbLayerTableRecord
  2
SECTION_JOG_LINES
 70
     0
 62
    -7
  6
CONTINUOUS
  0
ENDTAB
  0
TABLE
  2
STYLE
  5
3
330
0
100
AcDbSymbolTable
 70
     2
  0
STYLE
  5
11
330
3
100
AcDbSymbolTableRecord
100
AcDbTextStyleTableRecord
  2
STANDARD
 70
     0
 40
0.0
 41
1.0
 50
0.0
 71
     0
 42
2.5
  3
txt
  4

  0
STYLE
  5
10000004
330
3
100
AcDbSymbolTableRecord
100
AcDbTextStyleTableRecord
  2
TTFSTYLE
 70
     0
 40
0.0
 41
1.0
 50
0.0
 71
     0
 42
2.5
  3

  4

1001
ACAD
1000
Verdana
1071
       34
  0
ENDTAB
  0
TABLE
  2
VIEW
  5
6
330
0
100
AcDbSymbolTable
 70
     0
  0
ENDTAB
  0
TABLE
  2
UCS
  5
7
330
0
100
AcDbSymbolTable
 70
     0
  0
ENDTAB
  0
TABLE
  2
APPID
  5
9
330
0
100
AcDbSymbolTable
 70
     2
  0
APPID
  5
12
330
9
100
AcDbSymbolTableRecord
100
AcDbRegAppTableRecord
  2
ACAD
 70
     0
  0
APPID
  5
100003AA
330
9
100
AcDbSymbolTableRecord
100
AcDbRegAppTableRecord
  2
ACAD_MLEADERVER
 70
     0
  0
ENDTAB
  0
TABLE
  2
DIMSTYLE
  5
A
330
0
100
AcDbSymbolTable
 70
     1
  0
DIMSTYLE
105
27
330
A
100
AcDbSymbolTableRecord
100
AcDbDimStyleTableRecord
  2
ISO-25
 70
     0
  3

  4

  5

  6

  7

 40
1.0
 41
2.5
 42
0.625
 43
3.75
 44
1.25
 45
0.0
 46
0.0
 47
0.0
 48
0.0
140
2.5
141
2.5
142
0.0
143
0.03937007874016
144
1.0
145
0.0
146
1.0
147
0.625
 71
     0
 72
     0
 73
     0
 74
     0
 75
     0
 76
     0
 77
     1
 78
     8
170
     0
171
     3
172
     1
173
     0
174
     0
175
     0
176
     0
177
     0
178
     0
270
     2
271
     2
272
     2
273
     2
274
     3
340
11
275
     0
280
     0
281
     0
282
     0
283
     0
284
     8
285
     0
286
     0
287
     3
288
     0
  0
ENDTAB
  0
TABLE
  2
BLOCK_RECORD
  5
1
330
0
100
AcDbSymbolTable
 70
     0
  0
BLOCK_RECORD
  5
1F
102
{ACAD_XDICTIONARY
360
10000371
102
}
330
1
100
AcDbSymbolTableRecord
100
AcDbBlockTableRecord
  2
*MODEL_SPACE
  0
BLOCK_RECORD
  5
1B
330
1
100
AcDbSymbolTableRecord
100
AcDbBlockTableRecord
  2
*PAPER_SPACE
  0
ENDTAB
  0
ENDSEC
  0
SECTION
  2
BLOCKS
  0
BLOCK
  5
20
330
1F
100
AcDbEntity
  8
0
100
AcDbBlockBegin
  2
*MODEL_SPACE
 70
     0
 10
0.0
 20
0.0
 30
0.0
  3
*MODEL_SPACE
  1

  0
ENDBLK
  5
21
330
1F
100
AcDbEntity
  8
0
100
AcDbBlockEnd
  0
BLOCK
  5
1C
330
1B
100
AcDbEntity
 67
     1
  8
0
100
AcDbBlockBegin
  2
*PAPER_SPACE
 70
     0
 10
0.0
 20
0.0
 30
0.0
  3
*PAPER_SPACE
  1

  0
ENDBLK
  5
1D
330
1B
100
AcDbEntity
 67
     1
  8
0
100
AcDbBlockEnd
  0
ENDSEC
  0
SECTION
  2
ENTITIES
  0
LINE
  5
10000059
102
{ACAD_XDICTIONARY
360
1000005A
102
}
330
1F
100
AcDbEntity
  8
SHEETMETAL_BEND_LINES_DOWN
100
AcDbLine
 10
29.7116816189353
 20
-154.8367255756846
 30
0.0
 11
-29.7116816189354
 21
-154.8367255756846
 31
0.0
  0
LINE
  5
10000061
102
{ACAD_XDICTIONARY
360
10000062
102
}
330
1F
100
AcDbEntity
  8
SHEETMETAL_BEND_LINES_DOWN
100
AcDbLine
 10
-114.5767822164886
 20
-238.1417090120241
 30
0.0
 11
-84.86510059755331
 21
-186.6795668697179
 31
0.0
  0
LINE
  5
10000069
102
{ACAD_XDICTIONARY
360
1000006A
102
}
330
1F
100
AcDbEntity
  8
SHEETMETAL_BEND_LINES_DOWN
100
AcDbLine
 10
-115.147824730373
 20
-299.6962319249926
 30
0.0
 11
-115.1478247303729
 21
-240.272868687122
 31
0.0
  0
LINE
  5
10000071
102
{ACAD_XDICTIONARY
360
10000072
102
}
330
1F
100
AcDbEntity
  8
SHEETMETAL_BEND_LINES_DOWN
100
AcDbLine
 10
-84.8651005975534
 20
-353.2895337423969
 30
0.0
 11
-114.5767822164887
 21
-301.8273916000907
 31
0.0
  0
LINE
  5
10000079
102
{ACAD_XDICTIONARY
360
1000007A
102
}
330
1F
100
AcDbEntity
  8
SHEETMETAL_BEND_LINES_DOWN
100
AcDbLine
 10
29.71168161893513
 20
-385.1323750364303
 30
0.0
 11
-29.71168161893553
 21
-385.1323750364302
 31
0.0
  0
LINE
  5
10000081
102
{ACAD_XDICTIONARY
360
10000082
102
}
330
1F
100
AcDbEntity
  8
SHEETMETAL_BEND_LINES_DOWN
100
AcDbLine
 10
83.30498343633933
 20
-354.8496509036108
 30
0.0
 11
31.84284129403303
 21
-384.561332522546
 31
0.0
  0
LINE
  5
10000089
102
{ACAD_XDICTIONARY
360
1000008A
102
}
330
1F
100
AcDbEntity
  8
SHEETMETAL_BEND_LINES_DOWN
100
AcDbLine
 10
114.5767822164884
 20
-301.8273916000909
 30
0.0
 11
84.86510059755297
 21
-353.2895337423972
 31
0.0
  0
LINE
  5
10000091
102
{ACAD_XDICTIONARY
360
10000092
102
}
330
1F
100
AcDbEntity
  8
SHEETMETAL_BEND_LINES_DOWN
100
AcDbLine
 10
115.1478247303727
 20
-240.2728686871223
 30
0.0
 11
115.1478247303727
 21
-299.6962319249929
 31
0.0
  0
LINE
  5
10000099
102
{ACAD_XDICTIONARY
360
1000009A
102
}
330
1F
100
AcDbEntity
  8
SHEETMETAL_BEND_LINES_DOWN
100
AcDbLine
 10
84.86510059755317
 20
-186.6795668697179
 30
0.0
 11
114.5767822164885
 21
-238.1417090120244
 31
0.0
  0
LINE
  5
100000A1
102
{ACAD_XDICTIONARY
360
100000A2
102
}
330
1F
100
AcDbEntity
  8
SHEETMETAL_BEND_LINES_DOWN
100
AcDbLine
 10
-83.3049834363396
 20
-185.1194497085042
 30
0.0
 11
-31.84284129403331
 21
-155.4077680895689
 31
0.0
  0
LINE
  5
100000A9
102
{ACAD_XDICTIONARY
360
100000AA
102
}
330
1F
100
AcDbEntity
  8
SHEETMETAL_BEND_LINES_DOWN
100
AcDbLine
 10
31.8428412940332
 20
-155.4077680895689
 30
0.0
 11
83.3049834363395
 21
-185.1194497085042
 31
0.0
  0
LINE
  5
100000B1
102
{ACAD_XDICTIONARY
360
100000B2
102
}
330
1F
100
AcDbEntity
  8
SHEETMETAL_BEND_LINES_DOWN
100
AcDbLine
 10
-31.84284129403343
 20
-384.561332522546
 30
0.0
 11
-83.30498343633974
 21
-354.8496509036106
 31
0.0
  0
CIRCLE
  5
100000B9
102
{ACAD_XDICTIONARY
360
100000BA
102
}
330
1F
100
AcDbEntity
  8
SHEETMETAL_CUT_LINES
100
AcDbCircle
 10
74.66759270033424
 20
-165.6564860702196
 30
0.0
 40
2.108200000000001
  0
CIRCLE
  5
100000C0
102
{ACAD_XDICTIONARY
360
100000C1
102
}
330
1F
100
AcDbEntity
  8
SHEETMETAL_CUT_LINES
100
AcDbCircle
 10
53.01695760572329
 20
-153.1564860702196
 30
0.0
 40
2.108200000000001
  0
CIRCLE
  5
100000C7
102
{ACAD_XDICTIONARY
360
100000C8
102
}
330
1F
100
AcDbEntity
  8
SHEETMETAL_CUT_LINES
100
AcDbCircle
 10
116.8280642358378
 20
-216.9675927003344
 30
0.0
 40
2.108200000000001
  0
CIRCLE
  5
100000CE
102
{ACAD_XDICTIONARY
360
100000CF
102
}
330
1F
100
AcDbEntity
  8
SHEETMETAL_CUT_LINES
100
AcDbCircle
 10
104.3280642358378
 20
-195.3169576057234
 30
0.0
 40
2.108200000000001
  0
CIRCLE
  5
100000D5
102
{ACAD_XDICTIONARY
360
100000D6
102
}
330
1F
100
AcDbEntity
  8
SHEETMETAL_CUT_LINES
100
AcDbCircle
 10
127.6845503060574
 20
-282.4845503060575
 30
0.0
 40
2.108200000000001
  0
CIRCLE
  5
100000DC
102
{ACAD_XDICTIONARY
360
100000DD
102
}
330
1F
100
AcDbEntity
  8
SHEETMETAL_CUT_LINES
100
AcDbCircle
 10
104.3280642358377
 20
-344.6521430063917
 30
0.0
 40
2.108200000000001
  0
CIRCLE
  5
100000E3
102
{ACAD_XDICTIONARY
360
100000E4
102
}
330
1F
100
AcDbEntity
  8
SHEETMETAL_CUT_LINES
100
AcDbCircle
 10
116.8280642358377
 20
-323.0015079117807
 30
0.0
 40
2.108200000000001
  0
CIRCLE
  5
100000EA
102
{ACAD_XDICTIONARY
360
100000EB
102
}
330
1F
100
AcDbEntity
  8
SHEETMETAL_CUT_LINES
100
AcDbCircle
 10
53.01695760572303
 20
-386.8126145418954
 30
0.0
 40
2.108200000000001
  0
CIRCLE
  5
100000F1
102
{ACAD_XDICTIONARY
360
100000F2
102
}
330
1F
100
AcDbEntity
  8
SHEETMETAL_CUT_LINES
100
AcDbCircle
 10
74.66759270033401
 20
-374.3126145418954
 30
0.0
 40
2.108200000000001
  0
CIRCLE
  5
100000F8
102
{ACAD_XDICTIONARY
360
100000F9
102
}
330
1F
100
AcDbEntity
  8
SHEETMETAL_CUT_LINES
100
AcDbCircle
 10
-12.50000000000025
 20
-397.6691006121149
 30
0.0
 40
2.108200000000001
  0
CIRCLE
  5
100000FF
102
{ACAD_XDICTIONARY
360
10000100
102
}
330
1F
100
AcDbEntity
  8
SHEETMETAL_CUT_LINES
100
AcDbCircle
 10
127.6845503060574
 20
-257.4845503060576
 30
0.0
 40
2.108200000000001
  0
CIRCLE
  5
10000106
102
{ACAD_XDICTIONARY
360
10000107
102
}
330
1F
100
AcDbEntity
  8
SHEETMETAL_CUT_LINES
100
AcDbCircle
 10
-104.328064235838
 20
-195.3169576057232
 30
0.0
 40
2.108200000000001
  0
CIRCLE
  5
1000010D
102
{ACAD_XDICTIONARY
360
1000010E
102
}
330
1F
100
AcDbEntity
  8
SHEETMETAL_CUT_LINES
100
AcDbCircle
 10
-116.828064235838
 20
-216.9675927003341
 30
0.0
 40
2.108200000000001
  0
CIRCLE
  5
10000114
102
{ACAD_XDICTIONARY
360
10000115
102
}
330
1F
100
AcDbEntity
  8
SHEETMETAL_CUT_LINES
100
AcDbCircle
 10
-53.01695760572326
 20
-153.1564860702195
 30
0.0
 40
2.108200000000001
  0
CIRCLE
  5
1000011B
102
{ACAD_XDICTIONARY
360
1000011C
102
}
330
1F
100
AcDbEntity
  8
SHEETMETAL_CUT_LINES
100
AcDbCircle
 10
-74.66759270033421
 20
-165.6564860702195
 30
0.0
 40
2.108200000000001
  0
CIRCLE
  5
10000122
102
{ACAD_XDICTIONARY
360
10000123
102
}
330
1F
100
AcDbEntity
  8
SHEETMETAL_CUT_LINES
100
AcDbCircle
 10
12.50000000000005
 20
-142.3
 30
0.0
 40
2.108200000000001
  0
CIRCLE
  5
10000129
102
{ACAD_XDICTIONARY
360
1000012A
102
}
330
1F
100
AcDbEntity
  8
SHEETMETAL_CUT_LINES
100
AcDbCircle
 10
-12.49999999999995
 20
-142.3
 30
0.0
 40
2.108200000000001
  0
SPLINE
  5
10000130
102
{ACAD_XDICTIONARY
360
10000131
102
}
330
1F
100
AcDbEntity
  8
SHEETMETAL_CUT_LINES
100
AcDbSpline
210
0.0
220
0.0
230
1.0
 70
     8
 71
     2
 72
    10
 73
     7
 74
     0
 42
0.0000000001
 43
0.00000001
 40
0.0
 40
0.0
 40
0.0
 40
0.25
 40
0.25
 40
0.5
 40
0.5
 40
1.0
 40
1.0
 40
1.0
 10
-114.1110991546883
 20
-240.443849620541
 30
0.0
 10
-114.4323374059017
 20
-240.3832183941773
 30
0.0
 10
-114.6294619425306
 20
-240.3498561455055
 30
0.0
 10
-114.9105304727411
 20
-240.3022868354691
 30
0.0
 10
-115.1478247303729
 20
-240.272868687122
 30
0.0
 10
-115.6890397380602
 20
-240.2057724853738
 30
0.0
 10
-116.1845503060575
 20
-240.2124210174242
 30
0.0
  0
LINE
  5
10000135
102
{ACAD_XDICTIONARY
360
10000136
102
}
330
1F
100
AcDbEntity
  8
SHEETMETAL_CUT_LINES
100
AcDbLine
 10
-134.3845503060575
 20
-240.2124210174243
 30
0.0
 11
-116.1845503060575
 21
-240.2124210174243
 31
0.0
  0
LINE
  5
1000013A
102
{ACAD_XDICTIONARY
360
1000013B
102
}
330
1F
100
AcDbEntity
  8
SHEETMETAL_CUT_LINES
100
AcDbLine
 10
-134.3845503060575
 20
-240.2124210174243
 30
0.0
 11
-134.3845503060576
 21
-299.7566795946904
 31
0.0
  0
LINE
  5
1000013F
102
{ACAD_XDICTIONARY
360
10000140
102
}
330
1F
100
AcDbEntity
  8
SHEETMETAL_CUT_LINES
100
AcDbLine
 10
-134.3845503060576
 20
-299.7566795946904
 30
0.0
 11
-116.1845503060576
 21
-299.7566795946905
 31
0.0
  0
SPLINE
  5
10000144
102
{ACAD_XDICTIONARY
360
10000145
102
}
330
1F
100
AcDbEntity
  8
SHEETMETAL_CUT_LINES
100
AcDbSpline
210
0.0
220
0.0
230
1.0
 70
     8
 71
     2
 72
    10
 73
     7
 74
     0
 42
0.0000000001
 43
0.00000001
 40
0.0
 40
0.0
 40
0.0
 40
0.5
 40
0.5
 40
0.75
 40
0.75
 40
1.0
 40
1.0
 40
1.0
 10
-116.1845503060576
 20
-299.7566795946904
 30
0.0
 10
-115.6890397380602
 20
-299.7633281267409
 30
0.0
 10
-115.147824730373
 20
-299.6962319249926
 30
0.0
 10
-114.9105814554591
 20
-299.6668200971406
 30
0.0
 10
-114.6294619425307
 20
-299.6192444666091
 30
0.0
 10
-114.4324203773354
 20
-299.5858978781515
 30
0.0
 10
-114.1110991546883
 20
-299.5252509915737
 30
0.0
  0
LINE
  5
10000149
102
{ACAD_XDICTIONARY
360
1000014A
102
}
330
1F
100
AcDbEntity
  8
SHEETMETAL_CUT_LINES
100
AcDbLine
 10
-113.5934610644833
 20
-301.4571026441518
 30
0.0
 11
-114.1110991546886
 21
-299.5252509915736
 31
0.0
  0
SPLINE
  5
1000014E
102
{ACAD_XDICTIONARY
360
1000014F
102
}
330
1F
100
AcDbEntity
  8
SHEETMETAL_CUT_LINES
100
AcDbSpline
210
0.0
220
0.0
230
1.0
 70
     8
 71
     2
 72
    10
 73
     7
 74
     0
 42
0.0000000001
 43
0.00000001
 40
0.0
 40
0.0
 40
0.0
 40
0.25
 40
0.25
 40
0.5
 40
0.5
 40
1.0
 40
1.0
 40
1.0
 10
-113.5934610644833
 20
-301.4571026441518
 30
0.0
 10
-113.9019771636195
 20
-301.5652135873725
 30
0.0
 10
-114.089373144649
 20
-301.6348833009023
 30
0.0
 10
-114.3565702868774
 20
-301.7342213350093
 30
0.0
 10
-114.5767822164887
 20
-301.8273916000906
 30
0.0
 10
-115.0790362629294
 20
-302.0398920887228
 30
0.0
 10
-115.5048367366335
 20
-302.2934051703751
 30
0.0
  0
LINE
  5
10000153
102
{ACAD_XDICTIONARY
360
10000154
102
}
330
1F
100
AcDbEntity
  8
SHEETMETAL_CUT_LINES
100
AcDbLine
 10
-131.2664990855103
 20
-311.393405170375
 30
0.0
 11
-115.5048367366335
 21
-302.2934051703751
 31
0.0
  0
LINE
  5
10000158
102
{ACAD_XDICTIONARY
360
10000159
102
}
330
1F
100
AcDbEntity
  8
SHEETMETAL_CUT_LINES
100
AcDbLine
 10
-131.2664990855103
 20
-311.393405170375
 30
0.0
 11
-101.4943697968773
 21
-362.9602457477971
 31
0.0
  0
LINE
  5
1000015D
102
{ACAD_XDICTIONARY
360
1000015E
102
}
330
1F
100
AcDbEntity
  8
SHEETMETAL_CUT_LINES
100
AcDbLine
 10
-101.4943697968773
 20
-362.9602457477971
 30
0.0
 11
-85.73270744800047
 21
-353.8602457477971
 31
0.0
  0
SPLINE
  5
10000162
102
{ACAD_XDICTIONARY
360
10000163
102
}
330
1F
100
AcDbEntity
  8
SHEETMETAL_CUT_LINES
100
AcDbSpline
210
0.0
220
0.0
230
1.0
 70
     8
 71
     2
 72
    10
 73
     7
 74
     0
 42
0.0000000001
 43
0.00000001
 40
0.0
 40
0.0
 40
0.0
 40
0.5
 40
0.5
 40
0.75
 40
0.75
 40
1.0
 40
1.0
 40
1.0
 10
-85.73270744800044
 20
-353.8602457477971
 30
0.0
 10
-85.30025844224583
 20
-353.618248261452
 30
0.0
 10
-84.86510059755338
 20
-353.2895337423969
 30
0.0
 10
-84.67434780871535
 20
-353.1454407149906
 30
0.0
 10
-84.45467898409713
 20
-352.9636792537429
 30
0.0
 10
-84.30070927755962
 20
-352.8362794786643
 30
0.0
 10
-84.05276037896695
 20
-352.623097122651
 30
0.0
  0
LINE
  5
10000167
102
{ACAD_XDICTIONARY
360
10000168
102
}
330
1F
100
AcDbEntity
  8
SHEETMETAL_CUT_LINES
100
AcDbLine
 10
-82.63854681659386
 20
-354.0373106850241
 30
0.0
 11
-84.05276037896724
 21
-352.623097122651
 31
0.0
  0
SPLINE
  5
1000016C
102
{ACAD_XDICTIONARY
360
1000016D
102
}
330
1F
100
AcDbEntity
  8
SHEETMETAL_CUT_LINES
100
AcDbSpline
210
0.0
220
0.0
230
1.0
 70
     8
 71
     2
 72
    10
 73
     7
 74
     0
 42
0.0000000001
 43
0.00000001
 40
0.0
 40
0.0
 40
0.0
 40
0.25
 40
0.25
 40
0.5
 40
0.5
 40
1.0
 40
1.0
 40
1.0
 10
-82.63854681659384
 20
-354.0373106850241
 30
0.0
 10
-82.8516741243
 20
-354.2851955578345
 30
0.0
 10
-82.97912894768571
 20
-354.4392292901542
 30
0.0
 10
-83.160859443614
 20
-354.6588571223583
 30
0.0
 10
-83.30498343633974
 20
-354.8496509036106
 30
0.0
 10
-83.63369795539488
 20
-355.284808748303
 30
0.0
 10
-83.87569544173995
 20
-355.7172577540576
 30
0.0
  0
LINE
  5
10000171
102
{ACAD_XDICTIONARY
360
10000172
102
}
330
1F
100
AcDbEntity
  8
SHEETMETAL_CUT_LINES
100
AcDbLine
 10
-92.97569544173993
 20
-371.4789201029342
 30
0.0
 11
-83.87569544173992
 21
-355.7172577540575
 31
0.0
  0
LINE
  5
10000176
102
{ACAD_XDICTIONARY
360
10000177
102
}
330
1F
100
AcDbEntity
  8
SHEETMETAL_CUT_LINES
100
AcDbLine
 10
-92.97569544173993
 20
-371.4789201029342
 30
0.0
 11
-41.40885486431795
 21
-401.2510493915674
 31
0.0
  0
LINE
  5
1000017B
102
{ACAD_XDICTIONARY
360
1000017C
102
}
330
1F
100
AcDbEntity
  8
SHEETMETAL_CUT_LINES
100
AcDbLine
 10
-41.40885486431795
 20
-401.2510493915674
 30
0.0
 11
-32.30885486431793
 21
-385.4893870426908
 31
0.0
  0
SPLINE
  5
10000180
102
{ACAD_XDICTIONARY
360
10000181
102
}
330
1F
100
AcDbEntity
  8
SHEETMETAL_CUT_LINES
100
AcDbSpline
210
0.0
220
0.0
230
1.0
 70
     8
 71
     2
 72
    10
 73
     7
 74
     0
 42
0.0000000001
 43
0.00000001
 40
0.0
 40
0.0
 40
0.0
 40
0.5
 40
0.5
 40
0.75
 40
0.75
 40
1.0
 40
1.0
 40
1.0
 10
-32.30885486431795
 20
-385.4893870426907
 30
0.0
 10
-32.05534178266564
 20
-385.0635865689866
 30
0.0
 10
-31.84284129403345
 20
-384.561332522546
 30
0.0
 10
-31.74969104668986
 20
-384.3411679057189
 30
0.0
 10
-31.65033299484513
 20
-384.0739234507062
 30
0.0
 10
-31.58069120501179
 20
-383.8866071555035
 30
0.0
 10
-31.47255233809469
 20
-383.5780113705405
 30
0.0
  0
LINE
  5
10000185
102
{ACAD_XDICTIONARY
360
10000186
102
}
330
1F
100
AcDbEntity
  8
SHEETMETAL_CUT_LINES
100
AcDbLine
 10
-29.54070068551659
 20
-384.0956494607456
 30
0.0
 11
-31.47255233809504
 21
-383.5780113705405
 31
0.0
  0
SPLINE
  5
1000018A
102
{ACAD_XDICTIONARY
360
1000018B
102
}
330
1F
100
AcDbEntity
  8
SHEETMETAL_CUT_LINES
100
AcDbSpline
210
0.0
220
0.0
230
1.0
 70
     8
 71
     2
 72
    10
 73
     7
 74
     0
 42
0.0000000001
 43
0.00000001
 40
0.0
 40
0.0
 40
0.0
 40
0.25
 40
0.25
 40
0.5
 40
0.5
 40
1.0
 40
1.0
 40
1.0
 10
-29.54070068551655
 20
-384.0956494607456
 30
0.0
 10
-29.6013319118801
 20
-384.4168877119581
 30
0.0
 10
-29.63469416055205
 20
-384.6140122485879
 30
0.0
 10
-29.68226347058844
 20
-384.8950807787978
 30
0.0
 10
-29.71168161893552
 20
-385.1323750364302
 30
0.0
 10
-29.7787778206838
 20
-385.6735900441175
 30
0.0
 10
-29.7721292886333
 20
-386.1691006121148
 30
0.0
  0
LINE
  5
1000018F
102
{ACAD_XDICTIONARY
360
10000190
102
}
330
1F
100
AcDbEntity
  8
SHEETMETAL_CUT_LINES
100
AcDbLine
 10
-29.77212928863332
 20
-404.3691006121149
 30
0.0
 11
-29.7721292886333
 21
-386.1691006121149
 31
0.0
  0
LINE
  5
10000194
102
{ACAD_XDICTIONARY
360
10000195
102
}
330
1F
100
AcDbEntity
  8
SHEETMETAL_CUT_LINES
100
AcDbLine
 10
-29.77212928863332
 20
-404.3691006121149
 30
0.0
 11
29.77212928863284
 21
-404.3691006121149
 31
0.0
  0
LINE
  5
10000199
102
{ACAD_XDICTIONARY
360
1000019A
102
}
330
1F
100
AcDbEntity
  8
SHEETMETAL_CUT_LINES
100
AcDbLine
 10
29.77212928863284
 20
-404.3691006121149
 30
0.0
 11
29.7721292886329
 21
-386.169100612115
 31
0.0
  0
SPLINE
  5
1000019E
102
{ACAD_XDICTIONARY
360
1000019F
102
}
330
1F
100
AcDbEntity
  8
SHEETMETAL_CUT_LINES
100
AcDbSpline
210
0.0
220
0.0
230
1.0
 70
     8
 71
     2
 72
    10
 73
     7
 74
     0
 42
0.0000000001
 43
0.00000001
 40
0.0
 40
0.0
 40
0.0
 40
0.5
 40
0.5
 40
0.75
 40
0.75
 40
1.0
 40
1.0
 40
1.0
 10
29.77212928863286
 20
-386.1691006121149
 30
0.0
 10
29.77877782068337
 20
-385.6735900441175
 30
0.0
 10
29.71168161893512
 20
-385.1323750364303
 30
0.0
 10
29.68226979110212
 20
-384.8951317616699
 30
0.0
 10
29.63469416055169
 20
-384.6140122485879
 30
0.0
 10
29.60134757214115
 20
-384.4169706836427
 30
0.0
 10
29.54070068551621
 20
-384.0956494607456
 30
0.0
  0
LINE
  5
100001A3
102
{ACAD_XDICTIONARY
360
100001A4
102
}
330
1F
100
AcDbEntity
  8
SHEETMETAL_CUT_LINES
100
AcDbLine
 10
31.47255233809434
 20
-383.5780113705406
 30
0.0
 11
29.54070068551587
 21
-384.0956494607457
 31
0.0
  0
SPLINE
  5
100001A8
102
{ACAD_XDICTIONARY
360
100001A9
102
}
330
1F
100
AcDbEntity
  8
SHEETMETAL_CUT_LINES
100
AcDbSpline
210
0.0
220
0.0
230
1.0
 70
     8
 71
     2
 72
    10
 73
     7
 74
     0
 42
0.0000000001
 43
0.00000001
 40
0.0
 40
0.0
 40
0.0
 40
0.25
 40
0.25
 40
0.5
 40
0.5
 40
1.0
 40
1.0
 40
1.0
 10
31.47255233809433
 20
-383.5780113705407
 30
0.0
 10
31.58066328142176
 20
-383.8865274699815
 30
0.0
 10
31.65033299484475
 20
-384.0739234507064
 30
0.0
 10
31.7496710290282
 20
-384.3411205931155
 30
0.0
 10
31.84284129403304
 20
-384.5613325225461
 30
0.0
 10
32.05534178266522
 20
-385.0635865689868
 30
0.0
 10
32.30885486431748
 20
-385.4893870426909
 30
0.0
  0
LINE
  5
100001AD
102
{ACAD_XDICTIONARY
360
100001AE
102
}
330
1F
100
AcDbEntity
  8
SHEETMETAL_CUT_LINES
100
AcDbLine
 10
41.40885486431745
 20
-401.2510493915676
 30
0.0
 11
32.30885486431747
 21
-385.4893870426909
 31
0.0
  0
LINE
  5
100001B2
102
{ACAD_XDICTIONARY
360
100001B3
102
}
330
1F
100
AcDbEntity
  8
SHEETMETAL_CUT_LINES
100
AcDbLine
 10
41.40885486431745
 20
-401.2510493915676
 30
0.0
 11
92.97569544173945
 21
-371.4789201029346
 31
0.0
  0
LINE
  5
100001B7
102
{ACAD_XDICTIONARY
360
100001B8
102
}
330
1F
100
AcDbEntity
  8
SHEETMETAL_CUT_LINES
100
AcDbLine
 10
92.97569544173945
 20
-371.4789201029346
 30
0.0
 11
83.87569544173951
 21
-355.7172577540579
 31
0.0
  0
CIRCLE
  5
100001BC
102
{ACAD_XDICTIONARY
360
100001BD
102
}
330
1F
100
AcDbEntity
  8
SHEETMETAL_CUT_LINES
100
AcDbCircle
 10
-104.328064235838
 20
-344.6521430063916
 30
0.0
 40
2.108200000000001
  0
CIRCLE
  5
100001C3
102
{ACAD_XDICTIONARY
360
100001C4
102
}
330
1F
100
AcDbEntity
  8
SHEETMETAL_CUT_LINES
100
AcDbCircle
 10
-127.6845503060575
 20
-257.4845503060573
 30
0.0
 40
2.108200000000001
  0
CIRCLE
  5
100001CA
102
{ACAD_XDICTIONARY
360
100001CB
102
}
330
1F
100
AcDbEntity
  8
SHEETMETAL_CUT_LINES
100
AcDbCircle
 10
-74.66759270033442
 20
-374.3126145418951
 30
0.0
 40
2.108200000000001
  0
CIRCLE
  5
100001D1
102
{ACAD_XDICTIONARY
360
100001D2
102
}
330
1F
100
AcDbEntity
  8
SHEETMETAL_CUT_LINES
100
AcDbCircle
 10
-127.6845503060576
 20
-282.4845503060574
 30
0.0
 40
2.108200000000001
  0
CIRCLE
  5
100001D8
102
{ACAD_XDICTIONARY
360
100001D9
102
}
330
1F
100
AcDbEntity
  8
SHEETMETAL_CUT_LINES
100
AcDbCircle
 10
12.49999999999975
 20
-397.6691006121149
 30
0.0
 40
2.108200000000001
  0
CIRCLE
  5
100001DF
102
{ACAD_XDICTIONARY
360
100001E0
102
}
330
1F
100
AcDbEntity
  8
SHEETMETAL_CUT_LINES
100
AcDbCircle
 10
-53.01695760572345
 20
-386.8126145418952
 30
0.0
 40
2.108200000000001
  0
SPLINE
  5
100001E6
102
{ACAD_XDICTIONARY
360
100001E7
102
}
330
1F
100
AcDbEntity
  8
SHEETMETAL_CUT_LINES
100
AcDbSpline
210
0.0
220
0.0
230
1.0
 70
     8
 71
     2
 72
    10
 73
     7
 74
     0
 42
0.0000000001
 43
0.00000001
 40
0.0
 40
0.0
 40
0.0
 40
0.5
 40
0.5
 40
0.75
 40
0.75
 40
1.0
 40
1.0
 40
1.0
 10
83.87569544173951
 20
-355.7172577540578
 30
0.0
 10
83.63369795539441
 20
-355.2848087483032
 30
0.0
 10
83.30498343633936
 20
-354.8496509036109
 30
0.0
 10
83.16089040864125
 20
-354.6588981143864
 30
0.0
 10
82.97912894768531
 20
-354.4392292901546
 30
0.0
 10
82.85172917208786
 20
-354.2852595830137
 30
0.0
 10
82.6385468165934
 20
-354.0373106850244
 30
0.0
  0
LINE
  5
100001EB
102
{ACAD_XDICTIONARY
360
100001EC
102
}
330
1F
100
AcDbEntity
  8
SHEETMETAL_CUT_LINES
100
AcDbLine
 10
84.05276037896648
 20
-352.6230971226513
 30
0.0
 11
82.6385468165931
 21
-354.0373106850244
 31
0.0
  0
SPLINE
  5
100001F0
102
{ACAD_XDICTIONARY
360
100001F1
102
}
330
1F
100
AcDbEntity
  8
SHEETMETAL_CUT_LINES
100
AcDbSpline
210
0.0
220
0.0
230
1.0
 70
     8
 71
     2
 72
    10
 73
     7
 74
     0
 42
0.0000000001
 43
0.00000001
 40
0.0
 40
0.0
 40
0.0
 40
0.25
 40
0.25
 40
0.5
 40
0.5
 40
1.0
 40
1.0
 40
1.0
 10
84.05276037896652
 20
-352.6230971226513
 30
0.0
 10
84.30064525239439
 20
-352.8362244308883
 30
0.0
 10
84.45467898409676
 20
-352.9636792537432
 30
0.0
 10
84.67430681669589
 20
-353.1454097499699
 30
0.0
 10
84.86510059755295
 20
-353.2895337423972
 30
0.0
 10
85.3002584422454
 20
-353.6182482614523
 30
0.0
 10
85.73270744800001
 20
-353.8602457477974
 30
0.0
  0
LINE
  5
100001F5
102
{ACAD_XDICTIONARY
360
100001F6
102
}
330
1F
100
AcDbEntity
  8
SHEETMETAL_CUT_LINES
100
AcDbLine
 10
101.4943697968768
 20
-362.9602457477972
 30
0.0
 11
85.73270744800001
 21
-353.8602457477972
 31
0.0
  0
LINE
  5
100001FA
102
{ACAD_XDICTIONARY
360
100001FB
102
}
330
1F
100
AcDbEntity
  8
SHEETMETAL_CUT_LINES
100
AcDbLine
 10
101.4943697968768
 20
-362.9602457477972
 30
0.0
 11
131.26649908551
 21
-311.3934051703752
 31
0.0
  0
LINE
  5
100001FF
102
{ACAD_XDICTIONARY
360
10000200
102
}
330
1F
100
AcDbEntity
  8
SHEETMETAL_CUT_LINES
100
AcDbLine
 10
131.26649908551
 20
-311.3934051703752
 30
0.0
 11
115.5048367366332
 21
-302.2934051703754
 31
0.0
  0
SPLINE
  5
10000204
102
{ACAD_XDICTIONARY
360
10000205
102
}
330
1F
100
AcDbEntity
  8
SHEETMETAL_CUT_LINES
100
AcDbSpline
210
0.0
220
0.0
230
1.0
 70
     8
 71
     2
 72
    10
 73
     7
 74
     0
 42
0.0000000001
 43
0.00000001
 40
0.0
 40
0.0
 40
0.0
 40
0.5
 40
0.5
 40
0.75
 40
0.75
 40
1.0
 40
1.0
 40
1.0
 10
115.5048367366333
 20
-302.2934051703754
 30
0.0
 10
115.0790362629291
 20
-302.039892088723
 30
0.0
 10
114.5767822164884
 20
-301.8273916000909
 30
0.0
 10
114.3566175996705
 20
-301.7342413527511
 30
0.0
 10
114.0893731446487
 20
-301.6348833009026
 30
0.0
 10
113.9020568494608
 20
-301.5652415110744
 30
0.0
 10
113.593461064483
 20
-301.4571026441521
 30
0.0
  0
LINE
  5
10000209
102
{ACAD_XDICTIONARY
360
1000020A
102
}
330
1F
100
AcDbEntity
  8
SHEETMETAL_CUT_LINES
100
AcDbLine
 10
114.111099154688
 20
-299.5252509915739
 30
0.0
 11
113.5934610644827
 21
-301.4571026441521
 31
0.0
  0
SPLINE
  5
1000020E
102
{ACAD_XDICTIONARY
360
1000020F
102
}
330
1F
100
AcDbEntity
  8
SHEETMETAL_CUT_LINES
100
AcDbSpline
210
0.0
220
0.0
230
1.0
 70
     8
 71
     2
 72
    10
 73
     7
 74
     0
 42
0.0000000001
 43
0.00000001
 40
0.0
 40
0.0
 40
0.0
 40
0.25
 40
0.25
 40
0.5
 40
0.5
 40
1.0
 40
1.0
 40
1.0
 10
114.1110991546881
 20
-299.5252509915739
 30
0.0
 10
114.4323374059006
 20
-299.5858822179375
 30
0.0
 10
114.6294619425304
 20
-299.6192444666094
 30
0.0
 10
114.9105304727403
 20
-299.6668137766458
 30
0.0
 10
115.1478247303727
 20
-299.6962319249929
 30
0.0
 10
115.68903973806
 20
-299.7633281267412
 30
0.0
 10
116.1845503060573
 20
-299.7566795946906
 30
0.0
  0
LINE
  5
10000213
102
{ACAD_XDICTIONARY
360
10000214
102
}
330
1F
100
AcDbEntity
  8
SHEETMETAL_CUT_LINES
100
AcDbLine
 10
134.3845503060573
 20
-299.7566795946906
 30
0.0
 11
116.1845503060573
 21
-299.7566795946906
 31
0.0
  0
LINE
  5
10000218
102
{ACAD_XDICTIONARY
360
10000219
102
}
330
1F
100
AcDbEntity
  8
SHEETMETAL_CUT_LINES
100
AcDbLine
 10
134.3845503060573
 20
-299.7566795946906
 30
0.0
 11
134.3845503060574
 21
-240.2124210174245
 31
0.0
  0
LINE
  5
1000021D
102
{ACAD_XDICTIONARY
360
1000021E
102
}
330
1F
100
AcDbEntity
  8
SHEETMETAL_CUT_LINES
100
AcDbLine
 10
134.3845503060574
 20
-240.2124210174245
 30
0.0
 11
116.1845503060574
 21
-240.2124210174244
 31
0.0
  0
SPLINE
  5
10000222
102
{ACAD_XDICTIONARY
360
10000223
102
}
330
1F
100
AcDbEntity
  8
SHEETMETAL_CUT_LINES
100
AcDbSpline
210
0.0
220
0.0
230
1.0
 70
     8
 71
     2
 72
    10
 73
     7
 74
     0
 42
0.0000000001
 43
0.00000001
 40
0.0
 40
0.0
 40
0.0
 40
0.5
 40
0.5
 40
0.75
 40
0.75
 40
1.0
 40
1.0
 40
1.0
 10
116.1845503060574
 20
-240.2124210174245
 30
0.0
 10
115.68903973806
 20
-240.205772485374
 30
0.0
 10
115.1478247303727
 20
-240.2728686871223
 30
0.0
 10
114.9105814554492
 20
-240.3022805149755
 30
0.0
 10
114.6294619425305
 20
-240.3498561455058
 30
0.0
 10
114.4324203773191
 20
-240.3832027339665
 30
0.0
 10
114.1110991546881
 20
-240.4438496205412
 30
0.0
  0
LINE
  5
10000227
102
{ACAD_XDICTIONARY
360
10000228
102
}
330
1F
100
AcDbEntity
  8
SHEETMETAL_CUT_LINES
100
AcDbLine
 10
113.5934610644831
 20
-238.5119979679632
 30
0.0
 11
114.1110991546879
 21
-240.4438496205413
 31
0.0
  0
SPLINE
  5
1000022C
102
{ACAD_XDICTIONARY
360
1000022D
102
}
330
1F
100
AcDbEntity
  8
SHEETMETAL_CUT_LINES
100
AcDbSpline
210
0.0
220
0.0
230
1.0
 70
     8
 71
     2
 72
    10
 73
     7
 74
     0
 42
0.0000000001
 43
0.00000001
 40
0.0
 40
0.0
 40
0.0
 40
0.25
 40
0.25
 40
0.5
 40
0.5
 40
1.0
 40
1.0
 40
1.0
 10
113.5934610644831
 20
-238.5119979679631
 30
0.0
 10
113.9019771636452
 20
-238.4038870247333
 30
0.0
 10
114.0893731446487
 20
-238.3342173112127
 30
0.0
 10
114.3565702868926
 20
-238.2348792770991
 30
0.0
 10
114.5767822164885
 20
-238.1417090120243
 30
0.0
 10
115.0790362629292
 20
-237.9292085233921
 30
0.0
 10
115.5048367366333
 20
-237.6756954417399
 30
0.0
  0
LINE
  5
10000231
102
{ACAD_XDICTIONARY
360
10000232
102
}
330
1F
100
AcDbEntity
  8
SHEETMETAL_CUT_LINES
100
AcDbLine
 10
131.2664990855101
 20
-228.57569544174
 30
0.0
 11
115.5048367366333
 21
-237.6756954417399
 31
0.0
  0
LINE
  5
10000236
102
{ACAD_XDICTIONARY
360
10000237
102
}
330
1F
100
AcDbEntity
  8
SHEETMETAL_CUT_LINES
100
AcDbLine
 10
131.2664990855101
 20
-228.57569544174
 30
0.0
 11
101.494369796877
 21
-177.0088548643179
 31
0.0
  0
LINE
  5
1000023B
102
{ACAD_XDICTIONARY
360
1000023C
102
}
330
1F
100
AcDbEntity
  8
SHEETMETAL_CUT_LINES
100
AcDbLine
 10
101.494369796877
 20
-177.0088548643179
 30
0.0
 11
85.73270744800021
 21
-186.1088548643177
 31
0.0
  0
CIRCLE
  5
10000240
102
{ACAD_XDICTIONARY
360
10000241
102
}
330
1F
100
AcDbEntity
  8
SHEETMETAL_CUT_LINES
100
AcDbCircle
 10
-116.828064235838
 20
-323.0015079117806
 30
0.0
 40
2.108200000000001
  0
SPLINE
  5
10000247
102
{ACAD_XDICTIONARY
360
10000248
102
}
330
1F
100
AcDbEntity
  8
SHEETMETAL_CUT_LINES
100
AcDbSpline
210
0.0
220
0.0
230
1.0
 70
     8
 71
     2
 72
    10
 73
     7
 74
     0
 42
0.0000000001
 43
0.00000001
 40
0.0
 40
0.0
 40
0.0
 40
0.5
 40
0.5
 40
0.75
 40
0.75
 40
1.0
 40
1.0
 40
1.0
 10
85.73270744800024
 20
-186.1088548643178
 30
0.0
 10
85.30025844224568
 20
-186.3508523506628
 30
0.0
 10
84.86510059755317
 20
-186.6795668697179
 30
0.0
 10
84.67434780873128
 20
-186.823659897112
 30
0.0
 10
84.45467898409692
 20
-187.005421358372
 30
0.0
 10
84.30070927758493
 20
-187.1328211334286
 30
0.0
 10
84.05276037896671
 20
-187.3460034894639
 30
0.0
  0
LINE
  5
1000024C
102
{ACAD_XDICTIONARY
360
1000024D
102
}
330
1F
100
AcDbEntity
  8
SHEETMETAL_CUT_LINES
100
AcDbLine
 10
82.63854681659366
 20
-185.9317899270908
 30
0.0
 11
84.05276037896655
 21
-187.3460034894639
 31
0.0
  0
SPLINE
  5
10000251
102
{ACAD_XDICTIONARY
360
10000252
102
}
330
1F
100
AcDbEntity
  8
SHEETMETAL_CUT_LINES
100
AcDbSpline
210
0.0
220
0.0
230
1.0
 70
     8
 71
     2
 72
    10
 73
     7
 74
     0
 42
0.0000000001
 43
0.00000001
 40
0.0
 40
0.0
 40
0.0
 40
0.25
 40
0.25
 40
0.5
 40
0.5
 40
1.0
 40
1.0
 40
1.0
 10
82.63854681659363
 20
-185.9317899270908
 30
0.0
 10
82.85167412483092
 20
-185.6839050536625
 30
0.0
 10
82.9791289476855
 20
-185.5298713219605
 30
0.0
 10
83.1608594439122
 20
-185.3102434893613
 30
0.0
 10
83.30498343633951
 20
-185.1194497085043
 30
0.0
 10
83.63369795539457
 20
-184.6842918638119
 30
0.0
 10
83.87569544173967
 20
-184.2518428580572
 30
0.0
  0
LINE
  5
10000256
102
{ACAD_XDICTIONARY
360
10000257
102
}
330
1F
100
AcDbEntity
  8
SHEETMETAL_CUT_LINES
100
AcDbLine
 10
92.97569544173967
 20
-168.4901805091804
 30
0.0
 11
83.87569544173968
 21
-184.2518428580572
 31
0.0
  0
LINE
  5
1000025B
102
{ACAD_XDICTIONARY
360
1000025C
102
}
330
1F
100
AcDbEntity
  8
SHEETMETAL_CUT_LINES
100
AcDbLine
 10
92.97569544173967
 20
-168.4901805091804
 30
0.0
 11
41.4088548643177
 21
-138.7180512205473
 31
0.0
  0
LINE
  5
10000260
102
{ACAD_XDICTIONARY
360
10000261
102
}
330
1F
100
AcDbEntity
  8
SHEETMETAL_CUT_LINES
100
AcDbLine
 10
41.4088548643177
 20
-138.7180512205473
 30
0.0
 11
32.30885486431767
 21
-154.479713569424
 31
0.0
  0
SPLINE
  5
10000265
102
{ACAD_XDICTIONARY
360
10000266
102
}
330
1F
100
AcDbEntity
  8
SHEETMETAL_CUT_LINES
100
AcDbSpline
210
0.0
220
0.0
230
1.0
 70
     8
 71
     2
 72
    10
 73
     7
 74
     0
 42
0.0000000001
 43
0.00000001
 40
0.0
 40
0.0
 40
0.0
 40
0.5
 40
0.5
 40
0.75
 40
0.75
 40
1.0
 40
1.0
 40
1.0
 10
32.30885486431769
 20
-154.4797135694241
 30
0.0
 10
32.05534178266542
 20
-154.9055140431281
 30
0.0
 10
31.8428412940332
 20
-155.4077680895689
 30
0.0
 10
31.7496910466822
 20
-155.6279327064135
 30
0.0
 10
31.65033299484492
 20
-155.8951771614086
 30
0.0
 10
31.58069120500118
 20
-156.0824934566411
 30
0.0
 10
31.47255233809449
 20
-156.3910892415743
 30
0.0
  0
LINE
  5
1000026A
102
{ACAD_XDICTIONARY
360
1000026B
102
}
330
1F
100
AcDbEntity
  8
SHEETMETAL_CUT_LINES
100
AcDbLine
 10
29.54070068551638
 20
-155.8734511513692
 30
0.0
 11
31.47255233809435
 21
-156.3910892415743
 31
0.0
  0
SPLINE
  5
1000026F
102
{ACAD_XDICTIONARY
360
10000270
102
}
330
1F
100
AcDbEntity
  8
SHEETMETAL_CUT_LINES
100
AcDbSpline
210
0.0
220
0.0
230
1.0
 70
     8
 71
     2
 72
    10
 73
     7
 74
     0
 42
0.0000000001
 43
0.00000001
 40
0.0
 40
0.0
 40
0.0
 40
0.25
 40
0.25
 40
0.5
 40
0.5
 40
1.0
 40
1.0
 40
1.0
 10
29.54070068551634
 20
-155.8734511513692
 30
0.0
 10
29.60133191187985
 20
-155.5522129001569
 30
0.0
 10
29.63469416055184
 20
-155.3550883635269
 30
0.0
 10
29.6822634705882
 20
-155.0740198333172
 30
0.0
 10
29.71168161893529
 20
-154.8367255756846
 30
0.0
 10
29.77877782068356
 20
-154.2955105679974
 30
0.0
 10
29.77212928863306
 20
-153.8
 30
0.0
  0
LINE
  5
10000274
102
{ACAD_XDICTIONARY
360
10000275
102
}
330
1F
100
AcDbEntity
  8
SHEETMETAL_CUT_LINES
100
AcDbLine
 10
29.77212928863306
 20
-135.6
 30
0.0
 11
29.77212928863306
 21
-153.8
 31
0.0
  0
LINE
  5
10000279
102
{ACAD_XDICTIONARY
360
1000027A
102
}
330
1F
100
AcDbEntity
  8
SHEETMETAL_CUT_LINES
100
AcDbLine
 10
29.77212928863306
 20
-135.6
 30
0.0
 11
-29.77212928863315
 21
-135.6
 31
0.0
  0
LINE
  5
1000027E
102
{ACAD_XDICTIONARY
360
1000027F
102
}
330
1F
100
AcDbEntity
  8
SHEETMETAL_CUT_LINES
100
AcDbLine
 10
-29.77212928863315
 20
-135.6
 30
0.0
 11
-29.7721292886332
 21
-153.8
 31
0.0
  0
SPLINE
  5
10000283
102
{ACAD_XDICTIONARY
360
10000284
102
}
330
1F
100
AcDbEntity
  8
SHEETMETAL_CUT_LINES
100
AcDbSpline
210
0.0
220
0.0
230
1.0
 70
     8
 71
     2
 72
    10
 73
     7
 74
     0
 42
0.0000000001
 43
0.00000001
 40
0.0
 40
0.0
 40
0.0
 40
0.5
 40
0.5
 40
0.75
 40
0.75
 40
1.0
 40
1.0
 40
1.0
 10
-29.77212928863315
 20
-153.8
 30
0.0
 10
-29.77877782068365
 20
-154.2955105679974
 30
0.0
 10
-29.7116816189354
 20
-154.8367255756846
 30
0.0
 10
-29.68226979108334
 20
-155.0739688505987
 30
0.0
 10
-29.63469416055194
 20
-155.355088363527
 30
0.0
 10
-29.60134757209413
 20
-155.5521299287227
 30
0.0
 10
-29.54070068551646
 20
-155.8734511513693
 30
0.0
  0
LINE
  5
10000288
102
{ACAD_XDICTIONARY
360
10000289
102
}
330
1F
100
AcDbEntity
  8
SHEETMETAL_CUT_LINES
100
AcDbLine
 10
-31.4725523380944
 20
-156.3910892415742
 30
0.0
 11
-29.5407006855166
 21
-155.8734511513692
 31
0.0
  0
SPLINE
  5
1000028D
102
{ACAD_XDICTIONARY
360
1000028E
102
}
330
1F
100
AcDbEntity
  8
SHEETMETAL_CUT_LINES
100
AcDbSpline
210
0.0
220
0.0
230
1.0
 70
     8
 71
     2
 72
    10
 73
     7
 74
     0
 42
0.0000000001
 43
0.00000001
 40
0.0
 40
0.0
 40
0.0
 40
0.25
 40
0.25
 40
0.5
 40
0.5
 40
1.0
 40
1.0
 40
1.0
 10
-31.47255233809459
 20
-156.3910892415743
 30
0.0
 10
-31.58066328142194
 20
-156.0825731421338
 30
0.0
 10
-31.65033299484503
 20
-155.8951771614086
 30
0.0
 10
-31.74967102902849
 20
-155.6279800189994
 30
0.0
 10
-31.84284129403331
 20
-155.4077680895689
 30
0.0
 10
-32.05534178266551
 20
-154.9055140431281
 30
0.0
 10
-32.30885486431777
 20
-154.479713569424
 30
0.0
  0
LINE
  5
10000292
102
{ACAD_XDICTIONARY
360
10000293
102
}
330
1F
100
AcDbEntity
  8
SHEETMETAL_CUT_LINES
100
AcDbLine
 10
-41.40885486431775
 20
-138.7180512205473
 30
0.0
 11
-32.30885486431778
 21
-154.4797135694241
 31
0.0
  0
LINE
  5
10000297
102
{ACAD_XDICTIONARY
360
10000298
102
}
330
1F
100
AcDbEntity
  8
SHEETMETAL_CUT_LINES
100
AcDbLine
 10
-41.40885486431775
 20
-138.7180512205473
 30
0.0
 11
-92.97569544173975
 21
-168.4901805091803
 31
0.0
  0
LINE
  5
1000029C
102
{ACAD_XDICTIONARY
360
1000029D
102
}
330
1F
100
AcDbEntity
  8
SHEETMETAL_CUT_LINES
100
AcDbLine
 10
-92.97569544173975
 20
-168.4901805091803
 30
0.0
 11
-83.8756954417398
 21
-184.2518428580571
 31
0.0
  0
SPLINE
  5
100002A1
102
{ACAD_XDICTIONARY
360
100002A2
102
}
330
1F
100
AcDbEntity
  8
SHEETMETAL_CUT_LINES
100
AcDbSpline
210
0.0
220
0.0
230
1.0
 70
     8
 71
     2
 72
    10
 73
     7
 74
     0
 42
0.0000000001
 43
0.00000001
 40
0.0
 40
0.0
 40
0.0
 40
0.5
 40
0.5
 40
0.75
 40
0.75
 40
1.0
 40
1.0
 40
1.0
 10
-83.87569544173971
 20
-184.2518428580571
 30
0.0
 10
-83.63369795539467
 20
-184.6842918638118
 30
0.0
 10
-83.30498343633957
 20
-185.1194497085042
 30
0.0
 10
-83.16089040894501
 20
-185.3102024973268
 30
0.0
 10
-82.97912894768557
 20
-185.5298713219604
 30
0.0
 10
-82.85172917262754
 20
-185.683841028474
 30
0.0
 10
-82.63854681659367
 20
-185.9317899270907
 30
0.0
  0
LINE
  5
100002A6
102
{ACAD_XDICTIONARY
360
100002A7
102
}
330
1F
100
AcDbEntity
  8
SHEETMETAL_CUT_LINES
100
AcDbLine
 10
-84.05276037896684
 20
-187.3460034894638
 30
0.0
 11
-82.63854681659389
 21
-185.9317899270906
 31
0.0
  0
SPLINE
  5
100002AB
102
{ACAD_XDICTIONARY
360
100002AC
102
}
330
1F
100
AcDbEntity
  8
SHEETMETAL_CUT_LINES
100
AcDbSpline
210
0.0
220
0.0
230
1.0
 70
     8
 71
     2
 72
    10
 73
     7
 74
     0
 42
0.0000000001
 43
0.00000001
 40
0.0
 40
0.0
 40
0.0
 40
0.25
 40
0.25
 40
0.5
 40
0.5
 40
1.0
 40
1.0
 40
1.0
 10
-84.05276037896684
 20
-187.3460034894638
 30
0.0
 10
-84.30064525180633
 20
-187.1328761817326
 30
0.0
 10
-84.45467898409706
 20
-187.0054213583719
 30
0.0
 10
-84.67430681631947
 20
-186.8236908624297
 30
0.0
 10
-84.86510059755328
 20
-186.6795668697179
 30
0.0
 10
-85.30025844224576
 20
-186.3508523506628
 30
0.0
 10
-85.73270744800037
 20
-186.1088548643177
 30
0.0
  0
LINE
  5
100002B0
102
{ACAD_XDICTIONARY
360
100002B1
102
}
330
1F
100
AcDbEntity
  8
SHEETMETAL_CUT_LINES
100
AcDbLine
 10
-101.4943697968771
 20
-177.0088548643176
 30
0.0
 11
-85.73270744800035
 21
-186.1088548643177
 31
0.0
  0
LINE
  5
100002B5
102
{ACAD_XDICTIONARY
360
100002B6
102
}
330
1F
100
AcDbEntity
  8
SHEETMETAL_CUT_LINES
100
AcDbLine
 10
-101.4943697968771
 20
-177.0088548643176
 30
0.0
 11
-131.2664990855102
 21
-228.5756954417396
 31
0.0
  0
LINE
  5
100002BA
102
{ACAD_XDICTIONARY
360
100002BB
102
}
330
1F
100
AcDbEntity
  8
SHEETMETAL_CUT_LINES
100
AcDbLine
 10
-131.2664990855102
 20
-228.5756954417396
 30
0.0
 11
-115.5048367366335
 21
-237.6756954417396
 31
0.0
  0
SPLINE
  5
100002BF
102
{ACAD_XDICTIONARY
360
100002C0
102
}
330
1F
100
AcDbEntity
  8
SHEETMETAL_CUT_LINES
100
AcDbSpline
210
0.0
220
0.0
230
1.0
 70
     8
 71
     2
 72
    10
 73
     7
 74
     0
 42
0.0000000001
 43
0.00000001
 40
0.0
 40
0.0
 40
0.0
 40
0.5
 40
0.5
 40
0.75
 40
0.75
 40
1.0
 40
1.0
 40
1.0
 10
-115.5048367366335
 20
-237.6756954417396
 30
0.0
 10
-115.0790362629294
 20
-237.9292085233919
 30
0.0
 10
-114.5767822164886
 20
-238.1417090120241
 30
0.0
 10
-114.3566175996527
 20
-238.2348592593715
 30
0.0
 10
-114.0893731446489
 20
-238.3342173112124
 30
0.0
 10
-113.9020568494316
 20
-238.4038591010509
 30
0.0
 10
-113.5934610644832
 20
-238.5119979679629
 30
0.0
  0
LINE
  5
100002C4
102
{ACAD_XDICTIONARY
360
100002C5
102
}
330
1F
100
AcDbEntity
  8
SHEETMETAL_CUT_LINES
100
AcDbLine
 10
-114.1110991546883
 20
-240.443849620541
 30
0.0
 11
-113.5934610644834
 21
-238.5119979679627
 31
0.0
  0
CIRCLE
  5
100002C9
102
{ACAD_XDICTIONARY
360
100002CA
102
}
330
1F
100
AcDbEntity
  8
SHEETMETAL_CUT_LINES
100
AcDbCircle
 10
53.01695760572303
 20
-386.8126145418954
 30
0.0
 40
2.108200000000001
  0
CIRCLE
  5
100002D0
102
{ACAD_XDICTIONARY
360
100002D1
102
}
330
1F
100
AcDbEntity
  8
SHEETMETAL_CUT_LINES
100
AcDbCircle
 10
74.66759270033401
 20
-374.3126145418954
 30
0.0
 40
2.108200000000001
  0
CIRCLE
  5
100002D7
102
{ACAD_XDICTIONARY
360
100002D8
102
}
330
1F
100
AcDbEntity
  8
SHEETMETAL_CUT_LINES
100
AcDbCircle
 10
-104.328064235838
 20
-195.3169576057232
 30
0.0
 40
2.108200000000001
  0
CIRCLE
  5
100002DE
102
{ACAD_XDICTIONARY
360
100002DF
102
}
330
1F
100
AcDbEntity
  8
SHEETMETAL_CUT_LINES
100
AcDbCircle
 10
-116.828064235838
 20
-216.9675927003341
 30
0.0
 40
2.108200000000001
  0
CIRCLE
  5
100002E5
102
{ACAD_XDICTIONARY
360
100002E6
102
}
330
1F
100
AcDbEntity
  8
SHEETMETAL_CUT_LINES
100
AcDbCircle
 10
12.50000000000005
 20
-142.3
 30
0.0
 40
2.108200000000001
  0
CIRCLE
  5
100002EC
102
{ACAD_XDICTIONARY
360
100002ED
102
}
330
1F
100
AcDbEntity
  8
SHEETMETAL_CUT_LINES
100
AcDbCircle
 10
-12.49999999999995
 20
-142.3
 30
0.0
 40
2.108200000000001
  0
CIRCLE
  5
100002F3
102
{ACAD_XDICTIONARY
360
100002F4
102
}
330
1F
100
AcDbEntity
  8
SHEETMETAL_CUT_LINES
100
AcDbCircle
 10
-53.01695760572326
 20
-153.1564860702195
 30
0.0
 40
2.108200000000001
  0
CIRCLE
  5
100002FA
102
{ACAD_XDICTIONARY
360
100002FB
102
}
330
1F
100
AcDbEntity
  8
SHEETMETAL_CUT_LINES
100
AcDbCircle
 10
-74.66759270033423
 20
-165.6564860702195
 30
0.0
 40
2.108200000000001
  0
CIRCLE
  5
10000301
102
{ACAD_XDICTIONARY
360
10000302
102
}
330
1F
100
AcDbEntity
  8
SHEETMETAL_CUT_LINES
100
AcDbCircle
 10
74.66759270033424
 20
-165.6564860702196
 30
0.0
 40
2.108200000000001
  0
CIRCLE
  5
10000308
102
{ACAD_XDICTIONARY
360
10000309
102
}
330
1F
100
AcDbEntity
  8
SHEETMETAL_CUT_LINES
100
AcDbCircle
 10
53.01695760572328
 20
-153.1564860702196
 30
0.0
 40
2.108200000000001
  0
CIRCLE
  5
1000030F
102
{ACAD_XDICTIONARY
360
10000310
102
}
330
1F
100
AcDbEntity
  8
SHEETMETAL_CUT_LINES
100
AcDbCircle
 10
116.8280642358378
 20
-216.9675927003344
 30
0.0
 40
2.108200000000001
  0
CIRCLE
  5
10000316
102
{ACAD_XDICTIONARY
360
10000317
102
}
330
1F
100
AcDbEntity
  8
SHEETMETAL_CUT_LINES
100
AcDbCircle
 10
104.3280642358378
 20
-195.3169576057234
 30
0.0
 40
2.108200000000001
  0
CIRCLE
  5
1000031D
102
{ACAD_XDICTIONARY
360
1000031E
102
}
330
1F
100
AcDbEntity
  8
SHEETMETAL_CUT_LINES
100
AcDbCircle
 10
104.3280642358377
 20
-344.6521430063917
 30
0.0
 40
2.108200000000001
  0
CIRCLE
  5
10000324
102
{ACAD_XDICTIONARY
360
10000325
102
}
330
1F
100
AcDbEntity
  8
SHEETMETAL_CUT_LINES
100
AcDbCircle
 10
116.8280642358377
 20
-323.0015079117807
 30
0.0
 40
2.108200000000001
  0
CIRCLE
  5
1000032B
102
{ACAD_XDICTIONARY
360
1000032C
102
}
330
1F
100
AcDbEntity
  8
SHEETMETAL_CUT_LINES
100
AcDbCircle
 10
127.6845503060574
 20
-282.4845503060575
 30
0.0
 40
2.108200000000001
  0
CIRCLE
  5
10000332
102
{ACAD_XDICTIONARY
360
10000333
102
}
330
1F
100
AcDbEntity
  8
SHEETMETAL_CUT_LINES
100
AcDbCircle
 10
127.6845503060574
 20
-257.4845503060576
 30
0.0
 40
2.108200000000001
  0
CIRCLE
  5
10000339
102
{ACAD_XDICTIONARY
360
1000033A
102
}
330
1F
100
AcDbEntity
  8
SHEETMETAL_CUT_LINES
100
AcDbCircle
 10
-74.66759270033442
 20
-374.3126145418951
 30
0.0
 40
2.108200000000001
  0
CIRCLE
  5
10000340
102
{ACAD_XDICTIONARY
360
10000341
102
}
330
1F
100
AcDbEntity
  8
SHEETMETAL_CUT_LINES
100
AcDbCircle
 10
-53.01695760572345
 20
-386.8126145418952
 30
0.0
 40
2.108200000000001
  0
CIRCLE
  5
10000347
102
{ACAD_XDICTIONARY
360
10000348
102
}
330
1F
100
AcDbEntity
  8
SHEETMETAL_CUT_LINES
100
AcDbCircle
 10
-12.50000000000026
 20
-397.6691006121149
 30
0.0
 40
2.108200000000001
  0
CIRCLE
  5
1000034E
102
{ACAD_XDICTIONARY
360
1000034F
102
}
330
1F
100
AcDbEntity
  8
SHEETMETAL_CUT_LINES
100
AcDbCircle
 10
12.49999999999975
 20
-397.6691006121149
 30
0.0
 40
2.108200000000001
  0
CIRCLE
  5
10000355
102
{ACAD_XDICTIONARY
360
10000356
102
}
330
1F
100
AcDbEntity
  8
SHEETMETAL_CUT_LINES
100
AcDbCircle
 10
-116.828064235838
 20
-323.0015079117806
 30
0.0
 40
2.108200000000001
  0
CIRCLE
  5
1000035C
102
{ACAD_XDICTIONARY
360
1000035D
102
}
330
1F
100
AcDbEntity
  8
SHEETMETAL_CUT_LINES
100
AcDbCircle
 10
-104.328064235838
 20
-344.6521430063916
 30
0.0
 40
2.108200000000001
  0
CIRCLE
  5
10000363
102
{ACAD_XDICTIONARY
360
10000364
102
}
330
1F
100
AcDbEntity
  8
SHEETMETAL_CUT_LINES
100
AcDbCircle
 10
-127.6845503060575
 20
-257.4845503060573
 30
0.0
 40
2.108200000000001
  0
CIRCLE
  5
1000036A
102
{ACAD_XDICTIONARY
360
1000036B
102
}
330
1F
100
AcDbEntity
  8
SHEETMETAL_CUT_LINES
100
AcDbCircle
 10
-127.6845503060576
 20
-282.4845503060574
 30
0.0
 40
2.108200000000001
  0
ENDSEC
  0
SECTION
  2
OBJECTS
  0
DICTIONARY
  5
C
330
0
100
AcDbDictionary
  3
ACAD_GROUP
350
D
  3
ACAD_LAYOUT
350
1A
  3
ACAD_MATERIAL
350
43
  3
ACAD_MLEADERSTYLE
350
5B
  3
ACAD_MLINESTYLE
350
17
  3
ACAD_PLOTSETTINGS
350
19
  3
ACAD_SCALELIST
350
47
  3
ACAD_VISUALSTYLE
350
2A
  3
ACDBHEADERROUNDTRIPXREC
350
10000373
  3
ACDBVARIABLEDICTIONARY
350
10000394
  3
DWGPROPS
350
1000039F
  3
ONSHAPE_DATA
350
10000001
  0
DICTIONARY
  5
100003A0
330
8
100
AcDbDictionary
280
     1
  3
ACAD_XREC_ROUNDTRIP
360
100003A1
  0
DICTIONARY
  5
10000371
330
1F
100
AcDbDictionary
280
     1
  3
ACAD_SORTENTS
360
10000372
  0
DICTIONARY
  5
1000005A
330
10000059
100
AcDbDictionary
280
     1
  3
BTBENDANGLE
360
1000005E
  3
BTBENDISUP
360
1000005F
  3
BTBENDRADIUS
360
1000005D
  3
BTDETID
360
1000005B
  3
BTISBEND
360
1000005C
  3
BTPARTID
360
10000060
  0
DICTIONARY
  5
10000062
330
10000061
100
AcDbDictionary
280
     1
  3
BTBENDANGLE
360
10000066
  3
BTBENDISUP
360
10000067
  3
BTBENDRADIUS
360
10000065
  3
BTDETID
360
10000063
  3
BTISBEND
360
10000064
  3
BTPARTID
360
10000068
  0
DICTIONARY
  5
1000006A
330
10000069
100
AcDbDictionary
280
     1
  3
BTBENDANGLE
360
1000006E
  3
BTBENDISUP
360
1000006F
  3
BTBENDRADIUS
360
1000006D
  3
BTDETID
360
1000006B
  3
BTISBEND
360
1000006C
  3
BTPARTID
360
10000070
  0
DICTIONARY
  5
10000072
330
10000071
100
AcDbDictionary
280
     1
  3
BTBENDANGLE
360
10000076
  3
BTBENDISUP
360
10000077
  3
BTBENDRADIUS
360
10000075
  3
BTDETID
360
10000073
  3
BTISBEND
360
10000074
  3
BTPARTID
360
10000078
  0
DICTIONARY
  5
1000007A
330
10000079
100
AcDbDictionary
280
     1
  3
BTBENDANGLE
360
1000007E
  3
BTBENDISUP
360
1000007F
  3
BTBENDRADIUS
360
1000007D
  3
BTDETID
360
1000007B
  3
BTISBEND
360
1000007C
  3
BTPARTID
360
10000080
  0
DICTIONARY
  5
10000082
330
10000081
100
AcDbDictionary
280
     1
  3
BTBENDANGLE
360
10000086
  3
BTBENDISUP
360
10000087
  3
BTBENDRADIUS
360
10000085
  3
BTDETID
360
10000083
  3
BTISBEND
360
10000084
  3
BTPARTID
360
10000088
  0
DICTIONARY
  5
1000008A
330
10000089
100
AcDbDictionary
280
     1
  3
BTBENDANGLE
360
1000008E
  3
BTBENDISUP
360
1000008F
  3
BTBENDRADIUS
360
1000008D
  3
BTDETID
360
1000008B
  3
BTISBEND
360
1000008C
  3
BTPARTID
360
10000090
  0
DICTIONARY
  5
10000092
330
10000091
100
AcDbDictionary
280
     1
  3
BTBENDANGLE
360
10000096
  3
BTBENDISUP
360
10000097
  3
BTBENDRADIUS
360
10000095
  3
BTDETID
360
10000093
  3
BTISBEND
360
10000094
  3
BTPARTID
360
10000098
  0
DICTIONARY
  5
1000009A
330
10000099
100
AcDbDictionary
280
     1
  3
BTBENDANGLE
360
1000009E
  3
BTBENDISUP
360
1000009F
  3
BTBENDRADIUS
360
1000009D
  3
BTDETID
360
1000009B
  3
BTISBEND
360
1000009C
  3
BTPARTID
360
100000A0
  0
DICTIONARY
  5
100000A2
330
100000A1
100
AcDbDictionary
280
     1
  3
BTBENDANGLE
360
100000A6
  3
BTBENDISUP
360
100000A7
  3
BTBENDRADIUS
360
100000A5
  3
BTDETID
360
100000A3
  3
BTISBEND
360
100000A4
  3
BTPARTID
360
100000A8
  0
DICTIONARY
  5
100000AA
330
100000A9
100
AcDbDictionary
280
     1
  3
BTBENDANGLE
360
100000AE
  3
BTBENDISUP
360
100000AF
  3
BTBENDRADIUS
360
100000AD
  3
BTDETID
360
100000AB
  3
BTISBEND
360
100000AC
  3
BTPARTID
360
100000B0
  0
DICTIONARY
  5
100000B2
330
100000B1
100
AcDbDictionary
280
     1
  3
BTBENDANGLE
360
100000B6
  3
BTBENDISUP
360
100000B7
  3
BTBENDRADIUS
360
100000B5
  3
BTDETID
360
100000B3
  3
BTISBEND
360
100000B4
  3
BTPARTID
360
100000B8
  0
DICTIONARY
  5
100000BA
330
100000B9
100
AcDbDictionary
280
     1
  3
BTARCONSURFACERADIUS
360
100000BD
  3
BTDETID
360
100000BB
  3
BTOWNERFACEID_
360
100000BC
  3
BTPARTID
360
100000BE
  3
BTUNFLATTENEDPARTID
360
100000BF
  0
DICTIONARY
  5
100000C1
330
100000C0
100
AcDbDictionary
280
     1
  3
BTARCONSURFACERADIUS
360
100000C4
  3
BTDETID
360
100000C2
  3
BTOWNERFACEID_
360
100000C3
  3
BTPARTID
360
100000C5
  3
BTUNFLATTENEDPARTID
360
100000C6
  0
DICTIONARY
  5
100000C8
330
100000C7
100
AcDbDictionary
280
     1
  3
BTARCONSURFACERADIUS
360
100000CB
  3
BTDETID
360
100000C9
  3
BTOWNERFACEID_
360
100000CA
  3
BTPARTID
360
100000CC
  3
BTUNFLATTENEDPARTID
360
100000CD
  0
DICTIONARY
  5
100000CF
330
100000CE
100
AcDbDictionary
280
     1
  3
BTARCONSURFACERADIUS
360
100000D2
  3
BTDETID
360
100000D0
  3
BTOWNERFACEID_
360
100000D1
  3
BTPARTID
360
100000D3
  3
BTUNFLATTENEDPARTID
360
100000D4
  0
DICTIONARY
  5
100000D6
330
100000D5
100
AcDbDictionary
280
     1
  3
BTARCONSURFACERADIUS
360
100000D9
  3
BTDETID
360
100000D7
  3
BTOWNERFACEID_
360
100000D8
  3
BTPARTID
360
100000DA
  3
BTUNFLATTENEDPARTID
360
100000DB
  0
DICTIONARY
  5
100000DD
330
100000DC
100
AcDbDictionary
280
     1
  3
BTARCONSURFACERADIUS
360
100000E0
  3
BTDETID
360
100000DE
  3
BTOWNERFACEID_
360
100000DF
  3
BTPARTID
360
100000E1
  3
BTUNFLATTENEDPARTID
360
100000E2
  0
DICTIONARY
  5
100000E4
330
100000E3
100
AcDbDictionary
280
     1
  3
BTARCONSURFACERADIUS
360
100000E7
  3
BTDETID
360
100000E5
  3
BTOWNERFACEID_
360
100000E6
  3
BTPARTID
360
100000E8
  3
BTUNFLATTENEDPARTID
360
100000E9
  0
DICTIONARY
  5
100000EB
330
100000EA
100
AcDbDictionary
280
     1
  3
BTARCONSURFACERADIUS
360
100000EE
  3
BTDETID
360
100000EC
  3
BTOWNERFACEID_
360
100000ED
  3
BTPARTID
360
100000EF
  3
BTUNFLATTENEDPARTID
360
100000F0
  0
DICTIONARY
  5
100000F2
330
100000F1
100
AcDbDictionary
280
     1
  3
BTARCONSURFACERADIUS
360
100000F5
  3
BTDETID
360
100000F3
  3
BTOWNERFACEID_
360
100000F4
  3
BTPARTID
360
100000F6
  3
BTUNFLATTENEDPARTID
360
100000F7
  0
DICTIONARY
  5
100000F9
330
100000F8
100
AcDbDictionary
280
     1
  3
BTARCONSURFACERADIUS
360
100000FC
  3
BTDETID
360
100000FA
  3
BTOWNERFACEID_
360
100000FB
  3
BTPARTID
360
100000FD
  3
BTUNFLATTENEDPARTID
360
100000FE
  0
DICTIONARY
  5
10000100
330
100000FF
100
AcDbDictionary
280
     1
  3
BTARCONSURFACERADIUS
360
10000103
  3
BTDETID
360
10000101
  3
BTOWNERFACEID_
360
10000102
  3
BTPARTID
360
10000104
  3
BTUNFLATTENEDPARTID
360
10000105
  0
DICTIONARY
  5
10000107
330
10000106
100
AcDbDictionary
280
     1
  3
BTARCONSURFACERADIUS
360
1000010A
  3
BTDETID
360
10000108
  3
BTOWNERFACEID_
360
10000109
  3
BTPARTID
360
1000010B
  3
BTUNFLATTENEDPARTID
360
1000010C
  0
DICTIONARY
  5
1000010E
330
1000010D
100
AcDbDictionary
280
     1
  3
BTARCONSURFACERADIUS
360
10000111
  3
BTDETID
360
1000010F
  3
BTOWNERFACEID_
360
10000110
  3
BTPARTID
360
10000112
  3
BTUNFLATTENEDPARTID
360
10000113
  0
DICTIONARY
  5
10000115
330
10000114
100
AcDbDictionary
280
     1
  3
BTARCONSURFACERADIUS
360
10000118
  3
BTDETID
360
10000116
  3
BTOWNERFACEID_
360
10000117
  3
BTPARTID
360
10000119
  3
BTUNFLATTENEDPARTID
360
1000011A
  0
DICTIONARY
  5
1000011C
330
1000011B
100
AcDbDictionary
280
     1
  3
BTARCONSURFACERADIUS
360
1000011F
  3
BTDETID
360
1000011D
  3
BTOWNERFACEID_
360
1000011E
  3
BTPARTID
360
10000120
  3
BTUNFLATTENEDPARTID
360
10000121
  0
DICTIONARY
  5
10000123
330
10000122
100
AcDbDictionary
280
     1
  3
BTARCONSURFACERADIUS
360
10000126
  3
BTDETID
360
10000124
  3
BTOWNERFACEID_
360
10000125
  3
BTPARTID
360
10000127
  3
BTUNFLATTENEDPARTID
360
10000128
  0
DICTIONARY
  5
1000012A
330
10000129
100
AcDbDictionary
280
     1
  3
BTARCONSURFACERADIUS
360
1000012D
  3
BTDETID
360
1000012B
  3
BTOWNERFACEID_
360
1000012C
  3
BTPARTID
360
1000012E
  3
BTUNFLATTENEDPARTID
360
1000012F
  0
DICTIONARY
  5
10000131
330
10000130
100
AcDbDictionary
280
     1
  3
BTDETID
360
10000132
  3
BTPARTID
360
10000133
  3
BTUNFLATTENEDPARTID
360
10000134
  0
DICTIONARY
  5
10000136
330
10000135
100
AcDbDictionary
280
     1
  3
BTDETID
360
10000137
  3
BTPARTID
360
10000138
  3
BTUNFLATTENEDPARTID
360
10000139
  0
DICTIONARY
  5
1000013B
330
1000013A
100
AcDbDictionary
280
     1
  3
BTDETID
360
1000013C
  3
BTPARTID
360
1000013D
  3
BTUNFLATTENEDPARTID
360
1000013E
  0
DICTIONARY
  5
10000140
330
1000013F
100
AcDbDictionary
280
     1
  3
BTDETID
360
10000141
  3
BTPARTID
360
10000142
  3
BTUNFLATTENEDPARTID
360
10000143
  0
DICTIONARY
  5
10000145
330
10000144
100
AcDbDictionary
280
     1
  3
BTDETID
360
10000146
  3
BTPARTID
360
10000147
  3
BTUNFLATTENEDPARTID
360
10000148
  0
DICTIONARY
  5
1000014A
330
10000149
100
AcDbDictionary
280
     1
  3
BTDETID
360
1000014B
  3
BTPARTID
360
1000014C
  3
BTUNFLATTENEDPARTID
360
1000014D
  0
DICTIONARY
  5
1000014F
330
1000014E
100
AcDbDictionary
280
     1
  3
BTDETID
360
10000150
  3
BTPARTID
360
10000151
  3
BTUNFLATTENEDPARTID
360
10000152
  0
DICTIONARY
  5
10000154
330
10000153
100
AcDbDictionary
280
     1
  3
BTDETID
360
10000155
  3
BTPARTID
360
10000156
  3
BTUNFLATTENEDPARTID
360
10000157
  0
DICTIONARY
  5
10000159
330
10000158
100
AcDbDictionary
280
     1
  3
BTDETID
360
1000015A
  3
BTPARTID
360
1000015B
  3
BTUNFLATTENEDPARTID
360
1000015C
  0
DICTIONARY
  5
1000015E
330
1000015D
100
AcDbDictionary
280
     1
  3
BTDETID
360
1000015F
  3
BTPARTID
360
10000160
  3
BTUNFLATTENEDPARTID
360
10000161
  0
DICTIONARY
  5
10000163
330
10000162
100
AcDbDictionary
280
     1
  3
BTDETID
360
10000164
  3
BTPARTID
360
10000165
  3
BTUNFLATTENEDPARTID
360
10000166
  0
DICTIONARY
  5
10000168
330
10000167
100
AcDbDictionary
280
     1
  3
BTDETID
360
10000169
  3
BTPARTID
360
1000016A
  3
BTUNFLATTENEDPARTID
360
1000016B
  0
DICTIONARY
  5
1000016D
330
1000016C
100
AcDbDictionary
280
     1
  3
BTDETID
360
1000016E
  3
BTPARTID
360
1000016F
  3
BTUNFLATTENEDPARTID
360
10000170
  0
DICTIONARY
  5
10000172
330
10000171
100
AcDbDictionary
280
     1
  3
BTDETID
360
10000173
  3
BTPARTID
360
10000174
  3
BTUNFLATTENEDPARTID
360
10000175
  0
DICTIONARY
  5
10000177
330
10000176
100
AcDbDictionary
280
     1
  3
BTDETID
360
10000178
  3
BTPARTID
360
10000179
  3
BTUNFLATTENEDPARTID
360
1000017A
  0
DICTIONARY
  5
1000017C
330
1000017B
100
AcDbDictionary
280
     1
  3
BTDETID
360
1000017D
  3
BTPARTID
360
1000017E
  3
BTUNFLATTENEDPARTID
360
1000017F
  0
DICTIONARY
  5
10000181
330
10000180
100
AcDbDictionary
280
     1
  3
BTDETID
360
10000182
  3
BTPARTID
360
10000183
  3
BTUNFLATTENEDPARTID
360
10000184
  0
DICTIONARY
  5
10000186
330
10000185
100
AcDbDictionary
280
     1
  3
BTDETID
360
10000187
  3
BTPARTID
360
10000188
  3
BTUNFLATTENEDPARTID
360
10000189
  0
DICTIONARY
  5
1000018B
330
1000018A
100
AcDbDictionary
280
     1
  3
BTDETID
360
1000018C
  3
BTPARTID
360
1000018D
  3
BTUNFLATTENEDPARTID
360
1000018E
  0
DICTIONARY
  5
10000190
330
1000018F
100
AcDbDictionary
280
     1
  3
BTDETID
360
10000191
  3
BTPARTID
360
10000192
  3
BTUNFLATTENEDPARTID
360
10000193
  0
DICTIONARY
  5
10000195
330
10000194
100
AcDbDictionary
280
     1
  3
BTDETID
360
10000196
  3
BTPARTID
360
10000197
  3
BTUNFLATTENEDPARTID
360
10000198
  0
DICTIONARY
  5
1000019A
330
10000199
100
AcDbDictionary
280
     1
  3
BTDETID
360
1000019B
  3
BTPARTID
360
1000019C
  3
BTUNFLATTENEDPARTID
360
1000019D
  0
DICTIONARY
  5
1000019F
330
1000019E
100
AcDbDictionary
280
     1
  3
BTDETID
360
100001A0
  3
BTPARTID
360
100001A1
  3
BTUNFLATTENEDPARTID
360
100001A2
  0
DICTIONARY
  5
100001A4
330
100001A3
100
AcDbDictionary
280
     1
  3
BTDETID
360
100001A5
  3
BTPARTID
360
100001A6
  3
BTUNFLATTENEDPARTID
360
100001A7
  0
DICTIONARY
  5
100001A9
330
100001A8
100
AcDbDictionary
280
     1
  3
BTDETID
360
100001AA
  3
BTPARTID
360
100001AB
  3
BTUNFLATTENEDPARTID
360
100001AC
  0
DICTIONARY
  5
100001AE
330
100001AD
100
AcDbDictionary
280
     1
  3
BTDETID
360
100001AF
  3
BTPARTID
360
100001B0
  3
BTUNFLATTENEDPARTID
360
100001B1
  0
DICTIONARY
  5
100001B3
330
100001B2
100
AcDbDictionary
280
     1
  3
BTDETID
360
100001B4
  3
BTPARTID
360
100001B5
  3
BTUNFLATTENEDPARTID
360
100001B6
  0
DICTIONARY
  5
100001B8
330
100001B7
100
AcDbDictionary
280
     1
  3
BTDETID
360
100001B9
  3
BTPARTID
360
100001BA
  3
BTUNFLATTENEDPARTID
360
100001BB
  0
DICTIONARY
  5
100001BD
330
100001BC
100
AcDbDictionary
280
     1
  3
BTARCONSURFACERADIUS
360
100001C0
  3
BTDETID
360
100001BE
  3
BTOWNERFACEID_
360
100001BF
  3
BTPARTID
360
100001C1
  3
BTUNFLATTENEDPARTID
360
100001C2
  0
DICTIONARY
  5
100001C4
330
100001C3
100
AcDbDictionary
280
     1
  3
BTARCONSURFACERADIUS
360
100001C7
  3
BTDETID
360
100001C5
  3
BTOWNERFACEID_
360
100001C6
  3
BTPARTID
360
100001C8
  3
BTUNFLATTENEDPARTID
360
100001C9
  0
DICTIONARY
  5
100001CB
330
100001CA
100
AcDbDictionary
280
     1
  3
BTARCONSURFACERADIUS
360
100001CE
  3
BTDETID
360
100001CC
  3
BTOWNERFACEID_
360
100001CD
  3
BTPARTID
360
100001CF
  3
BTUNFLATTENEDPARTID
360
100001D0
  0
DICTIONARY
  5
100001D2
330
100001D1
100
AcDbDictionary
280
     1
  3
BTARCONSURFACERADIUS
360
100001D5
  3
BTDETID
360
100001D3
  3
BTOWNERFACEID_
360
100001D4
  3
BTPARTID
360
100001D6
  3
BTUNFLATTENEDPARTID
360
100001D7
  0
DICTIONARY
  5
100001D9
330
100001D8
100
AcDbDictionary
280
     1
  3
BTARCONSURFACERADIUS
360
100001DC
  3
BTDETID
360
100001DA
  3
BTOWNERFACEID_
360
100001DB
  3
BTPARTID
360
100001DD
  3
BTUNFLATTENEDPARTID
360
100001DE
  0
DICTIONARY
  5
100001E0
330
100001DF
100
AcDbDictionary
280
     1
  3
BTARCONSURFACERADIUS
360
100001E3
  3
BTDETID
360
100001E1
  3
BTOWNERFACEID_
360
100001E2
  3
BTPARTID
360
100001E4
  3
BTUNFLATTENEDPARTID
360
100001E5
  0
DICTIONARY
  5
100001E7
330
100001E6
100
AcDbDictionary
280
     1
  3
BTDETID
360
100001E8
  3
BTPARTID
360
100001E9
  3
BTUNFLATTENEDPARTID
360
100001EA
  0
DICTIONARY
  5
100001EC
330
100001EB
100
AcDbDictionary
280
     1
  3
BTDETID
360
100001ED
  3
BTPARTID
360
100001EE
  3
BTUNFLATTENEDPARTID
360
100001EF
  0
DICTIONARY
  5
100001F1
330
100001F0
100
AcDbDictionary
280
     1
  3
BTDETID
360
100001F2
  3
BTPARTID
360
100001F3
  3
BTUNFLATTENEDPARTID
360
100001F4
  0
DICTIONARY
  5
100001F6
330
100001F5
100
AcDbDictionary
280
     1
  3
BTDETID
360
100001F7
  3
BTPARTID
360
100001F8
  3
BTUNFLATTENEDPARTID
360
100001F9
  0
DICTIONARY
  5
100001FB
330
100001FA
100
AcDbDictionary
280
     1
  3
BTDETID
360
100001FC
  3
BTPARTID
360
100001FD
  3
BTUNFLATTENEDPARTID
360
100001FE
  0
DICTIONARY
  5
10000200
330
100001FF
100
AcDbDictionary
280
     1
  3
BTDETID
360
10000201
  3
BTPARTID
360
10000202
  3
BTUNFLATTENEDPARTID
360
10000203
  0
DICTIONARY
  5
10000205
330
10000204
100
AcDbDictionary
280
     1
  3
BTDETID
360
10000206
  3
BTPARTID
360
10000207
  3
BTUNFLATTENEDPARTID
360
10000208
  0
DICTIONARY
  5
1000020A
330
10000209
100
AcDbDictionary
280
     1
  3
BTDETID
360
1000020B
  3
BTPARTID
360
1000020C
  3
BTUNFLATTENEDPARTID
360
1000020D
  0
DICTIONARY
  5
1000020F
330
1000020E
100
AcDbDictionary
280
     1
  3
BTDETID
360
10000210
  3
BTPARTID
360
10000211
  3
BTUNFLATTENEDPARTID
360
10000212
  0
DICTIONARY
  5
10000214
330
10000213
100
AcDbDictionary
280
     1
  3
BTDETID
360
10000215
  3
BTPARTID
360
10000216
  3
BTUNFLATTENEDPARTID
360
10000217
  0
DICTIONARY
  5
10000219
330
10000218
100
AcDbDictionary
280
     1
  3
BTDETID
360
1000021A
  3
BTPARTID
360
1000021B
  3
BTUNFLATTENEDPARTID
360
1000021C
  0
DICTIONARY
  5
1000021E
330
1000021D
100
AcDbDictionary
280
     1
  3
BTDETID
360
1000021F
  3
BTPARTID
360
10000220
  3
BTUNFLATTENEDPARTID
360
10000221
  0
DICTIONARY
  5
10000223
330
10000222
100
AcDbDictionary
280
     1
  3
BTDETID
360
10000224
  3
BTPARTID
360
10000225
  3
BTUNFLATTENEDPARTID
360
10000226
  0
DICTIONARY
  5
10000228
330
10000227
100
AcDbDictionary
280
     1
  3
BTDETID
360
10000229
  3
BTPARTID
360
1000022A
  3
BTUNFLATTENEDPARTID
360
1000022B
  0
DICTIONARY
  5
1000022D
330
1000022C
100
AcDbDictionary
280
     1
  3
BTDETID
360
1000022E
  3
BTPARTID
360
1000022F
  3
BTUNFLATTENEDPARTID
360
10000230
  0
DICTIONARY
  5
10000232
330
10000231
100
AcDbDictionary
280
     1
  3
BTDETID
360
10000233
  3
BTPARTID
360
10000234
  3
BTUNFLATTENEDPARTID
360
10000235
  0
DICTIONARY
  5
10000237
330
10000236
100
AcDbDictionary
280
     1
  3
BTDETID
360
10000238
  3
BTPARTID
360
10000239
  3
BTUNFLATTENEDPARTID
360
1000023A
  0
DICTIONARY
  5
1000023C
330
1000023B
100
AcDbDictionary
280
     1
  3
BTDETID
360
1000023D
  3
BTPARTID
360
1000023E
  3
BTUNFLATTENEDPARTID
360
1000023F
  0
DICTIONARY
  5
10000241
330
10000240
100
AcDbDictionary
280
     1
  3
BTARCONSURFACERADIUS
360
10000244
  3
BTDETID
360
10000242
  3
BTOWNERFACEID_
360
10000243
  3
BTPARTID
360
10000245
  3
BTUNFLATTENEDPARTID
360
10000246
  0
DICTIONARY
  5
10000248
330
10000247
100
AcDbDictionary
280
     1
  3
BTDETID
360
10000249
  3
BTPARTID
360
1000024A
  3
BTUNFLATTENEDPARTID
360
1000024B
  0
DICTIONARY
  5
1000024D
330
1000024C
100
AcDbDictionary
280
     1
  3
BTDETID
360
1000024E
  3
BTPARTID
360
1000024F
  3
BTUNFLATTENEDPARTID
360
10000250
  0
DICTIONARY
  5
10000252
330
10000251
100
AcDbDictionary
280
     1
  3
BTDETID
360
10000253
  3
BTPARTID
360
10000254
  3
BTUNFLATTENEDPARTID
360
10000255
  0
DICTIONARY
  5
10000257
330
10000256
100
AcDbDictionary
280
     1
  3
BTDETID
360
10000258
  3
BTPARTID
360
10000259
  3
BTUNFLATTENEDPARTID
360
1000025A
  0
DICTIONARY
  5
1000025C
330
1000025B
100
AcDbDictionary
280
     1
  3
BTDETID
360
1000025D
  3
BTPARTID
360
1000025E
  3
BTUNFLATTENEDPARTID
360
1000025F
  0
DICTIONARY
  5
10000261
330
10000260
100
AcDbDictionary
280
     1
  3
BTDETID
360
10000262
  3
BTPARTID
360
10000263
  3
BTUNFLATTENEDPARTID
360
10000264
  0
DICTIONARY
  5
10000266
330
10000265
100
AcDbDictionary
280
     1
  3
BTDETID
360
10000267
  3
BTPARTID
360
10000268
  3
BTUNFLATTENEDPARTID
360
10000269
  0
DICTIONARY
  5
1000026B
330
1000026A
100
AcDbDictionary
280
     1
  3
BTDETID
360
1000026C
  3
BTPARTID
360
1000026D
  3
BTUNFLATTENEDPARTID
360
1000026E
  0
DICTIONARY
  5
10000270
330
1000026F
100
AcDbDictionary
280
     1
  3
BTDETID
360
10000271
  3
BTPARTID
360
10000272
  3
BTUNFLATTENEDPARTID
360
10000273
  0
DICTIONARY
  5
10000275
330
10000274
100
AcDbDictionary
280
     1
  3
BTDETID
360
10000276
  3
BTPARTID
360
10000277
  3
BTUNFLATTENEDPARTID
360
10000278
  0
DICTIONARY
  5
1000027A
330
10000279
100
AcDbDictionary
280
     1
  3
BTDETID
360
1000027B
  3
BTPARTID
360
1000027C
  3
BTUNFLATTENEDPARTID
360
1000027D
  0
DICTIONARY
  5
1000027F
330
1000027E
100
AcDbDictionary
280
     1
  3
BTDETID
360
10000280
  3
BTPARTID
360
10000281
  3
BTUNFLATTENEDPARTID
360
10000282
  0
DICTIONARY
  5
10000284
330
10000283
100
AcDbDictionary
280
     1
  3
BTDETID
360
10000285
  3
BTPARTID
360
10000286
  3
BTUNFLATTENEDPARTID
360
10000287
  0
DICTIONARY
  5
10000289
330
10000288
100
AcDbDictionary
280
     1
  3
BTDETID
360
1000028A
  3
BTPARTID
360
1000028B
  3
BTUNFLATTENEDPARTID
360
1000028C
  0
DICTIONARY
  5
1000028E
330
1000028D
100
AcDbDictionary
280
     1
  3
BTDETID
360
1000028F
  3
BTPARTID
360
10000290
  3
BTUNFLATTENEDPARTID
360
10000291
  0
DICTIONARY
  5
10000293
330
10000292
100
AcDbDictionary
280
     1
  3
BTDETID
360
10000294
  3
BTPARTID
360
10000295
  3
BTUNFLATTENEDPARTID
360
10000296
  0
DICTIONARY
  5
10000298
330
10000297
100
AcDbDictionary
280
     1
  3
BTDETID
360
10000299
  3
BTPARTID
360
1000029A
  3
BTUNFLATTENEDPARTID
360
1000029B
  0
DICTIONARY
  5
1000029D
330
1000029C
100
AcDbDictionary
280
     1
  3
BTDETID
360
1000029E
  3
BTPARTID
360
1000029F
  3
BTUNFLATTENEDPARTID
360
100002A0
  0
DICTIONARY
  5
100002A2
330
100002A1
100
AcDbDictionary
280
     1
  3
BTDETID
360
100002A3
  3
BTPARTID
360
100002A4
  3
BTUNFLATTENEDPARTID
360
100002A5
  0
DICTIONARY
  5
100002A7
330
100002A6
100
AcDbDictionary
280
     1
  3
BTDETID
360
100002A8
  3
BTPARTID
360
100002A9
  3
BTUNFLATTENEDPARTID
360
100002AA
  0
DICTIONARY
  5
100002AC
330
100002AB
100
AcDbDictionary
280
     1
  3
BTDETID
360
100002AD
  3
BTPARTID
360
100002AE
  3
BTUNFLATTENEDPARTID
360
100002AF
  0
DICTIONARY
  5
100002B1
330
100002B0
100
AcDbDictionary
280
     1
  3
BTDETID
360
100002B2
  3
BTPARTID
360
100002B3
  3
BTUNFLATTENEDPARTID
360
100002B4
  0
DICTIONARY
  5
100002B6
330
100002B5
100
AcDbDictionary
280
     1
  3
BTDETID
360
100002B7
  3
BTPARTID
360
100002B8
  3
BTUNFLATTENEDPARTID
360
100002B9
  0
DICTIONARY
  5
100002BB
330
100002BA
100
AcDbDictionary
280
     1
  3
BTDETID
360
100002BC
  3
BTPARTID
360
100002BD
  3
BTUNFLATTENEDPARTID
360
100002BE
  0
DICTIONARY
  5
100002C0
330
100002BF
100
AcDbDictionary
280
     1
  3
BTDETID
360
100002C1
  3
BTPARTID
360
100002C2
  3
BTUNFLATTENEDPARTID
360
100002C3
  0
DICTIONARY
  5
100002C5
330
100002C4
100
AcDbDictionary
280
     1
  3
BTDETID
360
100002C6
  3
BTPARTID
360
100002C7
  3
BTUNFLATTENEDPARTID
360
100002C8
  0
DICTIONARY
  5
100002CA
330
100002C9
100
AcDbDictionary
280
     1
  3
BTARCONSURFACERADIUS
360
100002CD
  3
BTDETID
360
100002CB
  3
BTOWNERFACEID_
360
100002CC
  3
BTPARTID
360
100002CE
  3
BTUNFLATTENEDPARTID
360
100002CF
  0
DICTIONARY
  5
100002D1
330
100002D0
100
AcDbDictionary
280
     1
  3
BTARCONSURFACERADIUS
360
100002D4
  3
BTDETID
360
100002D2
  3
BTOWNERFACEID_
360
100002D3
  3
BTPARTID
360
100002D5
  3
BTUNFLATTENEDPARTID
360
100002D6
  0
DICTIONARY
  5
100002D8
330
100002D7
100
AcDbDictionary
280
     1
  3
BTARCONSURFACERADIUS
360
100002DB
  3
BTDETID
360
100002D9
  3
BTOWNERFACEID_
360
100002DA
  3
BTPARTID
360
100002DC
  3
BTUNFLATTENEDPARTID
360
100002DD
  0
DICTIONARY
  5
100002DF
330
100002DE
100
AcDbDictionary
280
     1
  3
BTARCONSURFACERADIUS
360
100002E2
  3
BTDETID
360
100002E0
  3
BTOWNERFACEID_
360
100002E1
  3
BTPARTID
360
100002E3
  3
BTUNFLATTENEDPARTID
360
100002E4
  0
DICTIONARY
  5
100002E6
330
100002E5
100
AcDbDictionary
280
     1
  3
BTARCONSURFACERADIUS
360
100002E9
  3
BTDETID
360
100002E7
  3
BTOWNERFACEID_
360
100002E8
  3
BTPARTID
360
100002EA
  3
BTUNFLATTENEDPARTID
360
100002EB
  0
DICTIONARY
  5
100002ED
330
100002EC
100
AcDbDictionary
280
     1
  3
BTARCONSURFACERADIUS
360
100002F0
  3
BTDETID
360
100002EE
  3
BTOWNERFACEID_
360
100002EF
  3
BTPARTID
360
100002F1
  3
BTUNFLATTENEDPARTID
360
100002F2
  0
DICTIONARY
  5
100002F4
330
100002F3
100
AcDbDictionary
280
     1
  3
BTARCONSURFACERADIUS
360
100002F7
  3
BTDETID
360
100002F5
  3
BTOWNERFACEID_
360
100002F6
  3
BTPARTID
360
100002F8
  3
BTUNFLATTENEDPARTID
360
100002F9
  0
DICTIONARY
  5
100002FB
330
100002FA
100
AcDbDictionary
280
     1
  3
BTARCONSURFACERADIUS
360
100002FE
  3
BTDETID
360
100002FC
  3
BTOWNERFACEID_
360
100002FD
  3
BTPARTID
360
100002FF
  3
BTUNFLATTENEDPARTID
360
10000300
  0
DICTIONARY
  5
10000302
330
10000301
100
AcDbDictionary
280
     1
  3
BTARCONSURFACERADIUS
360
10000305
  3
BTDETID
360
10000303
  3
BTOWNERFACEID_
360
10000304
  3
BTPARTID
360
10000306
  3
BTUNFLATTENEDPARTID
360
10000307
  0
DICTIONARY
  5
10000309
330
10000308
100
AcDbDictionary
280
     1
  3
BTARCONSURFACERADIUS
360
1000030C
  3
BTDETID
360
1000030A
  3
BTOWNERFACEID_
360
1000030B
  3
BTPARTID
360
1000030D
  3
BTUNFLATTENEDPARTID
360
1000030E
  0
DICTIONARY
  5
10000310
330
1000030F
100
AcDbDictionary
280
     1
  3
BTARCONSURFACERADIUS
360
10000313
  3
BTDETID
360
10000311
  3
BTOWNERFACEID_
360
10000312
  3
BTPARTID
360
10000314
  3
BTUNFLATTENEDPARTID
360
10000315
  0
DICTIONARY
  5
10000317
330
10000316
100
AcDbDictionary
280
     1
  3
BTARCONSURFACERADIUS
360
1000031A
  3
BTDETID
360
10000318
  3
BTOWNERFACEID_
360
10000319
  3
BTPARTID
360
1000031B
  3
BTUNFLATTENEDPARTID
360
1000031C
  0
DICTIONARY
  5
1000031E
330
1000031D
100
AcDbDictionary
280
     1
  3
BTARCONSURFACERADIUS
360
10000321
  3
BTDETID
360
1000031F
  3
BTOWNERFACEID_
360
10000320
  3
BTPARTID
360
10000322
  3
BTUNFLATTENEDPARTID
360
10000323
  0
DICTIONARY
  5
10000325
330
10000324
100
AcDbDictionary
280
     1
  3
BTARCONSURFACERADIUS
360
10000328
  3
BTDETID
360
10000326
  3
BTOWNERFACEID_
360
10000327
  3
BTPARTID
360
10000329
  3
BTUNFLATTENEDPARTID
360
1000032A
  0
DICTIONARY
  5
1000032C
330
1000032B
100
AcDbDictionary
280
     1
  3
BTARCONSURFACERADIUS
360
1000032F
  3
BTDETID
360
1000032D
  3
BTOWNERFACEID_
360
1000032E
  3
BTPARTID
360
10000330
  3
BTUNFLATTENEDPARTID
360
10000331
  0
DICTIONARY
  5
10000333
330
10000332
100
AcDbDictionary
280
     1
  3
BTARCONSURFACERADIUS
360
10000336
  3
BTDETID
360
10000334
  3
BTOWNERFACEID_
360
10000335
  3
BTPARTID
360
10000337
  3
BTUNFLATTENEDPARTID
360
10000338
  0
DICTIONARY
  5
1000033A
330
10000339
100
AcDbDictionary
280
     1
  3
BTARCONSURFACERADIUS
360
1000033D
  3
BTDETID
360
1000033B
  3
BTOWNERFACEID_
360
1000033C
  3
BTPARTID
360
1000033E
  3
BTUNFLATTENEDPARTID
360
1000033F
  0
DICTIONARY
  5
10000341
330
10000340
100
AcDbDictionary
280
     1
  3
BTARCONSURFACERADIUS
360
10000344
  3
BTDETID
360
10000342
  3
BTOWNERFACEID_
360
10000343
  3
BTPARTID
360
10000345
  3
BTUNFLATTENEDPARTID
360
10000346
  0
DICTIONARY
  5
10000348
330
10000347
100
AcDbDictionary
280
     1
  3
BTARCONSURFACERADIUS
360
1000034B
  3
BTDETID
360
10000349
  3
BTOWNERFACEID_
360
1000034A
  3
BTPARTID
360
1000034C
  3
BTUNFLATTENEDPARTID
360
1000034D
  0
DICTIONARY
  5
1000034F
330
1000034E
100
AcDbDictionary
280
     1
  3
BTARCONSURFACERADIUS
360
10000352
  3
BTDETID
360
10000350
  3
BTOWNERFACEID_
360
10000351
  3
BTPARTID
360
10000353
  3
BTUNFLATTENEDPARTID
360
10000354
  0
DICTIONARY
  5
10000356
330
10000355
100
AcDbDictionary
280
     1
  3
BTARCONSURFACERADIUS
360
10000359
  3
BTDETID
360
10000357
  3
BTOWNERFACEID_
360
10000358
  3
BTPARTID
360
1000035A
  3
BTUNFLATTENEDPARTID
360
1000035B
  0
DICTIONARY
  5
1000035D
330
1000035C
100
AcDbDictionary
280
     1
  3
BTARCONSURFACERADIUS
360
10000360
  3
BTDETID
360
1000035E
  3
BTOWNERFACEID_
360
1000035F
  3
BTPARTID
360
10000361
  3
BTUNFLATTENEDPARTID
360
10000362
  0
DICTIONARY
  5
10000364
330
10000363
100
AcDbDictionary
280
     1
  3
BTARCONSURFACERADIUS
360
10000367
  3
BTDETID
360
10000365
  3
BTOWNERFACEID_
360
10000366
  3
BTPARTID
360
10000368
  3
BTUNFLATTENEDPARTID
360
10000369
  0
DICTIONARY
  5
1000036B
330
1000036A
100
AcDbDictionary
280
     1
  3
BTARCONSURFACERADIUS
360
1000036E
  3
BTDETID
360
1000036C
  3
BTOWNERFACEID_
360
1000036D
  3
BTPARTID
360
1000036F
  3
BTUNFLATTENEDPARTID
360
10000370
  0
DICTIONARY
  5
D
102
{ACAD_REACTORS
330
C
102
}
330
C
100
AcDbDictionary
  0
DICTIONARY
  5
1A
102
{ACAD_REACTORS
330
C
102
}
330
C
100
AcDbDictionary
  0
DICTIONARY
  5
43
102
{ACAD_REACTORS
330
C
102
}
330
C
100
AcDbDictionary
  3
BYBLOCK
350
45
  3
BYLAYER
350
44
  3
GLOBAL
350
46
  0
DICTIONARY
  5
5B
102
{ACAD_REACTORS
330
C
102
}
330
C
100
AcDbDictionary
  3
STANDARD
350
5C
  0
DICTIONARY
  5
17
102
{ACAD_REACTORS
330
C
102
}
330
C
100
AcDbDictionary
  3
STANDARD
350
18
  0
DICTIONARY
  5
19
102
{ACAD_REACTORS
330
C
102
}
330
C
100
AcDbDictionary
  0
DICTIONARY
  5
47
102
{ACAD_REACTORS
330
C
102
}
330
C
100
AcDbDictionary
  3
SCALE100_1
350
10000023
  3
SCALE10_1
350
1000001D
  3
SCALE12_1
350
1000001E
  3
SCALE16_1
350
1000001F
  3
SCALE1_1
350
10000006
  3
SCALE1_10
350
1000000D
  3
SCALE1_100
350
10000016
  3
SCALE1_12
350
1000000E
  3
SCALE1_16
350
1000000F
  3
SCALE1_2
350
10000007
  3
SCALE1_20
350
10000010
  3
SCALE1_25
350
10000011
  3
SCALE1_3
350
10000008
  3
SCALE1_32
350
10000012
  3
SCALE1_4
350
10000009
  3
SCALE1_40
350
10000013
  3
SCALE1_5
350
1000000A
  3
SCALE1_50
350
10000014
  3
SCALE1_6
350
1000000B
  3
SCALE1_8
350
1000000C
  3
SCALE1_80
350
10000015
  3
SCALE20_1
350
10000020
  3
SCALE2_1
350
10000017
  3
SCALE32_1
350
10000021
  3
SCALE3_1
350
10000018
  3
SCALE4_1
350
10000019
  3
SCALE50_1
350
10000022
  3
SCALE5_1
350
1000001A
  3
SCALE6_1
350
1000001B
  3
SCALE8_1
350
1000001C
  0
DICTIONARY
  5
2A
102
{ACAD_REACTORS
330
C
102
}
330
C
100
AcDbDictionary
  3
2DWIREFRAME
350
2F
  3
BASIC
350
32
  3
BRIGHTEN
350
36
  3
COLORCHANGE
350
3A
  3
CONCEPTUAL
350
34
  3
DIM
350
35
  3
EDGECOLOROFF
350
3D
  3
FACEPATTERN
350
39
  3
FLAT
350
2B
  3
FLATWITHEDGES
350
2C
  3
GOURAUD
350
2D
  3
GOURAUDWITHEDGES
350
2E
  3
HIDDEN
350
31
  3
JITTEROFF
350
3B
  3
LINEPATTERN
350
38
  3
OVERHANGOFF
350
3C
  3
REALISTIC
350
33
  3
SHADED
350
42
  3
SHADED_WITH_EDGES
350
41
  3
SHADES_OF_GRAY
350
3E
  3
SKETCHY
350
3F
  3
THICKEN
350
37
  3
WIREFRAME
350
30
  3
X-RAY
350
40
  0
DICTIONARY
  5
10000373
102
{ACAD_REACTORS
330
C
102
}
330
C
100
AcDbDictionary
  3
CEPSNID
350
1000037D
  3
CEPSNTYPE
350
1000037C
  3
DIMSTYLEDATA
350
10000393
  3
FINGERPRINTGUID
350
1000037E
  3
HYPERLINKBASE
350
10000376
  3
INSUNITS
350
1000037B
  3
LAYOUTDICT
350
10000378
  3
LWETCUNION
350
1000037A
  3
PLOTSETDICT
350
10000379
  3
PSVPSCALE
350
10000380
  3
PUCSBASE
350
10000383
  3
PUCSORGBACK
350
10000389
  3
PUCSORGBOTTOM
350
10000385
  3
PUCSORGFRONT
350
10000388
  3
PUCSORGLEFT
350
10000386
  3
PUCSORGRIGHT
350
10000387
  3
PUCSORGTOP
350
10000384
  3
PUCSORTHOREF
350
10000381
  3
PUCSORTHOVIEW
350
10000382
  3
STYLESHEET
350
10000377
  3
TSTACKALIGN
350
10000374
  3
TSTACKSIZE
350
10000375
  3
UCSBASE
350
1000038C
  3
UCSORGBACK
350
10000392
  3
UCSORGBOTTOM
350
1000038E
  3
UCSORGFRONT
350
10000391
  3
UCSORGLEFT
350
1000038F
  3
UCSORGRIGHT
350
10000390
  3
UCSORGTOP
350
1000038D
  3
UCSORTHOREF
350
1000038A
  3
UCSORTHOVIEW
350
1000038B
  3
VERSIONGUID
350
1000037F
  0
DICTIONARY
  5
10000394
102
{ACAD_REACTORS
330
C
102
}
330
C
100
AcDbDictionary
  3
CANNOSCALE
350
100003A2
  3
CENTEREXE
350
1000039B
  3
CENTERLTYPEFILE
350
1000039C
  3
CMLEADERSTYLE
350
10000396
  3
CTABLESTYLE
350
10000395
  3
DIMASSOC
350
1000039D
  3
HIDETEXT
350
1000039E
  3
MSLTSCALE
350
100003A3
  3
PSOLHEIGHT
350
10000398
  3
PSOLWIDTH
350
10000397
  0
XRECORD
  5
1000039F
102
{ACAD_REACTORS
330
C
102
}
330
C
100
AcDbXrecord
  1
DWGPROPS COOKIE
  2

  3

  4

  6
File was created by BTDwgCreate
  7

  8
onshape
  9

300
=
301
=
302
=
303
=
304
=
305
=
306
=
307
=
308
=
309
=
 40
0.0
 41
2461285.685152315
 42
2461285.685152396
  1

 90
        0
  0
DICTIONARY
  5
10000001
102
{ACAD_REACTORS
330
C
102
}
330
C
100
AcDbDictionary
280
     1
  3
DIM_UNITS
360
10000003
  3
DWGGEN_VERSION
360
10000002
  3
FIRST_ANGLE
360
10000005
  0
XRECORD
  5
100003A1
102
{ACAD_REACTORS
330
100003A0
102
}
330
100003A0
100
AcDbXrecord
102
VTR_0.000_0.000_1.000_1.000_VISUALSTYLE
340
2F
102
VTR_0.000_0.000_1.000_1.000_GRIDDISPLAY
 70
     3
102
VTR_0.000_0.000_1.000_1.000_GRIDMAJOR
 70
     5
102
VTR_0.000_0.000_1.000_1.000_DEFAULTLIGHTING
280
     1
102
VTR_0.000_0.000_1.000_1.000_DEFAULTLIGHTINGTYPE
 70
     1
102
VTR_0.000_0.000_1.000_1.000_BRIGHTNESS
141
0.0
102
VTR_0.000_0.000_1.000_1.000_CONTRAST
142
0.0
  0
SORTENTSTABLE
  5
10000372
102
{ACAD_REACTORS
330
10000371
102
}
330
10000371
100
AcDbSortentsTable
330
1F
331
100000B9
  5
10000153
331
100000C0
  5
10000158
331
100000C7
  5
1000015D
331
100000CE
  5
10000162
331
100000D5
  5
10000167
331
100000DC
  5
1000016C
331
100000E3
  5
10000171
331
100000EA
  5
10000176
331
100000F1
  5
1000017B
331
100000F8
  5
10000180
331
100000FF
  5
10000185
331
10000106
  5
1000018A
331
1000010D
  5
1000018F
331
10000114
  5
10000194
331
1000011B
  5
10000199
331
10000122
  5
1000019E
331
10000129
  5
100001A3
331
10000130
  5
100001A8
331
10000135
  5
100001AD
331
1000013A
  5
100001B2
331
1000013F
  5
100001B7
331
10000144
  5
100001BC
331
10000149
  5
100001C3
331
1000014E
  5
100001CA
331
10000153
  5
100001D1
331
10000158
  5
100001D8
331
1000015D
  5
100001DF
331
10000162
  5
100001E6
331
10000167
  5
100001EB
331
1000016C
  5
100001F0
331
10000171
  5
100001F5
331
10000176
  5
100001FA
331
1000017B
  5
100001FF
331
10000180
  5
10000204
331
10000185
  5
10000209
331
1000018A
  5
1000020E
331
1000018F
  5
10000213
331
10000194
  5
10000218
331
10000199
  5
1000021D
331
1000019E
  5
10000222
331
100001A3
  5
10000227
331
100001A8
  5
1000022C
331
100001AD
  5
10000231
331
100001B2
  5
10000236
331
100001B7
  5
1000023B
331
100001BC
  5
10000240
331
100001C3
  5
10000247
331
100001CA
  5
1000024C
331
100001D1
  5
10000251
331
100001D8
  5
10000256
331
100001DF
  5
1000025B
331
100001E6
  5
10000260
331
100001EB
  5
10000265
331
100001F0
  5
1000026A
331
100001F5
  5
1000026F
331
100001FA
  5
10000274
331
100001FF
  5
10000279
331
10000204
  5
1000027E
331
10000209
  5
10000283
331
1000020E
  5
10000288
331
10000213
  5
1000028D
331
10000218
  5
10000292
331
1000021D
  5
10000297
331
10000222
  5
1000029C
331
10000227
  5
100002A1
331
1000022C
  5
100002A6
331
10000231
  5
100002AB
331
10000236
  5
100002B0
331
1000023B
  5
100002B5
331
10000240
  5
100002BA
331
10000247
  5
100002BF
331
1000024C
  5
100002C4
331
10000251
  5
100002C9
331
10000256
  5
100002D0
331
1000025B
  5
100002D7
331
10000260
  5
100002DE
331
10000265
  5
100002E5
331
1000026A
  5
100002EC
331
1000026F
  5
100002F3
331
10000274
  5
100002FA
331
10000279
  5
10000301
331
1000027E
  5
10000308
331
10000283
  5
1000030F
331
10000288
  5
10000316
331
1000028D
  5
1000031D
331
10000292
  5
10000324
331
10000297
  5
1000032B
331
1000029C
  5
10000332
331
100002A1
  5
10000339
331
100002A6
  5
10000340
331
100002AB
  5
10000347
331
100002B0
  5
1000034E
331
100002B5
  5
10000355
331
100002BA
  5
1000035C
331
100002BF
  5
10000363
331
100002C4
  5
1000036A
331
100002C9
  5
100000B9
331
100002D0
  5
100000C0
331
100002D7
  5
100000C7
331
100002DE
  5
100000CE
331
100002E5
  5
100000D5
331
100002EC
  5
100000DC
331
100002F3
  5
100000E3
331
100002FA
  5
100000EA
331
10000301
  5
100000F1
331
10000308
  5
100000F8
331
1000030F
  5
100000FF
331
10000316
  5
10000106
331
1000031D
  5
1000010D
331
10000324
  5
10000114
331
1000032B
  5
1000011B
331
10000332
  5
10000122
331
10000339
  5
10000129
331
10000340
  5
10000130
331
10000347
  5
10000135
331
1000034E
  5
1000013A
331
10000355
  5
1000013F
331
1000035C
  5
10000144
331
10000363
  5
10000149
331
1000036A
  5
1000014E
  0
XRECORD
  5
1000005E
102
{ACAD_REACTORS
330
1000005A
102
}
330
1000005A
100
AcDbXrecord
 40
1.570796326794897
  0
ACAD_PROXY_OBJECT
  5
1000005F
102
{ACAD_REACTORS
330
1000005A
102
}
330
1000005A
100
AcDbProxyObject
 90
      499
 91
      509
 93
       34
310
40C8804000
  0
XRECORD
  5
1000005D
102
{ACAD_REACTORS
330
1000005A
102
}
330
1000005A
100
AcDbXrecord
 40
1.0
  0
XRECORD
  5
1000005B
102
{ACAD_REACTORS
330
1000005A
102
}
330
1000005A
100
AcDbXrecord
1000
R1LB
  0
ACAD_PROXY_OBJECT
  5
1000005C
102
{ACAD_REACTORS
330
1000005A
102
}
330
1000005A
100
AcDbProxyObject
 90
      499
 91
      509
 93
       34
310
40C8804040
  0
XRECORD
  5
10000060
102
{ACAD_REACTORS
330
1000005A
102
}
330
1000005A
100
AcDbXrecord
1000
R1LD
  0
XRECORD
  5
10000066
102
{ACAD_REACTORS
330
10000062
102
}
330
10000062
100
AcDbXrecord
 40
1.570796326794897
  0
ACAD_PROXY_OBJECT
  5
10000067
102
{ACAD_REACTORS
330
10000062
102
}
330
10000062
100
AcDbProxyObject
 90
      499
 91
      509
 93
       34
310
40C8804000
  0
XRECORD
  5
10000065
102
{ACAD_REACTORS
330
10000062
102
}
330
10000062
100
AcDbXrecord
 40
1.0
  0
XRECORD
  5
10000063
102
{ACAD_REACTORS
330
10000062
102
}
330
10000062
100
AcDbXrecord
1000
R3LB
  0
ACAD_PROXY_OBJECT
  5
10000064
102
{ACAD_REACTORS
330
10000062
102
}
330
10000062
100
AcDbProxyObject
 90
      499
 91
      509
 93
       34
310
40C8804040
  0
XRECORD
  5
10000068
102
{ACAD_REACTORS
330
10000062
102
}
330
10000062
100
AcDbXrecord
1000
R3LD
  0
XRECORD
  5
1000006E
102
{ACAD_REACTORS
330
1000006A
102
}
330
1000006A
100
AcDbXrecord
 40
1.570796326794897
  0
ACAD_PROXY_OBJECT
  5
1000006F
102
{ACAD_REACTORS
330
1000006A
102
}
330
1000006A
100
AcDbProxyObject
 90
      499
 91
      509
 93
       34
310
40C8804000
  0
XRECORD
  5
1000006D
102
{ACAD_REACTORS
330
1000006A
102
}
330
1000006A
100
AcDbXrecord
 40
1.0
  0
XRECORD
  5
1000006B
102
{ACAD_REACTORS
330
1000006A
102
}
330
1000006A
100
AcDbXrecord
1000
R4LB
  0
ACAD_PROXY_OBJECT
  5
1000006C
102
{ACAD_REACTORS
330
1000006A
102
}
330
1000006A
100
AcDbProxyObject
 90
      499
 91
      509
 93
       34
310
40C8804040
  0
XRECORD
  5
10000070
102
{ACAD_REACTORS
330
1000006A
102
}
330
1000006A
100
AcDbXrecord
1000
R4LD
  0
XRECORD
  5
10000076
102
{ACAD_REACTORS
330
10000072
102
}
330
10000072
100
AcDbXrecord
 40
1.570796326794897
  0
ACAD_PROXY_OBJECT
  5
10000077
102
{ACAD_REACTORS
330
10000072
102
}
330
10000072
100
AcDbProxyObject
 90
      499
 91
      509
 93
       34
310
40C8804000
  0
XRECORD
  5
10000075
102
{ACAD_REACTORS
330
10000072
102
}
330
10000072
100
AcDbXrecord
 40
1.0
  0
XRECORD
  5
10000073
102
{ACAD_REACTORS
330
10000072
102
}
330
10000072
100
AcDbXrecord
1000
R5LB
  0
ACAD_PROXY_OBJECT
  5
10000074
102
{ACAD_REACTORS
330
10000072
102
}
330
10000072
100
AcDbProxyObject
 90
      499
 91
      509
 93
       34
310
40C8804040
  0
XRECORD
  5
10000078
102
{ACAD_REACTORS
330
10000072
102
}
330
10000072
100
AcDbXrecord
1000
R5LD
  0
XRECORD
  5
1000007E
102
{ACAD_REACTORS
330
1000007A
102
}
330
1000007A
100
AcDbXrecord
 40
1.570796326794897
  0
ACAD_PROXY_OBJECT
  5
1000007F
102
{ACAD_REACTORS
330
1000007A
102
}
330
1000007A
100
AcDbProxyObject
 90
      499
 91
      509
 93
       34
310
40C8804000
  0
XRECORD
  5
1000007D
102
{ACAD_REACTORS
330
1000007A
102
}
330
1000007A
100
AcDbXrecord
 40
1.0
  0
XRECORD
  5
1000007B
102
{ACAD_REACTORS
330
1000007A
102
}
330
1000007A
100
AcDbXrecord
1000
R7LB
  0
ACAD_PROXY_OBJECT
  5
1000007C
102
{ACAD_REACTORS
330
1000007A
102
}
330
1000007A
100
AcDbProxyObject
 90
      499
 91
      509
 93
       34
310
40C8804040
  0
XRECORD
  5
10000080
102
{ACAD_REACTORS
330
1000007A
102
}
330
1000007A
100
AcDbXrecord
1000
R7LD
  0
XRECORD
  5
10000086
102
{ACAD_REACTORS
330
10000082
102
}
330
10000082
100
AcDbXrecord
 40
1.570796326794897
  0
ACAD_PROXY_OBJECT
  5
10000087
102
{ACAD_REACTORS
330
10000082
102
}
330
10000082
100
AcDbProxyObject
 90
      499
 91
      509
 93
       34
310
40C8804000
  0
XRECORD
  5
10000085
102
{ACAD_REACTORS
330
10000082
102
}
330
10000082
100
AcDbXrecord
 40
1.0
  0
XRECORD
  5
10000083
102
{ACAD_REACTORS
330
10000082
102
}
330
10000082
100
AcDbXrecord
1000
R8LB
  0
ACAD_PROXY_OBJECT
  5
10000084
102
{ACAD_REACTORS
330
10000082
102
}
330
10000082
100
AcDbProxyObject
 90
      499
 91
      509
 93
       34
310
40C8804040
  0
XRECORD
  5
10000088
102
{ACAD_REACTORS
330
10000082
102
}
330
10000082
100
AcDbXrecord
1000
R8LD
  0
XRECORD
  5
1000008E
102
{ACAD_REACTORS
330
1000008A
102
}
330
1000008A
100
AcDbXrecord
 40
1.570796326794897
  0
ACAD_PROXY_OBJECT
  5
1000008F
102
{ACAD_REACTORS
330
1000008A
102
}
330
1000008A
100
AcDbProxyObject
 90
      499
 91
      509
 93
       34
310
40C8804000
  0
XRECORD
  5
1000008D
102
{ACAD_REACTORS
330
1000008A
102
}
330
1000008A
100
AcDbXrecord
 40
1.0
  0
XRECORD
  5
1000008B
102
{ACAD_REACTORS
330
1000008A
102
}
330
1000008A
100
AcDbXrecord
1000
R9LB
  0
ACAD_PROXY_OBJECT
  5
1000008C
102
{ACAD_REACTORS
330
1000008A
102
}
330
1000008A
100
AcDbProxyObject
 90
      499
 91
      509
 93
       34
310
40C8804040
  0
XRECORD
  5
10000090
102
{ACAD_REACTORS
330
1000008A
102
}
330
1000008A
100
AcDbXrecord
1000
R9LD
  0
XRECORD
  5
10000096
102
{ACAD_REACTORS
330
10000092
102
}
330
10000092
100
AcDbXrecord
 40
1.570796326794897
  0
ACAD_PROXY_OBJECT
  5
10000097
102
{ACAD_REACTORS
330
10000092
102
}
330
10000092
100
AcDbProxyObject
 90
      499
 91
      509
 93
       34
310
40C8804000
  0
XRECORD
  5
10000095
102
{ACAD_REACTORS
330
10000092
102
}
330
10000092
100
AcDbXrecord
 40
1.0
  0
XRECORD
  5
10000093
102
{ACAD_REACTORS
330
10000092
102
}
330
10000092
100
AcDbXrecord
1000
R+LB
  0
ACAD_PROXY_OBJECT
  5
10000094
102
{ACAD_REACTORS
330
10000092
102
}
330
10000092
100
AcDbProxyObject
 90
      499
 91
      509
 93
       34
310
40C8804040
  0
XRECORD
  5
10000098
102
{ACAD_REACTORS
330
10000092
102
}
330
10000092
100
AcDbXrecord
1000
R+LD
  0
XRECORD
  5
1000009E
102
{ACAD_REACTORS
330
1000009A
102
}
330
1000009A
100
AcDbXrecord
 40
1.570796326794897
  0
ACAD_PROXY_OBJECT
  5
1000009F
102
{ACAD_REACTORS
330
1000009A
102
}
330
1000009A
100
AcDbProxyObject
 90
      499
 91
      509
 93
       34
310
40C8804000
  0
XRECORD
  5
1000009D
102
{ACAD_REACTORS
330
1000009A
102
}
330
1000009A
100
AcDbXrecord
 40
1.0
  0
XRECORD
  5
1000009B
102
{ACAD_REACTORS
330
1000009A
102
}
330
1000009A
100
AcDbXrecord
1000
R/LB
  0
ACAD_PROXY_OBJECT
  5
1000009C
102
{ACAD_REACTORS
330
1000009A
102
}
330
1000009A
100
AcDbProxyObject
 90
      499
 91
      509
 93
       34
310
40C8804040
  0
XRECORD
  5
100000A0
102
{ACAD_REACTORS
330
1000009A
102
}
330
1000009A
100
AcDbXrecord
1000
R/LD
  0
XRECORD
  5
100000A6
102
{ACAD_REACTORS
330
100000A2
102
}
330
100000A2
100
AcDbXrecord
 40
1.570796326794897
  0
ACAD_PROXY_OBJECT
  5
100000A7
102
{ACAD_REACTORS
330
100000A2
102
}
330
100000A2
100
AcDbProxyObject
 90
      499
 91
      509
 93
       34
310
40C8804000
  0
XRECORD
  5
100000A5
102
{ACAD_REACTORS
330
100000A2
102
}
330
100000A2
100
AcDbXrecord
 40
1.0
  0
XRECORD
  5
100000A3
102
{ACAD_REACTORS
330
100000A2
102
}
330
100000A2
100
AcDbXrecord
1000
R2LB
  0
ACAD_PROXY_OBJECT
  5
100000A4
102
{ACAD_REACTORS
330
100000A2
102
}
330
100000A2
100
AcDbProxyObject
 90
      499
 91
      509
 93
       34
310
40C8804040
  0
XRECORD
  5
100000A8
102
{ACAD_REACTORS
330
100000A2
102
}
330
100000A2
100
AcDbXrecord
1000
R2LD
  0
XRECORD
  5
100000AE
102
{ACAD_REACTORS
330
100000AA
102
}
330
100000AA
100
AcDbXrecord
 40
1.570796326794897
  0
ACAD_PROXY_OBJECT
  5
100000AF
102
{ACAD_REACTORS
330
100000AA
102
}
330
100000AA
100
AcDbProxyObject
 90
      499
 91
      509
 93
       34
310
40C8804000
  0
XRECORD
  5
100000AD
102
{ACAD_REACTORS
330
100000AA
102
}
330
100000AA
100
AcDbXrecord
 40
1.0
  0
XRECORD
  5
100000AB
102
{ACAD_REACTORS
330
100000AA
102
}
330
100000AA
100
AcDbXrecord
1000
RAMB
  0
ACAD_PROXY_OBJECT
  5
100000AC
102
{ACAD_REACTORS
330
100000AA
102
}
330
100000AA
100
AcDbProxyObject
 90
      499
 91
      509
 93
       34
310
40C8804040
  0
XRECORD
  5
100000B0
102
{ACAD_REACTORS
330
100000AA
102
}
330
100000AA
100
AcDbXrecord
1000
RAMD
  0
XRECORD
  5
100000B6
102
{ACAD_REACTORS
330
100000B2
102
}
330
100000B2
100
AcDbXrecord
 40
1.570796326794897
  0
ACAD_PROXY_OBJECT
  5
100000B7
102
{ACAD_REACTORS
330
100000B2
102
}
330
100000B2
100
AcDbProxyObject
 90
      499
 91
      509
 93
       34
310
40C8804000
  0
XRECORD
  5
100000B5
102
{ACAD_REACTORS
330
100000B2
102
}
330
100000B2
100
AcDbXrecord
 40
1.0
  0
XRECORD
  5
100000B3
102
{ACAD_REACTORS
330
100000B2
102
}
330
100000B2
100
AcDbXrecord
1000
R6LB
  0
ACAD_PROXY_OBJECT
  5
100000B4
102
{ACAD_REACTORS
330
100000B2
102
}
330
100000B2
100
AcDbProxyObject
 90
      499
 91
      509
 93
       34
310
40C8804040
  0
XRECORD
  5
100000B8
102
{ACAD_REACTORS
330
100000B2
102
}
330
100000B2
100
AcDbXrecord
1000
R6LD
  0
XRECORD
  5
100000BD
102
{ACAD_REACTORS
330
100000BA
102
}
330
100000BA
100
AcDbXrecord
 40
2.108200000000001
  0
XRECORD
  5
100000BB
102
{ACAD_REACTORS
330
100000BA
102
}
330
100000BA
100
AcDbXrecord
1000
SBM5L
  0
XRECORD
  5
100000BC
102
{ACAD_REACTORS
330
100000BA
102
}
330
100000BA
100
AcDbXrecord
1000
SBMiD
  0
XRECORD
  5
100000BE
102
{ACAD_REACTORS
330
100000BA
102
}
330
100000BA
100
AcDbXrecord
1000
RCMD
  0
XRECORD
  5
100000BF
102
{ACAD_REACTORS
330
100000BA
102
}
330
100000BA
100
AcDbXrecord
1000
RDMD
  0
XRECORD
  5
100000C4
102
{ACAD_REACTORS
330
100000C1
102
}
330
100000C1
100
AcDbXrecord
 40
2.108200000000001
  0
XRECORD
  5
100000C2
102
{ACAD_REACTORS
330
100000C1
102
}
330
100000C1
100
AcDbXrecord
1000
SBM9L
  0
XRECORD
  5
100000C3
102
{ACAD_REACTORS
330
100000C1
102
}
330
100000C1
100
AcDbXrecord
1000
SBMmD
  0
XRECORD
  5
100000C5
102
{ACAD_REACTORS
330
100000C1
102
}
330
100000C1
100
AcDbXrecord
1000
RCMD
  0
XRECORD
  5
100000C6
102
{ACAD_REACTORS
330
100000C1
102
}
330
100000C1
100
AcDbXrecord
1000
RDMD
  0
XRECORD
  5
100000CB
102
{ACAD_REACTORS
330
100000C8
102
}
330
100000C8
100
AcDbXrecord
 40
2.108200000000001
  0
XRECORD
  5
100000C9
102
{ACAD_REACTORS
330
100000C8
102
}
330
100000C8
100
AcDbXrecord
1000
SBMpL
  0
XRECORD
  5
100000CA
102
{ACAD_REACTORS
330
100000C8
102
}
330
100000C8
100
AcDbXrecord
1000
SBMSD
  0
XRECORD
  5
100000CC
102
{ACAD_REACTORS
330
100000C8
102
}
330
100000C8
100
AcDbXrecord
1000
RCMD
  0
XRECORD
  5
100000CD
102
{ACAD_REACTORS
330
100000C8
102
}
330
100000C8
100
AcDbXrecord
1000
RDMD
  0
XRECORD
  5
100000D2
102
{ACAD_REACTORS
330
100000CF
102
}
330
100000CF
100
AcDbXrecord
 40
2.108200000000001
  0
XRECORD
  5
100000D0
102
{ACAD_REACTORS
330
100000CF
102
}
330
100000CF
100
AcDbXrecord
1000
SBMtL
  0
XRECORD
  5
100000D1
102
{ACAD_REACTORS
330
100000CF
102
}
330
100000CF
100
AcDbXrecord
1000
SBMWD
  0
XRECORD
  5
100000D3
102
{ACAD_REACTORS
330
100000CF
102
}
330
100000CF
100
AcDbXrecord
1000
RCMD
  0
XRECORD
  5
100000D4
102
{ACAD_REACTORS
330
100000CF
102
}
330
100000CF
100
AcDbXrecord
1000
RDMD
  0
XRECORD
  5
100000D9
102
{ACAD_REACTORS
330
100000D6
102
}
330
100000D6
100
AcDbXrecord
 40
2.108200000000001
  0
XRECORD
  5
100000D7
102
{ACAD_REACTORS
330
100000D6
102
}
330
100000D6
100
AcDbXrecord
1000
SBMZL
  0
XRECORD
  5
100000D8
102
{ACAD_REACTORS
330
100000D6
102
}
330
100000D6
100
AcDbXrecord
1000
SBMCD
  0
XRECORD
  5
100000DA
102
{ACAD_REACTORS
330
100000D6
102
}
330
100000D6
100
AcDbXrecord
1000
RCMD
  0
XRECORD
  5
100000DB
102
{ACAD_REACTORS
330
100000D6
102
}
330
100000D6
100
AcDbXrecord
1000
RDMD
  0
XRECORD
  5
100000E0
102
{ACAD_REACTORS
330
100000DD
102
}
330
100000DD
100
AcDbXrecord
 40
2.108200000000001
  0
XRECORD
  5
100000DE
102
{ACAD_REACTORS
330
100000DD
102
}
330
100000DD
100
AcDbXrecord
1000
SBMJL
  0
XRECORD
  5
100000DF
102
{ACAD_REACTORS
330
100000DD
102
}
330
100000DD
100
AcDbXrecord
1000
SBMyC
  0
XRECORD
  5
100000E1
102
{ACAD_REACTORS
330
100000DD
102
}
330
100000DD
100
AcDbXrecord
1000
RCMD
  0
XRECORD
  5
100000E2
102
{ACAD_REACTORS
330
100000DD
102
}
330
100000DD
100
AcDbXrecord
1000
RDMD
  0
XRECORD
  5
100000E7
102
{ACAD_REACTORS
330
100000E4
102
}
330
100000E4
100
AcDbXrecord
 40
2.108200000000001
  0
XRECORD
  5
100000E5
102
{ACAD_REACTORS
330
100000E4
102
}
330
100000E4
100
AcDbXrecord
1000
SBMNL
  0
XRECORD
  5
100000E6
102
{ACAD_REACTORS
330
100000E4
102
}
330
100000E4
100
AcDbXrecord
1000
SBM2C
  0
XRECORD
  5
100000E8
102
{ACAD_REACTORS
330
100000E4
102
}
330
100000E4
100
AcDbXrecord
1000
RCMD
  0
XRECORD
  5
100000E9
102
{ACAD_REACTORS
330
100000E4
102
}
330
100000E4
100
AcDbXrecord
1000
RDMD
  0
XRECORD
  5
100000EE
102
{ACAD_REACTORS
330
100000EB
102
}
330
100000EB
100
AcDbXrecord
 40
2.108200000000001
  0
XRECORD
  5
100000EC
102
{ACAD_REACTORS
330
100000EB
102
}
330
100000EB
100
AcDbXrecord
1000
SBM5K
  0
XRECORD
  5
100000ED
102
{ACAD_REACTORS
330
100000EB
102
}
330
100000EB
100
AcDbXrecord
1000
SBMiC
  0
XRECORD
  5
100000EF
102
{ACAD_REACTORS
330
100000EB
102
}
330
100000EB
100
AcDbXrecord
1000
RCMD
  0
XRECORD
  5
100000F0
102
{ACAD_REACTORS
330
100000EB
102
}
330
100000EB
100
AcDbXrecord
1000
RDMD
  0
XRECORD
  5
100000F5
102
{ACAD_REACTORS
330
100000F2
102
}
330
100000F2
100
AcDbXrecord
 40
2.108200000000001
  0
XRECORD
  5
100000F3
102
{ACAD_REACTORS
330
100000F2
102
}
330
100000F2
100
AcDbXrecord
1000
SBM9K
  0
XRECORD
  5
100000F4
102
{ACAD_REACTORS
330
100000F2
102
}
330
100000F2
100
AcDbXrecord
1000
SBMmC
  0
XRECORD
  5
100000F6
102
{ACAD_REACTORS
330
100000F2
102
}
330
100000F2
100
AcDbXrecord
1000
RCMD
  0
XRECORD
  5
100000F7
102
{ACAD_REACTORS
330
100000F2
102
}
330
100000F2
100
AcDbXrecord
1000
RDMD
  0
XRECORD
  5
100000FC
102
{ACAD_REACTORS
330
100000F9
102
}
330
100000F9
100
AcDbXrecord
 40
2.108200000000001
  0
XRECORD
  5
100000FA
102
{ACAD_REACTORS
330
100000F9
102
}
330
100000F9
100
AcDbXrecord
1000
SBMpK
  0
XRECORD
  5
100000FB
102
{ACAD_REACTORS
330
100000F9
102
}
330
100000F9
100
AcDbXrecord
1000
SBMSC
  0
XRECORD
  5
100000FD
102
{ACAD_REACTORS
330
100000F9
102
}
330
100000F9
100
AcDbXrecord
1000
RCMD
  0
XRECORD
  5
100000FE
102
{ACAD_REACTORS
330
100000F9
102
}
330
100000F9
100
AcDbXrecord
1000
RDMD
  0
XRECORD
  5
10000103
102
{ACAD_REACTORS
330
10000100
102
}
330
10000100
100
AcDbXrecord
 40
2.108200000000001
  0
XRECORD
  5
10000101
102
{ACAD_REACTORS
330
10000100
102
}
330
10000100
100
AcDbXrecord
1000
SBMdL
  0
XRECORD
  5
10000102
102
{ACAD_REACTORS
330
10000100
102
}
330
10000100
100
AcDbXrecord
1000
SBMGD
  0
XRECORD
  5
10000104
102
{ACAD_REACTORS
330
10000100
102
}
330
10000100
100
AcDbXrecord
1000
RCMD
  0
XRECORD
  5
10000105
102
{ACAD_REACTORS
330
10000100
102
}
330
10000100
100
AcDbXrecord
1000
RDMD
  0
XRECORD
  5
1000010A
102
{ACAD_REACTORS
330
10000107
102
}
330
10000107
100
AcDbXrecord
 40
2.108200000000001
  0
XRECORD
  5
10000108
102
{ACAD_REACTORS
330
10000107
102
}
330
10000107
100
AcDbXrecord
1000
SBMpJ
  0
XRECORD
  5
10000109
102
{ACAD_REACTORS
330
10000107
102
}
330
10000107
100
AcDbXrecord
1000
SBMSB
  0
XRECORD
  5
1000010B
102
{ACAD_REACTORS
330
10000107
102
}
330
10000107
100
AcDbXrecord
1000
RCMD
  0
XRECORD
  5
1000010C
102
{ACAD_REACTORS
330
10000107
102
}
330
10000107
100
AcDbXrecord
1000
RDMD
  0
XRECORD
  5
10000111
102
{ACAD_REACTORS
330
1000010E
102
}
330
1000010E
100
AcDbXrecord
 40
2.108200000000001
  0
XRECORD
  5
1000010F
102
{ACAD_REACTORS
330
1000010E
102
}
330
1000010E
100
AcDbXrecord
1000
SBMtJ
  0
XRECORD
  5
10000110
102
{ACAD_REACTORS
330
1000010E
102
}
330
1000010E
100
AcDbXrecord
1000
SBMWB
  0
XRECORD
  5
10000112
102
{ACAD_REACTORS
330
1000010E
102
}
330
1000010E
100
AcDbXrecord
1000
RCMD
  0
XRECORD
  5
10000113
102
{ACAD_REACTORS
330
1000010E
102
}
330
1000010E
100
AcDbXrecord
1000
RDMD
  0
XRECORD
  5
10000118
102
{ACAD_REACTORS
330
10000115
102
}
330
10000115
100
AcDbXrecord
 40
2.108200000000001
  0
XRECORD
  5
10000116
102
{ACAD_REACTORS
330
10000115
102
}
330
10000115
100
AcDbXrecord
1000
SBMZJ
  0
XRECORD
  5
10000117
102
{ACAD_REACTORS
330
10000115
102
}
330
10000115
100
AcDbXrecord
1000
SBMCB
  0
XRECORD
  5
10000119
102
{ACAD_REACTORS
330
10000115
102
}
330
10000115
100
AcDbXrecord
1000
RCMD
  0
XRECORD
  5
1000011A
102
{ACAD_REACTORS
330
10000115
102
}
330
10000115
100
AcDbXrecord
1000
RDMD
  0
XRECORD
  5
1000011F
102
{ACAD_REACTORS
330
1000011C
102
}
330
1000011C
100
AcDbXrecord
 40
2.108200000000001
  0
XRECORD
  5
1000011D
102
{ACAD_REACTORS
330
1000011C
102
}
330
1000011C
100
AcDbXrecord
1000
SBMdJ
  0
XRECORD
  5
1000011E
102
{ACAD_REACTORS
330
1000011C
102
}
330
1000011C
100
AcDbXrecord
1000
SBMGB
  0
XRECORD
  5
10000120
102
{ACAD_REACTORS
330
1000011C
102
}
330
1000011C
100
AcDbXrecord
1000
RCMD
  0
XRECORD
  5
10000121
102
{ACAD_REACTORS
330
1000011C
102
}
330
1000011C
100
AcDbXrecord
1000
RDMD
  0
XRECORD
  5
10000126
102
{ACAD_REACTORS
330
10000123
102
}
330
10000123
100
AcDbXrecord
 40
2.108200000000001
  0
XRECORD
  5
10000124
102
{ACAD_REACTORS
330
10000123
102
}
330
10000123
100
AcDbXrecord
1000
RBM5
  0
XRECORD
  5
10000125
102
{ACAD_REACTORS
330
10000123
102
}
330
10000123
100
AcDbXrecord
1000
RBMG
  0
XRECORD
  5
10000127
102
{ACAD_REACTORS
330
10000123
102
}
330
10000123
100
AcDbXrecord
1000
RCMD
  0
XRECORD
  5
10000128
102
{ACAD_REACTORS
330
10000123
102
}
330
10000123
100
AcDbXrecord
1000
RDMD
  0
XRECORD
  5
1000012D
102
{ACAD_REACTORS
330
1000012A
102
}
330
1000012A
100
AcDbXrecord
 40
2.108200000000001
  0
XRECORD
  5
1000012B
102
{ACAD_REACTORS
330
1000012A
102
}
330
1000012A
100
AcDbXrecord
1000
RBM9
  0
XRECORD
  5
1000012C
102
{ACAD_REACTORS
330
1000012A
102
}
330
1000012A
100
AcDbXrecord
1000
RBMK
  0
XRECORD
  5
1000012E
102
{ACAD_REACTORS
330
1000012A
102
}
330
1000012A
100
AcDbXrecord
1000
RCMD
  0
XRECORD
  5
1000012F
102
{ACAD_REACTORS
330
1000012A
102
}
330
1000012A
100
AcDbXrecord
1000
RDMD
  0
XRECORD
  5
10000132
102
{ACAD_REACTORS
330
10000131
102
}
330
10000131
100
AcDbXrecord
1000
SBMZU
  0
XRECORD
  5
10000133
102
{ACAD_REACTORS
330
10000131
102
}
330
10000131
100
AcDbXrecord
1000
RCMD
  0
XRECORD
  5
10000134
102
{ACAD_REACTORS
330
10000131
102
}
330
10000131
100
AcDbXrecord
1000
RDMD
  0
XRECORD
  5
10000137
102
{ACAD_REACTORS
330
10000136
102
}
330
10000136
100
AcDbXrecord
1000
SBMFH
  0
XRECORD
  5
10000138
102
{ACAD_REACTORS
330
10000136
102
}
330
10000136
100
AcDbXrecord
1000
RCMD
  0
XRECORD
  5
10000139
102
{ACAD_REACTORS
330
10000136
102
}
330
10000136
100
AcDbXrecord
1000
RDMD
  0
XRECORD
  5
1000013C
102
{ACAD_REACTORS
330
1000013B
102
}
330
1000013B
100
AcDbXrecord
1000
SBMJC
  0
XRECORD
  5
1000013D
102
{ACAD_REACTORS
330
1000013B
102
}
330
1000013B
100
AcDbXrecord
1000
RCMD
  0
XRECORD
  5
1000013E
102
{ACAD_REACTORS
330
1000013B
102
}
330
1000013B
100
AcDbXrecord
1000
RDMD
  0
XRECORD
  5
10000141
102
{ACAD_REACTORS
330
10000140
102
}
330
10000140
100
AcDbXrecord
1000
SBMRH
  0
XRECORD
  5
10000142
102
{ACAD_REACTORS
330
10000140
102
}
330
10000140
100
AcDbXrecord
1000
RCMD
  0
XRECORD
  5
10000143
102
{ACAD_REACTORS
330
10000140
102
}
330
10000140
100
AcDbXrecord
1000
RDMD
  0
XRECORD
  5
10000146
102
{ACAD_REACTORS
330
10000145
102
}
330
10000145
100
AcDbXrecord
1000
SBMhU
  0
XRECORD
  5
10000147
102
{ACAD_REACTORS
330
10000145
102
}
330
10000145
100
AcDbXrecord
1000
RCMD
  0
XRECORD
  5
10000148
102
{ACAD_REACTORS
330
10000145
102
}
330
10000145
100
AcDbXrecord
1000
RDMD
  0
XRECORD
  5
1000014B
102
{ACAD_REACTORS
330
1000014A
102
}
330
1000014A
100
AcDbXrecord
1000
SBMRM
  0
XRECORD
  5
1000014C
102
{ACAD_REACTORS
330
1000014A
102
}
330
1000014A
100
AcDbXrecord
1000
RCMD
  0
XRECORD
  5
1000014D
102
{ACAD_REACTORS
330
1000014A
102
}
330
1000014A
100
AcDbXrecord
1000
RDMD
  0
XRECORD
  5
10000150
102
{ACAD_REACTORS
330
1000014F
102
}
330
1000014F
100
AcDbXrecord
1000
SBMpU
  0
XRECORD
  5
10000151
102
{ACAD_REACTORS
330
1000014F
102
}
330
1000014F
100
AcDbXrecord
1000
RCMD
  0
XRECORD
  5
10000152
102
{ACAD_REACTORS
330
1000014F
102
}
330
1000014F
100
AcDbXrecord
1000
RDMD
  0
XRECORD
  5
10000155
102
{ACAD_REACTORS
330
10000154
102
}
330
10000154
100
AcDbXrecord
1000
SBMVH
  0
XRECORD
  5
10000156
102
{ACAD_REACTORS
330
10000154
102
}
330
10000154
100
AcDbXrecord
1000
RCMD
  0
XRECORD
  5
10000157
102
{ACAD_REACTORS
330
10000154
102
}
330
10000154
100
AcDbXrecord
1000
RDMD
  0
XRECORD
  5
1000015A
102
{ACAD_REACTORS
330
10000159
102
}
330
10000159
100
AcDbXrecord
1000
SBMZC
  0
XRECORD
  5
1000015B
102
{ACAD_REACTORS
330
10000159
102
}
330
10000159
100
AcDbXrecord
1000
RCMD
  0
XRECORD
  5
1000015C
102
{ACAD_REACTORS
330
10000159
102
}
330
10000159
100
AcDbXrecord
1000
RDMD
  0
XRECORD
  5
1000015F
102
{ACAD_REACTORS
330
1000015E
102
}
330
1000015E
100
AcDbXrecord
1000
SBMhH
  0
XRECORD
  5
10000160
102
{ACAD_REACTORS
330
1000015E
102
}
330
1000015E
100
AcDbXrecord
1000
RCMD
  0
XRECORD
  5
10000161
102
{ACAD_REACTORS
330
1000015E
102
}
330
1000015E
100
AcDbXrecord
1000
RDMD
  0
XRECORD
  5
10000164
102
{ACAD_REACTORS
330
10000163
102
}
330
10000163
100
AcDbXrecord
1000
SBMxU
  0
XRECORD
  5
10000165
102
{ACAD_REACTORS
330
10000163
102
}
330
10000163
100
AcDbXrecord
1000
RCMD
  0
XRECORD
  5
10000166
102
{ACAD_REACTORS
330
10000163
102
}
330
10000163
100
AcDbXrecord
1000
RDMD
  0
XRECORD
  5
10000169
102
{ACAD_REACTORS
330
10000168
102
}
330
10000168
100
AcDbXrecord
1000
SBMVM
  0
XRECORD
  5
1000016A
102
{ACAD_REACTORS
330
10000168
102
}
330
10000168
100
AcDbXrecord
1000
RCMD
  0
XRECORD
  5
1000016B
102
{ACAD_REACTORS
330
10000168
102
}
330
10000168
100
AcDbXrecord
1000
RDMD
  0
XRECORD
  5
1000016E
102
{ACAD_REACTORS
330
1000016D
102
}
330
1000016D
100
AcDbXrecord
1000
SBM5U
  0
XRECORD
  5
1000016F
102
{ACAD_REACTORS
330
1000016D
102
}
330
1000016D
100
AcDbXrecord
1000
RCMD
  0
XRECORD
  5
10000170
102
{ACAD_REACTORS
330
1000016D
102
}
330
1000016D
100
AcDbXrecord
1000
RDMD
  0
XRECORD
  5
10000173
102
{ACAD_REACTORS
330
10000172
102
}
330
10000172
100
AcDbXrecord
1000
SBMlH
  0
XRECORD
  5
10000174
102
{ACAD_REACTORS
330
10000172
102
}
330
10000172
100
AcDbXrecord
1000
RCMD
  0
XRECORD
  5
10000175
102
{ACAD_REACTORS
330
10000172
102
}
330
10000172
100
AcDbXrecord
1000
RDMD
  0
XRECORD
  5
10000178
102
{ACAD_REACTORS
330
10000177
102
}
330
10000177
100
AcDbXrecord
1000
SBMpC
  0
XRECORD
  5
10000179
102
{ACAD_REACTORS
330
10000177
102
}
330
10000177
100
AcDbXrecord
1000
RCMD
  0
XRECORD
  5
1000017A
102
{ACAD_REACTORS
330
10000177
102
}
330
10000177
100
AcDbXrecord
1000
RDMD
  0
XRECORD
  5
1000017D
102
{ACAD_REACTORS
330
1000017C
102
}
330
1000017C
100
AcDbXrecord
1000
SBMxH
  0
XRECORD
  5
1000017E
102
{ACAD_REACTORS
330
1000017C
102
}
330
1000017C
100
AcDbXrecord
1000
RCMD
  0
XRECORD
  5
1000017F
102
{ACAD_REACTORS
330
1000017C
102
}
330
1000017C
100
AcDbXrecord
1000
RDMD
  0
XRECORD
  5
10000182
102
{ACAD_REACTORS
330
10000181
102
}
330
10000181
100
AcDbXrecord
1000
SBMBV
  0
XRECORD
  5
10000183
102
{ACAD_REACTORS
330
10000181
102
}
330
10000181
100
AcDbXrecord
1000
RCMD
  0
XRECORD
  5
10000184
102
{ACAD_REACTORS
330
10000181
102
}
330
10000181
100
AcDbXrecord
1000
RDMD
  0
XRECORD
  5
10000187
102
{ACAD_REACTORS
330
10000186
102
}
330
10000186
100
AcDbXrecord
1000
SBMZM
  0
XRECORD
  5
10000188
102
{ACAD_REACTORS
330
10000186
102
}
330
10000186
100
AcDbXrecord
1000
RCMD
  0
XRECORD
  5
10000189
102
{ACAD_REACTORS
330
10000186
102
}
330
10000186
100
AcDbXrecord
1000
RDMD
  0
XRECORD
  5
1000018C
102
{ACAD_REACTORS
330
1000018B
102
}
330
1000018B
100
AcDbXrecord
1000
SBMJV
  0
XRECORD
  5
1000018D
102
{ACAD_REACTORS
330
1000018B
102
}
330
1000018B
100
AcDbXrecord
1000
RCMD
  0
XRECORD
  5
1000018E
102
{ACAD_REACTORS
330
1000018B
102
}
330
1000018B
100
AcDbXrecord
1000
RDMD
  0
XRECORD
  5
10000191
102
{ACAD_REACTORS
330
10000190
102
}
330
10000190
100
AcDbXrecord
1000
SBM1H
  0
XRECORD
  5
10000192
102
{ACAD_REACTORS
330
10000190
102
}
330
10000190
100
AcDbXrecord
1000
RCMD
  0
XRECORD
  5
10000193
102
{ACAD_REACTORS
330
10000190
102
}
330
10000190
100
AcDbXrecord
1000
RDMD
  0
XRECORD
  5
10000196
102
{ACAD_REACTORS
330
10000195
102
}
330
10000195
100
AcDbXrecord
1000
SBM5C
  0
XRECORD
  5
10000197
102
{ACAD_REACTORS
330
10000195
102
}
330
10000195
100
AcDbXrecord
1000
RCMD
  0
XRECORD
  5
10000198
102
{ACAD_REACTORS
330
10000195
102
}
330
10000195
100
AcDbXrecord
1000
RDMD
  0
XRECORD
  5
1000019B
102
{ACAD_REACTORS
330
1000019A
102
}
330
1000019A
100
AcDbXrecord
1000
SBMBI
  0
XRECORD
  5
1000019C
102
{ACAD_REACTORS
330
1000019A
102
}
330
1000019A
100
AcDbXrecord
1000
RCMD
  0
XRECORD
  5
1000019D
102
{ACAD_REACTORS
330
1000019A
102
}
330
1000019A
100
AcDbXrecord
1000
RDMD
  0
XRECORD
  5
100001A0
102
{ACAD_REACTORS
330
1000019F
102
}
330
1000019F
100
AcDbXrecord
1000
SBMRV
  0
XRECORD
  5
100001A1
102
{ACAD_REACTORS
330
1000019F
102
}
330
1000019F
100
AcDbXrecord
1000
RCMD
  0
XRECORD
  5
100001A2
102
{ACAD_REACTORS
330
1000019F
102
}
330
1000019F
100
AcDbXrecord
1000
RDMD
  0
XRECORD
  5
100001A5
102
{ACAD_REACTORS
330
100001A4
102
}
330
100001A4
100
AcDbXrecord
1000
SBMdM
  0
XRECORD
  5
100001A6
102
{ACAD_REACTORS
330
100001A4
102
}
330
100001A4
100
AcDbXrecord
1000
RCMD
  0
XRECORD
  5
100001A7
102
{ACAD_REACTORS
330
100001A4
102
}
330
100001A4
100
AcDbXrecord
1000
RDMD
  0
XRECORD
  5
100001AA
102
{ACAD_REACTORS
330
100001A9
102
}
330
100001A9
100
AcDbXrecord
1000
SBMZV
  0
XRECORD
  5
100001AB
102
{ACAD_REACTORS
330
100001A9
102
}
330
100001A9
100
AcDbXrecord
1000
RCMD
  0
XRECORD
  5
100001AC
102
{ACAD_REACTORS
330
100001A9
102
}
330
100001A9
100
AcDbXrecord
1000
RDMD
  0
XRECORD
  5
100001AF
102
{ACAD_REACTORS
330
100001AE
102
}
330
100001AE
100
AcDbXrecord
1000
SBMFI
  0
XRECORD
  5
100001B0
102
{ACAD_REACTORS
330
100001AE
102
}
330
100001AE
100
AcDbXrecord
1000
RCMD
  0
XRECORD
  5
100001B1
102
{ACAD_REACTORS
330
100001AE
102
}
330
100001AE
100
AcDbXrecord
1000
RDMD
  0
XRECORD
  5
100001B4
102
{ACAD_REACTORS
330
100001B3
102
}
330
100001B3
100
AcDbXrecord
1000
SBMJD
  0
XRECORD
  5
100001B5
102
{ACAD_REACTORS
330
100001B3
102
}
330
100001B3
100
AcDbXrecord
1000
RCMD
  0
XRECORD
  5
100001B6
102
{ACAD_REACTORS
330
100001B3
102
}
330
100001B3
100
AcDbXrecord
1000
RDMD
  0
XRECORD
  5
100001B9
102
{ACAD_REACTORS
330
100001B8
102
}
330
100001B8
100
AcDbXrecord
1000
SBMRI
  0
XRECORD
  5
100001BA
102
{ACAD_REACTORS
330
100001B8
102
}
330
100001B8
100
AcDbXrecord
1000
RCMD
  0
XRECORD
  5
100001BB
102
{ACAD_REACTORS
330
100001B8
102
}
330
100001B8
100
AcDbXrecord
1000
RDMD
  0
XRECORD
  5
100001C0
102
{ACAD_REACTORS
330
100001BD
102
}
330
100001BD
100
AcDbXrecord
 40
2.108200000000001
  0
XRECORD
  5
100001BE
102
{ACAD_REACTORS
330
100001BD
102
}
330
100001BD
100
AcDbXrecord
1000
SBMNK
  0
XRECORD
  5
100001BF
102
{ACAD_REACTORS
330
100001BD
102
}
330
100001BD
100
AcDbXrecord
1000
SBM2B
  0
XRECORD
  5
100001C1
102
{ACAD_REACTORS
330
100001BD
102
}
330
100001BD
100
AcDbXrecord
1000
RCMD
  0
XRECORD
  5
100001C2
102
{ACAD_REACTORS
330
100001BD
102
}
330
100001BD
100
AcDbXrecord
1000
RDMD
  0
XRECORD
  5
100001C7
102
{ACAD_REACTORS
330
100001C4
102
}
330
100001C4
100
AcDbXrecord
 40
2.108200000000001
  0
XRECORD
  5
100001C5
102
{ACAD_REACTORS
330
100001C4
102
}
330
100001C4
100
AcDbXrecord
1000
SBM5J
  0
XRECORD
  5
100001C6
102
{ACAD_REACTORS
330
100001C4
102
}
330
100001C4
100
AcDbXrecord
1000
SBMiB
  0
XRECORD
  5
100001C8
102
{ACAD_REACTORS
330
100001C4
102
}
330
100001C4
100
AcDbXrecord
1000
RCMD
  0
XRECORD
  5
100001C9
102
{ACAD_REACTORS
330
100001C4
102
}
330
100001C4
100
AcDbXrecord
1000
RDMD
  0
XRECORD
  5
100001CE
102
{ACAD_REACTORS
330
100001CB
102
}
330
100001CB
100
AcDbXrecord
 40
2.108200000000001
  0
XRECORD
  5
100001CC
102
{ACAD_REACTORS
330
100001CB
102
}
330
100001CB
100
AcDbXrecord
1000
SBMZK
  0
XRECORD
  5
100001CD
102
{ACAD_REACTORS
330
100001CB
102
}
330
100001CB
100
AcDbXrecord
1000
SBMCC
  0
XRECORD
  5
100001CF
102
{ACAD_REACTORS
330
100001CB
102
}
330
100001CB
100
AcDbXrecord
1000
RCMD
  0
XRECORD
  5
100001D0
102
{ACAD_REACTORS
330
100001CB
102
}
330
100001CB
100
AcDbXrecord
1000
RDMD
  0
XRECORD
  5
100001D5
102
{ACAD_REACTORS
330
100001D2
102
}
330
100001D2
100
AcDbXrecord
 40
2.108200000000001
  0
XRECORD
  5
100001D3
102
{ACAD_REACTORS
330
100001D2
102
}
330
100001D2
100
AcDbXrecord
1000
SBM9J
  0
XRECORD
  5
100001D4
102
{ACAD_REACTORS
330
100001D2
102
}
330
100001D2
100
AcDbXrecord
1000
SBMmB
  0
XRECORD
  5
100001D6
102
{ACAD_REACTORS
330
100001D2
102
}
330
100001D2
100
AcDbXrecord
1000
RCMD
  0
XRECORD
  5
100001D7
102
{ACAD_REACTORS
330
100001D2
102
}
330
100001D2
100
AcDbXrecord
1000
RDMD
  0
XRECORD
  5
100001DC
102
{ACAD_REACTORS
330
100001D9
102
}
330
100001D9
100
AcDbXrecord
 40
2.108200000000001
  0
XRECORD
  5
100001DA
102
{ACAD_REACTORS
330
100001D9
102
}
330
100001D9
100
AcDbXrecord
1000
SBMtK
  0
XRECORD
  5
100001DB
102
{ACAD_REACTORS
330
100001D9
102
}
330
100001D9
100
AcDbXrecord
1000
SBMWC
  0
XRECORD
  5
100001DD
102
{ACAD_REACTORS
330
100001D9
102
}
330
100001D9
100
AcDbXrecord
1000
RCMD
  0
XRECORD
  5
100001DE
102
{ACAD_REACTORS
330
100001D9
102
}
330
100001D9
100
AcDbXrecord
1000
RDMD
  0
XRECORD
  5
100001E3
102
{ACAD_REACTORS
330
100001E0
102
}
330
100001E0
100
AcDbXrecord
 40
2.108200000000001
  0
XRECORD
  5
100001E1
102
{ACAD_REACTORS
330
100001E0
102
}
330
100001E0
100
AcDbXrecord
1000
SBMdK
  0
XRECORD
  5
100001E2
102
{ACAD_REACTORS
330
100001E0
102
}
330
100001E0
100
AcDbXrecord
1000
SBMGC
  0
XRECORD
  5
100001E4
102
{ACAD_REACTORS
330
100001E0
102
}
330
100001E0
100
AcDbXrecord
1000
RCMD
  0
XRECORD
  5
100001E5
102
{ACAD_REACTORS
330
100001E0
102
}
330
100001E0
100
AcDbXrecord
1000
RDMD
  0
XRECORD
  5
100001E8
102
{ACAD_REACTORS
330
100001E7
102
}
330
100001E7
100
AcDbXrecord
1000
SBMhV
  0
XRECORD
  5
100001E9
102
{ACAD_REACTORS
330
100001E7
102
}
330
100001E7
100
AcDbXrecord
1000
RCMD
  0
XRECORD
  5
100001EA
102
{ACAD_REACTORS
330
100001E7
102
}
330
100001E7
100
AcDbXrecord
1000
RDMD
  0
XRECORD
  5
100001ED
102
{ACAD_REACTORS
330
100001EC
102
}
330
100001EC
100
AcDbXrecord
1000
SBMhM
  0
XRECORD
  5
100001EE
102
{ACAD_REACTORS
330
100001EC
102
}
330
100001EC
100
AcDbXrecord
1000
RCMD
  0
XRECORD
  5
100001EF
102
{ACAD_REACTORS
330
100001EC
102
}
330
100001EC
100
AcDbXrecord
1000
RDMD
  0
XRECORD
  5
100001F2
102
{ACAD_REACTORS
330
100001F1
102
}
330
100001F1
100
AcDbXrecord
1000
SBMpV
  0
XRECORD
  5
100001F3
102
{ACAD_REACTORS
330
100001F1
102
}
330
100001F1
100
AcDbXrecord
1000
RCMD
  0
XRECORD
  5
100001F4
102
{ACAD_REACTORS
330
100001F1
102
}
330
100001F1
100
AcDbXrecord
1000
RDMD
  0
XRECORD
  5
100001F7
102
{ACAD_REACTORS
330
100001F6
102
}
330
100001F6
100
AcDbXrecord
1000
SBMVI
  0
XRECORD
  5
100001F8
102
{ACAD_REACTORS
330
100001F6
102
}
330
100001F6
100
AcDbXrecord
1000
RCMD
  0
XRECORD
  5
100001F9
102
{ACAD_REACTORS
330
100001F6
102
}
330
100001F6
100
AcDbXrecord
1000
RDMD
  0
XRECORD
  5
100001FC
102
{ACAD_REACTORS
330
100001FB
102
}
330
100001FB
100
AcDbXrecord
1000
SBMZD
  0
XRECORD
  5
100001FD
102
{ACAD_REACTORS
330
100001FB
102
}
330
100001FB
100
AcDbXrecord
1000
RCMD
  0
XRECORD
  5
100001FE
102
{ACAD_REACTORS
330
100001FB
102
}
330
100001FB
100
AcDbXrecord
1000
RDMD
  0
XRECORD
  5
10000201
102
{ACAD_REACTORS
330
10000200
102
}
330
10000200
100
AcDbXrecord
1000
SBMhI
  0
XRECORD
  5
10000202
102
{ACAD_REACTORS
330
10000200
102
}
330
10000200
100
AcDbXrecord
1000
RCMD
  0
XRECORD
  5
10000203
102
{ACAD_REACTORS
330
10000200
102
}
330
10000200
100
AcDbXrecord
1000
RDMD
  0
XRECORD
  5
10000206
102
{ACAD_REACTORS
330
10000205
102
}
330
10000205
100
AcDbXrecord
1000
SBMxV
  0
XRECORD
  5
10000207
102
{ACAD_REACTORS
330
10000205
102
}
330
10000205
100
AcDbXrecord
1000
RCMD
  0
XRECORD
  5
10000208
102
{ACAD_REACTORS
330
10000205
102
}
330
10000205
100
AcDbXrecord
1000
RDMD
  0
XRECORD
  5
1000020B
102
{ACAD_REACTORS
330
1000020A
102
}
330
1000020A
100
AcDbXrecord
1000
SBMlM
  0
XRECORD
  5
1000020C
102
{ACAD_REACTORS
330
1000020A
102
}
330
1000020A
100
AcDbXrecord
1000
RCMD
  0
XRECORD
  5
1000020D
102
{ACAD_REACTORS
330
1000020A
102
}
330
1000020A
100
AcDbXrecord
1000
RDMD
  0
XRECORD
  5
10000210
102
{ACAD_REACTORS
330
1000020F
102
}
330
1000020F
100
AcDbXrecord
1000
SBM5V
  0
XRECORD
  5
10000211
102
{ACAD_REACTORS
330
1000020F
102
}
330
1000020F
100
AcDbXrecord
1000
RCMD
  0
XRECORD
  5
10000212
102
{ACAD_REACTORS
330
1000020F
102
}
330
1000020F
100
AcDbXrecord
1000
RDMD
  0
XRECORD
  5
10000215
102
{ACAD_REACTORS
330
10000214
102
}
330
10000214
100
AcDbXrecord
1000
SBMlI
  0
XRECORD
  5
10000216
102
{ACAD_REACTORS
330
10000214
102
}
330
10000214
100
AcDbXrecord
1000
RCMD
  0
XRECORD
  5
10000217
102
{ACAD_REACTORS
330
10000214
102
}
330
10000214
100
AcDbXrecord
1000
RDMD
  0
XRECORD
  5
1000021A
102
{ACAD_REACTORS
330
10000219
102
}
330
10000219
100
AcDbXrecord
1000
SBMpD
  0
XRECORD
  5
1000021B
102
{ACAD_REACTORS
330
10000219
102
}
330
10000219
100
AcDbXrecord
1000
RCMD
  0
XRECORD
  5
1000021C
102
{ACAD_REACTORS
330
10000219
102
}
330
10000219
100
AcDbXrecord
1000
RDMD
  0
XRECORD
  5
1000021F
102
{ACAD_REACTORS
330
1000021E
102
}
330
1000021E
100
AcDbXrecord
1000
SBMxI
  0
XRECORD
  5
10000220
102
{ACAD_REACTORS
330
1000021E
102
}
330
1000021E
100
AcDbXrecord
1000
RCMD
  0
XRECORD
  5
10000221
102
{ACAD_REACTORS
330
1000021E
102
}
330
1000021E
100
AcDbXrecord
1000
RDMD
  0
XRECORD
  5
10000224
102
{ACAD_REACTORS
330
10000223
102
}
330
10000223
100
AcDbXrecord
1000
SBMBW
  0
XRECORD
  5
10000225
102
{ACAD_REACTORS
330
10000223
102
}
330
10000223
100
AcDbXrecord
1000
RCMD
  0
XRECORD
  5
10000226
102
{ACAD_REACTORS
330
10000223
102
}
330
10000223
100
AcDbXrecord
1000
RDMD
  0
XRECORD
  5
10000229
102
{ACAD_REACTORS
330
10000228
102
}
330
10000228
100
AcDbXrecord
1000
SBMpM
  0
XRECORD
  5
1000022A
102
{ACAD_REACTORS
330
10000228
102
}
330
10000228
100
AcDbXrecord
1000
RCMD
  0
XRECORD
  5
1000022B
102
{ACAD_REACTORS
330
10000228
102
}
330
10000228
100
AcDbXrecord
1000
RDMD
  0
XRECORD
  5
1000022E
102
{ACAD_REACTORS
330
1000022D
102
}
330
1000022D
100
AcDbXrecord
1000
SBMJW
  0
XRECORD
  5
1000022F
102
{ACAD_REACTORS
330
1000022D
102
}
330
1000022D
100
AcDbXrecord
1000
RCMD
  0
XRECORD
  5
10000230
102
{ACAD_REACTORS
330
1000022D
102
}
330
1000022D
100
AcDbXrecord
1000
RDMD
  0
XRECORD
  5
10000233
102
{ACAD_REACTORS
330
10000232
102
}
330
10000232
100
AcDbXrecord
1000
SBM1I
  0
XRECORD
  5
10000234
102
{ACAD_REACTORS
330
10000232
102
}
330
10000232
100
AcDbXrecord
1000
RCMD
  0
XRECORD
  5
10000235
102
{ACAD_REACTORS
330
10000232
102
}
330
10000232
100
AcDbXrecord
1000
RDMD
  0
XRECORD
  5
10000238
102
{ACAD_REACTORS
330
10000237
102
}
330
10000237
100
AcDbXrecord
1000
SBM5D
  0
XRECORD
  5
10000239
102
{ACAD_REACTORS
330
10000237
102
}
330
10000237
100
AcDbXrecord
1000
RCMD
  0
XRECORD
  5
1000023A
102
{ACAD_REACTORS
330
10000237
102
}
330
10000237
100
AcDbXrecord
1000
RDMD
  0
XRECORD
  5
1000023D
102
{ACAD_REACTORS
330
1000023C
102
}
330
1000023C
100
AcDbXrecord
1000
SBMBJ
  0
XRECORD
  5
1000023E
102
{ACAD_REACTORS
330
1000023C
102
}
330
1000023C
100
AcDbXrecord
1000
RCMD
  0
XRECORD
  5
1000023F
102
{ACAD_REACTORS
330
1000023C
102
}
330
1000023C
100
AcDbXrecord
1000
RDMD
  0
XRECORD
  5
10000244
102
{ACAD_REACTORS
330
10000241
102
}
330
10000241
100
AcDbXrecord
 40
2.108200000000001
  0
XRECORD
  5
10000242
102
{ACAD_REACTORS
330
10000241
102
}
330
10000241
100
AcDbXrecord
1000
SBMJK
  0
XRECORD
  5
10000243
102
{ACAD_REACTORS
330
10000241
102
}
330
10000241
100
AcDbXrecord
1000
SBMyB
  0
XRECORD
  5
10000245
102
{ACAD_REACTORS
330
10000241
102
}
330
10000241
100
AcDbXrecord
1000
RCMD
  0
XRECORD
  5
10000246
102
{ACAD_REACTORS
330
10000241
102
}
330
10000241
100
AcDbXrecord
1000
RDMD
  0
XRECORD
  5
10000249
102
{ACAD_REACTORS
330
10000248
102
}
330
10000248
100
AcDbXrecord
1000
SBMRW
  0
XRECORD
  5
1000024A
102
{ACAD_REACTORS
330
10000248
102
}
330
10000248
100
AcDbXrecord
1000
RCMD
  0
XRECORD
  5
1000024B
102
{ACAD_REACTORS
330
10000248
102
}
330
10000248
100
AcDbXrecord
1000
RDMD
  0
XRECORD
  5
1000024E
102
{ACAD_REACTORS
330
1000024D
102
}
330
1000024D
100
AcDbXrecord
1000
SBMtM
  0
XRECORD
  5
1000024F
102
{ACAD_REACTORS
330
1000024D
102
}
330
1000024D
100
AcDbXrecord
1000
RCMD
  0
XRECORD
  5
10000250
102
{ACAD_REACTORS
330
1000024D
102
}
330
1000024D
100
AcDbXrecord
1000
RDMD
  0
XRECORD
  5
10000253
102
{ACAD_REACTORS
330
10000252
102
}
330
10000252
100
AcDbXrecord
1000
SBMZW
  0
XRECORD
  5
10000254
102
{ACAD_REACTORS
330
10000252
102
}
330
10000252
100
AcDbXrecord
1000
RCMD
  0
XRECORD
  5
10000255
102
{ACAD_REACTORS
330
10000252
102
}
330
10000252
100
AcDbXrecord
1000
RDMD
  0
XRECORD
  5
10000258
102
{ACAD_REACTORS
330
10000257
102
}
330
10000257
100
AcDbXrecord
1000
SBMFJ
  0
XRECORD
  5
10000259
102
{ACAD_REACTORS
330
10000257
102
}
330
10000257
100
AcDbXrecord
1000
RCMD
  0
XRECORD
  5
1000025A
102
{ACAD_REACTORS
330
10000257
102
}
330
10000257
100
AcDbXrecord
1000
RDMD
  0
XRECORD
  5
1000025D
102
{ACAD_REACTORS
330
1000025C
102
}
330
1000025C
100
AcDbXrecord
1000
SBMJE
  0
XRECORD
  5
1000025E
102
{ACAD_REACTORS
330
1000025C
102
}
330
1000025C
100
AcDbXrecord
1000
RCMD
  0
XRECORD
  5
1000025F
102
{ACAD_REACTORS
330
1000025C
102
}
330
1000025C
100
AcDbXrecord
1000
RDMD
  0
XRECORD
  5
10000262
102
{ACAD_REACTORS
330
10000261
102
}
330
10000261
100
AcDbXrecord
1000
SBMRB
  0
XRECORD
  5
10000263
102
{ACAD_REACTORS
330
10000261
102
}
330
10000261
100
AcDbXrecord
1000
RCMD
  0
XRECORD
  5
10000264
102
{ACAD_REACTORS
330
10000261
102
}
330
10000261
100
AcDbXrecord
1000
RDMD
  0
XRECORD
  5
10000267
102
{ACAD_REACTORS
330
10000266
102
}
330
10000266
100
AcDbXrecord
1000
SBMpT
  0
XRECORD
  5
10000268
102
{ACAD_REACTORS
330
10000266
102
}
330
10000266
100
AcDbXrecord
1000
RCMD
  0
XRECORD
  5
10000269
102
{ACAD_REACTORS
330
10000266
102
}
330
10000266
100
AcDbXrecord
1000
RDMD
  0
XRECORD
  5
1000026C
102
{ACAD_REACTORS
330
1000026B
102
}
330
1000026B
100
AcDbXrecord
1000
SBMBM
  0
XRECORD
  5
1000026D
102
{ACAD_REACTORS
330
1000026B
102
}
330
1000026B
100
AcDbXrecord
1000
RCMD
  0
XRECORD
  5
1000026E
102
{ACAD_REACTORS
330
1000026B
102
}
330
1000026B
100
AcDbXrecord
1000
RDMD
  0
XRECORD
  5
10000271
102
{ACAD_REACTORS
330
10000270
102
}
330
10000270
100
AcDbXrecord
1000
SBMhT
  0
XRECORD
  5
10000272
102
{ACAD_REACTORS
330
10000270
102
}
330
10000270
100
AcDbXrecord
1000
RCMD
  0
XRECORD
  5
10000273
102
{ACAD_REACTORS
330
10000270
102
}
330
10000270
100
AcDbXrecord
1000
RDMD
  0
XRECORD
  5
10000276
102
{ACAD_REACTORS
330
10000275
102
}
330
10000275
100
AcDbXrecord
1000
RBMR
  0
XRECORD
  5
10000277
102
{ACAD_REACTORS
330
10000275
102
}
330
10000275
100
AcDbXrecord
1000
RCMD
  0
XRECORD
  5
10000278
102
{ACAD_REACTORS
330
10000275
102
}
330
10000275
100
AcDbXrecord
1000
RDMD
  0
XRECORD
  5
1000027B
102
{ACAD_REACTORS
330
1000027A
102
}
330
1000027A
100
AcDbXrecord
1000
RBMp
  0
XRECORD
  5
1000027C
102
{ACAD_REACTORS
330
1000027A
102
}
330
1000027A
100
AcDbXrecord
1000
RCMD
  0
XRECORD
  5
1000027D
102
{ACAD_REACTORS
330
1000027A
102
}
330
1000027A
100
AcDbXrecord
1000
RDMD
  0
XRECORD
  5
10000280
102
{ACAD_REACTORS
330
1000027F
102
}
330
1000027F
100
AcDbXrecord
1000
RBMZ
  0
XRECORD
  5
10000281
102
{ACAD_REACTORS
330
1000027F
102
}
330
1000027F
100
AcDbXrecord
1000
RCMD
  0
XRECORD
  5
10000282
102
{ACAD_REACTORS
330
1000027F
102
}
330
1000027F
100
AcDbXrecord
1000
RDMD
  0
XRECORD
  5
10000285
102
{ACAD_REACTORS
330
10000284
102
}
330
10000284
100
AcDbXrecord
1000
SBMxT
  0
XRECORD
  5
10000286
102
{ACAD_REACTORS
330
10000284
102
}
330
10000284
100
AcDbXrecord
1000
RCMD
  0
XRECORD
  5
10000287
102
{ACAD_REACTORS
330
10000284
102
}
330
10000284
100
AcDbXrecord
1000
RDMD
  0
XRECORD
  5
1000028A
102
{ACAD_REACTORS
330
10000289
102
}
330
10000289
100
AcDbXrecord
1000
SBMFM
  0
XRECORD
  5
1000028B
102
{ACAD_REACTORS
330
10000289
102
}
330
10000289
100
AcDbXrecord
1000
RCMD
  0
XRECORD
  5
1000028C
102
{ACAD_REACTORS
330
10000289
102
}
330
10000289
100
AcDbXrecord
1000
RDMD
  0
XRECORD
  5
1000028F
102
{ACAD_REACTORS
330
1000028E
102
}
330
1000028E
100
AcDbXrecord
1000
SBM5T
  0
XRECORD
  5
10000290
102
{ACAD_REACTORS
330
1000028E
102
}
330
1000028E
100
AcDbXrecord
1000
RCMD
  0
XRECORD
  5
10000291
102
{ACAD_REACTORS
330
1000028E
102
}
330
1000028E
100
AcDbXrecord
1000
RDMD
  0
XRECORD
  5
10000294
102
{ACAD_REACTORS
330
10000293
102
}
330
10000293
100
AcDbXrecord
1000
SBMZB
  0
XRECORD
  5
10000295
102
{ACAD_REACTORS
330
10000293
102
}
330
10000293
100
AcDbXrecord
1000
RCMD
  0
XRECORD
  5
10000296
102
{ACAD_REACTORS
330
10000293
102
}
330
10000293
100
AcDbXrecord
1000
RDMD
  0
XRECORD
  5
10000299
102
{ACAD_REACTORS
330
10000298
102
}
330
10000298
100
AcDbXrecord
1000
SBMpB
  0
XRECORD
  5
1000029A
102
{ACAD_REACTORS
330
10000298
102
}
330
10000298
100
AcDbXrecord
1000
RCMD
  0
XRECORD
  5
1000029B
102
{ACAD_REACTORS
330
10000298
102
}
330
10000298
100
AcDbXrecord
1000
RDMD
  0
XRECORD
  5
1000029E
102
{ACAD_REACTORS
330
1000029D
102
}
330
1000029D
100
AcDbXrecord
1000
SBMxG
  0
XRECORD
  5
1000029F
102
{ACAD_REACTORS
330
1000029D
102
}
330
1000029D
100
AcDbXrecord
1000
RCMD
  0
XRECORD
  5
100002A0
102
{ACAD_REACTORS
330
1000029D
102
}
330
1000029D
100
AcDbXrecord
1000
RDMD
  0
XRECORD
  5
100002A3
102
{ACAD_REACTORS
330
100002A2
102
}
330
100002A2
100
AcDbXrecord
1000
SBMBU
  0
XRECORD
  5
100002A4
102
{ACAD_REACTORS
330
100002A2
102
}
330
100002A2
100
AcDbXrecord
1000
RCMD
  0
XRECORD
  5
100002A5
102
{ACAD_REACTORS
330
100002A2
102
}
330
100002A2
100
AcDbXrecord
1000
RDMD
  0
XRECORD
  5
100002A8
102
{ACAD_REACTORS
330
100002A7
102
}
330
100002A7
100
AcDbXrecord
1000
SBMJM
  0
XRECORD
  5
100002A9
102
{ACAD_REACTORS
330
100002A7
102
}
330
100002A7
100
AcDbXrecord
1000
RCMD
  0
XRECORD
  5
100002AA
102
{ACAD_REACTORS
330
100002A7
102
}
330
100002A7
100
AcDbXrecord
1000
RDMD
  0
XRECORD
  5
100002AD
102
{ACAD_REACTORS
330
100002AC
102
}
330
100002AC
100
AcDbXrecord
1000
SBMJU
  0
XRECORD
  5
100002AE
102
{ACAD_REACTORS
330
100002AC
102
}
330
100002AC
100
AcDbXrecord
1000
RCMD
  0
XRECORD
  5
100002AF
102
{ACAD_REACTORS
330
100002AC
102
}
330
100002AC
100
AcDbXrecord
1000
RDMD
  0
XRECORD
  5
100002B2
102
{ACAD_REACTORS
330
100002B1
102
}
330
100002B1
100
AcDbXrecord
1000
SBM1G
  0
XRECORD
  5
100002B3
102
{ACAD_REACTORS
330
100002B1
102
}
330
100002B1
100
AcDbXrecord
1000
RCMD
  0
XRECORD
  5
100002B4
102
{ACAD_REACTORS
330
100002B1
102
}
330
100002B1
100
AcDbXrecord
1000
RDMD
  0
XRECORD
  5
100002B7
102
{ACAD_REACTORS
330
100002B6
102
}
330
100002B6
100
AcDbXrecord
1000
SBM5B
  0
XRECORD
  5
100002B8
102
{ACAD_REACTORS
330
100002B6
102
}
330
100002B6
100
AcDbXrecord
1000
RCMD
  0
XRECORD
  5
100002B9
102
{ACAD_REACTORS
330
100002B6
102
}
330
100002B6
100
AcDbXrecord
1000
RDMD
  0
XRECORD
  5
100002BC
102
{ACAD_REACTORS
330
100002BB
102
}
330
100002BB
100
AcDbXrecord
1000
SBMBH
  0
XRECORD
  5
100002BD
102
{ACAD_REACTORS
330
100002BB
102
}
330
100002BB
100
AcDbXrecord
1000
RCMD
  0
XRECORD
  5
100002BE
102
{ACAD_REACTORS
330
100002BB
102
}
330
100002BB
100
AcDbXrecord
1000
RDMD
  0
XRECORD
  5
100002C1
102
{ACAD_REACTORS
330
100002C0
102
}
330
100002C0
100
AcDbXrecord
1000
SBMRU
  0
XRECORD
  5
100002C2
102
{ACAD_REACTORS
330
100002C0
102
}
330
100002C0
100
AcDbXrecord
1000
RCMD
  0
XRECORD
  5
100002C3
102
{ACAD_REACTORS
330
100002C0
102
}
330
100002C0
100
AcDbXrecord
1000
RDMD
  0
XRECORD
  5
100002C6
102
{ACAD_REACTORS
330
100002C5
102
}
330
100002C5
100
AcDbXrecord
1000
SBMNM
  0
XRECORD
  5
100002C7
102
{ACAD_REACTORS
330
100002C5
102
}
330
100002C5
100
AcDbXrecord
1000
RCMD
  0
XRECORD
  5
100002C8
102
{ACAD_REACTORS
330
100002C5
102
}
330
100002C5
100
AcDbXrecord
1000
RDMD
  0
XRECORD
  5
100002CD
102
{ACAD_REACTORS
330
100002CA
102
}
330
100002CA
100
AcDbXrecord
 40
2.108200000000001
  0
XRECORD
  5
100002CB
102
{ACAD_REACTORS
330
100002CA
102
}
330
100002CA
100
AcDbXrecord
1000
SBMxK
  0
XRECORD
  5
100002CC
102
{ACAD_REACTORS
330
100002CA
102
}
330
100002CA
100
AcDbXrecord
1000
SBMqB
  0
XRECORD
  5
100002CE
102
{ACAD_REACTORS
330
100002CA
102
}
330
100002CA
100
AcDbXrecord
1000
RCMD
  0
XRECORD
  5
100002CF
102
{ACAD_REACTORS
330
100002CA
102
}
330
100002CA
100
AcDbXrecord
1000
RDMD
  0
XRECORD
  5
100002D4
102
{ACAD_REACTORS
330
100002D1
102
}
330
100002D1
100
AcDbXrecord
 40
2.108200000000001
  0
XRECORD
  5
100002D2
102
{ACAD_REACTORS
330
100002D1
102
}
330
100002D1
100
AcDbXrecord
1000
SBM1K
  0
XRECORD
  5
100002D3
102
{ACAD_REACTORS
330
100002D1
102
}
330
100002D1
100
AcDbXrecord
1000
SBMqB
  0
XRECORD
  5
100002D5
102
{ACAD_REACTORS
330
100002D1
102
}
330
100002D1
100
AcDbXrecord
1000
RCMD
  0
XRECORD
  5
100002D6
102
{ACAD_REACTORS
330
100002D1
102
}
330
100002D1
100
AcDbXrecord
1000
RDMD
  0
XRECORD
  5
100002DB
102
{ACAD_REACTORS
330
100002D8
102
}
330
100002D8
100
AcDbXrecord
 40
2.108200000000001
  0
XRECORD
  5
100002D9
102
{ACAD_REACTORS
330
100002D8
102
}
330
100002D8
100
AcDbXrecord
1000
SBMhJ
  0
XRECORD
  5
100002DA
102
{ACAD_REACTORS
330
100002D8
102
}
330
100002D8
100
AcDbXrecord
1000
SBMqB
  0
XRECORD
  5
100002DC
102
{ACAD_REACTORS
330
100002D8
102
}
330
100002D8
100
AcDbXrecord
1000
RCMD
  0
XRECORD
  5
100002DD
102
{ACAD_REACTORS
330
100002D8
102
}
330
100002D8
100
AcDbXrecord
1000
RDMD
  0
XRECORD
  5
100002E2
102
{ACAD_REACTORS
330
100002DF
102
}
330
100002DF
100
AcDbXrecord
 40
2.108200000000001
  0
XRECORD
  5
100002E0
102
{ACAD_REACTORS
330
100002DF
102
}
330
100002DF
100
AcDbXrecord
1000
SBMlJ
  0
XRECORD
  5
100002E1
102
{ACAD_REACTORS
330
100002DF
102
}
330
100002DF
100
AcDbXrecord
1000
SBMqB
  0
XRECORD
  5
100002E3
102
{ACAD_REACTORS
330
100002DF
102
}
330
100002DF
100
AcDbXrecord
1000
RCMD
  0
XRECORD
  5
100002E4
102
{ACAD_REACTORS
330
100002DF
102
}
330
100002DF
100
AcDbXrecord
1000
RDMD
  0
XRECORD
  5
100002E9
102
{ACAD_REACTORS
330
100002E6
102
}
330
100002E6
100
AcDbXrecord
 40
2.108200000000001
  0
XRECORD
  5
100002E7
102
{ACAD_REACTORS
330
100002E6
102
}
330
100002E6
100
AcDbXrecord
1000
RBMx
  0
XRECORD
  5
100002E8
102
{ACAD_REACTORS
330
100002E6
102
}
330
100002E6
100
AcDbXrecord
1000
SBMqB
  0
XRECORD
  5
100002EA
102
{ACAD_REACTORS
330
100002E6
102
}
330
100002E6
100
AcDbXrecord
1000
RCMD
  0
XRECORD
  5
100002EB
102
{ACAD_REACTORS
330
100002E6
102
}
330
100002E6
100
AcDbXrecord
1000
RDMD
  0
XRECORD
  5
100002F0
102
{ACAD_REACTORS
330
100002ED
102
}
330
100002ED
100
AcDbXrecord
 40
2.108200000000001
  0
XRECORD
  5
100002EE
102
{ACAD_REACTORS
330
100002ED
102
}
330
100002ED
100
AcDbXrecord
1000
RBM1
  0
XRECORD
  5
100002EF
102
{ACAD_REACTORS
330
100002ED
102
}
330
100002ED
100
AcDbXrecord
1000
SBMqB
  0
XRECORD
  5
100002F1
102
{ACAD_REACTORS
330
100002ED
102
}
330
100002ED
100
AcDbXrecord
1000
RCMD
  0
XRECORD
  5
100002F2
102
{ACAD_REACTORS
330
100002ED
102
}
330
100002ED
100
AcDbXrecord
1000
RDMD
  0
XRECORD
  5
100002F7
102
{ACAD_REACTORS
330
100002F4
102
}
330
100002F4
100
AcDbXrecord
 40
2.108200000000001
  0
XRECORD
  5
100002F5
102
{ACAD_REACTORS
330
100002F4
102
}
330
100002F4
100
AcDbXrecord
1000
SBMRJ
  0
XRECORD
  5
100002F6
102
{ACAD_REACTORS
330
100002F4
102
}
330
100002F4
100
AcDbXrecord
1000
SBMqB
  0
XRECORD
  5
100002F8
102
{ACAD_REACTORS
330
100002F4
102
}
330
100002F4
100
AcDbXrecord
1000
RCMD
  0
XRECORD
  5
100002F9
102
{ACAD_REACTORS
330
100002F4
102
}
330
100002F4
100
AcDbXrecord
1000
RDMD
  0
XRECORD
  5
100002FE
102
{ACAD_REACTORS
330
100002FB
102
}
330
100002FB
100
AcDbXrecord
 40
2.108200000000001
  0
XRECORD
  5
100002FC
102
{ACAD_REACTORS
330
100002FB
102
}
330
100002FB
100
AcDbXrecord
1000
SBMVJ
  0
XRECORD
  5
100002FD
102
{ACAD_REACTORS
330
100002FB
102
}
330
100002FB
100
AcDbXrecord
1000
SBMqB
  0
XRECORD
  5
100002FF
102
{ACAD_REACTORS
330
100002FB
102
}
330
100002FB
100
AcDbXrecord
1000
RCMD
  0
XRECORD
  5
10000300
102
{ACAD_REACTORS
330
100002FB
102
}
330
100002FB
100
AcDbXrecord
1000
RDMD
  0
XRECORD
  5
10000305
102
{ACAD_REACTORS
330
10000302
102
}
330
10000302
100
AcDbXrecord
 40
2.108200000000001
  0
XRECORD
  5
10000303
102
{ACAD_REACTORS
330
10000302
102
}
330
10000302
100
AcDbXrecord
1000
SBMxL
  0
XRECORD
  5
10000304
102
{ACAD_REACTORS
330
10000302
102
}
330
10000302
100
AcDbXrecord
1000
SBMqB
  0
XRECORD
  5
10000306
102
{ACAD_REACTORS
330
10000302
102
}
330
10000302
100
AcDbXrecord
1000
RCMD
  0
XRECORD
  5
10000307
102
{ACAD_REACTORS
330
10000302
102
}
330
10000302
100
AcDbXrecord
1000
RDMD
  0
XRECORD
  5
1000030C
102
{ACAD_REACTORS
330
10000309
102
}
330
10000309
100
AcDbXrecord
 40
2.108200000000001
  0
XRECORD
  5
1000030A
102
{ACAD_REACTORS
330
10000309
102
}
330
10000309
100
AcDbXrecord
1000
SBM1L
  0
XRECORD
  5
1000030B
102
{ACAD_REACTORS
330
10000309
102
}
330
10000309
100
AcDbXrecord
1000
SBMqB
  0
XRECORD
  5
1000030D
102
{ACAD_REACTORS
330
10000309
102
}
330
10000309
100
AcDbXrecord
1000
RCMD
  0
XRECORD
  5
1000030E
102
{ACAD_REACTORS
330
10000309
102
}
330
10000309
100
AcDbXrecord
1000
RDMD
  0
XRECORD
  5
10000313
102
{ACAD_REACTORS
330
10000310
102
}
330
10000310
100
AcDbXrecord
 40
2.108200000000001
  0
XRECORD
  5
10000311
102
{ACAD_REACTORS
330
10000310
102
}
330
10000310
100
AcDbXrecord
1000
SBMhL
  0
XRECORD
  5
10000312
102
{ACAD_REACTORS
330
10000310
102
}
330
10000310
100
AcDbXrecord
1000
SBMqB
  0
XRECORD
  5
10000314
102
{ACAD_REACTORS
330
10000310
102
}
330
10000310
100
AcDbXrecord
1000
RCMD
  0
XRECORD
  5
10000315
102
{ACAD_REACTORS
330
10000310
102
}
330
10000310
100
AcDbXrecord
1000
RDMD
  0
XRECORD
  5
1000031A
102
{ACAD_REACTORS
330
10000317
102
}
330
10000317
100
AcDbXrecord
 40
2.108200000000001
  0
XRECORD
  5
10000318
102
{ACAD_REACTORS
330
10000317
102
}
330
10000317
100
AcDbXrecord
1000
SBMlL
  0
XRECORD
  5
10000319
102
{ACAD_REACTORS
330
10000317
102
}
330
10000317
100
AcDbXrecord
1000
SBMqB
  0
XRECORD
  5
1000031B
102
{ACAD_REACTORS
330
10000317
102
}
330
10000317
100
AcDbXrecord
1000
RCMD
  0
XRECORD
  5
1000031C
102
{ACAD_REACTORS
330
10000317
102
}
330
10000317
100
AcDbXrecord
1000
RDMD
  0
XRECORD
  5
10000321
102
{ACAD_REACTORS
330
1000031E
102
}
330
1000031E
100
AcDbXrecord
 40
2.108200000000001
  0
XRECORD
  5
1000031F
102
{ACAD_REACTORS
330
1000031E
102
}
330
1000031E
100
AcDbXrecord
1000
SBMBL
  0
XRECORD
  5
10000320
102
{ACAD_REACTORS
330
1000031E
102
}
330
1000031E
100
AcDbXrecord
1000
SBMqB
  0
XRECORD
  5
10000322
102
{ACAD_REACTORS
330
1000031E
102
}
330
1000031E
100
AcDbXrecord
1000
RCMD
  0
XRECORD
  5
10000323
102
{ACAD_REACTORS
330
1000031E
102
}
330
1000031E
100
AcDbXrecord
1000
RDMD
  0
XRECORD
  5
10000328
102
{ACAD_REACTORS
330
10000325
102
}
330
10000325
100
AcDbXrecord
 40
2.108200000000001
  0
XRECORD
  5
10000326
102
{ACAD_REACTORS
330
10000325
102
}
330
10000325
100
AcDbXrecord
1000
SBMFL
  0
XRECORD
  5
10000327
102
{ACAD_REACTORS
330
10000325
102
}
330
10000325
100
AcDbXrecord
1000
SBMqB
  0
XRECORD
  5
10000329
102
{ACAD_REACTORS
330
10000325
102
}
330
10000325
100
AcDbXrecord
1000
RCMD
  0
XRECORD
  5
1000032A
102
{ACAD_REACTORS
330
10000325
102
}
330
10000325
100
AcDbXrecord
1000
RDMD
  0
XRECORD
  5
1000032F
102
{ACAD_REACTORS
330
1000032C
102
}
330
1000032C
100
AcDbXrecord
 40
2.108200000000001
  0
XRECORD
  5
1000032D
102
{ACAD_REACTORS
330
1000032C
102
}
330
1000032C
100
AcDbXrecord
1000
SBMRL
  0
XRECORD
  5
1000032E
102
{ACAD_REACTORS
330
1000032C
102
}
330
1000032C
100
AcDbXrecord
1000
SBMqB
  0
XRECORD
  5
10000330
102
{ACAD_REACTORS
330
1000032C
102
}
330
1000032C
100
AcDbXrecord
1000
RCMD
  0
XRECORD
  5
10000331
102
{ACAD_REACTORS
330
1000032C
102
}
330
1000032C
100
AcDbXrecord
1000
RDMD
  0
XRECORD
  5
10000336
102
{ACAD_REACTORS
330
10000333
102
}
330
10000333
100
AcDbXrecord
 40
2.108200000000001
  0
XRECORD
  5
10000334
102
{ACAD_REACTORS
330
10000333
102
}
330
10000333
100
AcDbXrecord
1000
SBMVL
  0
XRECORD
  5
10000335
102
{ACAD_REACTORS
330
10000333
102
}
330
10000333
100
AcDbXrecord
1000
SBMqB
  0
XRECORD
  5
10000337
102
{ACAD_REACTORS
330
10000333
102
}
330
10000333
100
AcDbXrecord
1000
RCMD
  0
XRECORD
  5
10000338
102
{ACAD_REACTORS
330
10000333
102
}
330
10000333
100
AcDbXrecord
1000
RDMD
  0
XRECORD
  5
1000033D
102
{ACAD_REACTORS
330
1000033A
102
}
330
1000033A
100
AcDbXrecord
 40
2.108200000000001
  0
XRECORD
  5
1000033B
102
{ACAD_REACTORS
330
1000033A
102
}
330
1000033A
100
AcDbXrecord
1000
SBMRK
  0
XRECORD
  5
1000033C
102
{ACAD_REACTORS
330
1000033A
102
}
330
1000033A
100
AcDbXrecord
1000
SBMqB
  0
XRECORD
  5
1000033E
102
{ACAD_REACTORS
330
1000033A
102
}
330
1000033A
100
AcDbXrecord
1000
RCMD
  0
XRECORD
  5
1000033F
102
{ACAD_REACTORS
330
1000033A
102
}
330
1000033A
100
AcDbXrecord
1000
RDMD
  0
XRECORD
  5
10000344
102
{ACAD_REACTORS
330
10000341
102
}
330
10000341
100
AcDbXrecord
 40
2.108200000000001
  0
XRECORD
  5
10000342
102
{ACAD_REACTORS
330
10000341
102
}
330
10000341
100
AcDbXrecord
1000
SBMVK
  0
XRECORD
  5
10000343
102
{ACAD_REACTORS
330
10000341
102
}
330
10000341
100
AcDbXrecord
1000
SBMqB
  0
XRECORD
  5
10000345
102
{ACAD_REACTORS
330
10000341
102
}
330
10000341
100
AcDbXrecord
1000
RCMD
  0
XRECORD
  5
10000346
102
{ACAD_REACTORS
330
10000341
102
}
330
10000341
100
AcDbXrecord
1000
RDMD
  0
XRECORD
  5
1000034B
102
{ACAD_REACTORS
330
10000348
102
}
330
10000348
100
AcDbXrecord
 40
2.108200000000001
  0
XRECORD
  5
10000349
102
{ACAD_REACTORS
330
10000348
102
}
330
10000348
100
AcDbXrecord
1000
SBMhK
  0
XRECORD
  5
1000034A
102
{ACAD_REACTORS
330
10000348
102
}
330
10000348
100
AcDbXrecord
1000
SBMqB
  0
XRECORD
  5
1000034C
102
{ACAD_REACTORS
330
10000348
102
}
330
10000348
100
AcDbXrecord
1000
RCMD
  0
XRECORD
  5
1000034D
102
{ACAD_REACTORS
330
10000348
102
}
330
10000348
100
AcDbXrecord
1000
RDMD
  0
XRECORD
  5
10000352
102
{ACAD_REACTORS
330
1000034F
102
}
330
1000034F
100
AcDbXrecord
 40
2.108200000000001
  0
XRECORD
  5
10000350
102
{ACAD_REACTORS
330
1000034F
102
}
330
1000034F
100
AcDbXrecord
1000
SBMlK
  0
XRECORD
  5
10000351
102
{ACAD_REACTORS
330
1000034F
102
}
330
1000034F
100
AcDbXrecord
1000
SBMqB
  0
XRECORD
  5
10000353
102
{ACAD_REACTORS
330
1000034F
102
}
330
1000034F
100
AcDbXrecord
1000
RCMD
  0
XRECORD
  5
10000354
102
{ACAD_REACTORS
330
1000034F
102
}
330
1000034F
100
AcDbXrecord
1000
RDMD
  0
XRECORD
  5
10000359
102
{ACAD_REACTORS
330
10000356
102
}
330
10000356
100
AcDbXrecord
 40
2.108200000000001
  0
XRECORD
  5
10000357
102
{ACAD_REACTORS
330
10000356
102
}
330
10000356
100
AcDbXrecord
1000
SBMBK
  0
XRECORD
  5
10000358
102
{ACAD_REACTORS
330
10000356
102
}
330
10000356
100
AcDbXrecord
1000
SBMqB
  0
XRECORD
  5
1000035A
102
{ACAD_REACTORS
330
10000356
102
}
330
10000356
100
AcDbXrecord
1000
RCMD
  0
XRECORD
  5
1000035B
102
{ACAD_REACTORS
330
10000356
102
}
330
10000356
100
AcDbXrecord
1000
RDMD
  0
XRECORD
  5
10000360
102
{ACAD_REACTORS
330
1000035D
102
}
330
1000035D
100
AcDbXrecord
 40
2.108200000000001
  0
XRECORD
  5
1000035E
102
{ACAD_REACTORS
330
1000035D
102
}
330
1000035D
100
AcDbXrecord
1000
SBMFK
  0
XRECORD
  5
1000035F
102
{ACAD_REACTORS
330
1000035D
102
}
330
1000035D
100
AcDbXrecord
1000
SBMqB
  0
XRECORD
  5
10000361
102
{ACAD_REACTORS
330
1000035D
102
}
330
1000035D
100
AcDbXrecord
1000
RCMD
  0
XRECORD
  5
10000362
102
{ACAD_REACTORS
330
1000035D
102
}
330
1000035D
100
AcDbXrecord
1000
RDMD
  0
XRECORD
  5
10000367
102
{ACAD_REACTORS
330
10000364
102
}
330
10000364
100
AcDbXrecord
 40
2.108200000000001
  0
XRECORD
  5
10000365
102
{ACAD_REACTORS
330
10000364
102
}
330
10000364
100
AcDbXrecord
1000
SBMxJ
  0
XRECORD
  5
10000366
102
{ACAD_REACTORS
330
10000364
102
}
330
10000364
100
AcDbXrecord
1000
SBMqB
  0
XRECORD
  5
10000368
102
{ACAD_REACTORS
330
10000364
102
}
330
10000364
100
AcDbXrecord
1000
RCMD
  0
XRECORD
  5
10000369
102
{ACAD_REACTORS
330
10000364
102
}
330
10000364
100
AcDbXrecord
1000
RDMD
  0
XRECORD
  5
1000036E
102
{ACAD_REACTORS
330
1000036B
102
}
330
1000036B
100
AcDbXrecord
 40
2.108200000000001
  0
XRECORD
  5
1000036C
102
{ACAD_REACTORS
330
1000036B
102
}
330
1000036B
100
AcDbXrecord
1000
SBM1J
  0
XRECORD
  5
1000036D
102
{ACAD_REACTORS
330
1000036B
102
}
330
1000036B
100
AcDbXrecord
1000
SBMqB
  0
XRECORD
  5
1000036F
102
{ACAD_REACTORS
330
1000036B
102
}
330
1000036B
100
AcDbXrecord
1000
RCMD
  0
XRECORD
  5
10000370
102
{ACAD_REACTORS
330
1000036B
102
}
330
1000036B
100
AcDbXrecord
1000
RDMD
  0
MATERIAL
  5
45
102
{ACAD_REACTORS
330
43
102
}
102
{ACAD_XDICTIONARY
360
100003A6
102
}
330
43
100
AcDbMaterial
  1
BYBLOCK
  0
MATERIAL
  5
44
102
{ACAD_REACTORS
330
43
102
}
102
{ACAD_XDICTIONARY
360
100003A4
102
}
330
43
100
AcDbMaterial
  1
BYLAYER
  0
MATERIAL
  5
46
102
{ACAD_REACTORS
330
43
102
}
102
{ACAD_XDICTIONARY
360
100003A8
102
}
330
43
100
AcDbMaterial
  1
GLOBAL
  0
ACAD_PROXY_OBJECT
  5
5C
102
{ACAD_REACTORS
330
5B
102
}
330
5B
100
AcDbProxyObject
 90
      499
 91
      505
 93
      610
310
40901902A4063FBFFFFFE0000000000000020400000000000020404214DD185B99185C990000000000000104090141901A00000000000004100000000000000041025764000000000000039000
340
14
340
0
340
11
340
0
 94
        0
1001
ACAD_MLEADERVER
1070
     2
  0
MLINESTYLE
  5
18
102
{ACAD_REACTORS
330
17
102
}
330
17
100
AcDbMlineStyle
  2
Standard
 70
     0
  3

 62
   256
 51
90.0
 52
90.0
 71
     2
 49
0.5
 62
   256
  6
BYLAYER
 49
-0.5
 62
   256
  6
BYLAYER
  0
ACAD_PROXY_OBJECT
  5
10000023
102
{ACAD_REACTORS
330
47
102
}
330
47
100
AcDbProxyObject
 90
      499
 91
      503
 93
      121
310
9053130303A310000000000001650100
  0
ACAD_PROXY_OBJECT
  5
1000001D
102
{ACAD_REACTORS
330
47
102
}
330
47
100
AcDbProxyObject
 90
      499
 91
      503
 93
      113
310
90431303A310000000000000910100
  0
ACAD_PROXY_OBJECT
  5
1000001E
102
{ACAD_REACTORS
330
47
102
}
330
47
100
AcDbProxyObject
 90
      499
 91
      503
 93
      113
310
90431323A310000000000000A10100
  0
ACAD_PROXY_OBJECT
  5
1000001F
102
{ACAD_REACTORS
330
47
102
}
330
47
100
AcDbProxyObject
 90
      499
 91
      503
 93
      113
310
90431363A310000000000000C10100
  0
ACAD_PROXY_OBJECT
  5
10000006
102
{ACAD_REACTORS
330
47
102
}
330
47
100
AcDbProxyObject
 90
      499
 91
      503
 93
       41
310
903313A31500
  0
ACAD_PROXY_OBJECT
  5
1000000D
102
{ACAD_REACTORS
330
47
102
}
330
47
100
AcDbProxyObject
 90
      499
 91
      503
 93
      113
310
904313A31304000000000000244000
  0
ACAD_PROXY_OBJECT
  5
10000016
102
{ACAD_REACTORS
330
47
102
}
330
47
100
AcDbProxyObject
 90
      499
 91
      503
 93
      121
310
905313A3130304000000000000594000
  0
ACAD_PROXY_OBJECT
  5
1000000E
102
{ACAD_REACTORS
330
47
102
}
330
47
100
AcDbProxyObject
 90
      499
 91
      503
 93
      113
310
904313A31324000000000000284000
  0
ACAD_PROXY_OBJECT
  5
1000000F
102
{ACAD_REACTORS
330
47
102
}
330
47
100
AcDbProxyObject
 90
      499
 91
      503
 93
      113
310
904313A31364000000000000304000
  0
ACAD_PROXY_OBJECT
  5
10000007
102
{ACAD_REACTORS
330
47
102
}
330
47
100
AcDbProxyObject
 90
      499
 91
      503
 93
      105
310
903313A324000000000000004000
  0
ACAD_PROXY_OBJECT
  5
10000010
102
{ACAD_REACTORS
330
47
102
}
330
47
100
AcDbProxyObject
 90
      499
 91
      503
 93
      113
310
904313A32304000000000000344000
  0
ACAD_PROXY_OBJECT
  5
10000011
102
{ACAD_REACTORS
330
47
102
}
330
47
100
AcDbProxyObject
 90
      499
 91
      503
 93
      113
310
904313A32354000000000000394000
  0
ACAD_PROXY_OBJECT
  5
10000008
102
{ACAD_REACTORS
330
47
102
}
330
47
100
AcDbProxyObject
 90
      499
 91
      503
 93
      105
310
903313A334000000000000084000
  0
ACAD_PROXY_OBJECT
  5
10000012
102
{ACAD_REACTORS
330
47
102
}
330
47
100
AcDbProxyObject
 90
      499
 91
      503
 93
      113
310
904313A33324000000000000404000
  0
ACAD_PROXY_OBJECT
  5
10000009
102
{ACAD_REACTORS
330
47
102
}
330
47
100
AcDbProxyObject
 90
      499
 91
      503
 93
      105
310
903313A344000000000000104000
  0
ACAD_PROXY_OBJECT
  5
10000013
102
{ACAD_REACTORS
330
47
102
}
330
47
100
AcDbProxyObject
 90
      499
 91
      503
 93
      113
310
904313A34304000000000000444000
  0
ACAD_PROXY_OBJECT
  5
1000000A
102
{ACAD_REACTORS
330
47
102
}
330
47
100
AcDbProxyObject
 90
      499
 91
      503
 93
      105
310
903313A354000000000000144000
  0
ACAD_PROXY_OBJECT
  5
10000014
102
{ACAD_REACTORS
330
47
102
}
330
47
100
AcDbProxyObject
 90
      499
 91
      503
 93
      113
310
904313A35304000000000000494000
  0
ACAD_PROXY_OBJECT
  5
1000000B
102
{ACAD_REACTORS
330
47
102
}
330
47
100
AcDbProxyObject
 90
      499
 91
      503
 93
      105
310
903313A364000000000000184000
  0
ACAD_PROXY_OBJECT
  5
1000000C
102
{ACAD_REACTORS
330
47
102
}
330
47
100
AcDbProxyObject
 90
      499
 91
      503
 93
      105
310
903313A384000000000000204000
  0
ACAD_PROXY_OBJECT
  5
10000015
102
{ACAD_REACTORS
330
47
102
}
330
47
100
AcDbProxyObject
 90
      499
 91
      503
 93
      113
310
904313A38304000000000000544000
  0
ACAD_PROXY_OBJECT
  5
10000020
102
{ACAD_REACTORS
330
47
102
}
330
47
100
AcDbProxyObject
 90
      499
 91
      503
 93
      113
310
90432303A310000000000000D10100
  0
ACAD_PROXY_OBJECT
  5
10000017
102
{ACAD_REACTORS
330
47
102
}
330
47
100
AcDbProxyObject
 90
      499
 91
      503
 93
      105
310
903323A310000000000000010100
  0
ACAD_PROXY_OBJECT
  5
10000021
102
{ACAD_REACTORS
330
47
102
}
330
47
100
AcDbProxyObject
 90
      499
 91
      503
 93
      113
310
90433323A310000000000001010100
  0
ACAD_PROXY_OBJECT
  5
10000018
102
{ACAD_REACTORS
330
47
102
}
330
47
100
AcDbProxyObject
 90
      499
 91
      503
 93
      105
310
903333A310000000000000210100
  0
ACAD_PROXY_OBJECT
  5
10000019
102
{ACAD_REACTORS
330
47
102
}
330
47
100
AcDbProxyObject
 90
      499
 91
      503
 93
      105
310
903343A310000000000000410100
  0
ACAD_PROXY_OBJECT
  5
10000022
102
{ACAD_REACTORS
330
47
102
}
330
47
100
AcDbProxyObject
 90
      499
 91
      503
 93
      113
310
90435303A310000000000001250100
  0
ACAD_PROXY_OBJECT
  5
1000001A
102
{ACAD_REACTORS
330
47
102
}
330
47
100
AcDbProxyObject
 90
      499
 91
      503
 93
      105
310
903353A310000000000000510100
  0
ACAD_PROXY_OBJECT
  5
1000001B
102
{ACAD_REACTORS
330
47
102
}
330
47
100
AcDbProxyObject
 90
      499
 91
      503
 93
      105
310
903363A310000000000000610100
  0
ACAD_PROXY_OBJECT
  5
1000001C
102
{ACAD_REACTORS
330
47
102
}
330
47
100
AcDbProxyObject
 90
      499
 91
      503
 93
      105
310
903383A310000000000000810100
  0
ACAD_PROXY_OBJECT
  5
2F
102
{ACAD_REACTORS
330
2A
102
}
330
2A
100
AcDbProxyObject
 90
      499
 91
      501
 93
      436
310
42CC9915DA5C99599C985B595049028333333333333E33F0000000000000F90107901411070040501600405405064090741402480A0340
1001
ACAD
1000
AcDbSavedByObjectVersion
1070
     0
  0
ACAD_PROXY_OBJECT
  5
32
102
{ACAD_REACTORS
330
2A
102
}
330
2A
100
AcDbProxyObject
 90
      499
 91
      501
 93
      388
310
4150985CDA58D07406404333333333333E33F0000000000000F90107A41107004050150841D405064090741402480A0350
1001
ACAD
1000
AcDbSavedByObjectVersion
1070
     0
  0
ACAD_PROXY_OBJECT
  5
36
102
{ACAD_REACTORS
330
2A
102
}
330
2A
100
AcDbProxyObject
 90
      499
 91
      501
 93
      428
310
42109C9A59DA1D195B90C409028333333333333E33F0000000000000F9010790141107004050150841D405064090741402480A029950
1001
ACAD
1000
AcDbSavedByObjectVersion
1070
     0
  0
ACAD_PROXY_OBJECT
  5
3A
102
{ACAD_REACTORS
330
2A
102
}
330
2A
100
AcDbProxyObject
 90
      499
 91
      501
 93
      452
310
42D0DBDB1BDC90DA185B99D95104090240C333333333333E33F0000000000000F90108901411070040501508421405064090741402480A0350
1001
ACAD
1000
AcDbSavedByObjectVersion
1070
     0
  0
ACAD_PROXY_OBJECT
  5
34
102
{ACAD_REACTORS
330
2A
102
}
330
2A
100
AcDbProxyObject
 90
      499
 91
      501
 93
      500
310
4290DBDB98D95C1D1D585B10940D028333333333333E33F0000000000000F90107902409070040501000000000018199010841D405064090740C02480A0340
1001
ACAD
1000
AcDbSavedByObjectVersion
1070
     0
  0
ACAD_PROXY_OBJECT
  5
35
102
{ACAD_REACTORS
330
2A
102
}
330
2A
100
AcDbProxyObject
 90
      499
 91
      501
 93
      412
310
40D11A5B50B409028333333333333E33F0000000000000F9010790141107004050150841D405064090741402480A02677FFFFFD0
1001
ACAD
1000
AcDbSavedByObjectVersion
1070
     0
  0
ACAD_PROXY_OBJECT
  5
3D
102
{ACAD_REACTORS
330
2A
102
}
330
2A
100
AcDbProxyObject
 90
      499
 91
      501
 93
      452
310
43115919D950DBDB1BDC93D999916409028333333333333E33F0000000000000F9010790141107004050150841D405064090741402480A0350
1001
ACAD
1000
AcDbSavedByObjectVersion
1070
     0
  0
ACAD_PROXY_OBJECT
  5
39
102
{ACAD_REACTORS
330
2A
102
}
330
2A
100
AcDbProxyObject
 90
      499
 91
      501
 93
      444
310
42D19858D95C185D1D195C9B90F409028333333333333E33F0000000000000F9010790141107004050150841D405064090741402480A0350
1001
ACAD
1000
AcDbSavedByObjectVersion
1070
     0
  0
ACAD_PROXY_OBJECT
  5
2B
102
{ACAD_REACTORS
330
2A
102
}
330
2A
100
AcDbProxyObject
 90
      499
 91
      501
 93
      380
310
41119B185D240901404333333333333E33F0000000000000F9010740A907004050150841D405064090741402480A1B50
1001
ACAD
1000
AcDbSavedByObjectVersion
1070
     0
  0
ACAD_PROXY_OBJECT
  5
2C
102
{ACAD_REACTORS
330
2A
102
}
330
2A
100
AcDbProxyObject
 90
      499
 91
      501
 93
      468
310
43519B185D15DA5D1A115919D95CD0140901404333333333333E33F0000000000000F90107409019070040501600405405064090741402480A1B50
1001
ACAD
1000
AcDbSavedByObjectVersion
1070
     0
  0
ACAD_PROXY_OBJECT
  5
2D
102
{ACAD_REACTORS
330
2A
102
}
330
2A
100
AcDbProxyObject
 90
      499
 91
      501
 93
      404
310
41D1DBDD5C985D5910240902404333333333333E33F0000000000000F9010740A9070040501641D405064090741402480A1B50
1001
ACAD
1000
AcDbSavedByObjectVersion
1070
     0
  0
ACAD_PROXY_OBJECT
  5
2E
102
{ACAD_REACTORS
330
2A
102
}
330
2A
100
AcDbProxyObject
 90
      499
 91
      501
 93
      492
310
4411DBDD5C985D5915DA5D1A115919D95CD0340902404333333333333E33F0000000000000F90107409019070040501600405405064090741402480A1B50
1001
ACAD
1000
AcDbSavedByObjectVersion
1070
     0
  0
ACAD_PROXY_OBJECT
  5
31
102
{ACAD_REACTORS
330
2A
102
}
330
2A
100
AcDbProxyObject
 90
      499
 91
      501
 93
      476
310
41921A5919195B90640502408333333333333E33F0000000000000F901079024090700405020000000000001110200405405064090740C02480A0340
1001
ACAD
1000
AcDbSavedByObjectVersion
1070
     0
  0
ACAD_PROXY_OBJECT
  5
3B
102
{ACAD_REACTORS
330
2A
102
}
330
2A
100
AcDbProxyObject
 90
      499
 91
      501
 93
      428
310
42529A5D1D195C93D999914409028333333333333E33F0000000000000F9010790141107004050150A41D405064090741402480A0350
1001
ACAD
1000
AcDbSavedByObjectVersion
1070
     0
  0
ACAD_PROXY_OBJECT
  5
38
102
{ACAD_REACTORS
330
2A
102
}
330
2A
100
AcDbProxyObject
 90
      499
 91
      501
 93
      444
310
42D31A5B995C185D1D195C9B90E409028333333333333E33F0000000000000F9010790141107004050750841D405064090741402483A0350
1001
ACAD
1000
AcDbSavedByObjectVersion
1070
     0
  0
ACAD_PROXY_OBJECT
  5
3C
102
{ACAD_REACTORS
330
2A
102
}
330
2A
100
AcDbProxyObject
 90
      499
 91
      501
 93
      444
310
42D3DD995C9A185B99D3D999915409028333333333333E33F0000000000000F9010790141107004050150941D405064090741402480A0350
1001
ACAD
1000
AcDbSavedByObjectVersion
1070
     0
  0
ACAD_PROXY_OBJECT
  5
33
102
{ACAD_REACTORS
330
2A
102
}
330
2A
100
AcDbProxyObject
 90
      499
 91
      501
 93
      428
310
425499585B1A5CDD1A58D08409038333333333333E33F0000000000000F9010740A907004050150800405405064090740C02480A1B40
1001
ACAD
1000
AcDbSavedByObjectVersion
1070
     0
  0
ACAD_PROXY_OBJECT
  5
42
102
{ACAD_REACTORS
330
2A
102
}
330
2A
100
AcDbProxyObject
 90
      499
 91
      501
 93
      420
310
4194DA1859195911B40902404333333333333E33F0000000000000F9010740A41107004050150800405405064090840C02480A0B40
1001
ACAD
1000
AcDbSavedByObjectVersion
1070
     0
  0
ACAD_PROXY_OBJECT
  5
41
102
{ACAD_REACTORS
330
2A
102
}
330
2A
100
AcDbProxyObject
 90
      499
 91
      501
 93
      516
310
4454DA18591959081DDA5D1A08195919D95CD1A40902404333333333333E33F0000000000000F901074090142907004050250800405405064090740C02480A0B40
1001
ACAD
1000
AcDbSavedByObjectVersion
1070
     0
  0
ACAD_PROXY_OBJECT
  5
3E
102
{ACAD_REACTORS
330
2A
102
}
330
2A
100
AcDbProxyObject
 90
      499
 91
      501
 93
      532
310
4394DA1859195CC81BD98811DC985E5174090240C333333333333E33F0000000000000F901079024090741D01000000000000111010841D405064090740C02480A0340
1001
ACAD
1000
AcDbSavedByObjectVersion
1070
     0
  0
ACAD_PROXY_OBJECT
  5
3F
102
{ACAD_REACTORS
330
2A
102
}
330
2A
100
AcDbProxyObject
 90
      499
 91
      501
 93
      476
310
41D4DAD95D18DA1E51840502408333333333333E33F0000000000000F901079024090741D01000000000000111010B41D405064090741802480A0340
1001
ACAD
1000
AcDbSavedByObjectVersion
1070
     0
  0
ACAD_PROXY_OBJECT
  5
37
102
{ACAD_REACTORS
330
2A
102
}
330
2A
100
AcDbProxyObject
 90
      499
 91
      501
 93
      412
310
41D51A1A58DAD95B90D409028333333333333E33F0000000000000F9010790141107004050150C41D405064090741402480A0350
1001
ACAD
1000
AcDbSavedByObjectVersion
1070
     0
  0
ACAD_PROXY_OBJECT
  5
30
102
{ACAD_REACTORS
330
2A
102
}
330
2A
100
AcDbProxyObject
 90
      499
 91
      501
 93
      420
310
4255DA5C99599C985B595059028333333333333E33F0000000000000F90107901411070040501600405405064090740C02480A0340
1001
ACAD
1000
AcDbSavedByObjectVersion
1070
     0
  0
ACAD_PROXY_OBJECT
  5
40
102
{ACAD_REACTORS
330
2A
102
}
330
2A
100
AcDbProxyObject
 90
      499
 91
      501
 93
      404
310
41560B54985E51940902404000000000000E03F0000000000000F9010740501907004050150841D405064090740C02480A1B40
1001
ACAD
1000
AcDbSavedByObjectVersion
1070
     0
  0
XRECORD
  5
1000037D
102
{ACAD_REACTORS
330
10000373
102
}
330
10000373
100
AcDbXrecord
340
0
  0
XRECORD
  5
1000037C
102
{ACAD_REACTORS
330
10000373
102
}
330
10000373
100
AcDbXrecord
 90
        0
  0
XRECORD
  5
10000393
102
{ACAD_REACTORS
330
10000373
102
}
330
10000373
100
AcDbXrecord
1000
DSTYLE
1002
{
1070
   340
340
11
1002
}
  0
XRECORD
  5
1000037E
102
{ACAD_REACTORS
330
10000373
102
}
330
10000373
100
AcDbXrecord
  1
{6275b364-3865-7265-3930-767836b5f171}
  0
XRECORD
  5
10000376
102
{ACAD_REACTORS
330
10000373
102
}
330
10000373
100
AcDbXrecord
  1

  0
XRECORD
  5
1000037B
102
{ACAD_REACTORS
330
10000373
102
}
330
10000373
100
AcDbXrecord
 90
        4
  0
XRECORD
  5
10000378
102
{ACAD_REACTORS
330
10000373
102
}
330
10000373
100
AcDbXrecord
340
1A
  0
XRECORD
  5
1000037A
102
{ACAD_REACTORS
330
10000373
102
}
330
10000373
100
AcDbXrecord
 90
    10781
  0
XRECORD
  5
10000379
102
{ACAD_REACTORS
330
10000373
102
}
330
10000373
100
AcDbXrecord
340
19
  0
XRECORD
  5
10000380
102
{ACAD_REACTORS
330
10000373
102
}
330
10000373
100
AcDbXrecord
 40
0.0
  0
XRECORD
  5
10000383
102
{ACAD_REACTORS
330
10000373
102
}
330
10000373
100
AcDbXrecord
340
0
  0
XRECORD
  5
10000389
102
{ACAD_REACTORS
330
10000373
102
}
330
10000373
100
AcDbXrecord
 10
0.0
 20
0.0
 30
0.0
  0
XRECORD
  5
10000385
102
{ACAD_REACTORS
330
10000373
102
}
330
10000373
100
AcDbXrecord
 10
0.0
 20
0.0
 30
0.0
  0
XRECORD
  5
10000388
102
{ACAD_REACTORS
330
10000373
102
}
330
10000373
100
AcDbXrecord
 10
0.0
 20
0.0
 30
0.0
  0
XRECORD
  5
10000386
102
{ACAD_REACTORS
330
10000373
102
}
330
10000373
100
AcDbXrecord
 10
0.0
 20
0.0
 30
0.0
  0
XRECORD
  5
10000387
102
{ACAD_REACTORS
330
10000373
102
}
330
10000373
100
AcDbXrecord
 10
0.0
 20
0.0
 30
0.0
  0
XRECORD
  5
10000384
102
{ACAD_REACTORS
330
10000373
102
}
330
10000373
100
AcDbXrecord
 10
0.0
 20
0.0
 30
0.0
  0
XRECORD
  5
10000381
102
{ACAD_REACTORS
330
10000373
102
}
330
10000373
100
AcDbXrecord
340
0
  0
XRECORD
  5
10000382
102
{ACAD_REACTORS
330
10000373
102
}
330
10000373
100
AcDbXrecord
 70
     0
  0
XRECORD
  5
10000377
102
{ACAD_REACTORS
330
10000373
102
}
330
10000373
100
AcDbXrecord
  1

  0
XRECORD
  5
10000374
102
{ACAD_REACTORS
330
10000373
102
}
330
10000373
100
AcDbXrecord
 90
        1
  0
XRECORD
  5
10000375
102
{ACAD_REACTORS
330
10000373
102
}
330
10000373
100
AcDbXrecord
 90
       70
  0
XRECORD
  5
1000038C
102
{ACAD_REACTORS
330
10000373
102
}
330
10000373
100
AcDbXrecord
340
0
  0
XRECORD
  5
10000392
102
{ACAD_REACTORS
330
10000373
102
}
330
10000373
100
AcDbXrecord
 10
0.0
 20
0.0
 30
0.0
  0
XRECORD
  5
1000038E
102
{ACAD_REACTORS
330
10000373
102
}
330
10000373
100
AcDbXrecord
 10
0.0
 20
0.0
 30
0.0
  0
XRECORD
  5
10000391
102
{ACAD_REACTORS
330
10000373
102
}
330
10000373
100
AcDbXrecord
 10
0.0
 20
0.0
 30
0.0
  0
XRECORD
  5
1000038F
102
{ACAD_REACTORS
330
10000373
102
}
330
10000373
100
AcDbXrecord
 10
0.0
 20
0.0
 30
0.0
  0
XRECORD
  5
10000390
102
{ACAD_REACTORS
330
10000373
102
}
330
10000373
100
AcDbXrecord
 10
0.0
 20
0.0
 30
0.0
  0
XRECORD
  5
1000038D
102
{ACAD_REACTORS
330
10000373
102
}
330
10000373
100
AcDbXrecord
 10
0.0
 20
0.0
 30
0.0
  0
XRECORD
  5
1000038A
102
{ACAD_REACTORS
330
10000373
102
}
330
10000373
100
AcDbXrecord
340
0
  0
XRECORD
  5
1000038B
102
{ACAD_REACTORS
330
10000373
102
}
330
10000373
100
AcDbXrecord
 70
     0
  0
XRECORD
  5
1000037F
102
{ACAD_REACTORS
330
10000373
102
}
330
10000373
100
AcDbXrecord
  1
{FAEB1C32-E019-11D5-929B-00C0DF256EC4}
  0
DICTIONARYVAR
  5
100003A2
102
{ACAD_REACTORS
330
10000394
102
}
330
10000394
100
DictionaryVariables
280
     0
  1
1:1
  0
DICTIONARYVAR
  5
1000039B
102
{ACAD_REACTORS
330
10000394
102
}
330
10000394
100
DictionaryVariables
280
     0
  1
3.500000
  0
DICTIONARYVAR
  5
1000039C
102
{ACAD_REACTORS
330
10000394
102
}
330
10000394
100
DictionaryVariables
280
     0
  1
acadiso.lin
  0
DICTIONARYVAR
  5
10000396
102
{ACAD_REACTORS
330
10000394
102
}
330
10000394
100
DictionaryVariables
280
     0
  1
Standard
  0
DICTIONARYVAR
  5
10000395
102
{ACAD_REACTORS
330
10000394
102
}
330
10000394
100
DictionaryVariables
280
     0
  1
Standard
  0
DICTIONARYVAR
  5
1000039D
102
{ACAD_REACTORS
330
10000394
102
}
330
10000394
100
DictionaryVariables
280
     0
  1
2
  0
DICTIONARYVAR
  5
1000039E
102
{ACAD_REACTORS
330
10000394
102
}
330
10000394
100
DictionaryVariables
280
     0
  1
1
  0
DICTIONARYVAR
  5
100003A3
102
{ACAD_REACTORS
330
10000394
102
}
330
10000394
100
DictionaryVariables
280
     0
  1
1
  0
DICTIONARYVAR
  5
10000398
102
{ACAD_REACTORS
330
10000394
102
}
330
10000394
100
DictionaryVariables
280
     0
  1
80.000000
  0
DICTIONARYVAR
  5
10000397
102
{ACAD_REACTORS
330
10000394
102
}
330
10000394
100
DictionaryVariables
280
     0
  1
5.000000
  0
XRECORD
  5
10000003
102
{ACAD_REACTORS
330
10000001
102
}
330
10000001
100
AcDbXrecord
 70
     4
  0
XRECORD
  5
10000002
102
{ACAD_REACTORS
330
10000001
102
}
330
10000001
100
AcDbXrecord
1040
89.0
  0
ACAD_PROXY_OBJECT
  5
10000005
102
{ACAD_REACTORS
330
10000001
102
}
330
10000001
100
AcDbProxyObject
 90
      499
 91
      509
 93
       34
310
40C8804040
  0
DICTIONARY
  5
100003A6
330
45
100
AcDbDictionary
280
     1
  3
ACAD_XREC_ROUNDTRIP
360
100003A7
  0
DICTIONARY
  5
100003A4
330
44
100
AcDbDictionary
280
     1
  3
ACAD_XREC_ROUNDTRIP
360
100003A5
  0
DICTIONARY
  5
100003A8
330
46
100
AcDbDictionary
280
     1
  3
ACAD_XREC_ROUNDTRIP
360
100003A9
  0
XRECORD
  5
100003A7
102
{ACAD_REACTORS
330
100003A6
102
}
330
100003A6
100
AcDbXrecord
102
MATERIAL
148
0.0
149
0.0
149
0.0
 93
        0
 94
      127
282
     0
 72
     1
 77
     1
171
     1
175
     1
179
     1
273
     0
  0
XRECORD
  5
100003A5
102
{ACAD_REACTORS
330
100003A4
102
}
330
100003A4
100
AcDbXrecord
102
MATERIAL
148
0.0
149
0.0
149
0.0
 93
        0
 94
      127
282
     0
 72
     1
 77
     1
171
     1
175
     1
179
     1
273
     0
  0
XRECORD
  5
100003A9
102
{ACAD_REACTORS
330
100003A8
102
}
330
100003A8
100
AcDbXrecord
102
MATERIAL
148
0.0
149
0.0
149
0.0
 93
        0
 94
      127
282
     0
 72
     1
 77
     1
171
     1
175
     1
179
     1
273
     0
  0
ENDSEC
  0
EOF
