ISO-10303-21;
HEADER;
/* Generated by software containing ST-Developer
 * from STEP Tools, Inc. (www.steptools.com) 
 */
/* OPTION: using custom renumber hook */

FILE_DESCRIPTION(
/* description */ ('STEP AP242 Edition 2',
'CAx-IF Rec.Pracs.---Representation and Presentation of Product Manufa
cturing Information (PMI)---4.0---2014-10-13',
'CAx-IF Rec.Pracs.---3D Tessellated Geometry---0.4---2014-09-14','2;1',
'CAx-IF Rec.Pracs.---User Defined Attributes---1.5---2016-08-15'),
/* implementation_level */ '2;1');

FILE_NAME(
/* name */ '300k-collar - 300k-collar',
/* time_stamp */ '2026-08-10T21:13:58Z',
/* author */ (''),
/* organization */ (''),
/* preprocessor_version */ 'ST-DEVELOPER v20',
/* originating_system */ 'ONSHAPE BY PTC INC, 1.219',
/* authorisation */ '  ');

FILE_SCHEMA (('AP242_MANAGED_MODEL_BASED_3D_ENGINEERING_MIM_LF { 1 0 10303 442 3 1 4 }'));
ENDSEC;

DATA;
#10=SHAPE_REPRESENTATION_RELATIONSHIP('','',#6758,#11);
#11=ADVANCED_BREP_SHAPE_REPRESENTATION('',(#6756),#12433);
#12=SPHERICAL_SURFACE('',#7396,0.001);
#13=SPHERICAL_SURFACE('',#7399,0.001);
#14=SPHERICAL_SURFACE('',#7413,0.001);
#15=SPHERICAL_SURFACE('',#7416,0.001);
#16=SPHERICAL_SURFACE('',#7418,0.001);
#17=SPHERICAL_SURFACE('',#7420,0.001);
#18=SPHERICAL_SURFACE('',#7435,0.001);
#19=SPHERICAL_SURFACE('',#7438,0.001);
#20=SPHERICAL_SURFACE('',#7440,0.001);
#21=SPHERICAL_SURFACE('',#7442,0.001);
#22=SPHERICAL_SURFACE('',#7457,0.001);
#23=SPHERICAL_SURFACE('',#7460,0.001);
#24=SPHERICAL_SURFACE('',#7462,0.001);
#25=SPHERICAL_SURFACE('',#7464,0.001);
#26=SPHERICAL_SURFACE('',#7479,0.001);
#27=SPHERICAL_SURFACE('',#7482,0.001);
#28=SPHERICAL_SURFACE('',#7484,0.001);
#29=SPHERICAL_SURFACE('',#7486,0.001);
#30=SPHERICAL_SURFACE('',#7504,0.001);
#31=SPHERICAL_SURFACE('',#7506,0.001);
#32=SPHERICAL_SURFACE('',#7508,0.001);
#33=SPHERICAL_SURFACE('',#7510,0.001);
#34=SPHERICAL_SURFACE('',#7520,0.001);
#35=SPHERICAL_SURFACE('',#7522,0.001);
#36=LINE('',#11491,#108);
#37=LINE('',#11494,#109);
#38=LINE('',#11496,#110);
#39=LINE('',#11498,#111);
#40=LINE('',#11500,#112);
#41=LINE('',#11503,#113);
#42=LINE('',#11505,#114);
#43=LINE('',#11507,#115);
#44=LINE('',#11509,#116);
#45=LINE('',#11512,#117);
#46=LINE('',#11514,#118);
#47=LINE('',#11516,#119);
#48=LINE('',#11518,#120);
#49=LINE('',#11521,#121);
#50=LINE('',#11523,#122);
#51=LINE('',#11525,#123);
#52=LINE('',#11527,#124);
#53=LINE('',#11530,#125);
#54=LINE('',#11532,#126);
#55=LINE('',#11534,#127);
#56=LINE('',#11536,#128);
#57=LINE('',#11539,#129);
#58=LINE('',#11541,#130);
#59=LINE('',#11543,#131);
#60=LINE('',#11545,#132);
#61=LINE('',#11548,#133);
#62=LINE('',#11550,#134);
#63=LINE('',#11552,#135);
#64=LINE('',#11572,#136);
#65=LINE('',#11575,#137);
#66=LINE('',#11577,#138);
#67=LINE('',#11579,#139);
#68=LINE('',#11581,#140);
#69=LINE('',#11584,#141);
#70=LINE('',#11586,#142);
#71=LINE('',#11588,#143);
#72=LINE('',#11590,#144);
#73=LINE('',#11593,#145);
#74=LINE('',#11595,#146);
#75=LINE('',#11597,#147);
#76=LINE('',#11599,#148);
#77=LINE('',#11602,#149);
#78=LINE('',#11604,#150);
#79=LINE('',#11606,#151);
#80=LINE('',#11608,#152);
#81=LINE('',#11611,#153);
#82=LINE('',#11613,#154);
#83=LINE('',#11615,#155);
#84=LINE('',#11651,#156);
#85=LINE('',#11654,#157);
#86=LINE('',#11656,#158);
#87=LINE('',#11658,#159);
#88=LINE('',#11660,#160);
#89=LINE('',#11662,#161);
#90=LINE('',#11664,#162);
#91=LINE('',#11666,#163);
#92=LINE('',#11668,#164);
#93=LINE('',#11670,#165);
#94=LINE('',#11672,#166);
#95=LINE('',#11674,#167);
#96=LINE('',#11742,#168);
#97=LINE('',#11745,#169);
#98=LINE('',#11747,#170);
#99=LINE('',#11749,#171);
#100=LINE('',#11751,#172);
#101=LINE('',#11753,#173);
#102=LINE('',#11755,#174);
#103=LINE('',#11757,#175);
#104=LINE('',#11759,#176);
#105=LINE('',#11761,#177);
#106=LINE('',#11763,#178);
#107=LINE('',#11765,#179);
#108=VECTOR('',#8940,1.);
#109=VECTOR('',#8941,1.);
#110=VECTOR('',#8942,1.);
#111=VECTOR('',#8943,1.);
#112=VECTOR('',#8946,1.);
#113=VECTOR('',#8947,1.);
#114=VECTOR('',#8948,1.);
#115=VECTOR('',#8949,1.);
#116=VECTOR('',#8952,1.);
#117=VECTOR('',#8953,1.);
#118=VECTOR('',#8954,1.);
#119=VECTOR('',#8955,1.);
#120=VECTOR('',#8958,1.);
#121=VECTOR('',#8959,1.);
#122=VECTOR('',#8960,1.);
#123=VECTOR('',#8961,1.);
#124=VECTOR('',#8964,1.);
#125=VECTOR('',#8965,1.);
#126=VECTOR('',#8966,1.);
#127=VECTOR('',#8967,1.);
#128=VECTOR('',#8970,1.);
#129=VECTOR('',#8971,1.);
#130=VECTOR('',#8972,1.);
#131=VECTOR('',#8973,1.);
#132=VECTOR('',#8976,1.);
#133=VECTOR('',#8977,1.);
#134=VECTOR('',#8978,1.);
#135=VECTOR('',#8979,1.);
#136=VECTOR('',#9000,1.);
#137=VECTOR('',#9001,1.);
#138=VECTOR('',#9002,1.);
#139=VECTOR('',#9003,1.);
#140=VECTOR('',#9006,1.);
#141=VECTOR('',#9007,1.);
#142=VECTOR('',#9008,1.);
#143=VECTOR('',#9009,1.);
#144=VECTOR('',#9012,1.);
#145=VECTOR('',#9013,1.);
#146=VECTOR('',#9014,1.);
#147=VECTOR('',#9015,1.);
#148=VECTOR('',#9018,1.);
#149=VECTOR('',#9019,1.);
#150=VECTOR('',#9020,1.);
#151=VECTOR('',#9021,1.);
#152=VECTOR('',#9024,1.);
#153=VECTOR('',#9025,1.);
#154=VECTOR('',#9026,1.);
#155=VECTOR('',#9027,1.);
#156=VECTOR('',#9064,1.);
#157=VECTOR('',#9065,1.);
#158=VECTOR('',#9066,1.);
#159=VECTOR('',#9067,1.);
#160=VECTOR('',#9068,1.);
#161=VECTOR('',#9069,1.);
#162=VECTOR('',#9070,1.);
#163=VECTOR('',#9071,1.);
#164=VECTOR('',#9072,1.);
#165=VECTOR('',#9073,1.);
#166=VECTOR('',#9074,1.);
#167=VECTOR('',#9075,1.);
#168=VECTOR('',#9144,1.);
#169=VECTOR('',#9145,1.);
#170=VECTOR('',#9146,1.);
#171=VECTOR('',#9147,1.);
#172=VECTOR('',#9148,1.);
#173=VECTOR('',#9149,1.);
#174=VECTOR('',#9150,1.);
#175=VECTOR('',#9151,1.);
#176=VECTOR('',#9152,1.);
#177=VECTOR('',#9153,1.);
#178=VECTOR('',#9154,1.);
#179=VECTOR('',#9155,1.);
#180=B_SPLINE_CURVE_WITH_KNOTS('',3,(#10299,#10300,#10301,#10302,#10303,
#10304,#10305,#10306,#10307,#10308,#10309,#10310,#10311,#10312,#10313,#10314,
#10315,#10316,#10317,#10318,#10319,#10320,#10321,#10322,#10323,#10324,#10325,
#10326,#10327,#10328,#10329,#10330,#10331,#10332,#10333,#10334,#10335,#10336,
#10337,#10338,#10339,#10340,#10341,#10342,#10343,#10344,#10345),
 .UNSPECIFIED.,.T.,.F.,(1,1,1,1,1,1,1,1,1,1,1,1,1,1,1,1,1,1,1,1,1,1,1,1,
1,1,1,1,1,1,1,1,1,1,1,1,1,1,1,1,1,1,1,1,1,1,1,1,1,1,1),(-0.01222445376732,
-0.00977956301385602,-0.00488978150692801,1.38777878078145E-17,0.00488978150692803,
0.00977956301385604,0.014669344520784,0.0195591260277121,0.0244489075346401,
0.0268937982881041,0.0293386890415681,0.0317835797950321,0.0342284705484961,
0.0391182520554241,0.0440080335623521,0.0488978150692801,0.0513427058227441,
0.0537875965762081,0.0562324873296721,0.0586773780831362,0.0611222688366002,
0.0635671595900642,0.0660120503435282,0.0684569410969922,0.0733467226039202,
0.0782365041108482,0.0831262856177762,0.0855711763712402,0.0880160671247042,
0.0904609578781682,0.0929058486316322,0.0977956301385603,0.102685411645488,
0.107575193152416,0.11002008390588,0.112464974659344,0.114909865412808,
0.117354756166272,0.119799646919736,0.1222445376732,0.127134319180128,0.132024100687056,
0.136913882193984,0.141803663700912,0.144248554454376,0.14669344520784,
0.151583226714768,0.156473008221696,0.161362789728624,0.166252571235552,
0.17114235274248),.UNSPECIFIED.);
#181=B_SPLINE_CURVE_WITH_KNOTS('',3,(#10412,#10413,#10414,#10415,#10416,
#10417,#10418,#10419,#10420,#10421,#10422,#10423,#10424,#10425,#10426,#10427,
#10428,#10429,#10430,#10431,#10432,#10433,#10434,#10435,#10436,#10437,#10438,
#10439,#10440,#10441,#10442,#10443,#10444,#10445,#10446,#10447,#10448,#10449,
#10450,#10451,#10452,#10453,#10454,#10455,#10456,#10457,#10458),
 .UNSPECIFIED.,.T.,.F.,(1,1,1,1,1,1,1,1,1,1,1,1,1,1,1,1,1,1,1,1,1,1,1,1,
1,1,1,1,1,1,1,1,1,1,1,1,1,1,1,1,1,1,1,1,1,1,1,1,1,1,1),(-0.0122244537673201,
-0.00977956301385607,-0.00488978150692804,0.,0.00488978150692803,0.00977956301385606,
0.0146693445207841,0.0195591260277121,0.0244489075346401,0.0268937982881042,
0.0293386890415682,0.0317835797950322,0.0342284705484962,0.0391182520554242,
0.0440080335623523,0.0488978150692803,0.0513427058227443,0.0537875965762083,
0.0562324873296723,0.0586773780831363,0.0611222688366004,0.0635671595900644,
0.0660120503435284,0.0684569410969924,0.0733467226039204,0.0782365041108485,
0.0831262856177765,0.0855711763712405,0.0880160671247045,0.0904609578781685,
0.0929058486316325,0.0977956301385606,0.102685411645489,0.107575193152417,
0.110020083905881,0.112464974659345,0.114909865412809,0.117354756166273,
0.119799646919737,0.122244537673201,0.127134319180129,0.132024100687057,
0.136913882193985,0.141803663700913,0.144248554454377,0.146693445207841,
0.151583226714769,0.156473008221697,0.161362789728625,0.166252571235553,
0.171142352742481),.UNSPECIFIED.);
#182=B_SPLINE_CURVE_WITH_KNOTS('',3,(#10525,#10526,#10527,#10528,#10529,
#10530,#10531,#10532,#10533,#10534,#10535,#10536,#10537,#10538,#10539,#10540,
#10541,#10542,#10543,#10544,#10545,#10546,#10547,#10548,#10549,#10550,#10551,
#10552,#10553,#10554,#10555,#10556,#10557,#10558,#10559,#10560,#10561,#10562,
#10563,#10564,#10565,#10566,#10567,#10568,#10569,#10570,#10571),
 .UNSPECIFIED.,.T.,.F.,(1,1,1,1,1,1,1,1,1,1,1,1,1,1,1,1,1,1,1,1,1,1,1,1,
1,1,1,1,1,1,1,1,1,1,1,1,1,1,1,1,1,1,1,1,1,1,1,1,1,1,1),(-0.0122244537673201,
-0.00977956301385607,-0.00488978150692804,0.,0.00488978150692804,0.00977956301385608,
0.0146693445207841,0.0195591260277122,0.0244489075346402,0.0268937982881042,
0.0293386890415682,0.0317835797950322,0.0342284705484963,0.0391182520554243,
0.0440080335623523,0.0488978150692804,0.0513427058227444,0.0537875965762084,
0.0562324873296724,0.0586773780831365,0.0611222688366005,0.0635671595900645,
0.0660120503435285,0.0684569410969925,0.0733467226039206,0.0782365041108486,
0.0831262856177767,0.0855711763712407,0.0880160671247047,0.0904609578781687,
0.0929058486316327,0.0977956301385608,0.102685411645489,0.107575193152417,
0.110020083905881,0.112464974659345,0.114909865412809,0.117354756166273,
0.119799646919737,0.122244537673201,0.127134319180129,0.132024100687057,
0.136913882193985,0.141803663700913,0.144248554454377,0.146693445207841,
0.151583226714769,0.156473008221697,0.161362789728625,0.166252571235553,
0.171142352742481),.UNSPECIFIED.);
#183=B_SPLINE_CURVE_WITH_KNOTS('',3,(#10638,#10639,#10640,#10641,#10642,
#10643,#10644,#10645,#10646,#10647,#10648,#10649,#10650,#10651,#10652,#10653,
#10654,#10655,#10656,#10657,#10658,#10659,#10660,#10661,#10662,#10663,#10664,
#10665,#10666,#10667,#10668,#10669,#10670,#10671,#10672,#10673,#10674,#10675,
#10676,#10677,#10678,#10679,#10680,#10681,#10682,#10683,#10684),
 .UNSPECIFIED.,.T.,.F.,(1,1,1,1,1,1,1,1,1,1,1,1,1,1,1,1,1,1,1,1,1,1,1,1,
1,1,1,1,1,1,1,1,1,1,1,1,1,1,1,1,1,1,1,1,1,1,1,1,1,1,1),(-0.01222445376732,
-0.00977956301385602,-0.00488978150692801,1.38777878078145E-17,0.00488978150692803,
0.00977956301385604,0.0146693445207841,0.0195591260277121,0.0244489075346401,
0.0268937982881041,0.0293386890415681,0.0317835797950321,0.0342284705484961,
0.0391182520554241,0.0440080335623521,0.0488978150692801,0.0513427058227442,
0.0537875965762082,0.0562324873296722,0.0586773780831362,0.0611222688366002,
0.0635671595900642,0.0660120503435282,0.0684569410969922,0.0733467226039202,
0.0782365041108482,0.0831262856177762,0.0855711763712403,0.0880160671247043,
0.0904609578781683,0.0929058486316323,0.0977956301385603,0.102685411645488,
0.107575193152416,0.11002008390588,0.112464974659344,0.114909865412808,
0.117354756166272,0.119799646919736,0.1222445376732,0.127134319180128,0.132024100687056,
0.136913882193984,0.141803663700912,0.144248554454376,0.14669344520784,
0.151583226714768,0.156473008221696,0.161362789728625,0.166252571235553,
0.171142352742481),.UNSPECIFIED.);
#184=B_SPLINE_CURVE_WITH_KNOTS('',3,(#10751,#10752,#10753,#10754,#10755,
#10756,#10757,#10758,#10759,#10760,#10761,#10762,#10763,#10764,#10765,#10766,
#10767,#10768,#10769,#10770,#10771,#10772,#10773,#10774,#10775,#10776,#10777,
#10778,#10779,#10780,#10781,#10782,#10783,#10784,#10785,#10786,#10787,#10788,
#10789,#10790,#10791,#10792,#10793,#10794,#10795,#10796,#10797),
 .UNSPECIFIED.,.T.,.F.,(1,1,1,1,1,1,1,1,1,1,1,1,1,1,1,1,1,1,1,1,1,1,1,1,
1,1,1,1,1,1,1,1,1,1,1,1,1,1,1,1,1,1,1,1,1,1,1,1,1,1,1),(-0.0122244537673201,
-0.00977956301385607,-0.00488978150692804,0.,0.00488978150692803,0.00977956301385606,
0.0146693445207841,0.0195591260277121,0.0244489075346401,0.0268937982881042,
0.0293386890415682,0.0317835797950322,0.0342284705484962,0.0391182520554242,
0.0440080335623523,0.0488978150692803,0.0513427058227443,0.0537875965762083,
0.0562324873296723,0.0586773780831363,0.0611222688366004,0.0635671595900644,
0.0660120503435284,0.0684569410969924,0.0733467226039204,0.0782365041108485,
0.0831262856177765,0.0855711763712405,0.0880160671247045,0.0904609578781685,
0.0929058486316325,0.0977956301385606,0.102685411645489,0.107575193152417,
0.110020083905881,0.112464974659345,0.114909865412809,0.117354756166273,
0.119799646919737,0.122244537673201,0.127134319180129,0.132024100687057,
0.136913882193985,0.141803663700913,0.144248554454377,0.146693445207841,
0.151583226714769,0.156473008221697,0.161362789728625,0.166252571235553,
0.171142352742481),.UNSPECIFIED.);
#185=B_SPLINE_CURVE_WITH_KNOTS('',3,(#10864,#10865,#10866,#10867,#10868,
#10869,#10870,#10871,#10872,#10873,#10874,#10875,#10876,#10877,#10878,#10879,
#10880,#10881,#10882,#10883,#10884,#10885,#10886,#10887,#10888,#10889,#10890,
#10891,#10892,#10893,#10894,#10895,#10896,#10897,#10898,#10899,#10900,#10901,
#10902,#10903,#10904,#10905,#10906,#10907,#10908,#10909,#10910),
 .UNSPECIFIED.,.T.,.F.,(1,1,1,1,1,1,1,1,1,1,1,1,1,1,1,1,1,1,1,1,1,1,1,1,
1,1,1,1,1,1,1,1,1,1,1,1,1,1,1,1,1,1,1,1,1,1,1,1,1,1,1),(-0.0122244537673201,
-0.00977956301385605,-0.00488978150692801,0.,0.00488978150692803,0.00977956301385607,
0.0146693445207841,0.0195591260277121,0.0244489075346402,0.0268937982881042,
0.0293386890415682,0.0317835797950322,0.0342284705484962,0.0391182520554243,
0.0440080335623523,0.0488978150692803,0.0513427058227444,0.0537875965762084,
0.0562324873296724,0.0586773780831364,0.0611222688366004,0.0635671595900645,
0.0660120503435285,0.0684569410969925,0.0733467226039205,0.0782365041108486,
0.0831262856177766,0.0855711763712406,0.0880160671247046,0.0904609578781686,
0.0929058486316326,0.0977956301385607,0.102685411645489,0.107575193152417,
0.110020083905881,0.112464974659345,0.114909865412809,0.117354756166273,
0.119799646919737,0.122244537673201,0.127134319180129,0.132024100687057,
0.136913882193985,0.141803663700913,0.144248554454377,0.146693445207841,
0.151583226714769,0.156473008221697,0.161362789728625,0.166252571235553,
0.171142352742481),.UNSPECIFIED.);
#186=B_SPLINE_CURVE_WITH_KNOTS('',3,(#10977,#10978,#10979,#10980,#10981,
#10982,#10983,#10984,#10985,#10986,#10987,#10988,#10989,#10990,#10991,#10992,
#10993,#10994,#10995,#10996,#10997,#10998,#10999,#11000,#11001,#11002,#11003,
#11004,#11005,#11006,#11007,#11008,#11009,#11010,#11011,#11012,#11013,#11014,
#11015,#11016,#11017,#11018,#11019,#11020,#11021,#11022,#11023),
 .UNSPECIFIED.,.T.,.F.,(1,1,1,1,1,1,1,1,1,1,1,1,1,1,1,1,1,1,1,1,1,1,1,1,
1,1,1,1,1,1,1,1,1,1,1,1,1,1,1,1,1,1,1,1,1,1,1,1,1,1,1),(-0.01222445376732,
-0.00977956301385605,-0.00488978150692801,0.,0.00488978150692801,0.00977956301385602,
0.014669344520784,0.019559126027712,0.0244489075346401,0.0268937982881041,
0.0293386890415681,0.0317835797950321,0.0342284705484961,0.0391182520554241,
0.0440080335623521,0.0488978150692801,0.0513427058227441,0.0537875965762081,
0.0562324873296721,0.0586773780831361,0.0611222688366001,0.0635671595900641,
0.0660120503435282,0.0684569410969922,0.0733467226039202,0.0782365041108482,
0.0831262856177762,0.0855711763712402,0.0880160671247042,0.0904609578781682,
0.0929058486316322,0.0977956301385602,0.102685411645488,0.107575193152416,
0.11002008390588,0.112464974659344,0.114909865412808,0.117354756166272,
0.119799646919736,0.1222445376732,0.127134319180128,0.132024100687056,0.136913882193984,
0.141803663700912,0.144248554454376,0.14669344520784,0.151583226714768,
0.156473008221696,0.161362789728624,0.166252571235552,0.17114235274248),
 .UNSPECIFIED.);
#187=B_SPLINE_CURVE_WITH_KNOTS('',3,(#11090,#11091,#11092,#11093,#11094,
#11095,#11096,#11097,#11098,#11099,#11100,#11101,#11102,#11103,#11104,#11105,
#11106,#11107,#11108,#11109,#11110,#11111,#11112,#11113,#11114,#11115,#11116,
#11117,#11118,#11119,#11120,#11121,#11122,#11123,#11124,#11125,#11126,#11127,
#11128,#11129,#11130,#11131,#11132,#11133,#11134,#11135,#11136),
 .UNSPECIFIED.,.T.,.F.,(1,1,1,1,1,1,1,1,1,1,1,1,1,1,1,1,1,1,1,1,1,1,1,1,
1,1,1,1,1,1,1,1,1,1,1,1,1,1,1,1,1,1,1,1,1,1,1,1,1,1,1),(-0.01222445376732,
-0.00977956301385602,-0.00488978150692801,0.,0.00488978150692801,0.00977956301385602,
0.014669344520784,0.019559126027712,0.0244489075346401,0.0268937982881041,
0.0293386890415681,0.0317835797950321,0.0342284705484961,0.0391182520554241,
0.0440080335623521,0.0488978150692801,0.0513427058227441,0.0537875965762081,
0.0562324873296721,0.0586773780831361,0.0611222688366001,0.0635671595900641,
0.0660120503435281,0.0684569410969921,0.0733467226039202,0.0782365041108482,
0.0831262856177762,0.0855711763712402,0.0880160671247042,0.0904609578781682,
0.0929058486316322,0.0977956301385602,0.102685411645488,0.107575193152416,
0.11002008390588,0.112464974659344,0.114909865412808,0.117354756166272,
0.119799646919736,0.1222445376732,0.127134319180128,0.132024100687056,0.136913882193984,
0.141803663700912,0.144248554454376,0.14669344520784,0.151583226714768,
0.156473008221696,0.161362789728624,0.166252571235552,0.17114235274248),
 .UNSPECIFIED.);
#188=B_SPLINE_CURVE_WITH_KNOTS('',3,(#11203,#11204,#11205,#11206,#11207,
#11208,#11209,#11210,#11211,#11212,#11213,#11214,#11215,#11216,#11217,#11218,
#11219,#11220,#11221,#11222,#11223,#11224,#11225,#11226,#11227,#11228,#11229,
#11230,#11231,#11232,#11233,#11234,#11235,#11236,#11237,#11238,#11239,#11240,
#11241,#11242,#11243,#11244,#11245,#11246,#11247,#11248,#11249),
 .UNSPECIFIED.,.T.,.F.,(1,1,1,1,1,1,1,1,1,1,1,1,1,1,1,1,1,1,1,1,1,1,1,1,
1,1,1,1,1,1,1,1,1,1,1,1,1,1,1,1,1,1,1,1,1,1,1,1,1,1,1),(-0.0122244537673201,
-0.00977956301385605,-0.00488978150692801,0.,0.00488978150692803,0.00977956301385607,
0.0146693445207841,0.0195591260277121,0.0244489075346402,0.0268937982881042,
0.0293386890415682,0.0317835797950322,0.0342284705484962,0.0391182520554243,
0.0440080335623523,0.0488978150692803,0.0513427058227443,0.0537875965762084,
0.0562324873296724,0.0586773780831364,0.0611222688366004,0.0635671595900644,
0.0660120503435284,0.0684569410969925,0.0733467226039205,0.0782365041108485,
0.0831262856177765,0.0855711763712406,0.0880160671247046,0.0904609578781686,
0.0929058486316326,0.0977956301385607,0.102685411645489,0.107575193152417,
0.110020083905881,0.112464974659345,0.114909865412809,0.117354756166273,
0.119799646919737,0.122244537673201,0.127134319180129,0.132024100687057,
0.136913882193985,0.141803663700913,0.144248554454377,0.146693445207841,
0.151583226714769,0.156473008221697,0.161362789728625,0.166252571235553,
0.171142352742481),.UNSPECIFIED.);
#189=B_SPLINE_CURVE_WITH_KNOTS('',3,(#11316,#11317,#11318,#11319,#11320,
#11321,#11322,#11323,#11324,#11325,#11326,#11327,#11328,#11329,#11330,#11331,
#11332,#11333,#11334,#11335,#11336,#11337,#11338,#11339,#11340,#11341,#11342,
#11343,#11344,#11345,#11346,#11347,#11348,#11349,#11350,#11351,#11352,#11353,
#11354,#11355,#11356,#11357,#11358,#11359,#11360,#11361,#11362),
 .UNSPECIFIED.,.T.,.F.,(1,1,1,1,1,1,1,1,1,1,1,1,1,1,1,1,1,1,1,1,1,1,1,1,
1,1,1,1,1,1,1,1,1,1,1,1,1,1,1,1,1,1,1,1,1,1,1,1,1,1,1),(-0.01222445376732,
-0.00977956301385602,-0.00488978150692801,0.,0.00488978150692801,0.00977956301385602,
0.014669344520784,0.019559126027712,0.02444890753464,0.0268937982881041,
0.0293386890415681,0.0317835797950321,0.0342284705484961,0.0391182520554241,
0.0440080335623521,0.0488978150692801,0.0513427058227441,0.0537875965762081,
0.0562324873296721,0.0586773780831361,0.0611222688366001,0.0635671595900641,
0.0660120503435281,0.0684569410969921,0.0733467226039201,0.0782365041108481,
0.0831262856177762,0.0855711763712402,0.0880160671247042,0.0904609578781682,
0.0929058486316322,0.0977956301385602,0.102685411645488,0.107575193152416,
0.11002008390588,0.112464974659344,0.114909865412808,0.117354756166272,
0.119799646919736,0.1222445376732,0.127134319180128,0.132024100687056,0.136913882193984,
0.141803663700912,0.144248554454376,0.14669344520784,0.151583226714768,
0.156473008221696,0.161362789728624,0.166252571235552,0.17114235274248),
 .UNSPECIFIED.);
#190=B_SPLINE_CURVE_WITH_KNOTS('',3,(#11429,#11430,#11431,#11432,#11433,
#11434,#11435,#11436,#11437,#11438,#11439,#11440,#11441,#11442,#11443,#11444,
#11445,#11446,#11447,#11448,#11449,#11450,#11451,#11452,#11453,#11454,#11455,
#11456,#11457,#11458,#11459,#11460,#11461,#11462,#11463,#11464,#11465,#11466,
#11467,#11468,#11469,#11470,#11471,#11472,#11473,#11474,#11475),
 .UNSPECIFIED.,.T.,.F.,(1,1,1,1,1,1,1,1,1,1,1,1,1,1,1,1,1,1,1,1,1,1,1,1,
1,1,1,1,1,1,1,1,1,1,1,1,1,1,1,1,1,1,1,1,1,1,1,1,1,1,1),(-0.0122244537673201,
-0.00977956301385605,-0.00488978150692801,0.,0.00488978150692803,0.00977956301385605,
0.0146693445207841,0.0195591260277121,0.0244489075346401,0.0268937982881042,
0.0293386890415682,0.0317835797950322,0.0342284705484962,0.0391182520554242,
0.0440080335623523,0.0488978150692803,0.0513427058227443,0.0537875965762083,
0.0562324873296723,0.0586773780831363,0.0611222688366003,0.0635671595900644,
0.0660120503435284,0.0684569410969924,0.0733467226039204,0.0782365041108484,
0.0831262856177765,0.0855711763712405,0.0880160671247045,0.0904609578781685,
0.0929058486316325,0.0977956301385605,0.102685411645489,0.107575193152417,
0.110020083905881,0.112464974659345,0.114909865412809,0.117354756166273,
0.119799646919737,0.122244537673201,0.127134319180129,0.132024100687057,
0.136913882193985,0.141803663700913,0.144248554454377,0.146693445207841,
0.151583226714769,0.156473008221697,0.161362789728625,0.166252571235553,
0.171142352742481),.UNSPECIFIED.);
#191=B_SPLINE_CURVE_WITH_KNOTS('',3,(#12014,#12015,#12016,#12017,#12018,
#12019,#12020,#12021,#12022,#12023,#12024,#12025,#12026,#12027,#12028,#12029,
#12030,#12031,#12032,#12033,#12034,#12035,#12036,#12037,#12038,#12039,#12040,
#12041,#12042,#12043,#12044,#12045,#12046,#12047,#12048,#12049,#12050,#12051,
#12052,#12053,#12054,#12055,#12056,#12057,#12058,#12059,#12060),
 .UNSPECIFIED.,.T.,.F.,(1,1,1,1,1,1,1,1,1,1,1,1,1,1,1,1,1,1,1,1,1,1,1,1,
1,1,1,1,1,1,1,1,1,1,1,1,1,1,1,1,1,1,1,1,1,1,1,1,1,1,1),(-0.0122244537673201,
-0.00977956301385607,-0.00488978150692804,0.,0.00488978150692804,0.00977956301385607,
0.0146693445207841,0.0195591260277121,0.0244489075346402,0.0268937982881042,
0.0293386890415682,0.0317835797950322,0.0342284705484963,0.0391182520554243,
0.0440080335623523,0.0488978150692804,0.0513427058227444,0.0537875965762084,
0.0562324873296724,0.0586773780831364,0.0611222688366005,0.0635671595900645,
0.0660120503435285,0.0684569410969925,0.0733467226039206,0.0782365041108486,
0.0831262856177766,0.0855711763712406,0.0880160671247047,0.0904609578781687,
0.0929058486316327,0.0977956301385607,0.102685411645489,0.107575193152417,
0.110020083905881,0.112464974659345,0.114909865412809,0.117354756166273,
0.119799646919737,0.122244537673201,0.127134319180129,0.132024100687057,
0.136913882193985,0.141803663700913,0.144248554454377,0.146693445207841,
0.151583226714769,0.156473008221697,0.161362789728625,0.166252571235553,
0.171142352742481),.UNSPECIFIED.);
#192=PLANE('',#6827);
#193=PLANE('',#6834);
#194=PLANE('',#6865);
#195=PLANE('',#6933);
#196=PLANE('',#6971);
#197=PLANE('',#7009);
#198=PLANE('',#7047);
#199=PLANE('',#7085);
#200=PLANE('',#7123);
#201=PLANE('',#7161);
#202=PLANE('',#7199);
#203=PLANE('',#7237);
#204=PLANE('',#7275);
#205=PLANE('',#7313);
#206=PLANE('',#7320);
#207=PLANE('',#7321);
#208=PLANE('',#7322);
#209=PLANE('',#7323);
#210=PLANE('',#7324);
#211=PLANE('',#7325);
#212=PLANE('',#7326);
#213=PLANE('',#7327);
#214=PLANE('',#7337);
#215=PLANE('',#7338);
#216=PLANE('',#7339);
#217=PLANE('',#7340);
#218=PLANE('',#7341);
#219=PLANE('',#7359);
#220=PLANE('',#7530);
#221=PLANE('',#7531);
#222=PLANE('',#7559);
#223=PLANE('',#7586);
#224=PLANE('',#7589);
#225=PLANE('',#7594);
#226=PLANE('',#7657);
#227=PLANE('',#7678);
#228=CYLINDRICAL_SURFACE('',#6768,0.0025527);
#229=CYLINDRICAL_SURFACE('',#6770,0.0025527);
#230=CYLINDRICAL_SURFACE('',#6772,0.0025527);
#231=CYLINDRICAL_SURFACE('',#6774,0.0025527);
#232=CYLINDRICAL_SURFACE('',#6788,0.0025527);
#233=CYLINDRICAL_SURFACE('',#6790,0.0025527);
#234=CYLINDRICAL_SURFACE('',#6792,0.0025527);
#235=CYLINDRICAL_SURFACE('',#6794,0.0025527);
#236=CYLINDRICAL_SURFACE('',#6796,0.0025527);
#237=CYLINDRICAL_SURFACE('',#6798,0.0025527);
#238=CYLINDRICAL_SURFACE('',#6800,0.012446);
#239=CYLINDRICAL_SURFACE('',#6815,0.0020193);
#240=CYLINDRICAL_SURFACE('',#6817,0.0020193);
#241=CYLINDRICAL_SURFACE('',#6819,0.0020193);
#242=CYLINDRICAL_SURFACE('',#6821,0.0020193);
#243=CYLINDRICAL_SURFACE('',#6823,0.0020193);
#244=CYLINDRICAL_SURFACE('',#6825,0.0020193);
#245=CYLINDRICAL_SURFACE('',#6829,0.013208);
#246=CYLINDRICAL_SURFACE('',#6831,0.012446);
#247=CYLINDRICAL_SURFACE('',#6837,0.020701);
#248=CYLINDRICAL_SURFACE('',#6851,0.0020193);
#249=CYLINDRICAL_SURFACE('',#6853,0.0020193);
#250=CYLINDRICAL_SURFACE('',#6855,0.0020193);
#251=CYLINDRICAL_SURFACE('',#6857,0.0020193);
#252=CYLINDRICAL_SURFACE('',#6859,0.0020193);
#253=CYLINDRICAL_SURFACE('',#6861,0.0020193);
#254=CYLINDRICAL_SURFACE('',#6863,0.019431);
#255=CYLINDRICAL_SURFACE('',#6868,0.020701);
#256=CYLINDRICAL_SURFACE('',#6882,0.0020193);
#257=CYLINDRICAL_SURFACE('',#6884,0.0020193);
#258=CYLINDRICAL_SURFACE('',#6886,0.0020193);
#259=CYLINDRICAL_SURFACE('',#6888,0.0020193);
#260=CYLINDRICAL_SURFACE('',#6890,0.0020193);
#261=CYLINDRICAL_SURFACE('',#6892,0.0020193);
#262=CYLINDRICAL_SURFACE('',#6894,0.019431);
#263=CYLINDRICAL_SURFACE('',#6896,0.019431);
#264=CYLINDRICAL_SURFACE('',#6915,0.0020193);
#265=CYLINDRICAL_SURFACE('',#6917,0.0020193);
#266=CYLINDRICAL_SURFACE('',#6919,0.0020193);
#267=CYLINDRICAL_SURFACE('',#6921,0.0020193);
#268=CYLINDRICAL_SURFACE('',#6923,0.0020193);
#269=CYLINDRICAL_SURFACE('',#6925,0.0020193);
#270=CYLINDRICAL_SURFACE('',#6927,0.0020193);
#271=CYLINDRICAL_SURFACE('',#6929,0.0020193);
#272=CYLINDRICAL_SURFACE('',#6931,0.025);
#273=CYLINDRICAL_SURFACE('',#6935,0.026289);
#274=CYLINDRICAL_SURFACE('',#6953,0.0020193);
#275=CYLINDRICAL_SURFACE('',#6955,0.0020193);
#276=CYLINDRICAL_SURFACE('',#6957,0.0020193);
#277=CYLINDRICAL_SURFACE('',#6959,0.0020193);
#278=CYLINDRICAL_SURFACE('',#6961,0.0020193);
#279=CYLINDRICAL_SURFACE('',#6963,0.0020193);
#280=CYLINDRICAL_SURFACE('',#6965,0.0020193);
#281=CYLINDRICAL_SURFACE('',#6967,0.0020193);
#282=CYLINDRICAL_SURFACE('',#6969,0.025);
#283=CYLINDRICAL_SURFACE('',#6973,0.026289);
#284=CYLINDRICAL_SURFACE('',#6991,0.0020193);
#285=CYLINDRICAL_SURFACE('',#6993,0.0020193);
#286=CYLINDRICAL_SURFACE('',#6995,0.0020193);
#287=CYLINDRICAL_SURFACE('',#6997,0.0020193);
#288=CYLINDRICAL_SURFACE('',#6999,0.0020193);
#289=CYLINDRICAL_SURFACE('',#7001,0.0020193);
#290=CYLINDRICAL_SURFACE('',#7003,0.0020193);
#291=CYLINDRICAL_SURFACE('',#7005,0.0020193);
#292=CYLINDRICAL_SURFACE('',#7007,0.025);
#293=CYLINDRICAL_SURFACE('',#7011,0.026289);
#294=CYLINDRICAL_SURFACE('',#7029,0.0020193);
#295=CYLINDRICAL_SURFACE('',#7031,0.0020193);
#296=CYLINDRICAL_SURFACE('',#7033,0.0020193);
#297=CYLINDRICAL_SURFACE('',#7035,0.0020193);
#298=CYLINDRICAL_SURFACE('',#7037,0.0020193);
#299=CYLINDRICAL_SURFACE('',#7039,0.0020193);
#300=CYLINDRICAL_SURFACE('',#7041,0.0020193);
#301=CYLINDRICAL_SURFACE('',#7043,0.0020193);
#302=CYLINDRICAL_SURFACE('',#7045,0.025);
#303=CYLINDRICAL_SURFACE('',#7049,0.026289);
#304=CYLINDRICAL_SURFACE('',#7067,0.0020193);
#305=CYLINDRICAL_SURFACE('',#7069,0.0020193);
#306=CYLINDRICAL_SURFACE('',#7071,0.0020193);
#307=CYLINDRICAL_SURFACE('',#7073,0.0020193);
#308=CYLINDRICAL_SURFACE('',#7075,0.0020193);
#309=CYLINDRICAL_SURFACE('',#7077,0.0020193);
#310=CYLINDRICAL_SURFACE('',#7079,0.0020193);
#311=CYLINDRICAL_SURFACE('',#7081,0.0020193);
#312=CYLINDRICAL_SURFACE('',#7083,0.025);
#313=CYLINDRICAL_SURFACE('',#7087,0.026289);
#314=CYLINDRICAL_SURFACE('',#7105,0.0020193);
#315=CYLINDRICAL_SURFACE('',#7107,0.0020193);
#316=CYLINDRICAL_SURFACE('',#7109,0.0020193);
#317=CYLINDRICAL_SURFACE('',#7111,0.0020193);
#318=CYLINDRICAL_SURFACE('',#7113,0.0020193);
#319=CYLINDRICAL_SURFACE('',#7115,0.0020193);
#320=CYLINDRICAL_SURFACE('',#7117,0.0020193);
#321=CYLINDRICAL_SURFACE('',#7119,0.0020193);
#322=CYLINDRICAL_SURFACE('',#7121,0.025);
#323=CYLINDRICAL_SURFACE('',#7125,0.026289);
#324=CYLINDRICAL_SURFACE('',#7143,0.0020193);
#325=CYLINDRICAL_SURFACE('',#7145,0.0020193);
#326=CYLINDRICAL_SURFACE('',#7147,0.0020193);
#327=CYLINDRICAL_SURFACE('',#7149,0.0020193);
#328=CYLINDRICAL_SURFACE('',#7151,0.0020193);
#329=CYLINDRICAL_SURFACE('',#7153,0.0020193);
#330=CYLINDRICAL_SURFACE('',#7155,0.0020193);
#331=CYLINDRICAL_SURFACE('',#7157,0.0020193);
#332=CYLINDRICAL_SURFACE('',#7159,0.025);
#333=CYLINDRICAL_SURFACE('',#7163,0.026289);
#334=CYLINDRICAL_SURFACE('',#7181,0.0020193);
#335=CYLINDRICAL_SURFACE('',#7183,0.0020193);
#336=CYLINDRICAL_SURFACE('',#7185,0.0020193);
#337=CYLINDRICAL_SURFACE('',#7187,0.0020193);
#338=CYLINDRICAL_SURFACE('',#7189,0.0020193);
#339=CYLINDRICAL_SURFACE('',#7191,0.0020193);
#340=CYLINDRICAL_SURFACE('',#7193,0.0020193);
#341=CYLINDRICAL_SURFACE('',#7195,0.0020193);
#342=CYLINDRICAL_SURFACE('',#7197,0.025);
#343=CYLINDRICAL_SURFACE('',#7201,0.026289);
#344=CYLINDRICAL_SURFACE('',#7219,0.0020193);
#345=CYLINDRICAL_SURFACE('',#7221,0.0020193);
#346=CYLINDRICAL_SURFACE('',#7223,0.0020193);
#347=CYLINDRICAL_SURFACE('',#7225,0.0020193);
#348=CYLINDRICAL_SURFACE('',#7227,0.0020193);
#349=CYLINDRICAL_SURFACE('',#7229,0.0020193);
#350=CYLINDRICAL_SURFACE('',#7231,0.0020193);
#351=CYLINDRICAL_SURFACE('',#7233,0.0020193);
#352=CYLINDRICAL_SURFACE('',#7235,0.025);
#353=CYLINDRICAL_SURFACE('',#7239,0.026289);
#354=CYLINDRICAL_SURFACE('',#7257,0.0020193);
#355=CYLINDRICAL_SURFACE('',#7259,0.0020193);
#356=CYLINDRICAL_SURFACE('',#7261,0.0020193);
#357=CYLINDRICAL_SURFACE('',#7263,0.0020193);
#358=CYLINDRICAL_SURFACE('',#7265,0.0020193);
#359=CYLINDRICAL_SURFACE('',#7267,0.0020193);
#360=CYLINDRICAL_SURFACE('',#7269,0.0020193);
#361=CYLINDRICAL_SURFACE('',#7271,0.0020193);
#362=CYLINDRICAL_SURFACE('',#7273,0.025);
#363=CYLINDRICAL_SURFACE('',#7277,0.026289);
#364=CYLINDRICAL_SURFACE('',#7295,0.0020193);
#365=CYLINDRICAL_SURFACE('',#7297,0.0020193);
#366=CYLINDRICAL_SURFACE('',#7299,0.0020193);
#367=CYLINDRICAL_SURFACE('',#7301,0.0020193);
#368=CYLINDRICAL_SURFACE('',#7303,0.0020193);
#369=CYLINDRICAL_SURFACE('',#7305,0.0020193);
#370=CYLINDRICAL_SURFACE('',#7307,0.0020193);
#371=CYLINDRICAL_SURFACE('',#7309,0.0020193);
#372=CYLINDRICAL_SURFACE('',#7311,0.025);
#373=CYLINDRICAL_SURFACE('',#7315,0.026289);
#374=CYLINDRICAL_SURFACE('',#7317,0.155816);
#375=CYLINDRICAL_SURFACE('',#7393,0.001);
#376=CYLINDRICAL_SURFACE('',#7402,0.001);
#377=CYLINDRICAL_SURFACE('',#7404,0.001);
#378=CYLINDRICAL_SURFACE('',#7406,0.001);
#379=CYLINDRICAL_SURFACE('',#7409,0.001);
#380=CYLINDRICAL_SURFACE('',#7411,0.001);
#381=CYLINDRICAL_SURFACE('',#7423,0.001);
#382=CYLINDRICAL_SURFACE('',#7425,0.001);
#383=CYLINDRICAL_SURFACE('',#7427,0.001);
#384=CYLINDRICAL_SURFACE('',#7429,0.001);
#385=CYLINDRICAL_SURFACE('',#7431,0.001);
#386=CYLINDRICAL_SURFACE('',#7433,0.001);
#387=CYLINDRICAL_SURFACE('',#7445,0.001);
#388=CYLINDRICAL_SURFACE('',#7447,0.001);
#389=CYLINDRICAL_SURFACE('',#7449,0.001);
#390=CYLINDRICAL_SURFACE('',#7451,0.001);
#391=CYLINDRICAL_SURFACE('',#7453,0.001);
#392=CYLINDRICAL_SURFACE('',#7455,0.001);
#393=CYLINDRICAL_SURFACE('',#7467,0.001);
#394=CYLINDRICAL_SURFACE('',#7469,0.001);
#395=CYLINDRICAL_SURFACE('',#7471,0.001);
#396=CYLINDRICAL_SURFACE('',#7473,0.001);
#397=CYLINDRICAL_SURFACE('',#7475,0.001);
#398=CYLINDRICAL_SURFACE('',#7477,0.001);
#399=CYLINDRICAL_SURFACE('',#7489,0.001);
#400=CYLINDRICAL_SURFACE('',#7491,0.001);
#401=CYLINDRICAL_SURFACE('',#7493,0.001);
#402=CYLINDRICAL_SURFACE('',#7495,0.001);
#403=CYLINDRICAL_SURFACE('',#7497,0.001);
#404=CYLINDRICAL_SURFACE('',#7499,0.001);
#405=CYLINDRICAL_SURFACE('',#7501,0.001);
#406=CYLINDRICAL_SURFACE('',#7512,0.001);
#407=CYLINDRICAL_SURFACE('',#7514,0.001);
#408=CYLINDRICAL_SURFACE('',#7516,0.001);
#409=CYLINDRICAL_SURFACE('',#7518,0.001);
#410=CYLINDRICAL_SURFACE('',#7524,0.001);
#411=CYLINDRICAL_SURFACE('',#7525,0.04746);
#412=CYLINDRICAL_SURFACE('',#7528,0.050635);
#413=CYLINDRICAL_SURFACE('',#7533,0.04445);
#414=CYLINDRICAL_SURFACE('',#7537,0.0021);
#415=CYLINDRICAL_SURFACE('',#7540,0.0021);
#416=CYLINDRICAL_SURFACE('',#7543,0.0021);
#417=CYLINDRICAL_SURFACE('',#7546,0.0021);
#418=CYLINDRICAL_SURFACE('',#7549,0.0021);
#419=CYLINDRICAL_SURFACE('',#7552,0.0021);
#420=CYLINDRICAL_SURFACE('',#7555,0.0021);
#421=CYLINDRICAL_SURFACE('',#7558,0.0021);
#422=CYLINDRICAL_SURFACE('',#7588,0.15925);
#423=CYLINDRICAL_SURFACE('',#7591,0.190259238086427);
#424=CYLINDRICAL_SURFACE('',#7592,0.026289);
#425=CYLINDRICAL_SURFACE('',#7596,0.025);
#426=CYLINDRICAL_SURFACE('',#7599,0.0020193);
#427=CYLINDRICAL_SURFACE('',#7602,0.0020193);
#428=CYLINDRICAL_SURFACE('',#7605,0.0020193);
#429=CYLINDRICAL_SURFACE('',#7608,0.0020193);
#430=CYLINDRICAL_SURFACE('',#7611,0.0020193);
#431=CYLINDRICAL_SURFACE('',#7614,0.0020193);
#432=CYLINDRICAL_SURFACE('',#7617,0.0020193);
#433=CYLINDRICAL_SURFACE('',#7620,0.0020193);
#434=CYLINDRICAL_SURFACE('',#7623,0.00515);
#435=CYLINDRICAL_SURFACE('',#7626,0.00515);
#436=CYLINDRICAL_SURFACE('',#7629,0.00515);
#437=CYLINDRICAL_SURFACE('',#7632,0.00515);
#438=CYLINDRICAL_SURFACE('',#7635,0.00515);
#439=CYLINDRICAL_SURFACE('',#7638,0.00515);
#440=CYLINDRICAL_SURFACE('',#7641,0.00515);
#441=CYLINDRICAL_SURFACE('',#7644,0.00515);
#442=CYLINDRICAL_SURFACE('',#7647,0.00515);
#443=CYLINDRICAL_SURFACE('',#7650,0.00515);
#444=CYLINDRICAL_SURFACE('',#7653,0.00515);
#445=CYLINDRICAL_SURFACE('',#7656,0.00515);
#446=CYLINDRICAL_SURFACE('',#7659,0.020701);
#447=CYLINDRICAL_SURFACE('',#7662,0.0020193);
#448=CYLINDRICAL_SURFACE('',#7665,0.0020193);
#449=CYLINDRICAL_SURFACE('',#7668,0.0020193);
#450=CYLINDRICAL_SURFACE('',#7671,0.0020193);
#451=CYLINDRICAL_SURFACE('',#7674,0.0020193);
#452=CYLINDRICAL_SURFACE('',#7677,0.0020193);
#453=CYLINDRICAL_SURFACE('',#7680,0.013208);
#454=CYLINDRICAL_SURFACE('',#7683,0.0020193);
#455=CYLINDRICAL_SURFACE('',#7686,0.0020193);
#456=CYLINDRICAL_SURFACE('',#7689,0.0020193);
#457=CYLINDRICAL_SURFACE('',#7692,0.0020193);
#458=CYLINDRICAL_SURFACE('',#7695,0.0020193);
#459=CYLINDRICAL_SURFACE('',#7698,0.0020193);
#460=CYLINDRICAL_SURFACE('',#7701,0.0025527);
#461=CYLINDRICAL_SURFACE('',#7704,0.0025527);
#462=CYLINDRICAL_SURFACE('',#7707,0.0025527);
#463=CYLINDRICAL_SURFACE('',#7710,0.0025527);
#464=CYLINDRICAL_SURFACE('',#7713,0.0025527);
#465=CYLINDRICAL_SURFACE('',#7716,0.0025527);
#466=CYLINDRICAL_SURFACE('',#7719,0.0025527);
#467=CYLINDRICAL_SURFACE('',#7722,0.0025527);
#468=CYLINDRICAL_SURFACE('',#7725,0.0025527);
#469=CYLINDRICAL_SURFACE('',#7728,0.0025527);
#470=CYLINDRICAL_SURFACE('',#7731,0.0025527);
#471=CYLINDRICAL_SURFACE('',#7734,0.0025527);
#472=CYLINDRICAL_SURFACE('',#7737,0.0025527);
#473=CYLINDRICAL_SURFACE('',#7740,0.0025527);
#474=CYLINDRICAL_SURFACE('',#7743,0.0011303);
#475=CYLINDRICAL_SURFACE('',#7746,0.0011303);
#476=CYLINDRICAL_SURFACE('',#7749,0.0011303);
#477=CYLINDRICAL_SURFACE('',#7752,0.0011303);
#478=CYLINDRICAL_SURFACE('',#7755,0.0011303);
#479=CYLINDRICAL_SURFACE('',#7758,0.0011303);
#480=CYLINDRICAL_SURFACE('',#7761,0.0011303);
#481=CYLINDRICAL_SURFACE('',#7764,0.0011303);
#482=CYLINDRICAL_SURFACE('',#7767,0.0011303);
#483=CYLINDRICAL_SURFACE('',#7770,0.0011303);
#484=CYLINDRICAL_SURFACE('',#7773,0.0011303);
#485=CYLINDRICAL_SURFACE('',#7776,0.0011303);
#486=CYLINDRICAL_SURFACE('',#7779,0.0011303);
#487=CYLINDRICAL_SURFACE('',#7782,0.0011303);
#488=CYLINDRICAL_SURFACE('',#7785,0.0011303);
#489=CYLINDRICAL_SURFACE('',#7788,0.0011303);
#490=CYLINDRICAL_SURFACE('',#7791,0.0011303);
#491=CYLINDRICAL_SURFACE('',#7794,0.0011303);
#492=CYLINDRICAL_SURFACE('',#7797,0.0011303);
#493=CYLINDRICAL_SURFACE('',#7800,0.0011303);
#494=CYLINDRICAL_SURFACE('',#7803,0.0011303);
#495=CYLINDRICAL_SURFACE('',#7806,0.0011303);
#496=CYLINDRICAL_SURFACE('',#7809,0.0011303);
#497=CYLINDRICAL_SURFACE('',#7812,0.0011303);
#498=CYLINDRICAL_SURFACE('',#7815,0.0011303);
#499=ORIENTED_EDGE('',*,*,#1727,.F.);
#500=ORIENTED_EDGE('',*,*,#1728,.F.);
#501=ORIENTED_EDGE('',*,*,#1729,.F.);
#502=ORIENTED_EDGE('',*,*,#1730,.F.);
#503=ORIENTED_EDGE('',*,*,#1727,.T.);
#504=ORIENTED_EDGE('',*,*,#1731,.F.);
#505=ORIENTED_EDGE('',*,*,#1728,.T.);
#506=ORIENTED_EDGE('',*,*,#1732,.F.);
#507=ORIENTED_EDGE('',*,*,#1729,.T.);
#508=ORIENTED_EDGE('',*,*,#1733,.F.);
#509=ORIENTED_EDGE('',*,*,#1730,.T.);
#510=ORIENTED_EDGE('',*,*,#1734,.F.);
#511=ORIENTED_EDGE('',*,*,#1735,.F.);
#512=ORIENTED_EDGE('',*,*,#1736,.F.);
#513=ORIENTED_EDGE('',*,*,#1737,.F.);
#514=ORIENTED_EDGE('',*,*,#1738,.F.);
#515=ORIENTED_EDGE('',*,*,#1739,.F.);
#516=ORIENTED_EDGE('',*,*,#1740,.F.);
#517=ORIENTED_EDGE('',*,*,#1735,.T.);
#518=ORIENTED_EDGE('',*,*,#1741,.F.);
#519=ORIENTED_EDGE('',*,*,#1736,.T.);
#520=ORIENTED_EDGE('',*,*,#1742,.F.);
#521=ORIENTED_EDGE('',*,*,#1737,.T.);
#522=ORIENTED_EDGE('',*,*,#1743,.F.);
#523=ORIENTED_EDGE('',*,*,#1738,.T.);
#524=ORIENTED_EDGE('',*,*,#1744,.F.);
#525=ORIENTED_EDGE('',*,*,#1739,.T.);
#526=ORIENTED_EDGE('',*,*,#1745,.F.);
#527=ORIENTED_EDGE('',*,*,#1740,.T.);
#528=ORIENTED_EDGE('',*,*,#1746,.F.);
#529=ORIENTED_EDGE('',*,*,#1747,.F.);
#530=ORIENTED_EDGE('',*,*,#1748,.F.);
#531=ORIENTED_EDGE('',*,*,#1749,.F.);
#532=ORIENTED_EDGE('',*,*,#1750,.F.);
#533=ORIENTED_EDGE('',*,*,#1751,.F.);
#534=ORIENTED_EDGE('',*,*,#1752,.F.);
#535=ORIENTED_EDGE('',*,*,#1753,.F.);
#536=ORIENTED_EDGE('',*,*,#1754,.F.);
#537=ORIENTED_EDGE('',*,*,#1749,.T.);
#538=ORIENTED_EDGE('',*,*,#1755,.F.);
#539=ORIENTED_EDGE('',*,*,#1750,.T.);
#540=ORIENTED_EDGE('',*,*,#1756,.F.);
#541=ORIENTED_EDGE('',*,*,#1751,.T.);
#542=ORIENTED_EDGE('',*,*,#1757,.F.);
#543=ORIENTED_EDGE('',*,*,#1752,.T.);
#544=ORIENTED_EDGE('',*,*,#1758,.F.);
#545=ORIENTED_EDGE('',*,*,#1753,.T.);
#546=ORIENTED_EDGE('',*,*,#1759,.F.);
#547=ORIENTED_EDGE('',*,*,#1754,.T.);
#548=ORIENTED_EDGE('',*,*,#1760,.F.);
#549=ORIENTED_EDGE('',*,*,#1761,.T.);
#550=ORIENTED_EDGE('',*,*,#1748,.T.);
#551=ORIENTED_EDGE('',*,*,#1761,.F.);
#552=ORIENTED_EDGE('',*,*,#1762,.T.);
#553=ORIENTED_EDGE('',*,*,#1763,.F.);
#554=ORIENTED_EDGE('',*,*,#1764,.F.);
#555=ORIENTED_EDGE('',*,*,#1765,.T.);
#556=ORIENTED_EDGE('',*,*,#1766,.T.);
#557=ORIENTED_EDGE('',*,*,#1765,.F.);
#558=ORIENTED_EDGE('',*,*,#1767,.T.);
#559=ORIENTED_EDGE('',*,*,#1768,.F.);
#560=ORIENTED_EDGE('',*,*,#1769,.F.);
#561=ORIENTED_EDGE('',*,*,#1770,.F.);
#562=ORIENTED_EDGE('',*,*,#1771,.F.);
#563=ORIENTED_EDGE('',*,*,#1772,.F.);
#564=ORIENTED_EDGE('',*,*,#1773,.F.);
#565=ORIENTED_EDGE('',*,*,#1768,.T.);
#566=ORIENTED_EDGE('',*,*,#1774,.F.);
#567=ORIENTED_EDGE('',*,*,#1769,.T.);
#568=ORIENTED_EDGE('',*,*,#1775,.F.);
#569=ORIENTED_EDGE('',*,*,#1770,.T.);
#570=ORIENTED_EDGE('',*,*,#1776,.F.);
#571=ORIENTED_EDGE('',*,*,#1771,.T.);
#572=ORIENTED_EDGE('',*,*,#1777,.F.);
#573=ORIENTED_EDGE('',*,*,#1772,.T.);
#574=ORIENTED_EDGE('',*,*,#1778,.F.);
#575=ORIENTED_EDGE('',*,*,#1773,.T.);
#576=ORIENTED_EDGE('',*,*,#1779,.F.);
#577=ORIENTED_EDGE('',*,*,#1780,.F.);
#578=ORIENTED_EDGE('',*,*,#1766,.F.);
#579=ORIENTED_EDGE('',*,*,#1781,.T.);
#580=ORIENTED_EDGE('',*,*,#1782,.T.);
#581=ORIENTED_EDGE('',*,*,#1781,.F.);
#582=ORIENTED_EDGE('',*,*,#1783,.T.);
#583=ORIENTED_EDGE('',*,*,#1784,.F.);
#584=ORIENTED_EDGE('',*,*,#1785,.F.);
#585=ORIENTED_EDGE('',*,*,#1786,.F.);
#586=ORIENTED_EDGE('',*,*,#1787,.F.);
#587=ORIENTED_EDGE('',*,*,#1788,.F.);
#588=ORIENTED_EDGE('',*,*,#1789,.F.);
#589=ORIENTED_EDGE('',*,*,#1784,.T.);
#590=ORIENTED_EDGE('',*,*,#1790,.F.);
#591=ORIENTED_EDGE('',*,*,#1785,.T.);
#592=ORIENTED_EDGE('',*,*,#1791,.F.);
#593=ORIENTED_EDGE('',*,*,#1786,.T.);
#594=ORIENTED_EDGE('',*,*,#1792,.F.);
#595=ORIENTED_EDGE('',*,*,#1787,.T.);
#596=ORIENTED_EDGE('',*,*,#1793,.F.);
#597=ORIENTED_EDGE('',*,*,#1788,.T.);
#598=ORIENTED_EDGE('',*,*,#1794,.F.);
#599=ORIENTED_EDGE('',*,*,#1789,.T.);
#600=ORIENTED_EDGE('',*,*,#1795,.F.);
#601=ORIENTED_EDGE('',*,*,#1796,.F.);
#602=ORIENTED_EDGE('',*,*,#1782,.F.);
#603=ORIENTED_EDGE('',*,*,#1797,.F.);
#604=ORIENTED_EDGE('',*,*,#1798,.F.);
#605=ORIENTED_EDGE('',*,*,#1799,.F.);
#606=ORIENTED_EDGE('',*,*,#1800,.F.);
#607=ORIENTED_EDGE('',*,*,#1801,.F.);
#608=ORIENTED_EDGE('',*,*,#1802,.F.);
#609=ORIENTED_EDGE('',*,*,#1803,.F.);
#610=ORIENTED_EDGE('',*,*,#1804,.F.);
#611=ORIENTED_EDGE('',*,*,#1805,.F.);
#612=ORIENTED_EDGE('',*,*,#1806,.F.);
#613=ORIENTED_EDGE('',*,*,#1799,.T.);
#614=ORIENTED_EDGE('',*,*,#1807,.F.);
#615=ORIENTED_EDGE('',*,*,#1800,.T.);
#616=ORIENTED_EDGE('',*,*,#1808,.F.);
#617=ORIENTED_EDGE('',*,*,#1801,.T.);
#618=ORIENTED_EDGE('',*,*,#1809,.F.);
#619=ORIENTED_EDGE('',*,*,#1802,.T.);
#620=ORIENTED_EDGE('',*,*,#1810,.F.);
#621=ORIENTED_EDGE('',*,*,#1803,.T.);
#622=ORIENTED_EDGE('',*,*,#1811,.F.);
#623=ORIENTED_EDGE('',*,*,#1804,.T.);
#624=ORIENTED_EDGE('',*,*,#1812,.F.);
#625=ORIENTED_EDGE('',*,*,#1805,.T.);
#626=ORIENTED_EDGE('',*,*,#1813,.F.);
#627=ORIENTED_EDGE('',*,*,#1806,.T.);
#628=ORIENTED_EDGE('',*,*,#1814,.F.);
#629=ORIENTED_EDGE('',*,*,#1815,.T.);
#630=ORIENTED_EDGE('',*,*,#1816,.T.);
#631=ORIENTED_EDGE('',*,*,#1816,.F.);
#632=ORIENTED_EDGE('',*,*,#1817,.T.);
#633=ORIENTED_EDGE('',*,*,#1817,.F.);
#634=ORIENTED_EDGE('',*,*,#1818,.T.);
#635=ORIENTED_EDGE('',*,*,#1819,.F.);
#636=ORIENTED_EDGE('',*,*,#1820,.F.);
#637=ORIENTED_EDGE('',*,*,#1821,.F.);
#638=ORIENTED_EDGE('',*,*,#1822,.F.);
#639=ORIENTED_EDGE('',*,*,#1823,.F.);
#640=ORIENTED_EDGE('',*,*,#1824,.F.);
#641=ORIENTED_EDGE('',*,*,#1825,.F.);
#642=ORIENTED_EDGE('',*,*,#1826,.F.);
#643=ORIENTED_EDGE('',*,*,#1819,.T.);
#644=ORIENTED_EDGE('',*,*,#1827,.F.);
#645=ORIENTED_EDGE('',*,*,#1820,.T.);
#646=ORIENTED_EDGE('',*,*,#1828,.F.);
#647=ORIENTED_EDGE('',*,*,#1821,.T.);
#648=ORIENTED_EDGE('',*,*,#1829,.F.);
#649=ORIENTED_EDGE('',*,*,#1822,.T.);
#650=ORIENTED_EDGE('',*,*,#1830,.F.);
#651=ORIENTED_EDGE('',*,*,#1823,.T.);
#652=ORIENTED_EDGE('',*,*,#1831,.F.);
#653=ORIENTED_EDGE('',*,*,#1824,.T.);
#654=ORIENTED_EDGE('',*,*,#1832,.F.);
#655=ORIENTED_EDGE('',*,*,#1825,.T.);
#656=ORIENTED_EDGE('',*,*,#1833,.F.);
#657=ORIENTED_EDGE('',*,*,#1826,.T.);
#658=ORIENTED_EDGE('',*,*,#1834,.F.);
#659=ORIENTED_EDGE('',*,*,#1835,.T.);
#660=ORIENTED_EDGE('',*,*,#1836,.T.);
#661=ORIENTED_EDGE('',*,*,#1836,.F.);
#662=ORIENTED_EDGE('',*,*,#1837,.T.);
#663=ORIENTED_EDGE('',*,*,#1837,.F.);
#664=ORIENTED_EDGE('',*,*,#1838,.T.);
#665=ORIENTED_EDGE('',*,*,#1839,.F.);
#666=ORIENTED_EDGE('',*,*,#1840,.F.);
#667=ORIENTED_EDGE('',*,*,#1841,.F.);
#668=ORIENTED_EDGE('',*,*,#1842,.F.);
#669=ORIENTED_EDGE('',*,*,#1843,.F.);
#670=ORIENTED_EDGE('',*,*,#1844,.F.);
#671=ORIENTED_EDGE('',*,*,#1845,.F.);
#672=ORIENTED_EDGE('',*,*,#1846,.F.);
#673=ORIENTED_EDGE('',*,*,#1839,.T.);
#674=ORIENTED_EDGE('',*,*,#1847,.F.);
#675=ORIENTED_EDGE('',*,*,#1840,.T.);
#676=ORIENTED_EDGE('',*,*,#1848,.F.);
#677=ORIENTED_EDGE('',*,*,#1841,.T.);
#678=ORIENTED_EDGE('',*,*,#1849,.F.);
#679=ORIENTED_EDGE('',*,*,#1842,.T.);
#680=ORIENTED_EDGE('',*,*,#1850,.F.);
#681=ORIENTED_EDGE('',*,*,#1843,.T.);
#682=ORIENTED_EDGE('',*,*,#1851,.F.);
#683=ORIENTED_EDGE('',*,*,#1844,.T.);
#684=ORIENTED_EDGE('',*,*,#1852,.F.);
#685=ORIENTED_EDGE('',*,*,#1845,.T.);
#686=ORIENTED_EDGE('',*,*,#1853,.F.);
#687=ORIENTED_EDGE('',*,*,#1846,.T.);
#688=ORIENTED_EDGE('',*,*,#1854,.F.);
#689=ORIENTED_EDGE('',*,*,#1855,.T.);
#690=ORIENTED_EDGE('',*,*,#1856,.T.);
#691=ORIENTED_EDGE('',*,*,#1856,.F.);
#692=ORIENTED_EDGE('',*,*,#1857,.T.);
#693=ORIENTED_EDGE('',*,*,#1857,.F.);
#694=ORIENTED_EDGE('',*,*,#1858,.T.);
#695=ORIENTED_EDGE('',*,*,#1859,.F.);
#696=ORIENTED_EDGE('',*,*,#1860,.F.);
#697=ORIENTED_EDGE('',*,*,#1861,.F.);
#698=ORIENTED_EDGE('',*,*,#1862,.F.);
#699=ORIENTED_EDGE('',*,*,#1863,.F.);
#700=ORIENTED_EDGE('',*,*,#1864,.F.);
#701=ORIENTED_EDGE('',*,*,#1865,.F.);
#702=ORIENTED_EDGE('',*,*,#1866,.F.);
#703=ORIENTED_EDGE('',*,*,#1859,.T.);
#704=ORIENTED_EDGE('',*,*,#1867,.F.);
#705=ORIENTED_EDGE('',*,*,#1860,.T.);
#706=ORIENTED_EDGE('',*,*,#1868,.F.);
#707=ORIENTED_EDGE('',*,*,#1861,.T.);
#708=ORIENTED_EDGE('',*,*,#1869,.F.);
#709=ORIENTED_EDGE('',*,*,#1862,.T.);
#710=ORIENTED_EDGE('',*,*,#1870,.F.);
#711=ORIENTED_EDGE('',*,*,#1863,.T.);
#712=ORIENTED_EDGE('',*,*,#1871,.F.);
#713=ORIENTED_EDGE('',*,*,#1864,.T.);
#714=ORIENTED_EDGE('',*,*,#1872,.F.);
#715=ORIENTED_EDGE('',*,*,#1865,.T.);
#716=ORIENTED_EDGE('',*,*,#1873,.F.);
#717=ORIENTED_EDGE('',*,*,#1866,.T.);
#718=ORIENTED_EDGE('',*,*,#1874,.F.);
#719=ORIENTED_EDGE('',*,*,#1875,.T.);
#720=ORIENTED_EDGE('',*,*,#1876,.T.);
#721=ORIENTED_EDGE('',*,*,#1876,.F.);
#722=ORIENTED_EDGE('',*,*,#1877,.T.);
#723=ORIENTED_EDGE('',*,*,#1877,.F.);
#724=ORIENTED_EDGE('',*,*,#1878,.T.);
#725=ORIENTED_EDGE('',*,*,#1879,.F.);
#726=ORIENTED_EDGE('',*,*,#1880,.F.);
#727=ORIENTED_EDGE('',*,*,#1881,.F.);
#728=ORIENTED_EDGE('',*,*,#1882,.F.);
#729=ORIENTED_EDGE('',*,*,#1883,.F.);
#730=ORIENTED_EDGE('',*,*,#1884,.F.);
#731=ORIENTED_EDGE('',*,*,#1885,.F.);
#732=ORIENTED_EDGE('',*,*,#1886,.F.);
#733=ORIENTED_EDGE('',*,*,#1879,.T.);
#734=ORIENTED_EDGE('',*,*,#1887,.F.);
#735=ORIENTED_EDGE('',*,*,#1880,.T.);
#736=ORIENTED_EDGE('',*,*,#1888,.F.);
#737=ORIENTED_EDGE('',*,*,#1881,.T.);
#738=ORIENTED_EDGE('',*,*,#1889,.F.);
#739=ORIENTED_EDGE('',*,*,#1882,.T.);
#740=ORIENTED_EDGE('',*,*,#1890,.F.);
#741=ORIENTED_EDGE('',*,*,#1883,.T.);
#742=ORIENTED_EDGE('',*,*,#1891,.F.);
#743=ORIENTED_EDGE('',*,*,#1884,.T.);
#744=ORIENTED_EDGE('',*,*,#1892,.F.);
#745=ORIENTED_EDGE('',*,*,#1885,.T.);
#746=ORIENTED_EDGE('',*,*,#1893,.F.);
#747=ORIENTED_EDGE('',*,*,#1886,.T.);
#748=ORIENTED_EDGE('',*,*,#1894,.F.);
#749=ORIENTED_EDGE('',*,*,#1895,.T.);
#750=ORIENTED_EDGE('',*,*,#1896,.T.);
#751=ORIENTED_EDGE('',*,*,#1896,.F.);
#752=ORIENTED_EDGE('',*,*,#1897,.T.);
#753=ORIENTED_EDGE('',*,*,#1897,.F.);
#754=ORIENTED_EDGE('',*,*,#1898,.T.);
#755=ORIENTED_EDGE('',*,*,#1899,.F.);
#756=ORIENTED_EDGE('',*,*,#1900,.F.);
#757=ORIENTED_EDGE('',*,*,#1901,.F.);
#758=ORIENTED_EDGE('',*,*,#1902,.F.);
#759=ORIENTED_EDGE('',*,*,#1903,.F.);
#760=ORIENTED_EDGE('',*,*,#1904,.F.);
#761=ORIENTED_EDGE('',*,*,#1905,.F.);
#762=ORIENTED_EDGE('',*,*,#1906,.F.);
#763=ORIENTED_EDGE('',*,*,#1899,.T.);
#764=ORIENTED_EDGE('',*,*,#1907,.F.);
#765=ORIENTED_EDGE('',*,*,#1900,.T.);
#766=ORIENTED_EDGE('',*,*,#1908,.F.);
#767=ORIENTED_EDGE('',*,*,#1901,.T.);
#768=ORIENTED_EDGE('',*,*,#1909,.F.);
#769=ORIENTED_EDGE('',*,*,#1902,.T.);
#770=ORIENTED_EDGE('',*,*,#1910,.F.);
#771=ORIENTED_EDGE('',*,*,#1903,.T.);
#772=ORIENTED_EDGE('',*,*,#1911,.F.);
#773=ORIENTED_EDGE('',*,*,#1904,.T.);
#774=ORIENTED_EDGE('',*,*,#1912,.F.);
#775=ORIENTED_EDGE('',*,*,#1905,.T.);
#776=ORIENTED_EDGE('',*,*,#1913,.F.);
#777=ORIENTED_EDGE('',*,*,#1906,.T.);
#778=ORIENTED_EDGE('',*,*,#1914,.F.);
#779=ORIENTED_EDGE('',*,*,#1915,.T.);
#780=ORIENTED_EDGE('',*,*,#1916,.T.);
#781=ORIENTED_EDGE('',*,*,#1916,.F.);
#782=ORIENTED_EDGE('',*,*,#1917,.T.);
#783=ORIENTED_EDGE('',*,*,#1917,.F.);
#784=ORIENTED_EDGE('',*,*,#1918,.T.);
#785=ORIENTED_EDGE('',*,*,#1919,.F.);
#786=ORIENTED_EDGE('',*,*,#1920,.F.);
#787=ORIENTED_EDGE('',*,*,#1921,.F.);
#788=ORIENTED_EDGE('',*,*,#1922,.F.);
#789=ORIENTED_EDGE('',*,*,#1923,.F.);
#790=ORIENTED_EDGE('',*,*,#1924,.F.);
#791=ORIENTED_EDGE('',*,*,#1925,.F.);
#792=ORIENTED_EDGE('',*,*,#1926,.F.);
#793=ORIENTED_EDGE('',*,*,#1919,.T.);
#794=ORIENTED_EDGE('',*,*,#1927,.F.);
#795=ORIENTED_EDGE('',*,*,#1920,.T.);
#796=ORIENTED_EDGE('',*,*,#1928,.F.);
#797=ORIENTED_EDGE('',*,*,#1921,.T.);
#798=ORIENTED_EDGE('',*,*,#1929,.F.);
#799=ORIENTED_EDGE('',*,*,#1922,.T.);
#800=ORIENTED_EDGE('',*,*,#1930,.F.);
#801=ORIENTED_EDGE('',*,*,#1923,.T.);
#802=ORIENTED_EDGE('',*,*,#1931,.F.);
#803=ORIENTED_EDGE('',*,*,#1924,.T.);
#804=ORIENTED_EDGE('',*,*,#1932,.F.);
#805=ORIENTED_EDGE('',*,*,#1925,.T.);
#806=ORIENTED_EDGE('',*,*,#1933,.F.);
#807=ORIENTED_EDGE('',*,*,#1926,.T.);
#808=ORIENTED_EDGE('',*,*,#1934,.F.);
#809=ORIENTED_EDGE('',*,*,#1935,.T.);
#810=ORIENTED_EDGE('',*,*,#1936,.T.);
#811=ORIENTED_EDGE('',*,*,#1936,.F.);
#812=ORIENTED_EDGE('',*,*,#1937,.T.);
#813=ORIENTED_EDGE('',*,*,#1937,.F.);
#814=ORIENTED_EDGE('',*,*,#1938,.T.);
#815=ORIENTED_EDGE('',*,*,#1939,.F.);
#816=ORIENTED_EDGE('',*,*,#1940,.F.);
#817=ORIENTED_EDGE('',*,*,#1941,.F.);
#818=ORIENTED_EDGE('',*,*,#1942,.F.);
#819=ORIENTED_EDGE('',*,*,#1943,.F.);
#820=ORIENTED_EDGE('',*,*,#1944,.F.);
#821=ORIENTED_EDGE('',*,*,#1945,.F.);
#822=ORIENTED_EDGE('',*,*,#1946,.F.);
#823=ORIENTED_EDGE('',*,*,#1939,.T.);
#824=ORIENTED_EDGE('',*,*,#1947,.F.);
#825=ORIENTED_EDGE('',*,*,#1940,.T.);
#826=ORIENTED_EDGE('',*,*,#1948,.F.);
#827=ORIENTED_EDGE('',*,*,#1941,.T.);
#828=ORIENTED_EDGE('',*,*,#1949,.F.);
#829=ORIENTED_EDGE('',*,*,#1942,.T.);
#830=ORIENTED_EDGE('',*,*,#1950,.F.);
#831=ORIENTED_EDGE('',*,*,#1943,.T.);
#832=ORIENTED_EDGE('',*,*,#1951,.F.);
#833=ORIENTED_EDGE('',*,*,#1944,.T.);
#834=ORIENTED_EDGE('',*,*,#1952,.F.);
#835=ORIENTED_EDGE('',*,*,#1945,.T.);
#836=ORIENTED_EDGE('',*,*,#1953,.F.);
#837=ORIENTED_EDGE('',*,*,#1946,.T.);
#838=ORIENTED_EDGE('',*,*,#1954,.F.);
#839=ORIENTED_EDGE('',*,*,#1955,.T.);
#840=ORIENTED_EDGE('',*,*,#1956,.T.);
#841=ORIENTED_EDGE('',*,*,#1956,.F.);
#842=ORIENTED_EDGE('',*,*,#1957,.T.);
#843=ORIENTED_EDGE('',*,*,#1957,.F.);
#844=ORIENTED_EDGE('',*,*,#1958,.T.);
#845=ORIENTED_EDGE('',*,*,#1959,.F.);
#846=ORIENTED_EDGE('',*,*,#1960,.F.);
#847=ORIENTED_EDGE('',*,*,#1961,.F.);
#848=ORIENTED_EDGE('',*,*,#1962,.F.);
#849=ORIENTED_EDGE('',*,*,#1963,.F.);
#850=ORIENTED_EDGE('',*,*,#1964,.F.);
#851=ORIENTED_EDGE('',*,*,#1965,.F.);
#852=ORIENTED_EDGE('',*,*,#1966,.F.);
#853=ORIENTED_EDGE('',*,*,#1959,.T.);
#854=ORIENTED_EDGE('',*,*,#1967,.F.);
#855=ORIENTED_EDGE('',*,*,#1960,.T.);
#856=ORIENTED_EDGE('',*,*,#1968,.F.);
#857=ORIENTED_EDGE('',*,*,#1961,.T.);
#858=ORIENTED_EDGE('',*,*,#1969,.F.);
#859=ORIENTED_EDGE('',*,*,#1962,.T.);
#860=ORIENTED_EDGE('',*,*,#1970,.F.);
#861=ORIENTED_EDGE('',*,*,#1963,.T.);
#862=ORIENTED_EDGE('',*,*,#1971,.F.);
#863=ORIENTED_EDGE('',*,*,#1964,.T.);
#864=ORIENTED_EDGE('',*,*,#1972,.F.);
#865=ORIENTED_EDGE('',*,*,#1965,.T.);
#866=ORIENTED_EDGE('',*,*,#1973,.F.);
#867=ORIENTED_EDGE('',*,*,#1966,.T.);
#868=ORIENTED_EDGE('',*,*,#1974,.F.);
#869=ORIENTED_EDGE('',*,*,#1975,.T.);
#870=ORIENTED_EDGE('',*,*,#1976,.T.);
#871=ORIENTED_EDGE('',*,*,#1976,.F.);
#872=ORIENTED_EDGE('',*,*,#1977,.T.);
#873=ORIENTED_EDGE('',*,*,#1977,.F.);
#874=ORIENTED_EDGE('',*,*,#1978,.T.);
#875=ORIENTED_EDGE('',*,*,#1979,.F.);
#876=ORIENTED_EDGE('',*,*,#1980,.F.);
#877=ORIENTED_EDGE('',*,*,#1981,.F.);
#878=ORIENTED_EDGE('',*,*,#1982,.F.);
#879=ORIENTED_EDGE('',*,*,#1983,.F.);
#880=ORIENTED_EDGE('',*,*,#1984,.F.);
#881=ORIENTED_EDGE('',*,*,#1985,.F.);
#882=ORIENTED_EDGE('',*,*,#1986,.F.);
#883=ORIENTED_EDGE('',*,*,#1979,.T.);
#884=ORIENTED_EDGE('',*,*,#1987,.F.);
#885=ORIENTED_EDGE('',*,*,#1980,.T.);
#886=ORIENTED_EDGE('',*,*,#1988,.F.);
#887=ORIENTED_EDGE('',*,*,#1981,.T.);
#888=ORIENTED_EDGE('',*,*,#1989,.F.);
#889=ORIENTED_EDGE('',*,*,#1982,.T.);
#890=ORIENTED_EDGE('',*,*,#1990,.F.);
#891=ORIENTED_EDGE('',*,*,#1983,.T.);
#892=ORIENTED_EDGE('',*,*,#1991,.F.);
#893=ORIENTED_EDGE('',*,*,#1984,.T.);
#894=ORIENTED_EDGE('',*,*,#1992,.F.);
#895=ORIENTED_EDGE('',*,*,#1985,.T.);
#896=ORIENTED_EDGE('',*,*,#1993,.F.);
#897=ORIENTED_EDGE('',*,*,#1986,.T.);
#898=ORIENTED_EDGE('',*,*,#1994,.F.);
#899=ORIENTED_EDGE('',*,*,#1995,.T.);
#900=ORIENTED_EDGE('',*,*,#1996,.T.);
#901=ORIENTED_EDGE('',*,*,#1996,.F.);
#902=ORIENTED_EDGE('',*,*,#1997,.T.);
#903=ORIENTED_EDGE('',*,*,#1997,.F.);
#904=ORIENTED_EDGE('',*,*,#1998,.T.);
#905=ORIENTED_EDGE('',*,*,#1999,.F.);
#906=ORIENTED_EDGE('',*,*,#2000,.F.);
#907=ORIENTED_EDGE('',*,*,#2001,.F.);
#908=ORIENTED_EDGE('',*,*,#2002,.F.);
#909=ORIENTED_EDGE('',*,*,#2003,.F.);
#910=ORIENTED_EDGE('',*,*,#2004,.F.);
#911=ORIENTED_EDGE('',*,*,#2005,.F.);
#912=ORIENTED_EDGE('',*,*,#2006,.F.);
#913=ORIENTED_EDGE('',*,*,#1999,.T.);
#914=ORIENTED_EDGE('',*,*,#2007,.F.);
#915=ORIENTED_EDGE('',*,*,#2000,.T.);
#916=ORIENTED_EDGE('',*,*,#2008,.F.);
#917=ORIENTED_EDGE('',*,*,#2001,.T.);
#918=ORIENTED_EDGE('',*,*,#2009,.F.);
#919=ORIENTED_EDGE('',*,*,#2002,.T.);
#920=ORIENTED_EDGE('',*,*,#2010,.F.);
#921=ORIENTED_EDGE('',*,*,#2003,.T.);
#922=ORIENTED_EDGE('',*,*,#2011,.F.);
#923=ORIENTED_EDGE('',*,*,#2004,.T.);
#924=ORIENTED_EDGE('',*,*,#2012,.F.);
#925=ORIENTED_EDGE('',*,*,#2005,.T.);
#926=ORIENTED_EDGE('',*,*,#2013,.F.);
#927=ORIENTED_EDGE('',*,*,#2006,.T.);
#928=ORIENTED_EDGE('',*,*,#2014,.F.);
#929=ORIENTED_EDGE('',*,*,#2015,.T.);
#930=ORIENTED_EDGE('',*,*,#2016,.T.);
#931=ORIENTED_EDGE('',*,*,#2016,.F.);
#932=ORIENTED_EDGE('',*,*,#2017,.T.);
#933=ORIENTED_EDGE('',*,*,#2017,.F.);
#934=ORIENTED_EDGE('',*,*,#2018,.T.);
#935=ORIENTED_EDGE('',*,*,#2019,.F.);
#936=ORIENTED_EDGE('',*,*,#2020,.F.);
#937=ORIENTED_EDGE('',*,*,#1938,.F.);
#938=ORIENTED_EDGE('',*,*,#1934,.T.);
#939=ORIENTED_EDGE('',*,*,#1933,.T.);
#940=ORIENTED_EDGE('',*,*,#1932,.T.);
#941=ORIENTED_EDGE('',*,*,#1931,.T.);
#942=ORIENTED_EDGE('',*,*,#1930,.T.);
#943=ORIENTED_EDGE('',*,*,#1929,.T.);
#944=ORIENTED_EDGE('',*,*,#1928,.T.);
#945=ORIENTED_EDGE('',*,*,#1927,.T.);
#946=ORIENTED_EDGE('',*,*,#2021,.T.);
#947=ORIENTED_EDGE('',*,*,#2022,.T.);
#948=ORIENTED_EDGE('',*,*,#2023,.T.);
#949=ORIENTED_EDGE('',*,*,#2024,.T.);
#950=ORIENTED_EDGE('',*,*,#1918,.F.);
#951=ORIENTED_EDGE('',*,*,#1914,.T.);
#952=ORIENTED_EDGE('',*,*,#1913,.T.);
#953=ORIENTED_EDGE('',*,*,#1912,.T.);
#954=ORIENTED_EDGE('',*,*,#1911,.T.);
#955=ORIENTED_EDGE('',*,*,#1910,.T.);
#956=ORIENTED_EDGE('',*,*,#1909,.T.);
#957=ORIENTED_EDGE('',*,*,#1908,.T.);
#958=ORIENTED_EDGE('',*,*,#1907,.T.);
#959=ORIENTED_EDGE('',*,*,#2025,.T.);
#960=ORIENTED_EDGE('',*,*,#2026,.T.);
#961=ORIENTED_EDGE('',*,*,#2027,.T.);
#962=ORIENTED_EDGE('',*,*,#2028,.T.);
#963=ORIENTED_EDGE('',*,*,#1898,.F.);
#964=ORIENTED_EDGE('',*,*,#1894,.T.);
#965=ORIENTED_EDGE('',*,*,#1893,.T.);
#966=ORIENTED_EDGE('',*,*,#1892,.T.);
#967=ORIENTED_EDGE('',*,*,#1891,.T.);
#968=ORIENTED_EDGE('',*,*,#1890,.T.);
#969=ORIENTED_EDGE('',*,*,#1889,.T.);
#970=ORIENTED_EDGE('',*,*,#1888,.T.);
#971=ORIENTED_EDGE('',*,*,#1887,.T.);
#972=ORIENTED_EDGE('',*,*,#2029,.T.);
#973=ORIENTED_EDGE('',*,*,#2030,.T.);
#974=ORIENTED_EDGE('',*,*,#2031,.T.);
#975=ORIENTED_EDGE('',*,*,#2032,.T.);
#976=ORIENTED_EDGE('',*,*,#1878,.F.);
#977=ORIENTED_EDGE('',*,*,#1874,.T.);
#978=ORIENTED_EDGE('',*,*,#1873,.T.);
#979=ORIENTED_EDGE('',*,*,#1872,.T.);
#980=ORIENTED_EDGE('',*,*,#1871,.T.);
#981=ORIENTED_EDGE('',*,*,#1870,.T.);
#982=ORIENTED_EDGE('',*,*,#1869,.T.);
#983=ORIENTED_EDGE('',*,*,#1868,.T.);
#984=ORIENTED_EDGE('',*,*,#1867,.T.);
#985=ORIENTED_EDGE('',*,*,#2033,.T.);
#986=ORIENTED_EDGE('',*,*,#2034,.T.);
#987=ORIENTED_EDGE('',*,*,#2035,.T.);
#988=ORIENTED_EDGE('',*,*,#2036,.T.);
#989=ORIENTED_EDGE('',*,*,#1858,.F.);
#990=ORIENTED_EDGE('',*,*,#1854,.T.);
#991=ORIENTED_EDGE('',*,*,#1853,.T.);
#992=ORIENTED_EDGE('',*,*,#1852,.T.);
#993=ORIENTED_EDGE('',*,*,#1851,.T.);
#994=ORIENTED_EDGE('',*,*,#1850,.T.);
#995=ORIENTED_EDGE('',*,*,#1849,.T.);
#996=ORIENTED_EDGE('',*,*,#1848,.T.);
#997=ORIENTED_EDGE('',*,*,#1847,.T.);
#998=ORIENTED_EDGE('',*,*,#2037,.T.);
#999=ORIENTED_EDGE('',*,*,#2038,.T.);
#1000=ORIENTED_EDGE('',*,*,#2039,.T.);
#1001=ORIENTED_EDGE('',*,*,#2040,.T.);
#1002=ORIENTED_EDGE('',*,*,#1838,.F.);
#1003=ORIENTED_EDGE('',*,*,#1834,.T.);
#1004=ORIENTED_EDGE('',*,*,#1833,.T.);
#1005=ORIENTED_EDGE('',*,*,#1832,.T.);
#1006=ORIENTED_EDGE('',*,*,#1831,.T.);
#1007=ORIENTED_EDGE('',*,*,#1830,.T.);
#1008=ORIENTED_EDGE('',*,*,#1829,.T.);
#1009=ORIENTED_EDGE('',*,*,#1828,.T.);
#1010=ORIENTED_EDGE('',*,*,#1827,.T.);
#1011=ORIENTED_EDGE('',*,*,#2041,.T.);
#1012=ORIENTED_EDGE('',*,*,#2042,.T.);
#1013=ORIENTED_EDGE('',*,*,#2043,.T.);
#1014=ORIENTED_EDGE('',*,*,#2044,.T.);
#1015=ORIENTED_EDGE('',*,*,#1818,.F.);
#1016=ORIENTED_EDGE('',*,*,#1814,.T.);
#1017=ORIENTED_EDGE('',*,*,#1813,.T.);
#1018=ORIENTED_EDGE('',*,*,#1812,.T.);
#1019=ORIENTED_EDGE('',*,*,#1811,.T.);
#1020=ORIENTED_EDGE('',*,*,#1810,.T.);
#1021=ORIENTED_EDGE('',*,*,#1809,.T.);
#1022=ORIENTED_EDGE('',*,*,#1808,.T.);
#1023=ORIENTED_EDGE('',*,*,#1807,.T.);
#1024=ORIENTED_EDGE('',*,*,#2045,.T.);
#1025=ORIENTED_EDGE('',*,*,#2046,.T.);
#1026=ORIENTED_EDGE('',*,*,#2047,.T.);
#1027=ORIENTED_EDGE('',*,*,#2048,.T.);
#1028=ORIENTED_EDGE('',*,*,#2049,.T.);
#1029=ORIENTED_EDGE('',*,*,#2050,.T.);
#1030=ORIENTED_EDGE('',*,*,#2051,.T.);
#1031=ORIENTED_EDGE('',*,*,#2052,.T.);
#1032=ORIENTED_EDGE('',*,*,#2053,.T.);
#1033=ORIENTED_EDGE('',*,*,#2054,.T.);
#1034=ORIENTED_EDGE('',*,*,#2055,.T.);
#1035=ORIENTED_EDGE('',*,*,#2056,.T.);
#1036=ORIENTED_EDGE('',*,*,#2057,.F.);
#1037=ORIENTED_EDGE('',*,*,#2058,.T.);
#1038=ORIENTED_EDGE('',*,*,#2059,.T.);
#1039=ORIENTED_EDGE('',*,*,#2060,.T.);
#1040=ORIENTED_EDGE('',*,*,#2061,.T.);
#1041=ORIENTED_EDGE('',*,*,#2018,.F.);
#1042=ORIENTED_EDGE('',*,*,#2014,.T.);
#1043=ORIENTED_EDGE('',*,*,#2013,.T.);
#1044=ORIENTED_EDGE('',*,*,#2012,.T.);
#1045=ORIENTED_EDGE('',*,*,#2011,.T.);
#1046=ORIENTED_EDGE('',*,*,#2010,.T.);
#1047=ORIENTED_EDGE('',*,*,#2009,.T.);
#1048=ORIENTED_EDGE('',*,*,#2008,.T.);
#1049=ORIENTED_EDGE('',*,*,#2007,.T.);
#1050=ORIENTED_EDGE('',*,*,#2062,.T.);
#1051=ORIENTED_EDGE('',*,*,#2063,.T.);
#1052=ORIENTED_EDGE('',*,*,#2064,.T.);
#1053=ORIENTED_EDGE('',*,*,#2065,.T.);
#1054=ORIENTED_EDGE('',*,*,#1998,.F.);
#1055=ORIENTED_EDGE('',*,*,#1994,.T.);
#1056=ORIENTED_EDGE('',*,*,#1993,.T.);
#1057=ORIENTED_EDGE('',*,*,#1992,.T.);
#1058=ORIENTED_EDGE('',*,*,#1991,.T.);
#1059=ORIENTED_EDGE('',*,*,#1990,.T.);
#1060=ORIENTED_EDGE('',*,*,#1989,.T.);
#1061=ORIENTED_EDGE('',*,*,#1988,.T.);
#1062=ORIENTED_EDGE('',*,*,#1987,.T.);
#1063=ORIENTED_EDGE('',*,*,#2066,.T.);
#1064=ORIENTED_EDGE('',*,*,#2067,.T.);
#1065=ORIENTED_EDGE('',*,*,#2068,.T.);
#1066=ORIENTED_EDGE('',*,*,#2069,.T.);
#1067=ORIENTED_EDGE('',*,*,#1978,.F.);
#1068=ORIENTED_EDGE('',*,*,#1974,.T.);
#1069=ORIENTED_EDGE('',*,*,#1973,.T.);
#1070=ORIENTED_EDGE('',*,*,#1972,.T.);
#1071=ORIENTED_EDGE('',*,*,#1971,.T.);
#1072=ORIENTED_EDGE('',*,*,#1970,.T.);
#1073=ORIENTED_EDGE('',*,*,#1969,.T.);
#1074=ORIENTED_EDGE('',*,*,#1968,.T.);
#1075=ORIENTED_EDGE('',*,*,#1967,.T.);
#1076=ORIENTED_EDGE('',*,*,#2070,.T.);
#1077=ORIENTED_EDGE('',*,*,#2071,.T.);
#1078=ORIENTED_EDGE('',*,*,#2072,.T.);
#1079=ORIENTED_EDGE('',*,*,#2073,.T.);
#1080=ORIENTED_EDGE('',*,*,#1958,.F.);
#1081=ORIENTED_EDGE('',*,*,#1954,.T.);
#1082=ORIENTED_EDGE('',*,*,#1953,.T.);
#1083=ORIENTED_EDGE('',*,*,#1952,.T.);
#1084=ORIENTED_EDGE('',*,*,#1951,.T.);
#1085=ORIENTED_EDGE('',*,*,#1950,.T.);
#1086=ORIENTED_EDGE('',*,*,#1949,.T.);
#1087=ORIENTED_EDGE('',*,*,#1948,.T.);
#1088=ORIENTED_EDGE('',*,*,#1947,.T.);
#1089=ORIENTED_EDGE('',*,*,#2074,.T.);
#1090=ORIENTED_EDGE('',*,*,#2075,.T.);
#1091=ORIENTED_EDGE('',*,*,#2076,.T.);
#1092=ORIENTED_EDGE('',*,*,#2077,.T.);
#1093=ORIENTED_EDGE('',*,*,#1734,.T.);
#1094=ORIENTED_EDGE('',*,*,#1731,.T.);
#1095=ORIENTED_EDGE('',*,*,#1732,.T.);
#1096=ORIENTED_EDGE('',*,*,#1733,.T.);
#1097=ORIENTED_EDGE('',*,*,#2078,.T.);
#1098=ORIENTED_EDGE('',*,*,#2079,.T.);
#1099=ORIENTED_EDGE('',*,*,#2080,.T.);
#1100=ORIENTED_EDGE('',*,*,#2081,.T.);
#1101=ORIENTED_EDGE('',*,*,#2082,.T.);
#1102=ORIENTED_EDGE('',*,*,#2083,.T.);
#1103=ORIENTED_EDGE('',*,*,#2084,.T.);
#1104=ORIENTED_EDGE('',*,*,#2085,.T.);
#1105=ORIENTED_EDGE('',*,*,#2086,.T.);
#1106=ORIENTED_EDGE('',*,*,#2087,.T.);
#1107=ORIENTED_EDGE('',*,*,#2088,.T.);
#1108=ORIENTED_EDGE('',*,*,#2089,.T.);
#1109=ORIENTED_EDGE('',*,*,#2090,.T.);
#1110=ORIENTED_EDGE('',*,*,#2091,.T.);
#1111=ORIENTED_EDGE('',*,*,#2092,.T.);
#1112=ORIENTED_EDGE('',*,*,#2093,.T.);
#1113=ORIENTED_EDGE('',*,*,#2094,.F.);
#1114=ORIENTED_EDGE('',*,*,#2095,.T.);
#1115=ORIENTED_EDGE('',*,*,#2096,.T.);
#1116=ORIENTED_EDGE('',*,*,#2097,.T.);
#1117=ORIENTED_EDGE('',*,*,#2098,.T.);
#1118=ORIENTED_EDGE('',*,*,#2099,.T.);
#1119=ORIENTED_EDGE('',*,*,#2100,.T.);
#1120=ORIENTED_EDGE('',*,*,#2101,.T.);
#1121=ORIENTED_EDGE('',*,*,#2102,.T.);
#1122=ORIENTED_EDGE('',*,*,#2103,.T.);
#1123=ORIENTED_EDGE('',*,*,#2104,.T.);
#1124=ORIENTED_EDGE('',*,*,#2105,.T.);
#1125=ORIENTED_EDGE('',*,*,#2106,.T.);
#1126=ORIENTED_EDGE('',*,*,#2107,.T.);
#1127=ORIENTED_EDGE('',*,*,#2108,.T.);
#1128=ORIENTED_EDGE('',*,*,#2109,.T.);
#1129=ORIENTED_EDGE('',*,*,#2110,.T.);
#1130=ORIENTED_EDGE('',*,*,#1746,.T.);
#1131=ORIENTED_EDGE('',*,*,#1741,.T.);
#1132=ORIENTED_EDGE('',*,*,#1745,.T.);
#1133=ORIENTED_EDGE('',*,*,#1744,.T.);
#1134=ORIENTED_EDGE('',*,*,#1743,.T.);
#1135=ORIENTED_EDGE('',*,*,#1742,.T.);
#1136=ORIENTED_EDGE('',*,*,#2111,.T.);
#1137=ORIENTED_EDGE('',*,*,#2112,.T.);
#1138=ORIENTED_EDGE('',*,*,#2113,.T.);
#1139=ORIENTED_EDGE('',*,*,#2114,.T.);
#1140=ORIENTED_EDGE('',*,*,#2115,.T.);
#1141=ORIENTED_EDGE('',*,*,#2116,.T.);
#1142=ORIENTED_EDGE('',*,*,#1762,.F.);
#1143=ORIENTED_EDGE('',*,*,#1760,.T.);
#1144=ORIENTED_EDGE('',*,*,#1759,.T.);
#1145=ORIENTED_EDGE('',*,*,#1758,.T.);
#1146=ORIENTED_EDGE('',*,*,#1757,.T.);
#1147=ORIENTED_EDGE('',*,*,#1756,.T.);
#1148=ORIENTED_EDGE('',*,*,#1755,.T.);
#1149=ORIENTED_EDGE('',*,*,#2117,.T.);
#1150=ORIENTED_EDGE('',*,*,#2118,.T.);
#1151=ORIENTED_EDGE('',*,*,#2119,.T.);
#1152=ORIENTED_EDGE('',*,*,#2120,.T.);
#1153=ORIENTED_EDGE('',*,*,#2121,.T.);
#1154=ORIENTED_EDGE('',*,*,#2122,.T.);
#1155=ORIENTED_EDGE('',*,*,#2123,.F.);
#1156=ORIENTED_EDGE('',*,*,#1767,.F.);
#1157=ORIENTED_EDGE('',*,*,#1779,.T.);
#1158=ORIENTED_EDGE('',*,*,#1778,.T.);
#1159=ORIENTED_EDGE('',*,*,#1777,.T.);
#1160=ORIENTED_EDGE('',*,*,#1776,.T.);
#1161=ORIENTED_EDGE('',*,*,#1775,.T.);
#1162=ORIENTED_EDGE('',*,*,#1774,.T.);
#1163=ORIENTED_EDGE('',*,*,#1783,.F.);
#1164=ORIENTED_EDGE('',*,*,#1795,.T.);
#1165=ORIENTED_EDGE('',*,*,#1794,.T.);
#1166=ORIENTED_EDGE('',*,*,#1793,.T.);
#1167=ORIENTED_EDGE('',*,*,#1792,.T.);
#1168=ORIENTED_EDGE('',*,*,#1791,.T.);
#1169=ORIENTED_EDGE('',*,*,#1790,.T.);
#1170=ORIENTED_EDGE('',*,*,#2124,.T.);
#1171=ORIENTED_EDGE('',*,*,#2125,.T.);
#1172=ORIENTED_EDGE('',*,*,#2126,.T.);
#1173=ORIENTED_EDGE('',*,*,#2127,.T.);
#1174=ORIENTED_EDGE('',*,*,#2128,.T.);
#1175=ORIENTED_EDGE('',*,*,#2129,.T.);
#1176=ORIENTED_EDGE('',*,*,#2130,.F.);
#1177=ORIENTED_EDGE('',*,*,#2131,.T.);
#1178=ORIENTED_EDGE('',*,*,#2132,.T.);
#1179=ORIENTED_EDGE('',*,*,#2133,.T.);
#1180=ORIENTED_EDGE('',*,*,#2134,.T.);
#1181=ORIENTED_EDGE('',*,*,#2135,.T.);
#1182=ORIENTED_EDGE('',*,*,#2136,.T.);
#1183=ORIENTED_EDGE('',*,*,#2137,.T.);
#1184=ORIENTED_EDGE('',*,*,#2138,.T.);
#1185=ORIENTED_EDGE('',*,*,#2139,.F.);
#1186=ORIENTED_EDGE('',*,*,#2140,.T.);
#1187=ORIENTED_EDGE('',*,*,#2141,.T.);
#1188=ORIENTED_EDGE('',*,*,#2142,.T.);
#1189=ORIENTED_EDGE('',*,*,#2143,.T.);
#1190=ORIENTED_EDGE('',*,*,#2144,.T.);
#1191=ORIENTED_EDGE('',*,*,#2145,.T.);
#1192=ORIENTED_EDGE('',*,*,#2146,.T.);
#1193=ORIENTED_EDGE('',*,*,#2147,.T.);
#1194=ORIENTED_EDGE('',*,*,#2148,.T.);
#1195=ORIENTED_EDGE('',*,*,#2149,.T.);
#1196=ORIENTED_EDGE('',*,*,#2150,.T.);
#1197=ORIENTED_EDGE('',*,*,#2151,.T.);
#1198=ORIENTED_EDGE('',*,*,#2152,.F.);
#1199=ORIENTED_EDGE('',*,*,#2035,.F.);
#1200=ORIENTED_EDGE('',*,*,#2153,.F.);
#1201=ORIENTED_EDGE('',*,*,#2106,.F.);
#1202=ORIENTED_EDGE('',*,*,#2154,.F.);
#1203=ORIENTED_EDGE('',*,*,#2152,.T.);
#1204=ORIENTED_EDGE('',*,*,#2155,.F.);
#1205=ORIENTED_EDGE('',*,*,#2156,.F.);
#1206=ORIENTED_EDGE('',*,*,#2153,.T.);
#1207=ORIENTED_EDGE('',*,*,#2157,.F.);
#1208=ORIENTED_EDGE('',*,*,#2155,.T.);
#1209=ORIENTED_EDGE('',*,*,#2105,.F.);
#1210=ORIENTED_EDGE('',*,*,#2158,.F.);
#1211=ORIENTED_EDGE('',*,*,#2037,.F.);
#1212=ORIENTED_EDGE('',*,*,#2154,.T.);
#1213=ORIENTED_EDGE('',*,*,#2040,.F.);
#1214=ORIENTED_EDGE('',*,*,#2159,.F.);
#1215=ORIENTED_EDGE('',*,*,#2036,.F.);
#1216=ORIENTED_EDGE('',*,*,#2160,.F.);
#1217=ORIENTED_EDGE('',*,*,#2033,.F.);
#1218=ORIENTED_EDGE('',*,*,#2161,.F.);
#1219=ORIENTED_EDGE('',*,*,#2147,.F.);
#1220=ORIENTED_EDGE('',*,*,#2157,.T.);
#1221=ORIENTED_EDGE('',*,*,#2034,.F.);
#1222=ORIENTED_EDGE('',*,*,#2162,.F.);
#1223=ORIENTED_EDGE('',*,*,#2031,.F.);
#1224=ORIENTED_EDGE('',*,*,#2156,.T.);
#1225=ORIENTED_EDGE('',*,*,#2030,.F.);
#1226=ORIENTED_EDGE('',*,*,#2163,.F.);
#1227=ORIENTED_EDGE('',*,*,#2095,.F.);
#1228=ORIENTED_EDGE('',*,*,#2164,.F.);
#1229=ORIENTED_EDGE('',*,*,#2158,.T.);
#1230=ORIENTED_EDGE('',*,*,#2165,.F.);
#1231=ORIENTED_EDGE('',*,*,#2161,.T.);
#1232=ORIENTED_EDGE('',*,*,#2159,.T.);
#1233=ORIENTED_EDGE('',*,*,#2166,.F.);
#1234=ORIENTED_EDGE('',*,*,#2162,.T.);
#1235=ORIENTED_EDGE('',*,*,#2160,.T.);
#1236=ORIENTED_EDGE('',*,*,#2167,.F.);
#1237=ORIENTED_EDGE('',*,*,#2168,.F.);
#1238=ORIENTED_EDGE('',*,*,#2163,.T.);
#1239=ORIENTED_EDGE('',*,*,#2169,.F.);
#1240=ORIENTED_EDGE('',*,*,#2165,.T.);
#1241=ORIENTED_EDGE('',*,*,#2104,.F.);
#1242=ORIENTED_EDGE('',*,*,#2170,.F.);
#1243=ORIENTED_EDGE('',*,*,#2043,.F.);
#1244=ORIENTED_EDGE('',*,*,#2164,.T.);
#1245=ORIENTED_EDGE('',*,*,#2042,.F.);
#1246=ORIENTED_EDGE('',*,*,#2171,.F.);
#1247=ORIENTED_EDGE('',*,*,#2038,.F.);
#1248=ORIENTED_EDGE('',*,*,#2166,.T.);
#1249=ORIENTED_EDGE('',*,*,#2039,.F.);
#1250=ORIENTED_EDGE('',*,*,#2172,.F.);
#1251=ORIENTED_EDGE('',*,*,#2148,.F.);
#1252=ORIENTED_EDGE('',*,*,#2167,.T.);
#1253=ORIENTED_EDGE('',*,*,#2146,.F.);
#1254=ORIENTED_EDGE('',*,*,#2173,.F.);
#1255=ORIENTED_EDGE('',*,*,#2032,.F.);
#1256=ORIENTED_EDGE('',*,*,#2169,.T.);
#1257=ORIENTED_EDGE('',*,*,#2029,.F.);
#1258=ORIENTED_EDGE('',*,*,#2174,.F.);
#1259=ORIENTED_EDGE('',*,*,#2027,.F.);
#1260=ORIENTED_EDGE('',*,*,#2168,.T.);
#1261=ORIENTED_EDGE('',*,*,#2026,.F.);
#1262=ORIENTED_EDGE('',*,*,#2175,.F.);
#1263=ORIENTED_EDGE('',*,*,#2096,.F.);
#1264=ORIENTED_EDGE('',*,*,#2176,.F.);
#1265=ORIENTED_EDGE('',*,*,#2170,.T.);
#1266=ORIENTED_EDGE('',*,*,#2177,.F.);
#1267=ORIENTED_EDGE('',*,*,#2172,.T.);
#1268=ORIENTED_EDGE('',*,*,#2171,.T.);
#1269=ORIENTED_EDGE('',*,*,#2178,.F.);
#1270=ORIENTED_EDGE('',*,*,#2174,.T.);
#1271=ORIENTED_EDGE('',*,*,#2173,.T.);
#1272=ORIENTED_EDGE('',*,*,#2179,.F.);
#1273=ORIENTED_EDGE('',*,*,#2180,.F.);
#1274=ORIENTED_EDGE('',*,*,#2175,.T.);
#1275=ORIENTED_EDGE('',*,*,#2181,.F.);
#1276=ORIENTED_EDGE('',*,*,#2177,.T.);
#1277=ORIENTED_EDGE('',*,*,#2103,.F.);
#1278=ORIENTED_EDGE('',*,*,#2182,.F.);
#1279=ORIENTED_EDGE('',*,*,#2045,.F.);
#1280=ORIENTED_EDGE('',*,*,#2176,.T.);
#1281=ORIENTED_EDGE('',*,*,#2048,.F.);
#1282=ORIENTED_EDGE('',*,*,#2183,.F.);
#1283=ORIENTED_EDGE('',*,*,#2044,.F.);
#1284=ORIENTED_EDGE('',*,*,#2178,.T.);
#1285=ORIENTED_EDGE('',*,*,#2041,.F.);
#1286=ORIENTED_EDGE('',*,*,#2184,.F.);
#1287=ORIENTED_EDGE('',*,*,#2149,.F.);
#1288=ORIENTED_EDGE('',*,*,#2179,.T.);
#1289=ORIENTED_EDGE('',*,*,#2145,.F.);
#1290=ORIENTED_EDGE('',*,*,#2185,.F.);
#1291=ORIENTED_EDGE('',*,*,#2028,.F.);
#1292=ORIENTED_EDGE('',*,*,#2181,.T.);
#1293=ORIENTED_EDGE('',*,*,#2025,.F.);
#1294=ORIENTED_EDGE('',*,*,#2186,.F.);
#1295=ORIENTED_EDGE('',*,*,#2024,.F.);
#1296=ORIENTED_EDGE('',*,*,#2180,.T.);
#1297=ORIENTED_EDGE('',*,*,#2023,.F.);
#1298=ORIENTED_EDGE('',*,*,#2187,.F.);
#1299=ORIENTED_EDGE('',*,*,#2097,.F.);
#1300=ORIENTED_EDGE('',*,*,#2188,.F.);
#1301=ORIENTED_EDGE('',*,*,#2182,.T.);
#1302=ORIENTED_EDGE('',*,*,#2189,.F.);
#1303=ORIENTED_EDGE('',*,*,#2184,.T.);
#1304=ORIENTED_EDGE('',*,*,#2183,.T.);
#1305=ORIENTED_EDGE('',*,*,#2190,.F.);
#1306=ORIENTED_EDGE('',*,*,#2186,.T.);
#1307=ORIENTED_EDGE('',*,*,#2185,.T.);
#1308=ORIENTED_EDGE('',*,*,#2191,.F.);
#1309=ORIENTED_EDGE('',*,*,#2192,.F.);
#1310=ORIENTED_EDGE('',*,*,#2187,.T.);
#1311=ORIENTED_EDGE('',*,*,#2193,.F.);
#1312=ORIENTED_EDGE('',*,*,#2189,.T.);
#1313=ORIENTED_EDGE('',*,*,#2102,.F.);
#1314=ORIENTED_EDGE('',*,*,#2194,.F.);
#1315=ORIENTED_EDGE('',*,*,#2060,.F.);
#1316=ORIENTED_EDGE('',*,*,#2188,.T.);
#1317=ORIENTED_EDGE('',*,*,#2059,.F.);
#1318=ORIENTED_EDGE('',*,*,#2195,.F.);
#1319=ORIENTED_EDGE('',*,*,#2046,.F.);
#1320=ORIENTED_EDGE('',*,*,#2190,.T.);
#1321=ORIENTED_EDGE('',*,*,#2047,.F.);
#1322=ORIENTED_EDGE('',*,*,#2196,.F.);
#1323=ORIENTED_EDGE('',*,*,#2150,.F.);
#1324=ORIENTED_EDGE('',*,*,#2191,.T.);
#1325=ORIENTED_EDGE('',*,*,#2144,.F.);
#1326=ORIENTED_EDGE('',*,*,#2197,.F.);
#1327=ORIENTED_EDGE('',*,*,#2021,.F.);
#1328=ORIENTED_EDGE('',*,*,#2193,.T.);
#1329=ORIENTED_EDGE('',*,*,#2022,.F.);
#1330=ORIENTED_EDGE('',*,*,#2198,.F.);
#1331=ORIENTED_EDGE('',*,*,#2076,.F.);
#1332=ORIENTED_EDGE('',*,*,#2192,.T.);
#1333=ORIENTED_EDGE('',*,*,#2075,.F.);
#1334=ORIENTED_EDGE('',*,*,#2199,.F.);
#1335=ORIENTED_EDGE('',*,*,#2098,.F.);
#1336=ORIENTED_EDGE('',*,*,#2200,.F.);
#1337=ORIENTED_EDGE('',*,*,#2194,.T.);
#1338=ORIENTED_EDGE('',*,*,#2201,.F.);
#1339=ORIENTED_EDGE('',*,*,#2196,.T.);
#1340=ORIENTED_EDGE('',*,*,#2195,.T.);
#1341=ORIENTED_EDGE('',*,*,#2202,.F.);
#1342=ORIENTED_EDGE('',*,*,#2198,.T.);
#1343=ORIENTED_EDGE('',*,*,#2197,.T.);
#1344=ORIENTED_EDGE('',*,*,#2203,.F.);
#1345=ORIENTED_EDGE('',*,*,#2204,.F.);
#1346=ORIENTED_EDGE('',*,*,#2199,.T.);
#1347=ORIENTED_EDGE('',*,*,#2205,.F.);
#1348=ORIENTED_EDGE('',*,*,#2201,.T.);
#1349=ORIENTED_EDGE('',*,*,#2101,.F.);
#1350=ORIENTED_EDGE('',*,*,#2206,.F.);
#1351=ORIENTED_EDGE('',*,*,#2062,.F.);
#1352=ORIENTED_EDGE('',*,*,#2200,.T.);
#1353=ORIENTED_EDGE('',*,*,#2065,.F.);
#1354=ORIENTED_EDGE('',*,*,#2207,.F.);
#1355=ORIENTED_EDGE('',*,*,#2061,.F.);
#1356=ORIENTED_EDGE('',*,*,#2202,.T.);
#1357=ORIENTED_EDGE('',*,*,#2058,.F.);
#1358=ORIENTED_EDGE('',*,*,#2208,.F.);
#1359=ORIENTED_EDGE('',*,*,#2151,.F.);
#1360=ORIENTED_EDGE('',*,*,#2203,.T.);
#1361=ORIENTED_EDGE('',*,*,#2143,.F.);
#1362=ORIENTED_EDGE('',*,*,#2209,.F.);
#1363=ORIENTED_EDGE('',*,*,#2077,.F.);
#1364=ORIENTED_EDGE('',*,*,#2205,.T.);
#1365=ORIENTED_EDGE('',*,*,#2074,.F.);
#1366=ORIENTED_EDGE('',*,*,#2210,.F.);
#1367=ORIENTED_EDGE('',*,*,#2072,.F.);
#1368=ORIENTED_EDGE('',*,*,#2204,.T.);
#1369=ORIENTED_EDGE('',*,*,#2071,.F.);
#1370=ORIENTED_EDGE('',*,*,#2211,.F.);
#1371=ORIENTED_EDGE('',*,*,#2099,.F.);
#1372=ORIENTED_EDGE('',*,*,#2212,.F.);
#1373=ORIENTED_EDGE('',*,*,#2100,.F.);
#1374=ORIENTED_EDGE('',*,*,#2213,.F.);
#1375=ORIENTED_EDGE('',*,*,#2066,.F.);
#1376=ORIENTED_EDGE('',*,*,#2206,.T.);
#1377=ORIENTED_EDGE('',*,*,#2212,.T.);
#1378=ORIENTED_EDGE('',*,*,#2214,.F.);
#1379=ORIENTED_EDGE('',*,*,#2208,.T.);
#1380=ORIENTED_EDGE('',*,*,#2207,.T.);
#1381=ORIENTED_EDGE('',*,*,#2215,.F.);
#1382=ORIENTED_EDGE('',*,*,#2210,.T.);
#1383=ORIENTED_EDGE('',*,*,#2209,.T.);
#1384=ORIENTED_EDGE('',*,*,#2216,.F.);
#1385=ORIENTED_EDGE('',*,*,#2213,.T.);
#1386=ORIENTED_EDGE('',*,*,#2211,.T.);
#1387=ORIENTED_EDGE('',*,*,#2217,.F.);
#1388=ORIENTED_EDGE('',*,*,#2214,.T.);
#1389=ORIENTED_EDGE('',*,*,#2069,.F.);
#1390=ORIENTED_EDGE('',*,*,#2218,.F.);
#1391=ORIENTED_EDGE('',*,*,#2063,.F.);
#1392=ORIENTED_EDGE('',*,*,#2215,.T.);
#1393=ORIENTED_EDGE('',*,*,#2064,.F.);
#1394=ORIENTED_EDGE('',*,*,#2219,.F.);
#1395=ORIENTED_EDGE('',*,*,#2140,.F.);
#1396=ORIENTED_EDGE('',*,*,#2216,.T.);
#1397=ORIENTED_EDGE('',*,*,#2142,.F.);
#1398=ORIENTED_EDGE('',*,*,#2220,.F.);
#1399=ORIENTED_EDGE('',*,*,#2073,.F.);
#1400=ORIENTED_EDGE('',*,*,#2217,.T.);
#1401=ORIENTED_EDGE('',*,*,#2070,.F.);
#1402=ORIENTED_EDGE('',*,*,#2221,.F.);
#1403=ORIENTED_EDGE('',*,*,#2067,.F.);
#1404=ORIENTED_EDGE('',*,*,#2219,.T.);
#1405=ORIENTED_EDGE('',*,*,#2218,.T.);
#1406=ORIENTED_EDGE('',*,*,#2222,.F.);
#1407=ORIENTED_EDGE('',*,*,#2221,.T.);
#1408=ORIENTED_EDGE('',*,*,#2220,.T.);
#1409=ORIENTED_EDGE('',*,*,#2223,.F.);
#1410=ORIENTED_EDGE('',*,*,#2222,.T.);
#1411=ORIENTED_EDGE('',*,*,#2068,.F.);
#1412=ORIENTED_EDGE('',*,*,#2223,.T.);
#1413=ORIENTED_EDGE('',*,*,#2141,.F.);
#1414=ORIENTED_EDGE('',*,*,#2224,.T.);
#1415=ORIENTED_EDGE('',*,*,#2225,.F.);
#1416=ORIENTED_EDGE('',*,*,#2226,.F.);
#1417=ORIENTED_EDGE('',*,*,#2139,.T.);
#1418=ORIENTED_EDGE('',*,*,#2224,.F.);
#1419=ORIENTED_EDGE('',*,*,#2226,.T.);
#1420=ORIENTED_EDGE('',*,*,#2227,.F.);
#1421=ORIENTED_EDGE('',*,*,#2225,.T.);
#1422=ORIENTED_EDGE('',*,*,#2228,.T.);
#1423=ORIENTED_EDGE('',*,*,#2227,.T.);
#1424=ORIENTED_EDGE('',*,*,#2229,.F.);
#1425=ORIENTED_EDGE('',*,*,#2229,.T.);
#1426=ORIENTED_EDGE('',*,*,#2138,.F.);
#1427=ORIENTED_EDGE('',*,*,#2230,.F.);
#1428=ORIENTED_EDGE('',*,*,#2230,.T.);
#1429=ORIENTED_EDGE('',*,*,#2137,.F.);
#1430=ORIENTED_EDGE('',*,*,#2231,.F.);
#1431=ORIENTED_EDGE('',*,*,#2231,.T.);
#1432=ORIENTED_EDGE('',*,*,#2136,.F.);
#1433=ORIENTED_EDGE('',*,*,#2232,.F.);
#1434=ORIENTED_EDGE('',*,*,#2232,.T.);
#1435=ORIENTED_EDGE('',*,*,#2135,.F.);
#1436=ORIENTED_EDGE('',*,*,#2233,.F.);
#1437=ORIENTED_EDGE('',*,*,#2233,.T.);
#1438=ORIENTED_EDGE('',*,*,#2134,.F.);
#1439=ORIENTED_EDGE('',*,*,#2234,.F.);
#1440=ORIENTED_EDGE('',*,*,#2234,.T.);
#1441=ORIENTED_EDGE('',*,*,#2133,.F.);
#1442=ORIENTED_EDGE('',*,*,#2235,.F.);
#1443=ORIENTED_EDGE('',*,*,#2235,.T.);
#1444=ORIENTED_EDGE('',*,*,#2132,.F.);
#1445=ORIENTED_EDGE('',*,*,#2236,.F.);
#1446=ORIENTED_EDGE('',*,*,#2236,.T.);
#1447=ORIENTED_EDGE('',*,*,#2131,.F.);
#1448=ORIENTED_EDGE('',*,*,#2237,.T.);
#1449=ORIENTED_EDGE('',*,*,#2238,.T.);
#1450=ORIENTED_EDGE('',*,*,#2239,.T.);
#1451=ORIENTED_EDGE('',*,*,#2240,.T.);
#1452=ORIENTED_EDGE('',*,*,#2241,.T.);
#1453=ORIENTED_EDGE('',*,*,#2242,.T.);
#1454=ORIENTED_EDGE('',*,*,#2243,.T.);
#1455=ORIENTED_EDGE('',*,*,#2244,.T.);
#1456=ORIENTED_EDGE('',*,*,#2245,.T.);
#1457=ORIENTED_EDGE('',*,*,#2246,.T.);
#1458=ORIENTED_EDGE('',*,*,#2247,.T.);
#1459=ORIENTED_EDGE('',*,*,#2248,.T.);
#1460=ORIENTED_EDGE('',*,*,#2249,.T.);
#1461=ORIENTED_EDGE('',*,*,#2250,.T.);
#1462=ORIENTED_EDGE('',*,*,#2251,.T.);
#1463=ORIENTED_EDGE('',*,*,#2252,.T.);
#1464=ORIENTED_EDGE('',*,*,#2253,.T.);
#1465=ORIENTED_EDGE('',*,*,#2254,.T.);
#1466=ORIENTED_EDGE('',*,*,#2255,.T.);
#1467=ORIENTED_EDGE('',*,*,#2256,.T.);
#1468=ORIENTED_EDGE('',*,*,#2257,.T.);
#1469=ORIENTED_EDGE('',*,*,#2258,.T.);
#1470=ORIENTED_EDGE('',*,*,#2259,.T.);
#1471=ORIENTED_EDGE('',*,*,#2260,.T.);
#1472=ORIENTED_EDGE('',*,*,#2261,.T.);
#1473=ORIENTED_EDGE('',*,*,#1747,.T.);
#1474=ORIENTED_EDGE('',*,*,#1763,.T.);
#1475=ORIENTED_EDGE('',*,*,#1780,.T.);
#1476=ORIENTED_EDGE('',*,*,#1796,.T.);
#1477=ORIENTED_EDGE('',*,*,#1797,.T.);
#1478=ORIENTED_EDGE('',*,*,#2228,.F.);
#1479=ORIENTED_EDGE('',*,*,#2262,.T.);
#1480=ORIENTED_EDGE('',*,*,#2263,.T.);
#1481=ORIENTED_EDGE('',*,*,#2019,.T.);
#1482=ORIENTED_EDGE('',*,*,#2263,.F.);
#1483=ORIENTED_EDGE('',*,*,#2094,.T.);
#1484=ORIENTED_EDGE('',*,*,#2264,.T.);
#1485=ORIENTED_EDGE('',*,*,#2020,.T.);
#1486=ORIENTED_EDGE('',*,*,#1815,.F.);
#1487=ORIENTED_EDGE('',*,*,#1835,.F.);
#1488=ORIENTED_EDGE('',*,*,#1855,.F.);
#1489=ORIENTED_EDGE('',*,*,#1875,.F.);
#1490=ORIENTED_EDGE('',*,*,#1895,.F.);
#1491=ORIENTED_EDGE('',*,*,#1915,.F.);
#1492=ORIENTED_EDGE('',*,*,#1935,.F.);
#1493=ORIENTED_EDGE('',*,*,#1955,.F.);
#1494=ORIENTED_EDGE('',*,*,#1975,.F.);
#1495=ORIENTED_EDGE('',*,*,#1995,.F.);
#1496=ORIENTED_EDGE('',*,*,#2015,.F.);
#1497=ORIENTED_EDGE('',*,*,#2265,.F.);
#1498=ORIENTED_EDGE('',*,*,#2264,.F.);
#1499=ORIENTED_EDGE('',*,*,#2262,.F.);
#1500=ORIENTED_EDGE('',*,*,#2266,.F.);
#1501=ORIENTED_EDGE('',*,*,#2057,.T.);
#1502=ORIENTED_EDGE('',*,*,#2267,.F.);
#1503=ORIENTED_EDGE('',*,*,#2266,.T.);
#1504=ORIENTED_EDGE('',*,*,#2265,.T.);
#1505=ORIENTED_EDGE('',*,*,#2267,.T.);
#1506=ORIENTED_EDGE('',*,*,#2268,.F.);
#1507=ORIENTED_EDGE('',*,*,#2268,.T.);
#1508=ORIENTED_EDGE('',*,*,#2056,.F.);
#1509=ORIENTED_EDGE('',*,*,#2269,.F.);
#1510=ORIENTED_EDGE('',*,*,#2269,.T.);
#1511=ORIENTED_EDGE('',*,*,#2055,.F.);
#1512=ORIENTED_EDGE('',*,*,#2270,.F.);
#1513=ORIENTED_EDGE('',*,*,#2270,.T.);
#1514=ORIENTED_EDGE('',*,*,#2054,.F.);
#1515=ORIENTED_EDGE('',*,*,#2271,.F.);
#1516=ORIENTED_EDGE('',*,*,#2271,.T.);
#1517=ORIENTED_EDGE('',*,*,#2053,.F.);
#1518=ORIENTED_EDGE('',*,*,#2272,.F.);
#1519=ORIENTED_EDGE('',*,*,#2272,.T.);
#1520=ORIENTED_EDGE('',*,*,#2052,.F.);
#1521=ORIENTED_EDGE('',*,*,#2273,.F.);
#1522=ORIENTED_EDGE('',*,*,#2273,.T.);
#1523=ORIENTED_EDGE('',*,*,#2051,.F.);
#1524=ORIENTED_EDGE('',*,*,#2274,.F.);
#1525=ORIENTED_EDGE('',*,*,#2274,.T.);
#1526=ORIENTED_EDGE('',*,*,#2050,.F.);
#1527=ORIENTED_EDGE('',*,*,#2275,.F.);
#1528=ORIENTED_EDGE('',*,*,#2275,.T.);
#1529=ORIENTED_EDGE('',*,*,#2049,.F.);
#1530=ORIENTED_EDGE('',*,*,#2276,.F.);
#1531=ORIENTED_EDGE('',*,*,#2276,.T.);
#1532=ORIENTED_EDGE('',*,*,#2093,.F.);
#1533=ORIENTED_EDGE('',*,*,#2277,.F.);
#1534=ORIENTED_EDGE('',*,*,#2277,.T.);
#1535=ORIENTED_EDGE('',*,*,#2092,.F.);
#1536=ORIENTED_EDGE('',*,*,#2278,.F.);
#1537=ORIENTED_EDGE('',*,*,#2278,.T.);
#1538=ORIENTED_EDGE('',*,*,#2091,.F.);
#1539=ORIENTED_EDGE('',*,*,#2279,.F.);
#1540=ORIENTED_EDGE('',*,*,#2279,.T.);
#1541=ORIENTED_EDGE('',*,*,#2090,.F.);
#1542=ORIENTED_EDGE('',*,*,#2280,.F.);
#1543=ORIENTED_EDGE('',*,*,#2280,.T.);
#1544=ORIENTED_EDGE('',*,*,#2089,.F.);
#1545=ORIENTED_EDGE('',*,*,#2281,.F.);
#1546=ORIENTED_EDGE('',*,*,#2281,.T.);
#1547=ORIENTED_EDGE('',*,*,#2088,.F.);
#1548=ORIENTED_EDGE('',*,*,#2282,.F.);
#1549=ORIENTED_EDGE('',*,*,#2282,.T.);
#1550=ORIENTED_EDGE('',*,*,#2087,.F.);
#1551=ORIENTED_EDGE('',*,*,#2283,.F.);
#1552=ORIENTED_EDGE('',*,*,#2283,.T.);
#1553=ORIENTED_EDGE('',*,*,#2086,.F.);
#1554=ORIENTED_EDGE('',*,*,#2284,.F.);
#1555=ORIENTED_EDGE('',*,*,#2284,.T.);
#1556=ORIENTED_EDGE('',*,*,#2085,.F.);
#1557=ORIENTED_EDGE('',*,*,#2285,.F.);
#1558=ORIENTED_EDGE('',*,*,#2285,.T.);
#1559=ORIENTED_EDGE('',*,*,#2084,.F.);
#1560=ORIENTED_EDGE('',*,*,#2286,.F.);
#1561=ORIENTED_EDGE('',*,*,#2286,.T.);
#1562=ORIENTED_EDGE('',*,*,#2083,.F.);
#1563=ORIENTED_EDGE('',*,*,#2287,.F.);
#1564=ORIENTED_EDGE('',*,*,#2287,.T.);
#1565=ORIENTED_EDGE('',*,*,#2082,.F.);
#1566=ORIENTED_EDGE('',*,*,#2288,.T.);
#1567=ORIENTED_EDGE('',*,*,#1798,.T.);
#1568=ORIENTED_EDGE('',*,*,#2288,.F.);
#1569=ORIENTED_EDGE('',*,*,#2130,.T.);
#1570=ORIENTED_EDGE('',*,*,#2289,.F.);
#1571=ORIENTED_EDGE('',*,*,#2289,.T.);
#1572=ORIENTED_EDGE('',*,*,#2129,.F.);
#1573=ORIENTED_EDGE('',*,*,#2290,.F.);
#1574=ORIENTED_EDGE('',*,*,#2290,.T.);
#1575=ORIENTED_EDGE('',*,*,#2128,.F.);
#1576=ORIENTED_EDGE('',*,*,#2291,.F.);
#1577=ORIENTED_EDGE('',*,*,#2291,.T.);
#1578=ORIENTED_EDGE('',*,*,#2127,.F.);
#1579=ORIENTED_EDGE('',*,*,#2292,.F.);
#1580=ORIENTED_EDGE('',*,*,#2292,.T.);
#1581=ORIENTED_EDGE('',*,*,#2126,.F.);
#1582=ORIENTED_EDGE('',*,*,#2293,.F.);
#1583=ORIENTED_EDGE('',*,*,#2293,.T.);
#1584=ORIENTED_EDGE('',*,*,#2125,.F.);
#1585=ORIENTED_EDGE('',*,*,#2294,.F.);
#1586=ORIENTED_EDGE('',*,*,#2294,.T.);
#1587=ORIENTED_EDGE('',*,*,#2124,.F.);
#1588=ORIENTED_EDGE('',*,*,#2295,.T.);
#1589=ORIENTED_EDGE('',*,*,#1764,.T.);
#1590=ORIENTED_EDGE('',*,*,#2295,.F.);
#1591=ORIENTED_EDGE('',*,*,#2123,.T.);
#1592=ORIENTED_EDGE('',*,*,#2296,.F.);
#1593=ORIENTED_EDGE('',*,*,#2296,.T.);
#1594=ORIENTED_EDGE('',*,*,#2122,.F.);
#1595=ORIENTED_EDGE('',*,*,#2297,.F.);
#1596=ORIENTED_EDGE('',*,*,#2297,.T.);
#1597=ORIENTED_EDGE('',*,*,#2121,.F.);
#1598=ORIENTED_EDGE('',*,*,#2298,.F.);
#1599=ORIENTED_EDGE('',*,*,#2298,.T.);
#1600=ORIENTED_EDGE('',*,*,#2120,.F.);
#1601=ORIENTED_EDGE('',*,*,#2299,.F.);
#1602=ORIENTED_EDGE('',*,*,#2299,.T.);
#1603=ORIENTED_EDGE('',*,*,#2119,.F.);
#1604=ORIENTED_EDGE('',*,*,#2300,.F.);
#1605=ORIENTED_EDGE('',*,*,#2300,.T.);
#1606=ORIENTED_EDGE('',*,*,#2118,.F.);
#1607=ORIENTED_EDGE('',*,*,#2301,.F.);
#1608=ORIENTED_EDGE('',*,*,#2301,.T.);
#1609=ORIENTED_EDGE('',*,*,#2117,.F.);
#1610=ORIENTED_EDGE('',*,*,#2302,.F.);
#1611=ORIENTED_EDGE('',*,*,#2302,.T.);
#1612=ORIENTED_EDGE('',*,*,#2116,.F.);
#1613=ORIENTED_EDGE('',*,*,#2303,.F.);
#1614=ORIENTED_EDGE('',*,*,#2303,.T.);
#1615=ORIENTED_EDGE('',*,*,#2115,.F.);
#1616=ORIENTED_EDGE('',*,*,#2304,.F.);
#1617=ORIENTED_EDGE('',*,*,#2304,.T.);
#1618=ORIENTED_EDGE('',*,*,#2114,.F.);
#1619=ORIENTED_EDGE('',*,*,#2305,.F.);
#1620=ORIENTED_EDGE('',*,*,#2305,.T.);
#1621=ORIENTED_EDGE('',*,*,#2113,.F.);
#1622=ORIENTED_EDGE('',*,*,#2306,.F.);
#1623=ORIENTED_EDGE('',*,*,#2306,.T.);
#1624=ORIENTED_EDGE('',*,*,#2112,.F.);
#1625=ORIENTED_EDGE('',*,*,#2307,.F.);
#1626=ORIENTED_EDGE('',*,*,#2307,.T.);
#1627=ORIENTED_EDGE('',*,*,#2111,.F.);
#1628=ORIENTED_EDGE('',*,*,#2308,.F.);
#1629=ORIENTED_EDGE('',*,*,#2308,.T.);
#1630=ORIENTED_EDGE('',*,*,#2081,.F.);
#1631=ORIENTED_EDGE('',*,*,#2309,.F.);
#1632=ORIENTED_EDGE('',*,*,#2309,.T.);
#1633=ORIENTED_EDGE('',*,*,#2080,.F.);
#1634=ORIENTED_EDGE('',*,*,#2310,.F.);
#1635=ORIENTED_EDGE('',*,*,#2310,.T.);
#1636=ORIENTED_EDGE('',*,*,#2079,.F.);
#1637=ORIENTED_EDGE('',*,*,#2311,.F.);
#1638=ORIENTED_EDGE('',*,*,#2311,.T.);
#1639=ORIENTED_EDGE('',*,*,#2078,.F.);
#1640=ORIENTED_EDGE('',*,*,#2312,.F.);
#1641=ORIENTED_EDGE('',*,*,#2312,.T.);
#1642=ORIENTED_EDGE('',*,*,#2110,.F.);
#1643=ORIENTED_EDGE('',*,*,#2313,.F.);
#1644=ORIENTED_EDGE('',*,*,#2313,.T.);
#1645=ORIENTED_EDGE('',*,*,#2109,.F.);
#1646=ORIENTED_EDGE('',*,*,#2314,.F.);
#1647=ORIENTED_EDGE('',*,*,#2314,.T.);
#1648=ORIENTED_EDGE('',*,*,#2108,.F.);
#1649=ORIENTED_EDGE('',*,*,#2315,.F.);
#1650=ORIENTED_EDGE('',*,*,#2315,.T.);
#1651=ORIENTED_EDGE('',*,*,#2107,.F.);
#1652=ORIENTED_EDGE('',*,*,#2316,.F.);
#1653=ORIENTED_EDGE('',*,*,#2316,.T.);
#1654=ORIENTED_EDGE('',*,*,#2261,.F.);
#1655=ORIENTED_EDGE('',*,*,#2317,.F.);
#1656=ORIENTED_EDGE('',*,*,#2317,.T.);
#1657=ORIENTED_EDGE('',*,*,#2260,.F.);
#1658=ORIENTED_EDGE('',*,*,#2318,.F.);
#1659=ORIENTED_EDGE('',*,*,#2318,.T.);
#1660=ORIENTED_EDGE('',*,*,#2259,.F.);
#1661=ORIENTED_EDGE('',*,*,#2319,.F.);
#1662=ORIENTED_EDGE('',*,*,#2319,.T.);
#1663=ORIENTED_EDGE('',*,*,#2258,.F.);
#1664=ORIENTED_EDGE('',*,*,#2320,.F.);
#1665=ORIENTED_EDGE('',*,*,#2320,.T.);
#1666=ORIENTED_EDGE('',*,*,#2257,.F.);
#1667=ORIENTED_EDGE('',*,*,#2321,.F.);
#1668=ORIENTED_EDGE('',*,*,#2321,.T.);
#1669=ORIENTED_EDGE('',*,*,#2256,.F.);
#1670=ORIENTED_EDGE('',*,*,#2322,.F.);
#1671=ORIENTED_EDGE('',*,*,#2322,.T.);
#1672=ORIENTED_EDGE('',*,*,#2255,.F.);
#1673=ORIENTED_EDGE('',*,*,#2323,.F.);
#1674=ORIENTED_EDGE('',*,*,#2323,.T.);
#1675=ORIENTED_EDGE('',*,*,#2254,.F.);
#1676=ORIENTED_EDGE('',*,*,#2324,.F.);
#1677=ORIENTED_EDGE('',*,*,#2324,.T.);
#1678=ORIENTED_EDGE('',*,*,#2253,.F.);
#1679=ORIENTED_EDGE('',*,*,#2325,.F.);
#1680=ORIENTED_EDGE('',*,*,#2325,.T.);
#1681=ORIENTED_EDGE('',*,*,#2252,.F.);
#1682=ORIENTED_EDGE('',*,*,#2326,.F.);
#1683=ORIENTED_EDGE('',*,*,#2326,.T.);
#1684=ORIENTED_EDGE('',*,*,#2251,.F.);
#1685=ORIENTED_EDGE('',*,*,#2327,.F.);
#1686=ORIENTED_EDGE('',*,*,#2327,.T.);
#1687=ORIENTED_EDGE('',*,*,#2250,.F.);
#1688=ORIENTED_EDGE('',*,*,#2328,.F.);
#1689=ORIENTED_EDGE('',*,*,#2328,.T.);
#1690=ORIENTED_EDGE('',*,*,#2249,.F.);
#1691=ORIENTED_EDGE('',*,*,#2329,.F.);
#1692=ORIENTED_EDGE('',*,*,#2329,.T.);
#1693=ORIENTED_EDGE('',*,*,#2248,.F.);
#1694=ORIENTED_EDGE('',*,*,#2330,.F.);
#1695=ORIENTED_EDGE('',*,*,#2330,.T.);
#1696=ORIENTED_EDGE('',*,*,#2247,.F.);
#1697=ORIENTED_EDGE('',*,*,#2331,.F.);
#1698=ORIENTED_EDGE('',*,*,#2331,.T.);
#1699=ORIENTED_EDGE('',*,*,#2246,.F.);
#1700=ORIENTED_EDGE('',*,*,#2332,.F.);
#1701=ORIENTED_EDGE('',*,*,#2332,.T.);
#1702=ORIENTED_EDGE('',*,*,#2245,.F.);
#1703=ORIENTED_EDGE('',*,*,#2333,.F.);
#1704=ORIENTED_EDGE('',*,*,#2333,.T.);
#1705=ORIENTED_EDGE('',*,*,#2244,.F.);
#1706=ORIENTED_EDGE('',*,*,#2334,.F.);
#1707=ORIENTED_EDGE('',*,*,#2334,.T.);
#1708=ORIENTED_EDGE('',*,*,#2243,.F.);
#1709=ORIENTED_EDGE('',*,*,#2335,.F.);
#1710=ORIENTED_EDGE('',*,*,#2335,.T.);
#1711=ORIENTED_EDGE('',*,*,#2242,.F.);
#1712=ORIENTED_EDGE('',*,*,#2336,.F.);
#1713=ORIENTED_EDGE('',*,*,#2336,.T.);
#1714=ORIENTED_EDGE('',*,*,#2241,.F.);
#1715=ORIENTED_EDGE('',*,*,#2337,.F.);
#1716=ORIENTED_EDGE('',*,*,#2337,.T.);
#1717=ORIENTED_EDGE('',*,*,#2240,.F.);
#1718=ORIENTED_EDGE('',*,*,#2338,.F.);
#1719=ORIENTED_EDGE('',*,*,#2338,.T.);
#1720=ORIENTED_EDGE('',*,*,#2239,.F.);
#1721=ORIENTED_EDGE('',*,*,#2339,.F.);
#1722=ORIENTED_EDGE('',*,*,#2339,.T.);
#1723=ORIENTED_EDGE('',*,*,#2238,.F.);
#1724=ORIENTED_EDGE('',*,*,#2340,.F.);
#1725=ORIENTED_EDGE('',*,*,#2340,.T.);
#1726=ORIENTED_EDGE('',*,*,#2237,.F.);
#1727=EDGE_CURVE('',#3886,#3886,#2341,.T.);
#1728=EDGE_CURVE('',#3888,#3888,#2342,.T.);
#1729=EDGE_CURVE('',#3890,#3890,#2343,.T.);
#1730=EDGE_CURVE('',#3892,#3892,#2344,.T.);
#1731=EDGE_CURVE('',#3893,#3893,#2345,.T.);
#1732=EDGE_CURVE('',#3894,#3894,#2346,.T.);
#1733=EDGE_CURVE('',#3895,#3895,#2347,.T.);
#1734=EDGE_CURVE('',#3896,#3896,#2348,.T.);
#1735=EDGE_CURVE('',#3898,#3898,#2349,.T.);
#1736=EDGE_CURVE('',#3900,#3900,#2350,.T.);
#1737=EDGE_CURVE('',#3902,#3902,#2351,.T.);
#1738=EDGE_CURVE('',#3904,#3904,#2352,.T.);
#1739=EDGE_CURVE('',#3906,#3906,#2353,.T.);
#1740=EDGE_CURVE('',#3908,#3908,#2354,.T.);
#1741=EDGE_CURVE('',#3909,#3909,#2355,.T.);
#1742=EDGE_CURVE('',#3910,#3910,#2356,.T.);
#1743=EDGE_CURVE('',#3911,#3911,#2357,.T.);
#1744=EDGE_CURVE('',#3912,#3912,#2358,.T.);
#1745=EDGE_CURVE('',#3913,#3913,#2359,.T.);
#1746=EDGE_CURVE('',#3914,#3914,#2360,.T.);
#1747=EDGE_CURVE('',#3915,#3915,#2361,.T.);
#1748=EDGE_CURVE('',#3916,#3916,#2362,.F.);
#1749=EDGE_CURVE('',#3918,#3918,#2363,.T.);
#1750=EDGE_CURVE('',#3920,#3920,#2364,.T.);
#1751=EDGE_CURVE('',#3922,#3922,#2365,.T.);
#1752=EDGE_CURVE('',#3924,#3924,#2366,.T.);
#1753=EDGE_CURVE('',#3926,#3926,#2367,.T.);
#1754=EDGE_CURVE('',#3928,#3928,#2368,.T.);
#1755=EDGE_CURVE('',#3929,#3929,#2369,.T.);
#1756=EDGE_CURVE('',#3930,#3930,#2370,.T.);
#1757=EDGE_CURVE('',#3931,#3931,#2371,.T.);
#1758=EDGE_CURVE('',#3932,#3932,#2372,.T.);
#1759=EDGE_CURVE('',#3933,#3933,#2373,.T.);
#1760=EDGE_CURVE('',#3934,#3934,#2374,.T.);
#1761=EDGE_CURVE('',#3935,#3935,#2375,.T.);
#1762=EDGE_CURVE('',#3936,#3936,#2376,.T.);
#1763=EDGE_CURVE('',#3937,#3937,#2377,.T.);
#1764=EDGE_CURVE('',#3938,#3938,#2378,.F.);
#1765=EDGE_CURVE('',#3939,#3939,#2379,.T.);
#1766=EDGE_CURVE('',#3940,#3940,#2380,.F.);
#1767=EDGE_CURVE('',#3941,#3941,#2381,.T.);
#1768=EDGE_CURVE('',#3943,#3943,#2382,.T.);
#1769=EDGE_CURVE('',#3945,#3945,#2383,.T.);
#1770=EDGE_CURVE('',#3947,#3947,#2384,.T.);
#1771=EDGE_CURVE('',#3949,#3949,#2385,.T.);
#1772=EDGE_CURVE('',#3951,#3951,#2386,.T.);
#1773=EDGE_CURVE('',#3953,#3953,#2387,.T.);
#1774=EDGE_CURVE('',#3954,#3954,#2388,.T.);
#1775=EDGE_CURVE('',#3955,#3955,#2389,.T.);
#1776=EDGE_CURVE('',#3956,#3956,#2390,.T.);
#1777=EDGE_CURVE('',#3957,#3957,#2391,.T.);
#1778=EDGE_CURVE('',#3958,#3958,#2392,.T.);
#1779=EDGE_CURVE('',#3959,#3959,#2393,.T.);
#1780=EDGE_CURVE('',#3960,#3960,#2394,.T.);
#1781=EDGE_CURVE('',#3961,#3961,#2395,.T.);
#1782=EDGE_CURVE('',#3962,#3962,#2396,.F.);
#1783=EDGE_CURVE('',#3963,#3963,#2397,.T.);
#1784=EDGE_CURVE('',#3965,#3965,#2398,.T.);
#1785=EDGE_CURVE('',#3967,#3967,#2399,.T.);
#1786=EDGE_CURVE('',#3969,#3969,#2400,.T.);
#1787=EDGE_CURVE('',#3971,#3971,#2401,.T.);
#1788=EDGE_CURVE('',#3973,#3973,#2402,.T.);
#1789=EDGE_CURVE('',#3975,#3975,#2403,.T.);
#1790=EDGE_CURVE('',#3976,#3976,#2404,.T.);
#1791=EDGE_CURVE('',#3977,#3977,#2405,.T.);
#1792=EDGE_CURVE('',#3978,#3978,#2406,.T.);
#1793=EDGE_CURVE('',#3979,#3979,#2407,.T.);
#1794=EDGE_CURVE('',#3980,#3980,#2408,.T.);
#1795=EDGE_CURVE('',#3981,#3981,#2409,.T.);
#1796=EDGE_CURVE('',#3982,#3982,#2410,.T.);
#1797=EDGE_CURVE('',#3983,#3983,#2411,.T.);
#1798=EDGE_CURVE('',#3984,#3984,#2412,.F.);
#1799=EDGE_CURVE('',#3986,#3986,#2413,.T.);
#1800=EDGE_CURVE('',#3988,#3988,#2414,.T.);
#1801=EDGE_CURVE('',#3990,#3990,#2415,.T.);
#1802=EDGE_CURVE('',#3992,#3992,#2416,.T.);
#1803=EDGE_CURVE('',#3994,#3994,#2417,.T.);
#1804=EDGE_CURVE('',#3996,#3996,#2418,.T.);
#1805=EDGE_CURVE('',#3998,#3998,#2419,.T.);
#1806=EDGE_CURVE('',#4000,#4000,#2420,.T.);
#1807=EDGE_CURVE('',#4001,#4001,#2421,.T.);
#1808=EDGE_CURVE('',#4002,#4002,#2422,.T.);
#1809=EDGE_CURVE('',#4003,#4003,#2423,.T.);
#1810=EDGE_CURVE('',#4004,#4004,#2424,.T.);
#1811=EDGE_CURVE('',#4005,#4005,#2425,.T.);
#1812=EDGE_CURVE('',#4006,#4006,#2426,.T.);
#1813=EDGE_CURVE('',#4007,#4007,#2427,.T.);
#1814=EDGE_CURVE('',#4008,#4008,#2428,.T.);
#1815=EDGE_CURVE('',#4009,#4009,#180,.T.);
#1816=EDGE_CURVE('',#4010,#4010,#2429,.T.);
#1817=EDGE_CURVE('',#4011,#4011,#2430,.T.);
#1818=EDGE_CURVE('',#4012,#4012,#2431,.T.);
#1819=EDGE_CURVE('',#4014,#4014,#2432,.T.);
#1820=EDGE_CURVE('',#4016,#4016,#2433,.T.);
#1821=EDGE_CURVE('',#4018,#4018,#2434,.T.);
#1822=EDGE_CURVE('',#4020,#4020,#2435,.T.);
#1823=EDGE_CURVE('',#4022,#4022,#2436,.T.);
#1824=EDGE_CURVE('',#4024,#4024,#2437,.T.);
#1825=EDGE_CURVE('',#4026,#4026,#2438,.T.);
#1826=EDGE_CURVE('',#4028,#4028,#2439,.T.);
#1827=EDGE_CURVE('',#4029,#4029,#2440,.T.);
#1828=EDGE_CURVE('',#4030,#4030,#2441,.T.);
#1829=EDGE_CURVE('',#4031,#4031,#2442,.T.);
#1830=EDGE_CURVE('',#4032,#4032,#2443,.T.);
#1831=EDGE_CURVE('',#4033,#4033,#2444,.T.);
#1832=EDGE_CURVE('',#4034,#4034,#2445,.T.);
#1833=EDGE_CURVE('',#4035,#4035,#2446,.T.);
#1834=EDGE_CURVE('',#4036,#4036,#2447,.T.);
#1835=EDGE_CURVE('',#4037,#4037,#181,.T.);
#1836=EDGE_CURVE('',#4038,#4038,#2448,.T.);
#1837=EDGE_CURVE('',#4039,#4039,#2449,.T.);
#1838=EDGE_CURVE('',#4040,#4040,#2450,.T.);
#1839=EDGE_CURVE('',#4042,#4042,#2451,.T.);
#1840=EDGE_CURVE('',#4044,#4044,#2452,.T.);
#1841=EDGE_CURVE('',#4046,#4046,#2453,.T.);
#1842=EDGE_CURVE('',#4048,#4048,#2454,.T.);
#1843=EDGE_CURVE('',#4050,#4050,#2455,.T.);
#1844=EDGE_CURVE('',#4052,#4052,#2456,.T.);
#1845=EDGE_CURVE('',#4054,#4054,#2457,.T.);
#1846=EDGE_CURVE('',#4056,#4056,#2458,.T.);
#1847=EDGE_CURVE('',#4057,#4057,#2459,.T.);
#1848=EDGE_CURVE('',#4058,#4058,#2460,.T.);
#1849=EDGE_CURVE('',#4059,#4059,#2461,.T.);
#1850=EDGE_CURVE('',#4060,#4060,#2462,.T.);
#1851=EDGE_CURVE('',#4061,#4061,#2463,.T.);
#1852=EDGE_CURVE('',#4062,#4062,#2464,.T.);
#1853=EDGE_CURVE('',#4063,#4063,#2465,.T.);
#1854=EDGE_CURVE('',#4064,#4064,#2466,.T.);
#1855=EDGE_CURVE('',#4065,#4065,#182,.T.);
#1856=EDGE_CURVE('',#4066,#4066,#2467,.T.);
#1857=EDGE_CURVE('',#4067,#4067,#2468,.T.);
#1858=EDGE_CURVE('',#4068,#4068,#2469,.T.);
#1859=EDGE_CURVE('',#4070,#4070,#2470,.T.);
#1860=EDGE_CURVE('',#4072,#4072,#2471,.T.);
#1861=EDGE_CURVE('',#4074,#4074,#2472,.T.);
#1862=EDGE_CURVE('',#4076,#4076,#2473,.T.);
#1863=EDGE_CURVE('',#4078,#4078,#2474,.T.);
#1864=EDGE_CURVE('',#4080,#4080,#2475,.T.);
#1865=EDGE_CURVE('',#4082,#4082,#2476,.T.);
#1866=EDGE_CURVE('',#4084,#4084,#2477,.T.);
#1867=EDGE_CURVE('',#4085,#4085,#2478,.T.);
#1868=EDGE_CURVE('',#4086,#4086,#2479,.T.);
#1869=EDGE_CURVE('',#4087,#4087,#2480,.T.);
#1870=EDGE_CURVE('',#4088,#4088,#2481,.T.);
#1871=EDGE_CURVE('',#4089,#4089,#2482,.T.);
#1872=EDGE_CURVE('',#4090,#4090,#2483,.T.);
#1873=EDGE_CURVE('',#4091,#4091,#2484,.T.);
#1874=EDGE_CURVE('',#4092,#4092,#2485,.T.);
#1875=EDGE_CURVE('',#4093,#4093,#183,.T.);
#1876=EDGE_CURVE('',#4094,#4094,#2486,.T.);
#1877=EDGE_CURVE('',#4095,#4095,#2487,.T.);
#1878=EDGE_CURVE('',#4096,#4096,#2488,.T.);
#1879=EDGE_CURVE('',#4098,#4098,#2489,.T.);
#1880=EDGE_CURVE('',#4100,#4100,#2490,.T.);
#1881=EDGE_CURVE('',#4102,#4102,#2491,.T.);
#1882=EDGE_CURVE('',#4104,#4104,#2492,.T.);
#1883=EDGE_CURVE('',#4106,#4106,#2493,.T.);
#1884=EDGE_CURVE('',#4108,#4108,#2494,.T.);
#1885=EDGE_CURVE('',#4110,#4110,#2495,.T.);
#1886=EDGE_CURVE('',#4112,#4112,#2496,.T.);
#1887=EDGE_CURVE('',#4113,#4113,#2497,.T.);
#1888=EDGE_CURVE('',#4114,#4114,#2498,.T.);
#1889=EDGE_CURVE('',#4115,#4115,#2499,.T.);
#1890=EDGE_CURVE('',#4116,#4116,#2500,.T.);
#1891=EDGE_CURVE('',#4117,#4117,#2501,.T.);
#1892=EDGE_CURVE('',#4118,#4118,#2502,.T.);
#1893=EDGE_CURVE('',#4119,#4119,#2503,.T.);
#1894=EDGE_CURVE('',#4120,#4120,#2504,.T.);
#1895=EDGE_CURVE('',#4121,#4121,#184,.T.);
#1896=EDGE_CURVE('',#4122,#4122,#2505,.T.);
#1897=EDGE_CURVE('',#4123,#4123,#2506,.T.);
#1898=EDGE_CURVE('',#4124,#4124,#2507,.T.);
#1899=EDGE_CURVE('',#4126,#4126,#2508,.T.);
#1900=EDGE_CURVE('',#4128,#4128,#2509,.T.);
#1901=EDGE_CURVE('',#4130,#4130,#2510,.T.);
#1902=EDGE_CURVE('',#4132,#4132,#2511,.T.);
#1903=EDGE_CURVE('',#4134,#4134,#2512,.T.);
#1904=EDGE_CURVE('',#4136,#4136,#2513,.T.);
#1905=EDGE_CURVE('',#4138,#4138,#2514,.T.);
#1906=EDGE_CURVE('',#4140,#4140,#2515,.T.);
#1907=EDGE_CURVE('',#4141,#4141,#2516,.T.);
#1908=EDGE_CURVE('',#4142,#4142,#2517,.T.);
#1909=EDGE_CURVE('',#4143,#4143,#2518,.T.);
#1910=EDGE_CURVE('',#4144,#4144,#2519,.T.);
#1911=EDGE_CURVE('',#4145,#4145,#2520,.T.);
#1912=EDGE_CURVE('',#4146,#4146,#2521,.T.);
#1913=EDGE_CURVE('',#4147,#4147,#2522,.T.);
#1914=EDGE_CURVE('',#4148,#4148,#2523,.T.);
#1915=EDGE_CURVE('',#4149,#4149,#185,.T.);
#1916=EDGE_CURVE('',#4150,#4150,#2524,.T.);
#1917=EDGE_CURVE('',#4151,#4151,#2525,.T.);
#1918=EDGE_CURVE('',#4152,#4152,#2526,.T.);
#1919=EDGE_CURVE('',#4154,#4154,#2527,.T.);
#1920=EDGE_CURVE('',#4156,#4156,#2528,.T.);
#1921=EDGE_CURVE('',#4158,#4158,#2529,.T.);
#1922=EDGE_CURVE('',#4160,#4160,#2530,.T.);
#1923=EDGE_CURVE('',#4162,#4162,#2531,.T.);
#1924=EDGE_CURVE('',#4164,#4164,#2532,.T.);
#1925=EDGE_CURVE('',#4166,#4166,#2533,.T.);
#1926=EDGE_CURVE('',#4168,#4168,#2534,.T.);
#1927=EDGE_CURVE('',#4169,#4169,#2535,.T.);
#1928=EDGE_CURVE('',#4170,#4170,#2536,.T.);
#1929=EDGE_CURVE('',#4171,#4171,#2537,.T.);
#1930=EDGE_CURVE('',#4172,#4172,#2538,.T.);
#1931=EDGE_CURVE('',#4173,#4173,#2539,.T.);
#1932=EDGE_CURVE('',#4174,#4174,#2540,.T.);
#1933=EDGE_CURVE('',#4175,#4175,#2541,.T.);
#1934=EDGE_CURVE('',#4176,#4176,#2542,.T.);
#1935=EDGE_CURVE('',#4177,#4177,#186,.T.);
#1936=EDGE_CURVE('',#4178,#4178,#2543,.T.);
#1937=EDGE_CURVE('',#4179,#4179,#2544,.T.);
#1938=EDGE_CURVE('',#4180,#4180,#2545,.T.);
#1939=EDGE_CURVE('',#4182,#4182,#2546,.T.);
#1940=EDGE_CURVE('',#4184,#4184,#2547,.T.);
#1941=EDGE_CURVE('',#4186,#4186,#2548,.T.);
#1942=EDGE_CURVE('',#4188,#4188,#2549,.T.);
#1943=EDGE_CURVE('',#4190,#4190,#2550,.T.);
#1944=EDGE_CURVE('',#4192,#4192,#2551,.T.);
#1945=EDGE_CURVE('',#4194,#4194,#2552,.T.);
#1946=EDGE_CURVE('',#4196,#4196,#2553,.T.);
#1947=EDGE_CURVE('',#4197,#4197,#2554,.T.);
#1948=EDGE_CURVE('',#4198,#4198,#2555,.T.);
#1949=EDGE_CURVE('',#4199,#4199,#2556,.T.);
#1950=EDGE_CURVE('',#4200,#4200,#2557,.T.);
#1951=EDGE_CURVE('',#4201,#4201,#2558,.T.);
#1952=EDGE_CURVE('',#4202,#4202,#2559,.T.);
#1953=EDGE_CURVE('',#4203,#4203,#2560,.T.);
#1954=EDGE_CURVE('',#4204,#4204,#2561,.T.);
#1955=EDGE_CURVE('',#4205,#4205,#187,.T.);
#1956=EDGE_CURVE('',#4206,#4206,#2562,.T.);
#1957=EDGE_CURVE('',#4207,#4207,#2563,.T.);
#1958=EDGE_CURVE('',#4208,#4208,#2564,.T.);
#1959=EDGE_CURVE('',#4210,#4210,#2565,.T.);
#1960=EDGE_CURVE('',#4212,#4212,#2566,.T.);
#1961=EDGE_CURVE('',#4214,#4214,#2567,.T.);
#1962=EDGE_CURVE('',#4216,#4216,#2568,.T.);
#1963=EDGE_CURVE('',#4218,#4218,#2569,.T.);
#1964=EDGE_CURVE('',#4220,#4220,#2570,.T.);
#1965=EDGE_CURVE('',#4222,#4222,#2571,.T.);
#1966=EDGE_CURVE('',#4224,#4224,#2572,.T.);
#1967=EDGE_CURVE('',#4225,#4225,#2573,.T.);
#1968=EDGE_CURVE('',#4226,#4226,#2574,.T.);
#1969=EDGE_CURVE('',#4227,#4227,#2575,.T.);
#1970=EDGE_CURVE('',#4228,#4228,#2576,.T.);
#1971=EDGE_CURVE('',#4229,#4229,#2577,.T.);
#1972=EDGE_CURVE('',#4230,#4230,#2578,.T.);
#1973=EDGE_CURVE('',#4231,#4231,#2579,.T.);
#1974=EDGE_CURVE('',#4232,#4232,#2580,.T.);
#1975=EDGE_CURVE('',#4233,#4233,#188,.T.);
#1976=EDGE_CURVE('',#4234,#4234,#2581,.T.);
#1977=EDGE_CURVE('',#4235,#4235,#2582,.T.);
#1978=EDGE_CURVE('',#4236,#4236,#2583,.T.);
#1979=EDGE_CURVE('',#4238,#4238,#2584,.T.);
#1980=EDGE_CURVE('',#4240,#4240,#2585,.T.);
#1981=EDGE_CURVE('',#4242,#4242,#2586,.T.);
#1982=EDGE_CURVE('',#4244,#4244,#2587,.T.);
#1983=EDGE_CURVE('',#4246,#4246,#2588,.T.);
#1984=EDGE_CURVE('',#4248,#4248,#2589,.T.);
#1985=EDGE_CURVE('',#4250,#4250,#2590,.T.);
#1986=EDGE_CURVE('',#4252,#4252,#2591,.T.);
#1987=EDGE_CURVE('',#4253,#4253,#2592,.T.);
#1988=EDGE_CURVE('',#4254,#4254,#2593,.T.);
#1989=EDGE_CURVE('',#4255,#4255,#2594,.T.);
#1990=EDGE_CURVE('',#4256,#4256,#2595,.T.);
#1991=EDGE_CURVE('',#4257,#4257,#2596,.T.);
#1992=EDGE_CURVE('',#4258,#4258,#2597,.T.);
#1993=EDGE_CURVE('',#4259,#4259,#2598,.T.);
#1994=EDGE_CURVE('',#4260,#4260,#2599,.T.);
#1995=EDGE_CURVE('',#4261,#4261,#189,.T.);
#1996=EDGE_CURVE('',#4262,#4262,#2600,.T.);
#1997=EDGE_CURVE('',#4263,#4263,#2601,.T.);
#1998=EDGE_CURVE('',#4264,#4264,#2602,.T.);
#1999=EDGE_CURVE('',#4266,#4266,#2603,.T.);
#2000=EDGE_CURVE('',#4268,#4268,#2604,.T.);
#2001=EDGE_CURVE('',#4270,#4270,#2605,.T.);
#2002=EDGE_CURVE('',#4272,#4272,#2606,.T.);
#2003=EDGE_CURVE('',#4274,#4274,#2607,.T.);
#2004=EDGE_CURVE('',#4276,#4276,#2608,.T.);
#2005=EDGE_CURVE('',#4278,#4278,#2609,.T.);
#2006=EDGE_CURVE('',#4280,#4280,#2610,.T.);
#2007=EDGE_CURVE('',#4281,#4281,#2611,.T.);
#2008=EDGE_CURVE('',#4282,#4282,#2612,.T.);
#2009=EDGE_CURVE('',#4283,#4283,#2613,.T.);
#2010=EDGE_CURVE('',#4284,#4284,#2614,.T.);
#2011=EDGE_CURVE('',#4285,#4285,#2615,.T.);
#2012=EDGE_CURVE('',#4286,#4286,#2616,.T.);
#2013=EDGE_CURVE('',#4287,#4287,#2617,.T.);
#2014=EDGE_CURVE('',#4288,#4288,#2618,.T.);
#2015=EDGE_CURVE('',#4289,#4289,#190,.T.);
#2016=EDGE_CURVE('',#4290,#4290,#2619,.T.);
#2017=EDGE_CURVE('',#4291,#4291,#2620,.T.);
#2018=EDGE_CURVE('',#4292,#4292,#2621,.T.);
#2019=EDGE_CURVE('',#4293,#4293,#2622,.F.);
#2020=EDGE_CURVE('',#4294,#4294,#2623,.F.);
#2021=EDGE_CURVE('',#4295,#4296,#36,.F.);
#2022=EDGE_CURVE('',#4296,#4297,#37,.F.);
#2023=EDGE_CURVE('',#4297,#4298,#38,.T.);
#2024=EDGE_CURVE('',#4298,#4295,#39,.T.);
#2025=EDGE_CURVE('',#4299,#4300,#40,.F.);
#2026=EDGE_CURVE('',#4300,#4301,#41,.T.);
#2027=EDGE_CURVE('',#4301,#4302,#42,.T.);
#2028=EDGE_CURVE('',#4302,#4299,#43,.F.);
#2029=EDGE_CURVE('',#4303,#4304,#44,.F.);
#2030=EDGE_CURVE('',#4304,#4305,#45,.T.);
#2031=EDGE_CURVE('',#4305,#4306,#46,.T.);
#2032=EDGE_CURVE('',#4306,#4303,#47,.F.);
#2033=EDGE_CURVE('',#4307,#4308,#48,.F.);
#2034=EDGE_CURVE('',#4308,#4309,#49,.F.);
#2035=EDGE_CURVE('',#4309,#4310,#50,.T.);
#2036=EDGE_CURVE('',#4310,#4307,#51,.T.);
#2037=EDGE_CURVE('',#4311,#4312,#52,.T.);
#2038=EDGE_CURVE('',#4312,#4313,#53,.T.);
#2039=EDGE_CURVE('',#4313,#4314,#54,.F.);
#2040=EDGE_CURVE('',#4314,#4311,#55,.F.);
#2041=EDGE_CURVE('',#4315,#4316,#56,.F.);
#2042=EDGE_CURVE('',#4316,#4317,#57,.F.);
#2043=EDGE_CURVE('',#4317,#4318,#58,.T.);
#2044=EDGE_CURVE('',#4318,#4315,#59,.T.);
#2045=EDGE_CURVE('',#4319,#4320,#60,.T.);
#2046=EDGE_CURVE('',#4320,#4321,#61,.T.);
#2047=EDGE_CURVE('',#4321,#4322,#62,.F.);
#2048=EDGE_CURVE('',#4322,#4319,#63,.F.);
#2049=EDGE_CURVE('',#4323,#4323,#2624,.T.);
#2050=EDGE_CURVE('',#4324,#4324,#2625,.T.);
#2051=EDGE_CURVE('',#4325,#4325,#2626,.T.);
#2052=EDGE_CURVE('',#4326,#4326,#2627,.T.);
#2053=EDGE_CURVE('',#4327,#4327,#2628,.T.);
#2054=EDGE_CURVE('',#4328,#4328,#2629,.T.);
#2055=EDGE_CURVE('',#4329,#4329,#2630,.T.);
#2056=EDGE_CURVE('',#4330,#4330,#2631,.T.);
#2057=EDGE_CURVE('',#4331,#4331,#2632,.T.);
#2058=EDGE_CURVE('',#4332,#4333,#64,.F.);
#2059=EDGE_CURVE('',#4333,#4334,#65,.F.);
#2060=EDGE_CURVE('',#4334,#4335,#66,.T.);
#2061=EDGE_CURVE('',#4335,#4332,#67,.T.);
#2062=EDGE_CURVE('',#4336,#4337,#68,.T.);
#2063=EDGE_CURVE('',#4337,#4338,#69,.T.);
#2064=EDGE_CURVE('',#4338,#4339,#70,.F.);
#2065=EDGE_CURVE('',#4339,#4336,#71,.F.);
#2066=EDGE_CURVE('',#4340,#4341,#72,.T.);
#2067=EDGE_CURVE('',#4341,#4342,#73,.T.);
#2068=EDGE_CURVE('',#4342,#4343,#74,.F.);
#2069=EDGE_CURVE('',#4343,#4340,#75,.F.);
#2070=EDGE_CURVE('',#4344,#4345,#76,.F.);
#2071=EDGE_CURVE('',#4345,#4346,#77,.T.);
#2072=EDGE_CURVE('',#4346,#4347,#78,.T.);
#2073=EDGE_CURVE('',#4347,#4344,#79,.F.);
#2074=EDGE_CURVE('',#4348,#4349,#80,.F.);
#2075=EDGE_CURVE('',#4349,#4350,#81,.T.);
#2076=EDGE_CURVE('',#4350,#4351,#82,.T.);
#2077=EDGE_CURVE('',#4351,#4348,#83,.F.);
#2078=EDGE_CURVE('',#4352,#4352,#2633,.T.);
#2079=EDGE_CURVE('',#4353,#4353,#2634,.T.);
#2080=EDGE_CURVE('',#4354,#4354,#2635,.T.);
#2081=EDGE_CURVE('',#4355,#4355,#2636,.T.);
#2082=EDGE_CURVE('',#4356,#4356,#2637,.T.);
#2083=EDGE_CURVE('',#4357,#4357,#2638,.T.);
#2084=EDGE_CURVE('',#4358,#4358,#2639,.T.);
#2085=EDGE_CURVE('',#4359,#4359,#2640,.T.);
#2086=EDGE_CURVE('',#4360,#4360,#2641,.T.);
#2087=EDGE_CURVE('',#4361,#4361,#2642,.T.);
#2088=EDGE_CURVE('',#4362,#4362,#2643,.T.);
#2089=EDGE_CURVE('',#4363,#4363,#2644,.T.);
#2090=EDGE_CURVE('',#4364,#4364,#2645,.T.);
#2091=EDGE_CURVE('',#4365,#4365,#2646,.T.);
#2092=EDGE_CURVE('',#4366,#4366,#2647,.T.);
#2093=EDGE_CURVE('',#4367,#4367,#2648,.T.);
#2094=EDGE_CURVE('',#4368,#4368,#2649,.T.);
#2095=EDGE_CURVE('',#4369,#4370,#84,.F.);
#2096=EDGE_CURVE('',#4370,#4371,#85,.F.);
#2097=EDGE_CURVE('',#4371,#4372,#86,.F.);
#2098=EDGE_CURVE('',#4372,#4373,#87,.F.);
#2099=EDGE_CURVE('',#4373,#4374,#88,.F.);
#2100=EDGE_CURVE('',#4374,#4375,#89,.F.);
#2101=EDGE_CURVE('',#4375,#4376,#90,.F.);
#2102=EDGE_CURVE('',#4376,#4377,#91,.F.);
#2103=EDGE_CURVE('',#4377,#4378,#92,.F.);
#2104=EDGE_CURVE('',#4378,#4379,#93,.F.);
#2105=EDGE_CURVE('',#4379,#4380,#94,.F.);
#2106=EDGE_CURVE('',#4380,#4369,#95,.F.);
#2107=EDGE_CURVE('',#4381,#4381,#2650,.T.);
#2108=EDGE_CURVE('',#4382,#4382,#2651,.T.);
#2109=EDGE_CURVE('',#4383,#4383,#2652,.T.);
#2110=EDGE_CURVE('',#4384,#4384,#2653,.T.);
#2111=EDGE_CURVE('',#4385,#4385,#2654,.T.);
#2112=EDGE_CURVE('',#4386,#4386,#2655,.T.);
#2113=EDGE_CURVE('',#4387,#4387,#2656,.T.);
#2114=EDGE_CURVE('',#4388,#4388,#2657,.T.);
#2115=EDGE_CURVE('',#4389,#4389,#2658,.T.);
#2116=EDGE_CURVE('',#4390,#4390,#2659,.T.);
#2117=EDGE_CURVE('',#4391,#4391,#2660,.T.);
#2118=EDGE_CURVE('',#4392,#4392,#2661,.T.);
#2119=EDGE_CURVE('',#4393,#4393,#2662,.T.);
#2120=EDGE_CURVE('',#4394,#4394,#2663,.T.);
#2121=EDGE_CURVE('',#4395,#4395,#2664,.T.);
#2122=EDGE_CURVE('',#4396,#4396,#2665,.T.);
#2123=EDGE_CURVE('',#4397,#4397,#2666,.T.);
#2124=EDGE_CURVE('',#4398,#4398,#2667,.T.);
#2125=EDGE_CURVE('',#4399,#4399,#2668,.T.);
#2126=EDGE_CURVE('',#4400,#4400,#2669,.T.);
#2127=EDGE_CURVE('',#4401,#4401,#2670,.T.);
#2128=EDGE_CURVE('',#4402,#4402,#2671,.T.);
#2129=EDGE_CURVE('',#4403,#4403,#2672,.T.);
#2130=EDGE_CURVE('',#4404,#4404,#2673,.T.);
#2131=EDGE_CURVE('',#4405,#4405,#2674,.T.);
#2132=EDGE_CURVE('',#4406,#4406,#2675,.T.);
#2133=EDGE_CURVE('',#4407,#4407,#2676,.T.);
#2134=EDGE_CURVE('',#4408,#4408,#2677,.T.);
#2135=EDGE_CURVE('',#4409,#4409,#2678,.T.);
#2136=EDGE_CURVE('',#4410,#4410,#2679,.T.);
#2137=EDGE_CURVE('',#4411,#4411,#2680,.T.);
#2138=EDGE_CURVE('',#4412,#4412,#2681,.T.);
#2139=EDGE_CURVE('',#4413,#4413,#2682,.T.);
#2140=EDGE_CURVE('',#4414,#4415,#96,.T.);
#2141=EDGE_CURVE('',#4415,#4416,#97,.T.);
#2142=EDGE_CURVE('',#4416,#4417,#98,.T.);
#2143=EDGE_CURVE('',#4417,#4418,#99,.T.);
#2144=EDGE_CURVE('',#4418,#4419,#100,.T.);
#2145=EDGE_CURVE('',#4419,#4420,#101,.T.);
#2146=EDGE_CURVE('',#4420,#4421,#102,.T.);
#2147=EDGE_CURVE('',#4421,#4422,#103,.T.);
#2148=EDGE_CURVE('',#4422,#4423,#104,.T.);
#2149=EDGE_CURVE('',#4423,#4424,#105,.T.);
#2150=EDGE_CURVE('',#4424,#4425,#106,.T.);
#2151=EDGE_CURVE('',#4425,#4414,#107,.T.);
#2152=EDGE_CURVE('',#4310,#4380,#2683,.T.);
#2153=EDGE_CURVE('',#4369,#4309,#2684,.T.);
#2154=EDGE_CURVE('',#4310,#4311,#2685,.F.);
#2155=EDGE_CURVE('',#4311,#4380,#2686,.F.);
#2156=EDGE_CURVE('',#4369,#4305,#2687,.F.);
#2157=EDGE_CURVE('',#4305,#4309,#2688,.F.);
#2158=EDGE_CURVE('',#4312,#4379,#2689,.T.);
#2159=EDGE_CURVE('',#4307,#4314,#2690,.T.);
#2160=EDGE_CURVE('',#4308,#4421,#2691,.T.);
#2161=EDGE_CURVE('',#4422,#4307,#2692,.T.);
#2162=EDGE_CURVE('',#4306,#4308,#2693,.T.);
#2163=EDGE_CURVE('',#4370,#4304,#2694,.T.);
#2164=EDGE_CURVE('',#4312,#4317,#2695,.F.);
#2165=EDGE_CURVE('',#4317,#4379,#2696,.F.);
#2166=EDGE_CURVE('',#4422,#4314,#2697,.F.);
#2167=EDGE_CURVE('',#4306,#4421,#2698,.F.);
#2168=EDGE_CURVE('',#4370,#4301,#2699,.F.);
#2169=EDGE_CURVE('',#4301,#4304,#2700,.F.);
#2170=EDGE_CURVE('',#4318,#4378,#2701,.T.);
#2171=EDGE_CURVE('',#4313,#4316,#2702,.T.);
#2172=EDGE_CURVE('',#4423,#4313,#2703,.T.);
#2173=EDGE_CURVE('',#4303,#4420,#2704,.T.);
#2174=EDGE_CURVE('',#4302,#4303,#2705,.T.);
#2175=EDGE_CURVE('',#4371,#4300,#2706,.T.);
#2176=EDGE_CURVE('',#4318,#4319,#2707,.F.);
#2177=EDGE_CURVE('',#4319,#4378,#2708,.F.);
#2178=EDGE_CURVE('',#4423,#4316,#2709,.F.);
#2179=EDGE_CURVE('',#4302,#4420,#2710,.F.);
#2180=EDGE_CURVE('',#4371,#4298,#2711,.F.);
#2181=EDGE_CURVE('',#4298,#4300,#2712,.F.);
#2182=EDGE_CURVE('',#4320,#4377,#2713,.T.);
#2183=EDGE_CURVE('',#4315,#4322,#2714,.T.);
#2184=EDGE_CURVE('',#4424,#4315,#2715,.T.);
#2185=EDGE_CURVE('',#4299,#4419,#2716,.T.);
#2186=EDGE_CURVE('',#4295,#4299,#2717,.T.);
#2187=EDGE_CURVE('',#4372,#4297,#2718,.T.);
#2188=EDGE_CURVE('',#4320,#4334,#2719,.F.);
#2189=EDGE_CURVE('',#4334,#4377,#2720,.F.);
#2190=EDGE_CURVE('',#4424,#4322,#2721,.F.);
#2191=EDGE_CURVE('',#4295,#4419,#2722,.F.);
#2192=EDGE_CURVE('',#4372,#4350,#2723,.F.);
#2193=EDGE_CURVE('',#4350,#4297,#2724,.F.);
#2194=EDGE_CURVE('',#4335,#4376,#2725,.T.);
#2195=EDGE_CURVE('',#4321,#4333,#2726,.T.);
#2196=EDGE_CURVE('',#4425,#4321,#2727,.T.);
#2197=EDGE_CURVE('',#4296,#4418,#2728,.T.);
#2198=EDGE_CURVE('',#4351,#4296,#2729,.T.);
#2199=EDGE_CURVE('',#4373,#4349,#2730,.T.);
#2200=EDGE_CURVE('',#4335,#4336,#2731,.F.);
#2201=EDGE_CURVE('',#4336,#4376,#2732,.F.);
#2202=EDGE_CURVE('',#4425,#4333,#2733,.F.);
#2203=EDGE_CURVE('',#4351,#4418,#2734,.F.);
#2204=EDGE_CURVE('',#4373,#4346,#2735,.F.);
#2205=EDGE_CURVE('',#4346,#4349,#2736,.F.);
#2206=EDGE_CURVE('',#4337,#4375,#2737,.T.);
#2207=EDGE_CURVE('',#4332,#4339,#2738,.T.);
#2208=EDGE_CURVE('',#4414,#4332,#2739,.T.);
#2209=EDGE_CURVE('',#4348,#4417,#2740,.T.);
#2210=EDGE_CURVE('',#4347,#4348,#2741,.T.);
#2211=EDGE_CURVE('',#4374,#4345,#2742,.T.);
#2212=EDGE_CURVE('',#4375,#4340,#2743,.T.);
#2213=EDGE_CURVE('',#4341,#4374,#2744,.T.);
#2214=EDGE_CURVE('',#4337,#4340,#2745,.F.);
#2215=EDGE_CURVE('',#4414,#4339,#2746,.F.);
#2216=EDGE_CURVE('',#4347,#4417,#2747,.F.);
#2217=EDGE_CURVE('',#4341,#4345,#2748,.F.);
#2218=EDGE_CURVE('',#4338,#4343,#2749,.T.);
#2219=EDGE_CURVE('',#4415,#4338,#2750,.T.);
#2220=EDGE_CURVE('',#4344,#4416,#2751,.T.);
#2221=EDGE_CURVE('',#4342,#4344,#2752,.T.);
#2222=EDGE_CURVE('',#4415,#4343,#2753,.F.);
#2223=EDGE_CURVE('',#4342,#4416,#2754,.F.);
#2224=EDGE_CURVE('',#4426,#4426,#2755,.T.);
#2225=EDGE_CURVE('',#4427,#4427,#2756,.T.);
#2226=EDGE_CURVE('',#4428,#4428,#2757,.T.);
#2227=EDGE_CURVE('',#4429,#4429,#2758,.T.);
#2228=EDGE_CURVE('',#4430,#4430,#2759,.F.);
#2229=EDGE_CURVE('',#4432,#4432,#2760,.T.);
#2230=EDGE_CURVE('',#4434,#4434,#2761,.T.);
#2231=EDGE_CURVE('',#4436,#4436,#2762,.T.);
#2232=EDGE_CURVE('',#4438,#4438,#2763,.T.);
#2233=EDGE_CURVE('',#4440,#4440,#2764,.T.);
#2234=EDGE_CURVE('',#4442,#4442,#2765,.T.);
#2235=EDGE_CURVE('',#4444,#4444,#2766,.T.);
#2236=EDGE_CURVE('',#4446,#4446,#2767,.T.);
#2237=EDGE_CURVE('',#4447,#4447,#2768,.T.);
#2238=EDGE_CURVE('',#4448,#4448,#2769,.T.);
#2239=EDGE_CURVE('',#4449,#4449,#2770,.T.);
#2240=EDGE_CURVE('',#4450,#4450,#2771,.T.);
#2241=EDGE_CURVE('',#4451,#4451,#2772,.T.);
#2242=EDGE_CURVE('',#4452,#4452,#2773,.T.);
#2243=EDGE_CURVE('',#4453,#4453,#2774,.T.);
#2244=EDGE_CURVE('',#4454,#4454,#2775,.T.);
#2245=EDGE_CURVE('',#4455,#4455,#2776,.T.);
#2246=EDGE_CURVE('',#4456,#4456,#2777,.T.);
#2247=EDGE_CURVE('',#4457,#4457,#2778,.T.);
#2248=EDGE_CURVE('',#4458,#4458,#2779,.T.);
#2249=EDGE_CURVE('',#4459,#4459,#2780,.T.);
#2250=EDGE_CURVE('',#4460,#4460,#2781,.T.);
#2251=EDGE_CURVE('',#4461,#4461,#2782,.T.);
#2252=EDGE_CURVE('',#4462,#4462,#2783,.T.);
#2253=EDGE_CURVE('',#4463,#4463,#2784,.T.);
#2254=EDGE_CURVE('',#4464,#4464,#2785,.T.);
#2255=EDGE_CURVE('',#4465,#4465,#2786,.T.);
#2256=EDGE_CURVE('',#4466,#4466,#2787,.T.);
#2257=EDGE_CURVE('',#4467,#4467,#2788,.T.);
#2258=EDGE_CURVE('',#4468,#4468,#2789,.T.);
#2259=EDGE_CURVE('',#4469,#4469,#2790,.T.);
#2260=EDGE_CURVE('',#4470,#4470,#2791,.T.);
#2261=EDGE_CURVE('',#4471,#4471,#2792,.T.);
#2262=EDGE_CURVE('',#4472,#4472,#2793,.T.);
#2263=EDGE_CURVE('',#4473,#4473,#2794,.T.);
#2264=EDGE_CURVE('',#4474,#4474,#2795,.T.);
#2265=EDGE_CURVE('',#4475,#4475,#191,.T.);
#2266=EDGE_CURVE('',#4476,#4476,#2796,.T.);
#2267=EDGE_CURVE('',#4477,#4477,#2797,.T.);
#2268=EDGE_CURVE('',#4479,#4479,#2798,.T.);
#2269=EDGE_CURVE('',#4481,#4481,#2799,.T.);
#2270=EDGE_CURVE('',#4483,#4483,#2800,.T.);
#2271=EDGE_CURVE('',#4485,#4485,#2801,.T.);
#2272=EDGE_CURVE('',#4487,#4487,#2802,.T.);
#2273=EDGE_CURVE('',#4489,#4489,#2803,.T.);
#2274=EDGE_CURVE('',#4491,#4491,#2804,.T.);
#2275=EDGE_CURVE('',#4493,#4493,#2805,.T.);
#2276=EDGE_CURVE('',#4495,#4495,#2806,.T.);
#2277=EDGE_CURVE('',#4497,#4497,#2807,.T.);
#2278=EDGE_CURVE('',#4499,#4499,#2808,.T.);
#2279=EDGE_CURVE('',#4501,#4501,#2809,.T.);
#2280=EDGE_CURVE('',#4503,#4503,#2810,.T.);
#2281=EDGE_CURVE('',#4505,#4505,#2811,.T.);
#2282=EDGE_CURVE('',#4507,#4507,#2812,.T.);
#2283=EDGE_CURVE('',#4509,#4509,#2813,.T.);
#2284=EDGE_CURVE('',#4511,#4511,#2814,.T.);
#2285=EDGE_CURVE('',#4513,#4513,#2815,.T.);
#2286=EDGE_CURVE('',#4515,#4515,#2816,.T.);
#2287=EDGE_CURVE('',#4517,#4517,#2817,.T.);
#2288=EDGE_CURVE('',#4518,#4518,#2818,.T.);
#2289=EDGE_CURVE('',#4520,#4520,#2819,.T.);
#2290=EDGE_CURVE('',#4522,#4522,#2820,.T.);
#2291=EDGE_CURVE('',#4524,#4524,#2821,.T.);
#2292=EDGE_CURVE('',#4526,#4526,#2822,.T.);
#2293=EDGE_CURVE('',#4528,#4528,#2823,.T.);
#2294=EDGE_CURVE('',#4530,#4530,#2824,.T.);
#2295=EDGE_CURVE('',#4531,#4531,#2825,.T.);
#2296=EDGE_CURVE('',#4533,#4533,#2826,.T.);
#2297=EDGE_CURVE('',#4535,#4535,#2827,.T.);
#2298=EDGE_CURVE('',#4537,#4537,#2828,.T.);
#2299=EDGE_CURVE('',#4539,#4539,#2829,.T.);
#2300=EDGE_CURVE('',#4541,#4541,#2830,.T.);
#2301=EDGE_CURVE('',#4543,#4543,#2831,.T.);
#2302=EDGE_CURVE('',#4545,#4545,#2832,.T.);
#2303=EDGE_CURVE('',#4547,#4547,#2833,.T.);
#2304=EDGE_CURVE('',#4549,#4549,#2834,.T.);
#2305=EDGE_CURVE('',#4551,#4551,#2835,.T.);
#2306=EDGE_CURVE('',#4553,#4553,#2836,.T.);
#2307=EDGE_CURVE('',#4555,#4555,#2837,.T.);
#2308=EDGE_CURVE('',#4557,#4557,#2838,.T.);
#2309=EDGE_CURVE('',#4559,#4559,#2839,.T.);
#2310=EDGE_CURVE('',#4561,#4561,#2840,.T.);
#2311=EDGE_CURVE('',#4563,#4563,#2841,.T.);
#2312=EDGE_CURVE('',#4565,#4565,#2842,.T.);
#2313=EDGE_CURVE('',#4567,#4567,#2843,.T.);
#2314=EDGE_CURVE('',#4569,#4569,#2844,.T.);
#2315=EDGE_CURVE('',#4571,#4571,#2845,.T.);
#2316=EDGE_CURVE('',#4573,#4573,#2846,.T.);
#2317=EDGE_CURVE('',#4575,#4575,#2847,.T.);
#2318=EDGE_CURVE('',#4577,#4577,#2848,.T.);
#2319=EDGE_CURVE('',#4579,#4579,#2849,.T.);
#2320=EDGE_CURVE('',#4581,#4581,#2850,.T.);
#2321=EDGE_CURVE('',#4583,#4583,#2851,.T.);
#2322=EDGE_CURVE('',#4585,#4585,#2852,.T.);
#2323=EDGE_CURVE('',#4587,#4587,#2853,.T.);
#2324=EDGE_CURVE('',#4589,#4589,#2854,.T.);
#2325=EDGE_CURVE('',#4591,#4591,#2855,.T.);
#2326=EDGE_CURVE('',#4593,#4593,#2856,.T.);
#2327=EDGE_CURVE('',#4595,#4595,#2857,.T.);
#2328=EDGE_CURVE('',#4597,#4597,#2858,.T.);
#2329=EDGE_CURVE('',#4599,#4599,#2859,.T.);
#2330=EDGE_CURVE('',#4601,#4601,#2860,.T.);
#2331=EDGE_CURVE('',#4603,#4603,#2861,.T.);
#2332=EDGE_CURVE('',#4605,#4605,#2862,.T.);
#2333=EDGE_CURVE('',#4607,#4607,#2863,.T.);
#2334=EDGE_CURVE('',#4609,#4609,#2864,.T.);
#2335=EDGE_CURVE('',#4611,#4611,#2865,.T.);
#2336=EDGE_CURVE('',#4613,#4613,#2866,.T.);
#2337=EDGE_CURVE('',#4615,#4615,#2867,.T.);
#2338=EDGE_CURVE('',#4617,#4617,#2868,.T.);
#2339=EDGE_CURVE('',#4619,#4619,#2869,.T.);
#2340=EDGE_CURVE('',#4621,#4621,#2870,.T.);
#2341=CIRCLE('',#6761,0.0025527);
#2342=CIRCLE('',#6763,0.0025527);
#2343=CIRCLE('',#6765,0.0025527);
#2344=CIRCLE('',#6767,0.0025527);
#2345=CIRCLE('',#6769,0.0025527);
#2346=CIRCLE('',#6771,0.0025527);
#2347=CIRCLE('',#6773,0.0025527);
#2348=CIRCLE('',#6775,0.0025527);
#2349=CIRCLE('',#6777,0.0025527);
#2350=CIRCLE('',#6779,0.0025527);
#2351=CIRCLE('',#6781,0.0025527);
#2352=CIRCLE('',#6783,0.0025527);
#2353=CIRCLE('',#6785,0.0025527);
#2354=CIRCLE('',#6787,0.0025527);
#2355=CIRCLE('',#6789,0.0025527);
#2356=CIRCLE('',#6791,0.0025527);
#2357=CIRCLE('',#6793,0.0025527);
#2358=CIRCLE('',#6795,0.0025527);
#2359=CIRCLE('',#6797,0.0025527);
#2360=CIRCLE('',#6799,0.0025527);
#2361=CIRCLE('',#6801,0.012446);
#2362=CIRCLE('',#6802,0.012446);
#2363=CIRCLE('',#6804,0.0020193);
#2364=CIRCLE('',#6806,0.0020193);
#2365=CIRCLE('',#6808,0.0020193);
#2366=CIRCLE('',#6810,0.0020193);
#2367=CIRCLE('',#6812,0.0020193);
#2368=CIRCLE('',#6814,0.0020193);
#2369=CIRCLE('',#6816,0.0020193);
#2370=CIRCLE('',#6818,0.0020193);
#2371=CIRCLE('',#6820,0.0020193);
#2372=CIRCLE('',#6822,0.0020193);
#2373=CIRCLE('',#6824,0.0020193);
#2374=CIRCLE('',#6826,0.0020193);
#2375=CIRCLE('',#6828,0.013208);
#2376=CIRCLE('',#6830,0.013208);
#2377=CIRCLE('',#6832,0.012446);
#2378=CIRCLE('',#6833,0.012446);
#2379=CIRCLE('',#6835,0.020701);
#2380=CIRCLE('',#6836,0.019431);
#2381=CIRCLE('',#6838,0.020701);
#2382=CIRCLE('',#6840,0.0020193);
#2383=CIRCLE('',#6842,0.0020193);
#2384=CIRCLE('',#6844,0.0020193);
#2385=CIRCLE('',#6846,0.0020193);
#2386=CIRCLE('',#6848,0.0020193);
#2387=CIRCLE('',#6850,0.0020193);
#2388=CIRCLE('',#6852,0.0020193);
#2389=CIRCLE('',#6854,0.0020193);
#2390=CIRCLE('',#6856,0.0020193);
#2391=CIRCLE('',#6858,0.0020193);
#2392=CIRCLE('',#6860,0.0020193);
#2393=CIRCLE('',#6862,0.0020193);
#2394=CIRCLE('',#6864,0.019431);
#2395=CIRCLE('',#6866,0.020701);
#2396=CIRCLE('',#6867,0.019431);
#2397=CIRCLE('',#6869,0.020701);
#2398=CIRCLE('',#6871,0.0020193);
#2399=CIRCLE('',#6873,0.0020193);
#2400=CIRCLE('',#6875,0.0020193);
#2401=CIRCLE('',#6877,0.0020193);
#2402=CIRCLE('',#6879,0.0020193);
#2403=CIRCLE('',#6881,0.0020193);
#2404=CIRCLE('',#6883,0.0020193);
#2405=CIRCLE('',#6885,0.0020193);
#2406=CIRCLE('',#6887,0.0020193);
#2407=CIRCLE('',#6889,0.0020193);
#2408=CIRCLE('',#6891,0.0020193);
#2409=CIRCLE('',#6893,0.0020193);
#2410=CIRCLE('',#6895,0.019431);
#2411=CIRCLE('',#6897,0.019431);
#2412=CIRCLE('',#6898,0.019431);
#2413=CIRCLE('',#6900,0.0020193);
#2414=CIRCLE('',#6902,0.0020193);
#2415=CIRCLE('',#6904,0.0020193);
#2416=CIRCLE('',#6906,0.0020193);
#2417=CIRCLE('',#6908,0.0020193);
#2418=CIRCLE('',#6910,0.0020193);
#2419=CIRCLE('',#6912,0.0020193);
#2420=CIRCLE('',#6914,0.0020193);
#2421=CIRCLE('',#6916,0.0020193);
#2422=CIRCLE('',#6918,0.0020193);
#2423=CIRCLE('',#6920,0.0020193);
#2424=CIRCLE('',#6922,0.0020193);
#2425=CIRCLE('',#6924,0.0020193);
#2426=CIRCLE('',#6926,0.0020193);
#2427=CIRCLE('',#6928,0.0020193);
#2428=CIRCLE('',#6930,0.0020193);
#2429=CIRCLE('',#6932,0.025);
#2430=CIRCLE('',#6934,0.026289);
#2431=CIRCLE('',#6936,0.026289);
#2432=CIRCLE('',#6938,0.0020193);
#2433=CIRCLE('',#6940,0.0020193);
#2434=CIRCLE('',#6942,0.0020193);
#2435=CIRCLE('',#6944,0.0020193);
#2436=CIRCLE('',#6946,0.0020193);
#2437=CIRCLE('',#6948,0.0020193);
#2438=CIRCLE('',#6950,0.0020193);
#2439=CIRCLE('',#6952,0.0020193);
#2440=CIRCLE('',#6954,0.0020193);
#2441=CIRCLE('',#6956,0.0020193);
#2442=CIRCLE('',#6958,0.0020193);
#2443=CIRCLE('',#6960,0.0020193);
#2444=CIRCLE('',#6962,0.0020193);
#2445=CIRCLE('',#6964,0.0020193);
#2446=CIRCLE('',#6966,0.0020193);
#2447=CIRCLE('',#6968,0.0020193);
#2448=CIRCLE('',#6970,0.025);
#2449=CIRCLE('',#6972,0.026289);
#2450=CIRCLE('',#6974,0.026289);
#2451=CIRCLE('',#6976,0.0020193);
#2452=CIRCLE('',#6978,0.0020193);
#2453=CIRCLE('',#6980,0.0020193);
#2454=CIRCLE('',#6982,0.0020193);
#2455=CIRCLE('',#6984,0.0020193);
#2456=CIRCLE('',#6986,0.0020193);
#2457=CIRCLE('',#6988,0.0020193);
#2458=CIRCLE('',#6990,0.0020193);
#2459=CIRCLE('',#6992,0.0020193);
#2460=CIRCLE('',#6994,0.0020193);
#2461=CIRCLE('',#6996,0.0020193);
#2462=CIRCLE('',#6998,0.0020193);
#2463=CIRCLE('',#7000,0.0020193);
#2464=CIRCLE('',#7002,0.0020193);
#2465=CIRCLE('',#7004,0.0020193);
#2466=CIRCLE('',#7006,0.0020193);
#2467=CIRCLE('',#7008,0.025);
#2468=CIRCLE('',#7010,0.026289);
#2469=CIRCLE('',#7012,0.026289);
#2470=CIRCLE('',#7014,0.0020193);
#2471=CIRCLE('',#7016,0.0020193);
#2472=CIRCLE('',#7018,0.0020193);
#2473=CIRCLE('',#7020,0.0020193);
#2474=CIRCLE('',#7022,0.0020193);
#2475=CIRCLE('',#7024,0.0020193);
#2476=CIRCLE('',#7026,0.0020193);
#2477=CIRCLE('',#7028,0.0020193);
#2478=CIRCLE('',#7030,0.0020193);
#2479=CIRCLE('',#7032,0.0020193);
#2480=CIRCLE('',#7034,0.0020193);
#2481=CIRCLE('',#7036,0.0020193);
#2482=CIRCLE('',#7038,0.0020193);
#2483=CIRCLE('',#7040,0.0020193);
#2484=CIRCLE('',#7042,0.0020193);
#2485=CIRCLE('',#7044,0.0020193);
#2486=CIRCLE('',#7046,0.025);
#2487=CIRCLE('',#7048,0.026289);
#2488=CIRCLE('',#7050,0.026289);
#2489=CIRCLE('',#7052,0.0020193);
#2490=CIRCLE('',#7054,0.0020193);
#2491=CIRCLE('',#7056,0.0020193);
#2492=CIRCLE('',#7058,0.0020193);
#2493=CIRCLE('',#7060,0.0020193);
#2494=CIRCLE('',#7062,0.0020193);
#2495=CIRCLE('',#7064,0.0020193);
#2496=CIRCLE('',#7066,0.0020193);
#2497=CIRCLE('',#7068,0.0020193);
#2498=CIRCLE('',#7070,0.0020193);
#2499=CIRCLE('',#7072,0.0020193);
#2500=CIRCLE('',#7074,0.0020193);
#2501=CIRCLE('',#7076,0.0020193);
#2502=CIRCLE('',#7078,0.0020193);
#2503=CIRCLE('',#7080,0.0020193);
#2504=CIRCLE('',#7082,0.0020193);
#2505=CIRCLE('',#7084,0.025);
#2506=CIRCLE('',#7086,0.026289);
#2507=CIRCLE('',#7088,0.026289);
#2508=CIRCLE('',#7090,0.0020193);
#2509=CIRCLE('',#7092,0.0020193);
#2510=CIRCLE('',#7094,0.0020193);
#2511=CIRCLE('',#7096,0.0020193);
#2512=CIRCLE('',#7098,0.0020193);
#2513=CIRCLE('',#7100,0.0020193);
#2514=CIRCLE('',#7102,0.0020193);
#2515=CIRCLE('',#7104,0.0020193);
#2516=CIRCLE('',#7106,0.0020193);
#2517=CIRCLE('',#7108,0.0020193);
#2518=CIRCLE('',#7110,0.0020193);
#2519=CIRCLE('',#7112,0.0020193);
#2520=CIRCLE('',#7114,0.0020193);
#2521=CIRCLE('',#7116,0.0020193);
#2522=CIRCLE('',#7118,0.0020193);
#2523=CIRCLE('',#7120,0.0020193);
#2524=CIRCLE('',#7122,0.025);
#2525=CIRCLE('',#7124,0.026289);
#2526=CIRCLE('',#7126,0.026289);
#2527=CIRCLE('',#7128,0.0020193);
#2528=CIRCLE('',#7130,0.0020193);
#2529=CIRCLE('',#7132,0.0020193);
#2530=CIRCLE('',#7134,0.0020193);
#2531=CIRCLE('',#7136,0.0020193);
#2532=CIRCLE('',#7138,0.0020193);
#2533=CIRCLE('',#7140,0.0020193);
#2534=CIRCLE('',#7142,0.0020193);
#2535=CIRCLE('',#7144,0.0020193);
#2536=CIRCLE('',#7146,0.0020193);
#2537=CIRCLE('',#7148,0.0020193);
#2538=CIRCLE('',#7150,0.0020193);
#2539=CIRCLE('',#7152,0.0020193);
#2540=CIRCLE('',#7154,0.0020193);
#2541=CIRCLE('',#7156,0.0020193);
#2542=CIRCLE('',#7158,0.0020193);
#2543=CIRCLE('',#7160,0.025);
#2544=CIRCLE('',#7162,0.026289);
#2545=CIRCLE('',#7164,0.026289);
#2546=CIRCLE('',#7166,0.0020193);
#2547=CIRCLE('',#7168,0.0020193);
#2548=CIRCLE('',#7170,0.0020193);
#2549=CIRCLE('',#7172,0.0020193);
#2550=CIRCLE('',#7174,0.0020193);
#2551=CIRCLE('',#7176,0.0020193);
#2552=CIRCLE('',#7178,0.0020193);
#2553=CIRCLE('',#7180,0.0020193);
#2554=CIRCLE('',#7182,0.0020193);
#2555=CIRCLE('',#7184,0.0020193);
#2556=CIRCLE('',#7186,0.0020193);
#2557=CIRCLE('',#7188,0.0020193);
#2558=CIRCLE('',#7190,0.0020193);
#2559=CIRCLE('',#7192,0.0020193);
#2560=CIRCLE('',#7194,0.0020193);
#2561=CIRCLE('',#7196,0.0020193);
#2562=CIRCLE('',#7198,0.025);
#2563=CIRCLE('',#7200,0.026289);
#2564=CIRCLE('',#7202,0.026289);
#2565=CIRCLE('',#7204,0.0020193);
#2566=CIRCLE('',#7206,0.0020193);
#2567=CIRCLE('',#7208,0.0020193);
#2568=CIRCLE('',#7210,0.0020193);
#2569=CIRCLE('',#7212,0.0020193);
#2570=CIRCLE('',#7214,0.0020193);
#2571=CIRCLE('',#7216,0.0020193);
#2572=CIRCLE('',#7218,0.0020193);
#2573=CIRCLE('',#7220,0.0020193);
#2574=CIRCLE('',#7222,0.0020193);
#2575=CIRCLE('',#7224,0.0020193);
#2576=CIRCLE('',#7226,0.0020193);
#2577=CIRCLE('',#7228,0.0020193);
#2578=CIRCLE('',#7230,0.0020193);
#2579=CIRCLE('',#7232,0.0020193);
#2580=CIRCLE('',#7234,0.0020193);
#2581=CIRCLE('',#7236,0.025);
#2582=CIRCLE('',#7238,0.026289);
#2583=CIRCLE('',#7240,0.026289);
#2584=CIRCLE('',#7242,0.0020193);
#2585=CIRCLE('',#7244,0.0020193);
#2586=CIRCLE('',#7246,0.0020193);
#2587=CIRCLE('',#7248,0.0020193);
#2588=CIRCLE('',#7250,0.0020193);
#2589=CIRCLE('',#7252,0.0020193);
#2590=CIRCLE('',#7254,0.0020193);
#2591=CIRCLE('',#7256,0.0020193);
#2592=CIRCLE('',#7258,0.0020193);
#2593=CIRCLE('',#7260,0.0020193);
#2594=CIRCLE('',#7262,0.0020193);
#2595=CIRCLE('',#7264,0.0020193);
#2596=CIRCLE('',#7266,0.0020193);
#2597=CIRCLE('',#7268,0.0020193);
#2598=CIRCLE('',#7270,0.0020193);
#2599=CIRCLE('',#7272,0.0020193);
#2600=CIRCLE('',#7274,0.025);
#2601=CIRCLE('',#7276,0.026289);
#2602=CIRCLE('',#7278,0.026289);
#2603=CIRCLE('',#7280,0.0020193);
#2604=CIRCLE('',#7282,0.0020193);
#2605=CIRCLE('',#7284,0.0020193);
#2606=CIRCLE('',#7286,0.0020193);
#2607=CIRCLE('',#7288,0.0020193);
#2608=CIRCLE('',#7290,0.0020193);
#2609=CIRCLE('',#7292,0.0020193);
#2610=CIRCLE('',#7294,0.0020193);
#2611=CIRCLE('',#7296,0.0020193);
#2612=CIRCLE('',#7298,0.0020193);
#2613=CIRCLE('',#7300,0.0020193);
#2614=CIRCLE('',#7302,0.0020193);
#2615=CIRCLE('',#7304,0.0020193);
#2616=CIRCLE('',#7306,0.0020193);
#2617=CIRCLE('',#7308,0.0020193);
#2618=CIRCLE('',#7310,0.0020193);
#2619=CIRCLE('',#7312,0.025);
#2620=CIRCLE('',#7314,0.026289);
#2621=CIRCLE('',#7316,0.026289);
#2622=CIRCLE('',#7318,0.155816);
#2623=CIRCLE('',#7319,0.155816);
#2624=CIRCLE('',#7328,0.0020193);
#2625=CIRCLE('',#7329,0.0020193);
#2626=CIRCLE('',#7330,0.0020193);
#2627=CIRCLE('',#7331,0.0020193);
#2628=CIRCLE('',#7332,0.0020193);
#2629=CIRCLE('',#7333,0.0020193);
#2630=CIRCLE('',#7334,0.0020193);
#2631=CIRCLE('',#7335,0.0020193);
#2632=CIRCLE('',#7336,0.026289);
#2633=CIRCLE('',#7342,0.0025527);
#2634=CIRCLE('',#7343,0.0025527);
#2635=CIRCLE('',#7344,0.0025527);
#2636=CIRCLE('',#7345,0.0025527);
#2637=CIRCLE('',#7346,0.00515);
#2638=CIRCLE('',#7347,0.00515);
#2639=CIRCLE('',#7348,0.00515);
#2640=CIRCLE('',#7349,0.00515);
#2641=CIRCLE('',#7350,0.00515);
#2642=CIRCLE('',#7351,0.00515);
#2643=CIRCLE('',#7352,0.00515);
#2644=CIRCLE('',#7353,0.00515);
#2645=CIRCLE('',#7354,0.00515);
#2646=CIRCLE('',#7355,0.00515);
#2647=CIRCLE('',#7356,0.00515);
#2648=CIRCLE('',#7357,0.00515);
#2649=CIRCLE('',#7358,0.15925);
#2650=CIRCLE('',#7360,0.0025527);
#2651=CIRCLE('',#7361,0.0025527);
#2652=CIRCLE('',#7362,0.0025527);
#2653=CIRCLE('',#7363,0.0025527);
#2654=CIRCLE('',#7364,0.0025527);
#2655=CIRCLE('',#7365,0.0025527);
#2656=CIRCLE('',#7366,0.0025527);
#2657=CIRCLE('',#7367,0.0025527);
#2658=CIRCLE('',#7368,0.0025527);
#2659=CIRCLE('',#7369,0.0025527);
#2660=CIRCLE('',#7370,0.0020193);
#2661=CIRCLE('',#7371,0.0020193);
#2662=CIRCLE('',#7372,0.0020193);
#2663=CIRCLE('',#7373,0.0020193);
#2664=CIRCLE('',#7374,0.0020193);
#2665=CIRCLE('',#7375,0.0020193);
#2666=CIRCLE('',#7376,0.013208);
#2667=CIRCLE('',#7377,0.0020193);
#2668=CIRCLE('',#7378,0.0020193);
#2669=CIRCLE('',#7379,0.0020193);
#2670=CIRCLE('',#7380,0.0020193);
#2671=CIRCLE('',#7381,0.0020193);
#2672=CIRCLE('',#7382,0.0020193);
#2673=CIRCLE('',#7383,0.020701);
#2674=CIRCLE('',#7384,0.0021);
#2675=CIRCLE('',#7385,0.0021);
#2676=CIRCLE('',#7386,0.0021);
#2677=CIRCLE('',#7387,0.0021);
#2678=CIRCLE('',#7388,0.0021);
#2679=CIRCLE('',#7389,0.0021);
#2680=CIRCLE('',#7390,0.0021);
#2681=CIRCLE('',#7391,0.0021);
#2682=CIRCLE('',#7392,0.050635);
#2683=CIRCLE('',#7394,0.001);
#2684=CIRCLE('',#7395,0.001);
#2685=CIRCLE('',#7397,0.001);
#2686=CIRCLE('',#7398,0.001);
#2687=CIRCLE('',#7400,0.001);
#2688=CIRCLE('',#7401,0.001);
#2689=CIRCLE('',#7403,0.001);
#2690=CIRCLE('',#7405,0.001);
#2691=CIRCLE('',#7407,0.001);
#2692=CIRCLE('',#7408,0.001);
#2693=CIRCLE('',#7410,0.001);
#2694=CIRCLE('',#7412,0.001);
#2695=CIRCLE('',#7414,0.001);
#2696=CIRCLE('',#7415,0.001);
#2697=CIRCLE('',#7417,0.001);
#2698=CIRCLE('',#7419,0.001);
#2699=CIRCLE('',#7421,0.001);
#2700=CIRCLE('',#7422,0.001);
#2701=CIRCLE('',#7424,0.001);
#2702=CIRCLE('',#7426,0.001);
#2703=CIRCLE('',#7428,0.001);
#2704=CIRCLE('',#7430,0.001);
#2705=CIRCLE('',#7432,0.001);
#2706=CIRCLE('',#7434,0.001);
#2707=CIRCLE('',#7436,0.001);
#2708=CIRCLE('',#7437,0.001);
#2709=CIRCLE('',#7439,0.001);
#2710=CIRCLE('',#7441,0.001);
#2711=CIRCLE('',#7443,0.001);
#2712=CIRCLE('',#7444,0.001);
#2713=CIRCLE('',#7446,0.001);
#2714=CIRCLE('',#7448,0.001);
#2715=CIRCLE('',#7450,0.001);
#2716=CIRCLE('',#7452,0.001);
#2717=CIRCLE('',#7454,0.001);
#2718=CIRCLE('',#7456,0.001);
#2719=CIRCLE('',#7458,0.001);
#2720=CIRCLE('',#7459,0.001);
#2721=CIRCLE('',#7461,0.001);
#2722=CIRCLE('',#7463,0.001);
#2723=CIRCLE('',#7465,0.001);
#2724=CIRCLE('',#7466,0.001);
#2725=CIRCLE('',#7468,0.001);
#2726=CIRCLE('',#7470,0.001);
#2727=CIRCLE('',#7472,0.001);
#2728=CIRCLE('',#7474,0.001);
#2729=CIRCLE('',#7476,0.001);
#2730=CIRCLE('',#7478,0.001);
#2731=CIRCLE('',#7480,0.001);
#2732=CIRCLE('',#7481,0.001);
#2733=CIRCLE('',#7483,0.001);
#2734=CIRCLE('',#7485,0.001);
#2735=CIRCLE('',#7487,0.001);
#2736=CIRCLE('',#7488,0.001);
#2737=CIRCLE('',#7490,0.001);
#2738=CIRCLE('',#7492,0.001);
#2739=CIRCLE('',#7494,0.001);
#2740=CIRCLE('',#7496,0.001);
#2741=CIRCLE('',#7498,0.001);
#2742=CIRCLE('',#7500,0.001);
#2743=CIRCLE('',#7502,0.001);
#2744=CIRCLE('',#7503,0.001);
#2745=CIRCLE('',#7505,0.001);
#2746=CIRCLE('',#7507,0.001);
#2747=CIRCLE('',#7509,0.001);
#2748=CIRCLE('',#7511,0.001);
#2749=CIRCLE('',#7513,0.001);
#2750=CIRCLE('',#7515,0.001);
#2751=CIRCLE('',#7517,0.001);
#2752=CIRCLE('',#7519,0.001);
#2753=CIRCLE('',#7521,0.001);
#2754=CIRCLE('',#7523,0.001);
#2755=CIRCLE('',#7526,0.04746);
#2756=CIRCLE('',#7527,0.04746);
#2757=CIRCLE('',#7529,0.050635);
#2758=CIRCLE('',#7532,0.04445);
#2759=CIRCLE('',#7534,0.04445);
#2760=CIRCLE('',#7536,0.0021);
#2761=CIRCLE('',#7539,0.0021);
#2762=CIRCLE('',#7542,0.0021);
#2763=CIRCLE('',#7545,0.0021);
#2764=CIRCLE('',#7548,0.0021);
#2765=CIRCLE('',#7551,0.0021);
#2766=CIRCLE('',#7554,0.0021);
#2767=CIRCLE('',#7557,0.0021);
#2768=CIRCLE('',#7560,0.0011303);
#2769=CIRCLE('',#7561,0.0011303);
#2770=CIRCLE('',#7562,0.0011303);
#2771=CIRCLE('',#7563,0.0011303);
#2772=CIRCLE('',#7564,0.0011303);
#2773=CIRCLE('',#7565,0.0011303);
#2774=CIRCLE('',#7566,0.0011303);
#2775=CIRCLE('',#7567,0.0011303);
#2776=CIRCLE('',#7568,0.0011303);
#2777=CIRCLE('',#7569,0.0011303);
#2778=CIRCLE('',#7570,0.0011303);
#2779=CIRCLE('',#7571,0.0011303);
#2780=CIRCLE('',#7572,0.0011303);
#2781=CIRCLE('',#7573,0.0011303);
#2782=CIRCLE('',#7574,0.0011303);
#2783=CIRCLE('',#7575,0.0011303);
#2784=CIRCLE('',#7576,0.0011303);
#2785=CIRCLE('',#7577,0.0011303);
#2786=CIRCLE('',#7578,0.0011303);
#2787=CIRCLE('',#7579,0.0011303);
#2788=CIRCLE('',#7580,0.0011303);
#2789=CIRCLE('',#7581,0.0011303);
#2790=CIRCLE('',#7582,0.0011303);
#2791=CIRCLE('',#7583,0.0011303);
#2792=CIRCLE('',#7584,0.0011303);
#2793=CIRCLE('',#7585,0.190259238086427);
#2794=CIRCLE('',#7587,0.15925);
#2795=CIRCLE('',#7590,0.190259238086427);
#2796=CIRCLE('',#7593,0.026289);
#2797=CIRCLE('',#7595,0.025);
#2798=CIRCLE('',#7598,0.0020193);
#2799=CIRCLE('',#7601,0.0020193);
#2800=CIRCLE('',#7604,0.0020193);
#2801=CIRCLE('',#7607,0.0020193);
#2802=CIRCLE('',#7610,0.0020193);
#2803=CIRCLE('',#7613,0.0020193);
#2804=CIRCLE('',#7616,0.0020193);
#2805=CIRCLE('',#7619,0.0020193);
#2806=CIRCLE('',#7622,0.00515);
#2807=CIRCLE('',#7625,0.00515);
#2808=CIRCLE('',#7628,0.00515);
#2809=CIRCLE('',#7631,0.00515);
#2810=CIRCLE('',#7634,0.00515);
#2811=CIRCLE('',#7637,0.00515);
#2812=CIRCLE('',#7640,0.00515);
#2813=CIRCLE('',#7643,0.00515);
#2814=CIRCLE('',#7646,0.00515);
#2815=CIRCLE('',#7649,0.00515);
#2816=CIRCLE('',#7652,0.00515);
#2817=CIRCLE('',#7655,0.00515);
#2818=CIRCLE('',#7658,0.020701);
#2819=CIRCLE('',#7661,0.0020193);
#2820=CIRCLE('',#7664,0.0020193);
#2821=CIRCLE('',#7667,0.0020193);
#2822=CIRCLE('',#7670,0.0020193);
#2823=CIRCLE('',#7673,0.0020193);
#2824=CIRCLE('',#7676,0.0020193);
#2825=CIRCLE('',#7679,0.013208);
#2826=CIRCLE('',#7682,0.0020193);
#2827=CIRCLE('',#7685,0.0020193);
#2828=CIRCLE('',#7688,0.0020193);
#2829=CIRCLE('',#7691,0.0020193);
#2830=CIRCLE('',#7694,0.0020193);
#2831=CIRCLE('',#7697,0.0020193);
#2832=CIRCLE('',#7700,0.0025527);
#2833=CIRCLE('',#7703,0.0025527);
#2834=CIRCLE('',#7706,0.0025527);
#2835=CIRCLE('',#7709,0.0025527);
#2836=CIRCLE('',#7712,0.0025527);
#2837=CIRCLE('',#7715,0.0025527);
#2838=CIRCLE('',#7718,0.0025527);
#2839=CIRCLE('',#7721,0.0025527);
#2840=CIRCLE('',#7724,0.0025527);
#2841=CIRCLE('',#7727,0.0025527);
#2842=CIRCLE('',#7730,0.0025527);
#2843=CIRCLE('',#7733,0.0025527);
#2844=CIRCLE('',#7736,0.0025527);
#2845=CIRCLE('',#7739,0.0025527);
#2846=CIRCLE('',#7742,0.0011303);
#2847=CIRCLE('',#7745,0.0011303);
#2848=CIRCLE('',#7748,0.0011303);
#2849=CIRCLE('',#7751,0.0011303);
#2850=CIRCLE('',#7754,0.0011303);
#2851=CIRCLE('',#7757,0.0011303);
#2852=CIRCLE('',#7760,0.0011303);
#2853=CIRCLE('',#7763,0.0011303);
#2854=CIRCLE('',#7766,0.0011303);
#2855=CIRCLE('',#7769,0.0011303);
#2856=CIRCLE('',#7772,0.0011303);
#2857=CIRCLE('',#7775,0.0011303);
#2858=CIRCLE('',#7778,0.0011303);
#2859=CIRCLE('',#7781,0.0011303);
#2860=CIRCLE('',#7784,0.0011303);
#2861=CIRCLE('',#7787,0.0011303);
#2862=CIRCLE('',#7790,0.0011303);
#2863=CIRCLE('',#7793,0.0011303);
#2864=CIRCLE('',#7796,0.0011303);
#2865=CIRCLE('',#7799,0.0011303);
#2866=CIRCLE('',#7802,0.0011303);
#2867=CIRCLE('',#7805,0.0011303);
#2868=CIRCLE('',#7808,0.0011303);
#2869=CIRCLE('',#7811,0.0011303);
#2870=CIRCLE('',#7814,0.0011303);
#2871=EDGE_LOOP('',(#499));
#2872=EDGE_LOOP('',(#500));
#2873=EDGE_LOOP('',(#501));
#2874=EDGE_LOOP('',(#502));
#2875=EDGE_LOOP('',(#503));
#2876=EDGE_LOOP('',(#504));
#2877=EDGE_LOOP('',(#505));
#2878=EDGE_LOOP('',(#506));
#2879=EDGE_LOOP('',(#507));
#2880=EDGE_LOOP('',(#508));
#2881=EDGE_LOOP('',(#509));
#2882=EDGE_LOOP('',(#510));
#2883=EDGE_LOOP('',(#511));
#2884=EDGE_LOOP('',(#512));
#2885=EDGE_LOOP('',(#513));
#2886=EDGE_LOOP('',(#514));
#2887=EDGE_LOOP('',(#515));
#2888=EDGE_LOOP('',(#516));
#2889=EDGE_LOOP('',(#517));
#2890=EDGE_LOOP('',(#518));
#2891=EDGE_LOOP('',(#519));
#2892=EDGE_LOOP('',(#520));
#2893=EDGE_LOOP('',(#521));
#2894=EDGE_LOOP('',(#522));
#2895=EDGE_LOOP('',(#523));
#2896=EDGE_LOOP('',(#524));
#2897=EDGE_LOOP('',(#525));
#2898=EDGE_LOOP('',(#526));
#2899=EDGE_LOOP('',(#527));
#2900=EDGE_LOOP('',(#528));
#2901=EDGE_LOOP('',(#529));
#2902=EDGE_LOOP('',(#530));
#2903=EDGE_LOOP('',(#531));
#2904=EDGE_LOOP('',(#532));
#2905=EDGE_LOOP('',(#533));
#2906=EDGE_LOOP('',(#534));
#2907=EDGE_LOOP('',(#535));
#2908=EDGE_LOOP('',(#536));
#2909=EDGE_LOOP('',(#537));
#2910=EDGE_LOOP('',(#538));
#2911=EDGE_LOOP('',(#539));
#2912=EDGE_LOOP('',(#540));
#2913=EDGE_LOOP('',(#541));
#2914=EDGE_LOOP('',(#542));
#2915=EDGE_LOOP('',(#543));
#2916=EDGE_LOOP('',(#544));
#2917=EDGE_LOOP('',(#545));
#2918=EDGE_LOOP('',(#546));
#2919=EDGE_LOOP('',(#547));
#2920=EDGE_LOOP('',(#548));
#2921=EDGE_LOOP('',(#549));
#2922=EDGE_LOOP('',(#550));
#2923=EDGE_LOOP('',(#551));
#2924=EDGE_LOOP('',(#552));
#2925=EDGE_LOOP('',(#553));
#2926=EDGE_LOOP('',(#554));
#2927=EDGE_LOOP('',(#555));
#2928=EDGE_LOOP('',(#556));
#2929=EDGE_LOOP('',(#557));
#2930=EDGE_LOOP('',(#558));
#2931=EDGE_LOOP('',(#559));
#2932=EDGE_LOOP('',(#560));
#2933=EDGE_LOOP('',(#561));
#2934=EDGE_LOOP('',(#562));
#2935=EDGE_LOOP('',(#563));
#2936=EDGE_LOOP('',(#564));
#2937=EDGE_LOOP('',(#565));
#2938=EDGE_LOOP('',(#566));
#2939=EDGE_LOOP('',(#567));
#2940=EDGE_LOOP('',(#568));
#2941=EDGE_LOOP('',(#569));
#2942=EDGE_LOOP('',(#570));
#2943=EDGE_LOOP('',(#571));
#2944=EDGE_LOOP('',(#572));
#2945=EDGE_LOOP('',(#573));
#2946=EDGE_LOOP('',(#574));
#2947=EDGE_LOOP('',(#575));
#2948=EDGE_LOOP('',(#576));
#2949=EDGE_LOOP('',(#577));
#2950=EDGE_LOOP('',(#578));
#2951=EDGE_LOOP('',(#579));
#2952=EDGE_LOOP('',(#580));
#2953=EDGE_LOOP('',(#581));
#2954=EDGE_LOOP('',(#582));
#2955=EDGE_LOOP('',(#583));
#2956=EDGE_LOOP('',(#584));
#2957=EDGE_LOOP('',(#585));
#2958=EDGE_LOOP('',(#586));
#2959=EDGE_LOOP('',(#587));
#2960=EDGE_LOOP('',(#588));
#2961=EDGE_LOOP('',(#589));
#2962=EDGE_LOOP('',(#590));
#2963=EDGE_LOOP('',(#591));
#2964=EDGE_LOOP('',(#592));
#2965=EDGE_LOOP('',(#593));
#2966=EDGE_LOOP('',(#594));
#2967=EDGE_LOOP('',(#595));
#2968=EDGE_LOOP('',(#596));
#2969=EDGE_LOOP('',(#597));
#2970=EDGE_LOOP('',(#598));
#2971=EDGE_LOOP('',(#599));
#2972=EDGE_LOOP('',(#600));
#2973=EDGE_LOOP('',(#601));
#2974=EDGE_LOOP('',(#602));
#2975=EDGE_LOOP('',(#603));
#2976=EDGE_LOOP('',(#604));
#2977=EDGE_LOOP('',(#605));
#2978=EDGE_LOOP('',(#606));
#2979=EDGE_LOOP('',(#607));
#2980=EDGE_LOOP('',(#608));
#2981=EDGE_LOOP('',(#609));
#2982=EDGE_LOOP('',(#610));
#2983=EDGE_LOOP('',(#611));
#2984=EDGE_LOOP('',(#612));
#2985=EDGE_LOOP('',(#613));
#2986=EDGE_LOOP('',(#614));
#2987=EDGE_LOOP('',(#615));
#2988=EDGE_LOOP('',(#616));
#2989=EDGE_LOOP('',(#617));
#2990=EDGE_LOOP('',(#618));
#2991=EDGE_LOOP('',(#619));
#2992=EDGE_LOOP('',(#620));
#2993=EDGE_LOOP('',(#621));
#2994=EDGE_LOOP('',(#622));
#2995=EDGE_LOOP('',(#623));
#2996=EDGE_LOOP('',(#624));
#2997=EDGE_LOOP('',(#625));
#2998=EDGE_LOOP('',(#626));
#2999=EDGE_LOOP('',(#627));
#3000=EDGE_LOOP('',(#628));
#3001=EDGE_LOOP('',(#629));
#3002=EDGE_LOOP('',(#630));
#3003=EDGE_LOOP('',(#631));
#3004=EDGE_LOOP('',(#632));
#3005=EDGE_LOOP('',(#633));
#3006=EDGE_LOOP('',(#634));
#3007=EDGE_LOOP('',(#635));
#3008=EDGE_LOOP('',(#636));
#3009=EDGE_LOOP('',(#637));
#3010=EDGE_LOOP('',(#638));
#3011=EDGE_LOOP('',(#639));
#3012=EDGE_LOOP('',(#640));
#3013=EDGE_LOOP('',(#641));
#3014=EDGE_LOOP('',(#642));
#3015=EDGE_LOOP('',(#643));
#3016=EDGE_LOOP('',(#644));
#3017=EDGE_LOOP('',(#645));
#3018=EDGE_LOOP('',(#646));
#3019=EDGE_LOOP('',(#647));
#3020=EDGE_LOOP('',(#648));
#3021=EDGE_LOOP('',(#649));
#3022=EDGE_LOOP('',(#650));
#3023=EDGE_LOOP('',(#651));
#3024=EDGE_LOOP('',(#652));
#3025=EDGE_LOOP('',(#653));
#3026=EDGE_LOOP('',(#654));
#3027=EDGE_LOOP('',(#655));
#3028=EDGE_LOOP('',(#656));
#3029=EDGE_LOOP('',(#657));
#3030=EDGE_LOOP('',(#658));
#3031=EDGE_LOOP('',(#659));
#3032=EDGE_LOOP('',(#660));
#3033=EDGE_LOOP('',(#661));
#3034=EDGE_LOOP('',(#662));
#3035=EDGE_LOOP('',(#663));
#3036=EDGE_LOOP('',(#664));
#3037=EDGE_LOOP('',(#665));
#3038=EDGE_LOOP('',(#666));
#3039=EDGE_LOOP('',(#667));
#3040=EDGE_LOOP('',(#668));
#3041=EDGE_LOOP('',(#669));
#3042=EDGE_LOOP('',(#670));
#3043=EDGE_LOOP('',(#671));
#3044=EDGE_LOOP('',(#672));
#3045=EDGE_LOOP('',(#673));
#3046=EDGE_LOOP('',(#674));
#3047=EDGE_LOOP('',(#675));
#3048=EDGE_LOOP('',(#676));
#3049=EDGE_LOOP('',(#677));
#3050=EDGE_LOOP('',(#678));
#3051=EDGE_LOOP('',(#679));
#3052=EDGE_LOOP('',(#680));
#3053=EDGE_LOOP('',(#681));
#3054=EDGE_LOOP('',(#682));
#3055=EDGE_LOOP('',(#683));
#3056=EDGE_LOOP('',(#684));
#3057=EDGE_LOOP('',(#685));
#3058=EDGE_LOOP('',(#686));
#3059=EDGE_LOOP('',(#687));
#3060=EDGE_LOOP('',(#688));
#3061=EDGE_LOOP('',(#689));
#3062=EDGE_LOOP('',(#690));
#3063=EDGE_LOOP('',(#691));
#3064=EDGE_LOOP('',(#692));
#3065=EDGE_LOOP('',(#693));
#3066=EDGE_LOOP('',(#694));
#3067=EDGE_LOOP('',(#695));
#3068=EDGE_LOOP('',(#696));
#3069=EDGE_LOOP('',(#697));
#3070=EDGE_LOOP('',(#698));
#3071=EDGE_LOOP('',(#699));
#3072=EDGE_LOOP('',(#700));
#3073=EDGE_LOOP('',(#701));
#3074=EDGE_LOOP('',(#702));
#3075=EDGE_LOOP('',(#703));
#3076=EDGE_LOOP('',(#704));
#3077=EDGE_LOOP('',(#705));
#3078=EDGE_LOOP('',(#706));
#3079=EDGE_LOOP('',(#707));
#3080=EDGE_LOOP('',(#708));
#3081=EDGE_LOOP('',(#709));
#3082=EDGE_LOOP('',(#710));
#3083=EDGE_LOOP('',(#711));
#3084=EDGE_LOOP('',(#712));
#3085=EDGE_LOOP('',(#713));
#3086=EDGE_LOOP('',(#714));
#3087=EDGE_LOOP('',(#715));
#3088=EDGE_LOOP('',(#716));
#3089=EDGE_LOOP('',(#717));
#3090=EDGE_LOOP('',(#718));
#3091=EDGE_LOOP('',(#719));
#3092=EDGE_LOOP('',(#720));
#3093=EDGE_LOOP('',(#721));
#3094=EDGE_LOOP('',(#722));
#3095=EDGE_LOOP('',(#723));
#3096=EDGE_LOOP('',(#724));
#3097=EDGE_LOOP('',(#725));
#3098=EDGE_LOOP('',(#726));
#3099=EDGE_LOOP('',(#727));
#3100=EDGE_LOOP('',(#728));
#3101=EDGE_LOOP('',(#729));
#3102=EDGE_LOOP('',(#730));
#3103=EDGE_LOOP('',(#731));
#3104=EDGE_LOOP('',(#732));
#3105=EDGE_LOOP('',(#733));
#3106=EDGE_LOOP('',(#734));
#3107=EDGE_LOOP('',(#735));
#3108=EDGE_LOOP('',(#736));
#3109=EDGE_LOOP('',(#737));
#3110=EDGE_LOOP('',(#738));
#3111=EDGE_LOOP('',(#739));
#3112=EDGE_LOOP('',(#740));
#3113=EDGE_LOOP('',(#741));
#3114=EDGE_LOOP('',(#742));
#3115=EDGE_LOOP('',(#743));
#3116=EDGE_LOOP('',(#744));
#3117=EDGE_LOOP('',(#745));
#3118=EDGE_LOOP('',(#746));
#3119=EDGE_LOOP('',(#747));
#3120=EDGE_LOOP('',(#748));
#3121=EDGE_LOOP('',(#749));
#3122=EDGE_LOOP('',(#750));
#3123=EDGE_LOOP('',(#751));
#3124=EDGE_LOOP('',(#752));
#3125=EDGE_LOOP('',(#753));
#3126=EDGE_LOOP('',(#754));
#3127=EDGE_LOOP('',(#755));
#3128=EDGE_LOOP('',(#756));
#3129=EDGE_LOOP('',(#757));
#3130=EDGE_LOOP('',(#758));
#3131=EDGE_LOOP('',(#759));
#3132=EDGE_LOOP('',(#760));
#3133=EDGE_LOOP('',(#761));
#3134=EDGE_LOOP('',(#762));
#3135=EDGE_LOOP('',(#763));
#3136=EDGE_LOOP('',(#764));
#3137=EDGE_LOOP('',(#765));
#3138=EDGE_LOOP('',(#766));
#3139=EDGE_LOOP('',(#767));
#3140=EDGE_LOOP('',(#768));
#3141=EDGE_LOOP('',(#769));
#3142=EDGE_LOOP('',(#770));
#3143=EDGE_LOOP('',(#771));
#3144=EDGE_LOOP('',(#772));
#3145=EDGE_LOOP('',(#773));
#3146=EDGE_LOOP('',(#774));
#3147=EDGE_LOOP('',(#775));
#3148=EDGE_LOOP('',(#776));
#3149=EDGE_LOOP('',(#777));
#3150=EDGE_LOOP('',(#778));
#3151=EDGE_LOOP('',(#779));
#3152=EDGE_LOOP('',(#780));
#3153=EDGE_LOOP('',(#781));
#3154=EDGE_LOOP('',(#782));
#3155=EDGE_LOOP('',(#783));
#3156=EDGE_LOOP('',(#784));
#3157=EDGE_LOOP('',(#785));
#3158=EDGE_LOOP('',(#786));
#3159=EDGE_LOOP('',(#787));
#3160=EDGE_LOOP('',(#788));
#3161=EDGE_LOOP('',(#789));
#3162=EDGE_LOOP('',(#790));
#3163=EDGE_LOOP('',(#791));
#3164=EDGE_LOOP('',(#792));
#3165=EDGE_LOOP('',(#793));
#3166=EDGE_LOOP('',(#794));
#3167=EDGE_LOOP('',(#795));
#3168=EDGE_LOOP('',(#796));
#3169=EDGE_LOOP('',(#797));
#3170=EDGE_LOOP('',(#798));
#3171=EDGE_LOOP('',(#799));
#3172=EDGE_LOOP('',(#800));
#3173=EDGE_LOOP('',(#801));
#3174=EDGE_LOOP('',(#802));
#3175=EDGE_LOOP('',(#803));
#3176=EDGE_LOOP('',(#804));
#3177=EDGE_LOOP('',(#805));
#3178=EDGE_LOOP('',(#806));
#3179=EDGE_LOOP('',(#807));
#3180=EDGE_LOOP('',(#808));
#3181=EDGE_LOOP('',(#809));
#3182=EDGE_LOOP('',(#810));
#3183=EDGE_LOOP('',(#811));
#3184=EDGE_LOOP('',(#812));
#3185=EDGE_LOOP('',(#813));
#3186=EDGE_LOOP('',(#814));
#3187=EDGE_LOOP('',(#815));
#3188=EDGE_LOOP('',(#816));
#3189=EDGE_LOOP('',(#817));
#3190=EDGE_LOOP('',(#818));
#3191=EDGE_LOOP('',(#819));
#3192=EDGE_LOOP('',(#820));
#3193=EDGE_LOOP('',(#821));
#3194=EDGE_LOOP('',(#822));
#3195=EDGE_LOOP('',(#823));
#3196=EDGE_LOOP('',(#824));
#3197=EDGE_LOOP('',(#825));
#3198=EDGE_LOOP('',(#826));
#3199=EDGE_LOOP('',(#827));
#3200=EDGE_LOOP('',(#828));
#3201=EDGE_LOOP('',(#829));
#3202=EDGE_LOOP('',(#830));
#3203=EDGE_LOOP('',(#831));
#3204=EDGE_LOOP('',(#832));
#3205=EDGE_LOOP('',(#833));
#3206=EDGE_LOOP('',(#834));
#3207=EDGE_LOOP('',(#835));
#3208=EDGE_LOOP('',(#836));
#3209=EDGE_LOOP('',(#837));
#3210=EDGE_LOOP('',(#838));
#3211=EDGE_LOOP('',(#839));
#3212=EDGE_LOOP('',(#840));
#3213=EDGE_LOOP('',(#841));
#3214=EDGE_LOOP('',(#842));
#3215=EDGE_LOOP('',(#843));
#3216=EDGE_LOOP('',(#844));
#3217=EDGE_LOOP('',(#845));
#3218=EDGE_LOOP('',(#846));
#3219=EDGE_LOOP('',(#847));
#3220=EDGE_LOOP('',(#848));
#3221=EDGE_LOOP('',(#849));
#3222=EDGE_LOOP('',(#850));
#3223=EDGE_LOOP('',(#851));
#3224=EDGE_LOOP('',(#852));
#3225=EDGE_LOOP('',(#853));
#3226=EDGE_LOOP('',(#854));
#3227=EDGE_LOOP('',(#855));
#3228=EDGE_LOOP('',(#856));
#3229=EDGE_LOOP('',(#857));
#3230=EDGE_LOOP('',(#858));
#3231=EDGE_LOOP('',(#859));
#3232=EDGE_LOOP('',(#860));
#3233=EDGE_LOOP('',(#861));
#3234=EDGE_LOOP('',(#862));
#3235=EDGE_LOOP('',(#863));
#3236=EDGE_LOOP('',(#864));
#3237=EDGE_LOOP('',(#865));
#3238=EDGE_LOOP('',(#866));
#3239=EDGE_LOOP('',(#867));
#3240=EDGE_LOOP('',(#868));
#3241=EDGE_LOOP('',(#869));
#3242=EDGE_LOOP('',(#870));
#3243=EDGE_LOOP('',(#871));
#3244=EDGE_LOOP('',(#872));
#3245=EDGE_LOOP('',(#873));
#3246=EDGE_LOOP('',(#874));
#3247=EDGE_LOOP('',(#875));
#3248=EDGE_LOOP('',(#876));
#3249=EDGE_LOOP('',(#877));
#3250=EDGE_LOOP('',(#878));
#3251=EDGE_LOOP('',(#879));
#3252=EDGE_LOOP('',(#880));
#3253=EDGE_LOOP('',(#881));
#3254=EDGE_LOOP('',(#882));
#3255=EDGE_LOOP('',(#883));
#3256=EDGE_LOOP('',(#884));
#3257=EDGE_LOOP('',(#885));
#3258=EDGE_LOOP('',(#886));
#3259=EDGE_LOOP('',(#887));
#3260=EDGE_LOOP('',(#888));
#3261=EDGE_LOOP('',(#889));
#3262=EDGE_LOOP('',(#890));
#3263=EDGE_LOOP('',(#891));
#3264=EDGE_LOOP('',(#892));
#3265=EDGE_LOOP('',(#893));
#3266=EDGE_LOOP('',(#894));
#3267=EDGE_LOOP('',(#895));
#3268=EDGE_LOOP('',(#896));
#3269=EDGE_LOOP('',(#897));
#3270=EDGE_LOOP('',(#898));
#3271=EDGE_LOOP('',(#899));
#3272=EDGE_LOOP('',(#900));
#3273=EDGE_LOOP('',(#901));
#3274=EDGE_LOOP('',(#902));
#3275=EDGE_LOOP('',(#903));
#3276=EDGE_LOOP('',(#904));
#3277=EDGE_LOOP('',(#905));
#3278=EDGE_LOOP('',(#906));
#3279=EDGE_LOOP('',(#907));
#3280=EDGE_LOOP('',(#908));
#3281=EDGE_LOOP('',(#909));
#3282=EDGE_LOOP('',(#910));
#3283=EDGE_LOOP('',(#911));
#3284=EDGE_LOOP('',(#912));
#3285=EDGE_LOOP('',(#913));
#3286=EDGE_LOOP('',(#914));
#3287=EDGE_LOOP('',(#915));
#3288=EDGE_LOOP('',(#916));
#3289=EDGE_LOOP('',(#917));
#3290=EDGE_LOOP('',(#918));
#3291=EDGE_LOOP('',(#919));
#3292=EDGE_LOOP('',(#920));
#3293=EDGE_LOOP('',(#921));
#3294=EDGE_LOOP('',(#922));
#3295=EDGE_LOOP('',(#923));
#3296=EDGE_LOOP('',(#924));
#3297=EDGE_LOOP('',(#925));
#3298=EDGE_LOOP('',(#926));
#3299=EDGE_LOOP('',(#927));
#3300=EDGE_LOOP('',(#928));
#3301=EDGE_LOOP('',(#929));
#3302=EDGE_LOOP('',(#930));
#3303=EDGE_LOOP('',(#931));
#3304=EDGE_LOOP('',(#932));
#3305=EDGE_LOOP('',(#933));
#3306=EDGE_LOOP('',(#934));
#3307=EDGE_LOOP('',(#935));
#3308=EDGE_LOOP('',(#936));
#3309=EDGE_LOOP('',(#937));
#3310=EDGE_LOOP('',(#938));
#3311=EDGE_LOOP('',(#939));
#3312=EDGE_LOOP('',(#940));
#3313=EDGE_LOOP('',(#941));
#3314=EDGE_LOOP('',(#942));
#3315=EDGE_LOOP('',(#943));
#3316=EDGE_LOOP('',(#944));
#3317=EDGE_LOOP('',(#945));
#3318=EDGE_LOOP('',(#946,#947,#948,#949));
#3319=EDGE_LOOP('',(#950));
#3320=EDGE_LOOP('',(#951));
#3321=EDGE_LOOP('',(#952));
#3322=EDGE_LOOP('',(#953));
#3323=EDGE_LOOP('',(#954));
#3324=EDGE_LOOP('',(#955));
#3325=EDGE_LOOP('',(#956));
#3326=EDGE_LOOP('',(#957));
#3327=EDGE_LOOP('',(#958));
#3328=EDGE_LOOP('',(#959,#960,#961,#962));
#3329=EDGE_LOOP('',(#963));
#3330=EDGE_LOOP('',(#964));
#3331=EDGE_LOOP('',(#965));
#3332=EDGE_LOOP('',(#966));
#3333=EDGE_LOOP('',(#967));
#3334=EDGE_LOOP('',(#968));
#3335=EDGE_LOOP('',(#969));
#3336=EDGE_LOOP('',(#970));
#3337=EDGE_LOOP('',(#971));
#3338=EDGE_LOOP('',(#972,#973,#974,#975));
#3339=EDGE_LOOP('',(#976));
#3340=EDGE_LOOP('',(#977));
#3341=EDGE_LOOP('',(#978));
#3342=EDGE_LOOP('',(#979));
#3343=EDGE_LOOP('',(#980));
#3344=EDGE_LOOP('',(#981));
#3345=EDGE_LOOP('',(#982));
#3346=EDGE_LOOP('',(#983));
#3347=EDGE_LOOP('',(#984));
#3348=EDGE_LOOP('',(#985,#986,#987,#988));
#3349=EDGE_LOOP('',(#989));
#3350=EDGE_LOOP('',(#990));
#3351=EDGE_LOOP('',(#991));
#3352=EDGE_LOOP('',(#992));
#3353=EDGE_LOOP('',(#993));
#3354=EDGE_LOOP('',(#994));
#3355=EDGE_LOOP('',(#995));
#3356=EDGE_LOOP('',(#996));
#3357=EDGE_LOOP('',(#997));
#3358=EDGE_LOOP('',(#998,#999,#1000,#1001));
#3359=EDGE_LOOP('',(#1002));
#3360=EDGE_LOOP('',(#1003));
#3361=EDGE_LOOP('',(#1004));
#3362=EDGE_LOOP('',(#1005));
#3363=EDGE_LOOP('',(#1006));
#3364=EDGE_LOOP('',(#1007));
#3365=EDGE_LOOP('',(#1008));
#3366=EDGE_LOOP('',(#1009));
#3367=EDGE_LOOP('',(#1010));
#3368=EDGE_LOOP('',(#1011,#1012,#1013,#1014));
#3369=EDGE_LOOP('',(#1015));
#3370=EDGE_LOOP('',(#1016));
#3371=EDGE_LOOP('',(#1017));
#3372=EDGE_LOOP('',(#1018));
#3373=EDGE_LOOP('',(#1019));
#3374=EDGE_LOOP('',(#1020));
#3375=EDGE_LOOP('',(#1021));
#3376=EDGE_LOOP('',(#1022));
#3377=EDGE_LOOP('',(#1023));
#3378=EDGE_LOOP('',(#1024,#1025,#1026,#1027));
#3379=EDGE_LOOP('',(#1028));
#3380=EDGE_LOOP('',(#1029));
#3381=EDGE_LOOP('',(#1030));
#3382=EDGE_LOOP('',(#1031));
#3383=EDGE_LOOP('',(#1032));
#3384=EDGE_LOOP('',(#1033));
#3385=EDGE_LOOP('',(#1034));
#3386=EDGE_LOOP('',(#1035));
#3387=EDGE_LOOP('',(#1036));
#3388=EDGE_LOOP('',(#1037,#1038,#1039,#1040));
#3389=EDGE_LOOP('',(#1041));
#3390=EDGE_LOOP('',(#1042));
#3391=EDGE_LOOP('',(#1043));
#3392=EDGE_LOOP('',(#1044));
#3393=EDGE_LOOP('',(#1045));
#3394=EDGE_LOOP('',(#1046));
#3395=EDGE_LOOP('',(#1047));
#3396=EDGE_LOOP('',(#1048));
#3397=EDGE_LOOP('',(#1049));
#3398=EDGE_LOOP('',(#1050,#1051,#1052,#1053));
#3399=EDGE_LOOP('',(#1054));
#3400=EDGE_LOOP('',(#1055));
#3401=EDGE_LOOP('',(#1056));
#3402=EDGE_LOOP('',(#1057));
#3403=EDGE_LOOP('',(#1058));
#3404=EDGE_LOOP('',(#1059));
#3405=EDGE_LOOP('',(#1060));
#3406=EDGE_LOOP('',(#1061));
#3407=EDGE_LOOP('',(#1062));
#3408=EDGE_LOOP('',(#1063,#1064,#1065,#1066));
#3409=EDGE_LOOP('',(#1067));
#3410=EDGE_LOOP('',(#1068));
#3411=EDGE_LOOP('',(#1069));
#3412=EDGE_LOOP('',(#1070));
#3413=EDGE_LOOP('',(#1071));
#3414=EDGE_LOOP('',(#1072));
#3415=EDGE_LOOP('',(#1073));
#3416=EDGE_LOOP('',(#1074));
#3417=EDGE_LOOP('',(#1075));
#3418=EDGE_LOOP('',(#1076,#1077,#1078,#1079));
#3419=EDGE_LOOP('',(#1080));
#3420=EDGE_LOOP('',(#1081));
#3421=EDGE_LOOP('',(#1082));
#3422=EDGE_LOOP('',(#1083));
#3423=EDGE_LOOP('',(#1084));
#3424=EDGE_LOOP('',(#1085));
#3425=EDGE_LOOP('',(#1086));
#3426=EDGE_LOOP('',(#1087));
#3427=EDGE_LOOP('',(#1088));
#3428=EDGE_LOOP('',(#1089,#1090,#1091,#1092));
#3429=EDGE_LOOP('',(#1093));
#3430=EDGE_LOOP('',(#1094));
#3431=EDGE_LOOP('',(#1095));
#3432=EDGE_LOOP('',(#1096));
#3433=EDGE_LOOP('',(#1097));
#3434=EDGE_LOOP('',(#1098));
#3435=EDGE_LOOP('',(#1099));
#3436=EDGE_LOOP('',(#1100));
#3437=EDGE_LOOP('',(#1101));
#3438=EDGE_LOOP('',(#1102));
#3439=EDGE_LOOP('',(#1103));
#3440=EDGE_LOOP('',(#1104));
#3441=EDGE_LOOP('',(#1105));
#3442=EDGE_LOOP('',(#1106));
#3443=EDGE_LOOP('',(#1107));
#3444=EDGE_LOOP('',(#1108));
#3445=EDGE_LOOP('',(#1109));
#3446=EDGE_LOOP('',(#1110));
#3447=EDGE_LOOP('',(#1111));
#3448=EDGE_LOOP('',(#1112));
#3449=EDGE_LOOP('',(#1113));
#3450=EDGE_LOOP('',(#1114,#1115,#1116,#1117,#1118,#1119,#1120,#1121,#1122,
#1123,#1124,#1125));
#3451=EDGE_LOOP('',(#1126));
#3452=EDGE_LOOP('',(#1127));
#3453=EDGE_LOOP('',(#1128));
#3454=EDGE_LOOP('',(#1129));
#3455=EDGE_LOOP('',(#1130));
#3456=EDGE_LOOP('',(#1131));
#3457=EDGE_LOOP('',(#1132));
#3458=EDGE_LOOP('',(#1133));
#3459=EDGE_LOOP('',(#1134));
#3460=EDGE_LOOP('',(#1135));
#3461=EDGE_LOOP('',(#1136));
#3462=EDGE_LOOP('',(#1137));
#3463=EDGE_LOOP('',(#1138));
#3464=EDGE_LOOP('',(#1139));
#3465=EDGE_LOOP('',(#1140));
#3466=EDGE_LOOP('',(#1141));
#3467=EDGE_LOOP('',(#1142));
#3468=EDGE_LOOP('',(#1143));
#3469=EDGE_LOOP('',(#1144));
#3470=EDGE_LOOP('',(#1145));
#3471=EDGE_LOOP('',(#1146));
#3472=EDGE_LOOP('',(#1147));
#3473=EDGE_LOOP('',(#1148));
#3474=EDGE_LOOP('',(#1149));
#3475=EDGE_LOOP('',(#1150));
#3476=EDGE_LOOP('',(#1151));
#3477=EDGE_LOOP('',(#1152));
#3478=EDGE_LOOP('',(#1153));
#3479=EDGE_LOOP('',(#1154));
#3480=EDGE_LOOP('',(#1155));
#3481=EDGE_LOOP('',(#1156));
#3482=EDGE_LOOP('',(#1157));
#3483=EDGE_LOOP('',(#1158));
#3484=EDGE_LOOP('',(#1159));
#3485=EDGE_LOOP('',(#1160));
#3486=EDGE_LOOP('',(#1161));
#3487=EDGE_LOOP('',(#1162));
#3488=EDGE_LOOP('',(#1163));
#3489=EDGE_LOOP('',(#1164));
#3490=EDGE_LOOP('',(#1165));
#3491=EDGE_LOOP('',(#1166));
#3492=EDGE_LOOP('',(#1167));
#3493=EDGE_LOOP('',(#1168));
#3494=EDGE_LOOP('',(#1169));
#3495=EDGE_LOOP('',(#1170));
#3496=EDGE_LOOP('',(#1171));
#3497=EDGE_LOOP('',(#1172));
#3498=EDGE_LOOP('',(#1173));
#3499=EDGE_LOOP('',(#1174));
#3500=EDGE_LOOP('',(#1175));
#3501=EDGE_LOOP('',(#1176));
#3502=EDGE_LOOP('',(#1177));
#3503=EDGE_LOOP('',(#1178));
#3504=EDGE_LOOP('',(#1179));
#3505=EDGE_LOOP('',(#1180));
#3506=EDGE_LOOP('',(#1181));
#3507=EDGE_LOOP('',(#1182));
#3508=EDGE_LOOP('',(#1183));
#3509=EDGE_LOOP('',(#1184));
#3510=EDGE_LOOP('',(#1185));
#3511=EDGE_LOOP('',(#1186,#1187,#1188,#1189,#1190,#1191,#1192,#1193,#1194,
#1195,#1196,#1197));
#3512=EDGE_LOOP('',(#1198,#1199,#1200,#1201));
#3513=EDGE_LOOP('',(#1202,#1203,#1204));
#3514=EDGE_LOOP('',(#1205,#1206,#1207));
#3515=EDGE_LOOP('',(#1208,#1209,#1210,#1211));
#3516=EDGE_LOOP('',(#1212,#1213,#1214,#1215));
#3517=EDGE_LOOP('',(#1216,#1217,#1218,#1219));
#3518=EDGE_LOOP('',(#1220,#1221,#1222,#1223));
#3519=EDGE_LOOP('',(#1224,#1225,#1226,#1227));
#3520=EDGE_LOOP('',(#1228,#1229,#1230));
#3521=EDGE_LOOP('',(#1231,#1232,#1233));
#3522=EDGE_LOOP('',(#1234,#1235,#1236));
#3523=EDGE_LOOP('',(#1237,#1238,#1239));
#3524=EDGE_LOOP('',(#1240,#1241,#1242,#1243));
#3525=EDGE_LOOP('',(#1244,#1245,#1246,#1247));
#3526=EDGE_LOOP('',(#1248,#1249,#1250,#1251));
#3527=EDGE_LOOP('',(#1252,#1253,#1254,#1255));
#3528=EDGE_LOOP('',(#1256,#1257,#1258,#1259));
#3529=EDGE_LOOP('',(#1260,#1261,#1262,#1263));
#3530=EDGE_LOOP('',(#1264,#1265,#1266));
#3531=EDGE_LOOP('',(#1267,#1268,#1269));
#3532=EDGE_LOOP('',(#1270,#1271,#1272));
#3533=EDGE_LOOP('',(#1273,#1274,#1275));
#3534=EDGE_LOOP('',(#1276,#1277,#1278,#1279));
#3535=EDGE_LOOP('',(#1280,#1281,#1282,#1283));
#3536=EDGE_LOOP('',(#1284,#1285,#1286,#1287));
#3537=EDGE_LOOP('',(#1288,#1289,#1290,#1291));
#3538=EDGE_LOOP('',(#1292,#1293,#1294,#1295));
#3539=EDGE_LOOP('',(#1296,#1297,#1298,#1299));
#3540=EDGE_LOOP('',(#1300,#1301,#1302));
#3541=EDGE_LOOP('',(#1303,#1304,#1305));
#3542=EDGE_LOOP('',(#1306,#1307,#1308));
#3543=EDGE_LOOP('',(#1309,#1310,#1311));
#3544=EDGE_LOOP('',(#1312,#1313,#1314,#1315));
#3545=EDGE_LOOP('',(#1316,#1317,#1318,#1319));
#3546=EDGE_LOOP('',(#1320,#1321,#1322,#1323));
#3547=EDGE_LOOP('',(#1324,#1325,#1326,#1327));
#3548=EDGE_LOOP('',(#1328,#1329,#1330,#1331));
#3549=EDGE_LOOP('',(#1332,#1333,#1334,#1335));
#3550=EDGE_LOOP('',(#1336,#1337,#1338));
#3551=EDGE_LOOP('',(#1339,#1340,#1341));
#3552=EDGE_LOOP('',(#1342,#1343,#1344));
#3553=EDGE_LOOP('',(#1345,#1346,#1347));
#3554=EDGE_LOOP('',(#1348,#1349,#1350,#1351));
#3555=EDGE_LOOP('',(#1352,#1353,#1354,#1355));
#3556=EDGE_LOOP('',(#1356,#1357,#1358,#1359));
#3557=EDGE_LOOP('',(#1360,#1361,#1362,#1363));
#3558=EDGE_LOOP('',(#1364,#1365,#1366,#1367));
#3559=EDGE_LOOP('',(#1368,#1369,#1370,#1371));
#3560=EDGE_LOOP('',(#1372,#1373,#1374,#1375));
#3561=EDGE_LOOP('',(#1376,#1377,#1378));
#3562=EDGE_LOOP('',(#1379,#1380,#1381));
#3563=EDGE_LOOP('',(#1382,#1383,#1384));
#3564=EDGE_LOOP('',(#1385,#1386,#1387));
#3565=EDGE_LOOP('',(#1388,#1389,#1390,#1391));
#3566=EDGE_LOOP('',(#1392,#1393,#1394,#1395));
#3567=EDGE_LOOP('',(#1396,#1397,#1398,#1399));
#3568=EDGE_LOOP('',(#1400,#1401,#1402,#1403));
#3569=EDGE_LOOP('',(#1404,#1405,#1406));
#3570=EDGE_LOOP('',(#1407,#1408,#1409));
#3571=EDGE_LOOP('',(#1410,#1411,#1412,#1413));
#3572=EDGE_LOOP('',(#1414));
#3573=EDGE_LOOP('',(#1415));
#3574=EDGE_LOOP('',(#1416));
#3575=EDGE_LOOP('',(#1417));
#3576=EDGE_LOOP('',(#1418));
#3577=EDGE_LOOP('',(#1419));
#3578=EDGE_LOOP('',(#1420));
#3579=EDGE_LOOP('',(#1421));
#3580=EDGE_LOOP('',(#1422));
#3581=EDGE_LOOP('',(#1423));
#3582=EDGE_LOOP('',(#1424));
#3583=EDGE_LOOP('',(#1425));
#3584=EDGE_LOOP('',(#1426));
#3585=EDGE_LOOP('',(#1427));
#3586=EDGE_LOOP('',(#1428));
#3587=EDGE_LOOP('',(#1429));
#3588=EDGE_LOOP('',(#1430));
#3589=EDGE_LOOP('',(#1431));
#3590=EDGE_LOOP('',(#1432));
#3591=EDGE_LOOP('',(#1433));
#3592=EDGE_LOOP('',(#1434));
#3593=EDGE_LOOP('',(#1435));
#3594=EDGE_LOOP('',(#1436));
#3595=EDGE_LOOP('',(#1437));
#3596=EDGE_LOOP('',(#1438));
#3597=EDGE_LOOP('',(#1439));
#3598=EDGE_LOOP('',(#1440));
#3599=EDGE_LOOP('',(#1441));
#3600=EDGE_LOOP('',(#1442));
#3601=EDGE_LOOP('',(#1443));
#3602=EDGE_LOOP('',(#1444));
#3603=EDGE_LOOP('',(#1445));
#3604=EDGE_LOOP('',(#1446));
#3605=EDGE_LOOP('',(#1447));
#3606=EDGE_LOOP('',(#1448));
#3607=EDGE_LOOP('',(#1449));
#3608=EDGE_LOOP('',(#1450));
#3609=EDGE_LOOP('',(#1451));
#3610=EDGE_LOOP('',(#1452));
#3611=EDGE_LOOP('',(#1453));
#3612=EDGE_LOOP('',(#1454));
#3613=EDGE_LOOP('',(#1455));
#3614=EDGE_LOOP('',(#1456));
#3615=EDGE_LOOP('',(#1457));
#3616=EDGE_LOOP('',(#1458));
#3617=EDGE_LOOP('',(#1459));
#3618=EDGE_LOOP('',(#1460));
#3619=EDGE_LOOP('',(#1461));
#3620=EDGE_LOOP('',(#1462));
#3621=EDGE_LOOP('',(#1463));
#3622=EDGE_LOOP('',(#1464));
#3623=EDGE_LOOP('',(#1465));
#3624=EDGE_LOOP('',(#1466));
#3625=EDGE_LOOP('',(#1467));
#3626=EDGE_LOOP('',(#1468));
#3627=EDGE_LOOP('',(#1469));
#3628=EDGE_LOOP('',(#1470));
#3629=EDGE_LOOP('',(#1471));
#3630=EDGE_LOOP('',(#1472));
#3631=EDGE_LOOP('',(#1473));
#3632=EDGE_LOOP('',(#1474));
#3633=EDGE_LOOP('',(#1475));
#3634=EDGE_LOOP('',(#1476));
#3635=EDGE_LOOP('',(#1477));
#3636=EDGE_LOOP('',(#1478));
#3637=EDGE_LOOP('',(#1479));
#3638=EDGE_LOOP('',(#1480));
#3639=EDGE_LOOP('',(#1481));
#3640=EDGE_LOOP('',(#1482));
#3641=EDGE_LOOP('',(#1483));
#3642=EDGE_LOOP('',(#1484));
#3643=EDGE_LOOP('',(#1485));
#3644=EDGE_LOOP('',(#1486));
#3645=EDGE_LOOP('',(#1487));
#3646=EDGE_LOOP('',(#1488));
#3647=EDGE_LOOP('',(#1489));
#3648=EDGE_LOOP('',(#1490));
#3649=EDGE_LOOP('',(#1491));
#3650=EDGE_LOOP('',(#1492));
#3651=EDGE_LOOP('',(#1493));
#3652=EDGE_LOOP('',(#1494));
#3653=EDGE_LOOP('',(#1495));
#3654=EDGE_LOOP('',(#1496));
#3655=EDGE_LOOP('',(#1497));
#3656=EDGE_LOOP('',(#1498));
#3657=EDGE_LOOP('',(#1499));
#3658=EDGE_LOOP('',(#1500));
#3659=EDGE_LOOP('',(#1501));
#3660=EDGE_LOOP('',(#1502));
#3661=EDGE_LOOP('',(#1503));
#3662=EDGE_LOOP('',(#1504));
#3663=EDGE_LOOP('',(#1505));
#3664=EDGE_LOOP('',(#1506));
#3665=EDGE_LOOP('',(#1507));
#3666=EDGE_LOOP('',(#1508));
#3667=EDGE_LOOP('',(#1509));
#3668=EDGE_LOOP('',(#1510));
#3669=EDGE_LOOP('',(#1511));
#3670=EDGE_LOOP('',(#1512));
#3671=EDGE_LOOP('',(#1513));
#3672=EDGE_LOOP('',(#1514));
#3673=EDGE_LOOP('',(#1515));
#3674=EDGE_LOOP('',(#1516));
#3675=EDGE_LOOP('',(#1517));
#3676=EDGE_LOOP('',(#1518));
#3677=EDGE_LOOP('',(#1519));
#3678=EDGE_LOOP('',(#1520));
#3679=EDGE_LOOP('',(#1521));
#3680=EDGE_LOOP('',(#1522));
#3681=EDGE_LOOP('',(#1523));
#3682=EDGE_LOOP('',(#1524));
#3683=EDGE_LOOP('',(#1525));
#3684=EDGE_LOOP('',(#1526));
#3685=EDGE_LOOP('',(#1527));
#3686=EDGE_LOOP('',(#1528));
#3687=EDGE_LOOP('',(#1529));
#3688=EDGE_LOOP('',(#1530));
#3689=EDGE_LOOP('',(#1531));
#3690=EDGE_LOOP('',(#1532));
#3691=EDGE_LOOP('',(#1533));
#3692=EDGE_LOOP('',(#1534));
#3693=EDGE_LOOP('',(#1535));
#3694=EDGE_LOOP('',(#1536));
#3695=EDGE_LOOP('',(#1537));
#3696=EDGE_LOOP('',(#1538));
#3697=EDGE_LOOP('',(#1539));
#3698=EDGE_LOOP('',(#1540));
#3699=EDGE_LOOP('',(#1541));
#3700=EDGE_LOOP('',(#1542));
#3701=EDGE_LOOP('',(#1543));
#3702=EDGE_LOOP('',(#1544));
#3703=EDGE_LOOP('',(#1545));
#3704=EDGE_LOOP('',(#1546));
#3705=EDGE_LOOP('',(#1547));
#3706=EDGE_LOOP('',(#1548));
#3707=EDGE_LOOP('',(#1549));
#3708=EDGE_LOOP('',(#1550));
#3709=EDGE_LOOP('',(#1551));
#3710=EDGE_LOOP('',(#1552));
#3711=EDGE_LOOP('',(#1553));
#3712=EDGE_LOOP('',(#1554));
#3713=EDGE_LOOP('',(#1555));
#3714=EDGE_LOOP('',(#1556));
#3715=EDGE_LOOP('',(#1557));
#3716=EDGE_LOOP('',(#1558));
#3717=EDGE_LOOP('',(#1559));
#3718=EDGE_LOOP('',(#1560));
#3719=EDGE_LOOP('',(#1561));
#3720=EDGE_LOOP('',(#1562));
#3721=EDGE_LOOP('',(#1563));
#3722=EDGE_LOOP('',(#1564));
#3723=EDGE_LOOP('',(#1565));
#3724=EDGE_LOOP('',(#1566));
#3725=EDGE_LOOP('',(#1567));
#3726=EDGE_LOOP('',(#1568));
#3727=EDGE_LOOP('',(#1569));
#3728=EDGE_LOOP('',(#1570));
#3729=EDGE_LOOP('',(#1571));
#3730=EDGE_LOOP('',(#1572));
#3731=EDGE_LOOP('',(#1573));
#3732=EDGE_LOOP('',(#1574));
#3733=EDGE_LOOP('',(#1575));
#3734=EDGE_LOOP('',(#1576));
#3735=EDGE_LOOP('',(#1577));
#3736=EDGE_LOOP('',(#1578));
#3737=EDGE_LOOP('',(#1579));
#3738=EDGE_LOOP('',(#1580));
#3739=EDGE_LOOP('',(#1581));
#3740=EDGE_LOOP('',(#1582));
#3741=EDGE_LOOP('',(#1583));
#3742=EDGE_LOOP('',(#1584));
#3743=EDGE_LOOP('',(#1585));
#3744=EDGE_LOOP('',(#1586));
#3745=EDGE_LOOP('',(#1587));
#3746=EDGE_LOOP('',(#1588));
#3747=EDGE_LOOP('',(#1589));
#3748=EDGE_LOOP('',(#1590));
#3749=EDGE_LOOP('',(#1591));
#3750=EDGE_LOOP('',(#1592));
#3751=EDGE_LOOP('',(#1593));
#3752=EDGE_LOOP('',(#1594));
#3753=EDGE_LOOP('',(#1595));
#3754=EDGE_LOOP('',(#1596));
#3755=EDGE_LOOP('',(#1597));
#3756=EDGE_LOOP('',(#1598));
#3757=EDGE_LOOP('',(#1599));
#3758=EDGE_LOOP('',(#1600));
#3759=EDGE_LOOP('',(#1601));
#3760=EDGE_LOOP('',(#1602));
#3761=EDGE_LOOP('',(#1603));
#3762=EDGE_LOOP('',(#1604));
#3763=EDGE_LOOP('',(#1605));
#3764=EDGE_LOOP('',(#1606));
#3765=EDGE_LOOP('',(#1607));
#3766=EDGE_LOOP('',(#1608));
#3767=EDGE_LOOP('',(#1609));
#3768=EDGE_LOOP('',(#1610));
#3769=EDGE_LOOP('',(#1611));
#3770=EDGE_LOOP('',(#1612));
#3771=EDGE_LOOP('',(#1613));
#3772=EDGE_LOOP('',(#1614));
#3773=EDGE_LOOP('',(#1615));
#3774=EDGE_LOOP('',(#1616));
#3775=EDGE_LOOP('',(#1617));
#3776=EDGE_LOOP('',(#1618));
#3777=EDGE_LOOP('',(#1619));
#3778=EDGE_LOOP('',(#1620));
#3779=EDGE_LOOP('',(#1621));
#3780=EDGE_LOOP('',(#1622));
#3781=EDGE_LOOP('',(#1623));
#3782=EDGE_LOOP('',(#1624));
#3783=EDGE_LOOP('',(#1625));
#3784=EDGE_LOOP('',(#1626));
#3785=EDGE_LOOP('',(#1627));
#3786=EDGE_LOOP('',(#1628));
#3787=EDGE_LOOP('',(#1629));
#3788=EDGE_LOOP('',(#1630));
#3789=EDGE_LOOP('',(#1631));
#3790=EDGE_LOOP('',(#1632));
#3791=EDGE_LOOP('',(#1633));
#3792=EDGE_LOOP('',(#1634));
#3793=EDGE_LOOP('',(#1635));
#3794=EDGE_LOOP('',(#1636));
#3795=EDGE_LOOP('',(#1637));
#3796=EDGE_LOOP('',(#1638));
#3797=EDGE_LOOP('',(#1639));
#3798=EDGE_LOOP('',(#1640));
#3799=EDGE_LOOP('',(#1641));
#3800=EDGE_LOOP('',(#1642));
#3801=EDGE_LOOP('',(#1643));
#3802=EDGE_LOOP('',(#1644));
#3803=EDGE_LOOP('',(#1645));
#3804=EDGE_LOOP('',(#1646));
#3805=EDGE_LOOP('',(#1647));
#3806=EDGE_LOOP('',(#1648));
#3807=EDGE_LOOP('',(#1649));
#3808=EDGE_LOOP('',(#1650));
#3809=EDGE_LOOP('',(#1651));
#3810=EDGE_LOOP('',(#1652));
#3811=EDGE_LOOP('',(#1653));
#3812=EDGE_LOOP('',(#1654));
#3813=EDGE_LOOP('',(#1655));
#3814=EDGE_LOOP('',(#1656));
#3815=EDGE_LOOP('',(#1657));
#3816=EDGE_LOOP('',(#1658));
#3817=EDGE_LOOP('',(#1659));
#3818=EDGE_LOOP('',(#1660));
#3819=EDGE_LOOP('',(#1661));
#3820=EDGE_LOOP('',(#1662));
#3821=EDGE_LOOP('',(#1663));
#3822=EDGE_LOOP('',(#1664));
#3823=EDGE_LOOP('',(#1665));
#3824=EDGE_LOOP('',(#1666));
#3825=EDGE_LOOP('',(#1667));
#3826=EDGE_LOOP('',(#1668));
#3827=EDGE_LOOP('',(#1669));
#3828=EDGE_LOOP('',(#1670));
#3829=EDGE_LOOP('',(#1671));
#3830=EDGE_LOOP('',(#1672));
#3831=EDGE_LOOP('',(#1673));
#3832=EDGE_LOOP('',(#1674));
#3833=EDGE_LOOP('',(#1675));
#3834=EDGE_LOOP('',(#1676));
#3835=EDGE_LOOP('',(#1677));
#3836=EDGE_LOOP('',(#1678));
#3837=EDGE_LOOP('',(#1679));
#3838=EDGE_LOOP('',(#1680));
#3839=EDGE_LOOP('',(#1681));
#3840=EDGE_LOOP('',(#1682));
#3841=EDGE_LOOP('',(#1683));
#3842=EDGE_LOOP('',(#1684));
#3843=EDGE_LOOP('',(#1685));
#3844=EDGE_LOOP('',(#1686));
#3845=EDGE_LOOP('',(#1687));
#3846=EDGE_LOOP('',(#1688));
#3847=EDGE_LOOP('',(#1689));
#3848=EDGE_LOOP('',(#1690));
#3849=EDGE_LOOP('',(#1691));
#3850=EDGE_LOOP('',(#1692));
#3851=EDGE_LOOP('',(#1693));
#3852=EDGE_LOOP('',(#1694));
#3853=EDGE_LOOP('',(#1695));
#3854=EDGE_LOOP('',(#1696));
#3855=EDGE_LOOP('',(#1697));
#3856=EDGE_LOOP('',(#1698));
#3857=EDGE_LOOP('',(#1699));
#3858=EDGE_LOOP('',(#1700));
#3859=EDGE_LOOP('',(#1701));
#3860=EDGE_LOOP('',(#1702));
#3861=EDGE_LOOP('',(#1703));
#3862=EDGE_LOOP('',(#1704));
#3863=EDGE_LOOP('',(#1705));
#3864=EDGE_LOOP('',(#1706));
#3865=EDGE_LOOP('',(#1707));
#3866=EDGE_LOOP('',(#1708));
#3867=EDGE_LOOP('',(#1709));
#3868=EDGE_LOOP('',(#1710));
#3869=EDGE_LOOP('',(#1711));
#3870=EDGE_LOOP('',(#1712));
#3871=EDGE_LOOP('',(#1713));
#3872=EDGE_LOOP('',(#1714));
#3873=EDGE_LOOP('',(#1715));
#3874=EDGE_LOOP('',(#1716));
#3875=EDGE_LOOP('',(#1717));
#3876=EDGE_LOOP('',(#1718));
#3877=EDGE_LOOP('',(#1719));
#3878=EDGE_LOOP('',(#1720));
#3879=EDGE_LOOP('',(#1721));
#3880=EDGE_LOOP('',(#1722));
#3881=EDGE_LOOP('',(#1723));
#3882=EDGE_LOOP('',(#1724));
#3883=EDGE_LOOP('',(#1725));
#3884=EDGE_LOOP('',(#1726));
#3885=VERTEX_POINT('',#10004);
#3886=VERTEX_POINT('',#10006);
#3887=VERTEX_POINT('',#10008);
#3888=VERTEX_POINT('',#10010);
#3889=VERTEX_POINT('',#10012);
#3890=VERTEX_POINT('',#10014);
#3891=VERTEX_POINT('',#10016);
#3892=VERTEX_POINT('',#10018);
#3893=VERTEX_POINT('',#10021);
#3894=VERTEX_POINT('',#10024);
#3895=VERTEX_POINT('',#10027);
#3896=VERTEX_POINT('',#10030);
#3897=VERTEX_POINT('',#10032);
#3898=VERTEX_POINT('',#10034);
#3899=VERTEX_POINT('',#10036);
#3900=VERTEX_POINT('',#10038);
#3901=VERTEX_POINT('',#10040);
#3902=VERTEX_POINT('',#10042);
#3903=VERTEX_POINT('',#10044);
#3904=VERTEX_POINT('',#10046);
#3905=VERTEX_POINT('',#10048);
#3906=VERTEX_POINT('',#10050);
#3907=VERTEX_POINT('',#10052);
#3908=VERTEX_POINT('',#10054);
#3909=VERTEX_POINT('',#10057);
#3910=VERTEX_POINT('',#10060);
#3911=VERTEX_POINT('',#10063);
#3912=VERTEX_POINT('',#10066);
#3913=VERTEX_POINT('',#10069);
#3914=VERTEX_POINT('',#10072);
#3915=VERTEX_POINT('',#10075);
#3916=VERTEX_POINT('',#10077);
#3917=VERTEX_POINT('',#10079);
#3918=VERTEX_POINT('',#10081);
#3919=VERTEX_POINT('',#10083);
#3920=VERTEX_POINT('',#10085);
#3921=VERTEX_POINT('',#10087);
#3922=VERTEX_POINT('',#10089);
#3923=VERTEX_POINT('',#10091);
#3924=VERTEX_POINT('',#10093);
#3925=VERTEX_POINT('',#10095);
#3926=VERTEX_POINT('',#10097);
#3927=VERTEX_POINT('',#10099);
#3928=VERTEX_POINT('',#10101);
#3929=VERTEX_POINT('',#10104);
#3930=VERTEX_POINT('',#10107);
#3931=VERTEX_POINT('',#10110);
#3932=VERTEX_POINT('',#10113);
#3933=VERTEX_POINT('',#10116);
#3934=VERTEX_POINT('',#10119);
#3935=VERTEX_POINT('',#10122);
#3936=VERTEX_POINT('',#10125);
#3937=VERTEX_POINT('',#10128);
#3938=VERTEX_POINT('',#10130);
#3939=VERTEX_POINT('',#10133);
#3940=VERTEX_POINT('',#10135);
#3941=VERTEX_POINT('',#10138);
#3942=VERTEX_POINT('',#10140);
#3943=VERTEX_POINT('',#10142);
#3944=VERTEX_POINT('',#10144);
#3945=VERTEX_POINT('',#10146);
#3946=VERTEX_POINT('',#10148);
#3947=VERTEX_POINT('',#10150);
#3948=VERTEX_POINT('',#10152);
#3949=VERTEX_POINT('',#10154);
#3950=VERTEX_POINT('',#10156);
#3951=VERTEX_POINT('',#10158);
#3952=VERTEX_POINT('',#10160);
#3953=VERTEX_POINT('',#10162);
#3954=VERTEX_POINT('',#10165);
#3955=VERTEX_POINT('',#10168);
#3956=VERTEX_POINT('',#10171);
#3957=VERTEX_POINT('',#10174);
#3958=VERTEX_POINT('',#10177);
#3959=VERTEX_POINT('',#10180);
#3960=VERTEX_POINT('',#10183);
#3961=VERTEX_POINT('',#10186);
#3962=VERTEX_POINT('',#10188);
#3963=VERTEX_POINT('',#10191);
#3964=VERTEX_POINT('',#10193);
#3965=VERTEX_POINT('',#10195);
#3966=VERTEX_POINT('',#10197);
#3967=VERTEX_POINT('',#10199);
#3968=VERTEX_POINT('',#10201);
#3969=VERTEX_POINT('',#10203);
#3970=VERTEX_POINT('',#10205);
#3971=VERTEX_POINT('',#10207);
#3972=VERTEX_POINT('',#10209);
#3973=VERTEX_POINT('',#10211);
#3974=VERTEX_POINT('',#10213);
#3975=VERTEX_POINT('',#10215);
#3976=VERTEX_POINT('',#10218);
#3977=VERTEX_POINT('',#10221);
#3978=VERTEX_POINT('',#10224);
#3979=VERTEX_POINT('',#10227);
#3980=VERTEX_POINT('',#10230);
#3981=VERTEX_POINT('',#10233);
#3982=VERTEX_POINT('',#10236);
#3983=VERTEX_POINT('',#10239);
#3984=VERTEX_POINT('',#10241);
#3985=VERTEX_POINT('',#10243);
#3986=VERTEX_POINT('',#10245);
#3987=VERTEX_POINT('',#10247);
#3988=VERTEX_POINT('',#10249);
#3989=VERTEX_POINT('',#10251);
#3990=VERTEX_POINT('',#10253);
#3991=VERTEX_POINT('',#10255);
#3992=VERTEX_POINT('',#10257);
#3993=VERTEX_POINT('',#10259);
#3994=VERTEX_POINT('',#10261);
#3995=VERTEX_POINT('',#10263);
#3996=VERTEX_POINT('',#10265);
#3997=VERTEX_POINT('',#10267);
#3998=VERTEX_POINT('',#10269);
#3999=VERTEX_POINT('',#10271);
#4000=VERTEX_POINT('',#10273);
#4001=VERTEX_POINT('',#10276);
#4002=VERTEX_POINT('',#10279);
#4003=VERTEX_POINT('',#10282);
#4004=VERTEX_POINT('',#10285);
#4005=VERTEX_POINT('',#10288);
#4006=VERTEX_POINT('',#10291);
#4007=VERTEX_POINT('',#10294);
#4008=VERTEX_POINT('',#10297);
#4009=VERTEX_POINT('',#10346);
#4010=VERTEX_POINT('',#10348);
#4011=VERTEX_POINT('',#10351);
#4012=VERTEX_POINT('',#10354);
#4013=VERTEX_POINT('',#10356);
#4014=VERTEX_POINT('',#10358);
#4015=VERTEX_POINT('',#10360);
#4016=VERTEX_POINT('',#10362);
#4017=VERTEX_POINT('',#10364);
#4018=VERTEX_POINT('',#10366);
#4019=VERTEX_POINT('',#10368);
#4020=VERTEX_POINT('',#10370);
#4021=VERTEX_POINT('',#10372);
#4022=VERTEX_POINT('',#10374);
#4023=VERTEX_POINT('',#10376);
#4024=VERTEX_POINT('',#10378);
#4025=VERTEX_POINT('',#10380);
#4026=VERTEX_POINT('',#10382);
#4027=VERTEX_POINT('',#10384);
#4028=VERTEX_POINT('',#10386);
#4029=VERTEX_POINT('',#10389);
#4030=VERTEX_POINT('',#10392);
#4031=VERTEX_POINT('',#10395);
#4032=VERTEX_POINT('',#10398);
#4033=VERTEX_POINT('',#10401);
#4034=VERTEX_POINT('',#10404);
#4035=VERTEX_POINT('',#10407);
#4036=VERTEX_POINT('',#10410);
#4037=VERTEX_POINT('',#10459);
#4038=VERTEX_POINT('',#10461);
#4039=VERTEX_POINT('',#10464);
#4040=VERTEX_POINT('',#10467);
#4041=VERTEX_POINT('',#10469);
#4042=VERTEX_POINT('',#10471);
#4043=VERTEX_POINT('',#10473);
#4044=VERTEX_POINT('',#10475);
#4045=VERTEX_POINT('',#10477);
#4046=VERTEX_POINT('',#10479);
#4047=VERTEX_POINT('',#10481);
#4048=VERTEX_POINT('',#10483);
#4049=VERTEX_POINT('',#10485);
#4050=VERTEX_POINT('',#10487);
#4051=VERTEX_POINT('',#10489);
#4052=VERTEX_POINT('',#10491);
#4053=VERTEX_POINT('',#10493);
#4054=VERTEX_POINT('',#10495);
#4055=VERTEX_POINT('',#10497);
#4056=VERTEX_POINT('',#10499);
#4057=VERTEX_POINT('',#10502);
#4058=VERTEX_POINT('',#10505);
#4059=VERTEX_POINT('',#10508);
#4060=VERTEX_POINT('',#10511);
#4061=VERTEX_POINT('',#10514);
#4062=VERTEX_POINT('',#10517);
#4063=VERTEX_POINT('',#10520);
#4064=VERTEX_POINT('',#10523);
#4065=VERTEX_POINT('',#10572);
#4066=VERTEX_POINT('',#10574);
#4067=VERTEX_POINT('',#10577);
#4068=VERTEX_POINT('',#10580);
#4069=VERTEX_POINT('',#10582);
#4070=VERTEX_POINT('',#10584);
#4071=VERTEX_POINT('',#10586);
#4072=VERTEX_POINT('',#10588);
#4073=VERTEX_POINT('',#10590);
#4074=VERTEX_POINT('',#10592);
#4075=VERTEX_POINT('',#10594);
#4076=VERTEX_POINT('',#10596);
#4077=VERTEX_POINT('',#10598);
#4078=VERTEX_POINT('',#10600);
#4079=VERTEX_POINT('',#10602);
#4080=VERTEX_POINT('',#10604);
#4081=VERTEX_POINT('',#10606);
#4082=VERTEX_POINT('',#10608);
#4083=VERTEX_POINT('',#10610);
#4084=VERTEX_POINT('',#10612);
#4085=VERTEX_POINT('',#10615);
#4086=VERTEX_POINT('',#10618);
#4087=VERTEX_POINT('',#10621);
#4088=VERTEX_POINT('',#10624);
#4089=VERTEX_POINT('',#10627);
#4090=VERTEX_POINT('',#10630);
#4091=VERTEX_POINT('',#10633);
#4092=VERTEX_POINT('',#10636);
#4093=VERTEX_POINT('',#10685);
#4094=VERTEX_POINT('',#10687);
#4095=VERTEX_POINT('',#10690);
#4096=VERTEX_POINT('',#10693);
#4097=VERTEX_POINT('',#10695);
#4098=VERTEX_POINT('',#10697);
#4099=VERTEX_POINT('',#10699);
#4100=VERTEX_POINT('',#10701);
#4101=VERTEX_POINT('',#10703);
#4102=VERTEX_POINT('',#10705);
#4103=VERTEX_POINT('',#10707);
#4104=VERTEX_POINT('',#10709);
#4105=VERTEX_POINT('',#10711);
#4106=VERTEX_POINT('',#10713);
#4107=VERTEX_POINT('',#10715);
#4108=VERTEX_POINT('',#10717);
#4109=VERTEX_POINT('',#10719);
#4110=VERTEX_POINT('',#10721);
#4111=VERTEX_POINT('',#10723);
#4112=VERTEX_POINT('',#10725);
#4113=VERTEX_POINT('',#10728);
#4114=VERTEX_POINT('',#10731);
#4115=VERTEX_POINT('',#10734);
#4116=VERTEX_POINT('',#10737);
#4117=VERTEX_POINT('',#10740);
#4118=VERTEX_POINT('',#10743);
#4119=VERTEX_POINT('',#10746);
#4120=VERTEX_POINT('',#10749);
#4121=VERTEX_POINT('',#10798);
#4122=VERTEX_POINT('',#10800);
#4123=VERTEX_POINT('',#10803);
#4124=VERTEX_POINT('',#10806);
#4125=VERTEX_POINT('',#10808);
#4126=VERTEX_POINT('',#10810);
#4127=VERTEX_POINT('',#10812);
#4128=VERTEX_POINT('',#10814);
#4129=VERTEX_POINT('',#10816);
#4130=VERTEX_POINT('',#10818);
#4131=VERTEX_POINT('',#10820);
#4132=VERTEX_POINT('',#10822);
#4133=VERTEX_POINT('',#10824);
#4134=VERTEX_POINT('',#10826);
#4135=VERTEX_POINT('',#10828);
#4136=VERTEX_POINT('',#10830);
#4137=VERTEX_POINT('',#10832);
#4138=VERTEX_POINT('',#10834);
#4139=VERTEX_POINT('',#10836);
#4140=VERTEX_POINT('',#10838);
#4141=VERTEX_POINT('',#10841);
#4142=VERTEX_POINT('',#10844);
#4143=VERTEX_POINT('',#10847);
#4144=VERTEX_POINT('',#10850);
#4145=VERTEX_POINT('',#10853);
#4146=VERTEX_POINT('',#10856);
#4147=VERTEX_POINT('',#10859);
#4148=VERTEX_POINT('',#10862);
#4149=VERTEX_POINT('',#10911);
#4150=VERTEX_POINT('',#10913);
#4151=VERTEX_POINT('',#10916);
#4152=VERTEX_POINT('',#10919);
#4153=VERTEX_POINT('',#10921);
#4154=VERTEX_POINT('',#10923);
#4155=VERTEX_POINT('',#10925);
#4156=VERTEX_POINT('',#10927);
#4157=VERTEX_POINT('',#10929);
#4158=VERTEX_POINT('',#10931);
#4159=VERTEX_POINT('',#10933);
#4160=VERTEX_POINT('',#10935);
#4161=VERTEX_POINT('',#10937);
#4162=VERTEX_POINT('',#10939);
#4163=VERTEX_POINT('',#10941);
#4164=VERTEX_POINT('',#10943);
#4165=VERTEX_POINT('',#10945);
#4166=VERTEX_POINT('',#10947);
#4167=VERTEX_POINT('',#10949);
#4168=VERTEX_POINT('',#10951);
#4169=VERTEX_POINT('',#10954);
#4170=VERTEX_POINT('',#10957);
#4171=VERTEX_POINT('',#10960);
#4172=VERTEX_POINT('',#10963);
#4173=VERTEX_POINT('',#10966);
#4174=VERTEX_POINT('',#10969);
#4175=VERTEX_POINT('',#10972);
#4176=VERTEX_POINT('',#10975);
#4177=VERTEX_POINT('',#11024);
#4178=VERTEX_POINT('',#11026);
#4179=VERTEX_POINT('',#11029);
#4180=VERTEX_POINT('',#11032);
#4181=VERTEX_POINT('',#11034);
#4182=VERTEX_POINT('',#11036);
#4183=VERTEX_POINT('',#11038);
#4184=VERTEX_POINT('',#11040);
#4185=VERTEX_POINT('',#11042);
#4186=VERTEX_POINT('',#11044);
#4187=VERTEX_POINT('',#11046);
#4188=VERTEX_POINT('',#11048);
#4189=VERTEX_POINT('',#11050);
#4190=VERTEX_POINT('',#11052);
#4191=VERTEX_POINT('',#11054);
#4192=VERTEX_POINT('',#11056);
#4193=VERTEX_POINT('',#11058);
#4194=VERTEX_POINT('',#11060);
#4195=VERTEX_POINT('',#11062);
#4196=VERTEX_POINT('',#11064);
#4197=VERTEX_POINT('',#11067);
#4198=VERTEX_POINT('',#11070);
#4199=VERTEX_POINT('',#11073);
#4200=VERTEX_POINT('',#11076);
#4201=VERTEX_POINT('',#11079);
#4202=VERTEX_POINT('',#11082);
#4203=VERTEX_POINT('',#11085);
#4204=VERTEX_POINT('',#11088);
#4205=VERTEX_POINT('',#11137);
#4206=VERTEX_POINT('',#11139);
#4207=VERTEX_POINT('',#11142);
#4208=VERTEX_POINT('',#11145);
#4209=VERTEX_POINT('',#11147);
#4210=VERTEX_POINT('',#11149);
#4211=VERTEX_POINT('',#11151);
#4212=VERTEX_POINT('',#11153);
#4213=VERTEX_POINT('',#11155);
#4214=VERTEX_POINT('',#11157);
#4215=VERTEX_POINT('',#11159);
#4216=VERTEX_POINT('',#11161);
#4217=VERTEX_POINT('',#11163);
#4218=VERTEX_POINT('',#11165);
#4219=VERTEX_POINT('',#11167);
#4220=VERTEX_POINT('',#11169);
#4221=VERTEX_POINT('',#11171);
#4222=VERTEX_POINT('',#11173);
#4223=VERTEX_POINT('',#11175);
#4224=VERTEX_POINT('',#11177);
#4225=VERTEX_POINT('',#11180);
#4226=VERTEX_POINT('',#11183);
#4227=VERTEX_POINT('',#11186);
#4228=VERTEX_POINT('',#11189);
#4229=VERTEX_POINT('',#11192);
#4230=VERTEX_POINT('',#11195);
#4231=VERTEX_POINT('',#11198);
#4232=VERTEX_POINT('',#11201);
#4233=VERTEX_POINT('',#11250);
#4234=VERTEX_POINT('',#11252);
#4235=VERTEX_POINT('',#11255);
#4236=VERTEX_POINT('',#11258);
#4237=VERTEX_POINT('',#11260);
#4238=VERTEX_POINT('',#11262);
#4239=VERTEX_POINT('',#11264);
#4240=VERTEX_POINT('',#11266);
#4241=VERTEX_POINT('',#11268);
#4242=VERTEX_POINT('',#11270);
#4243=VERTEX_POINT('',#11272);
#4244=VERTEX_POINT('',#11274);
#4245=VERTEX_POINT('',#11276);
#4246=VERTEX_POINT('',#11278);
#4247=VERTEX_POINT('',#11280);
#4248=VERTEX_POINT('',#11282);
#4249=VERTEX_POINT('',#11284);
#4250=VERTEX_POINT('',#11286);
#4251=VERTEX_POINT('',#11288);
#4252=VERTEX_POINT('',#11290);
#4253=VERTEX_POINT('',#11293);
#4254=VERTEX_POINT('',#11296);
#4255=VERTEX_POINT('',#11299);
#4256=VERTEX_POINT('',#11302);
#4257=VERTEX_POINT('',#11305);
#4258=VERTEX_POINT('',#11308);
#4259=VERTEX_POINT('',#11311);
#4260=VERTEX_POINT('',#11314);
#4261=VERTEX_POINT('',#11363);
#4262=VERTEX_POINT('',#11365);
#4263=VERTEX_POINT('',#11368);
#4264=VERTEX_POINT('',#11371);
#4265=VERTEX_POINT('',#11373);
#4266=VERTEX_POINT('',#11375);
#4267=VERTEX_POINT('',#11377);
#4268=VERTEX_POINT('',#11379);
#4269=VERTEX_POINT('',#11381);
#4270=VERTEX_POINT('',#11383);
#4271=VERTEX_POINT('',#11385);
#4272=VERTEX_POINT('',#11387);
#4273=VERTEX_POINT('',#11389);
#4274=VERTEX_POINT('',#11391);
#4275=VERTEX_POINT('',#11393);
#4276=VERTEX_POINT('',#11395);
#4277=VERTEX_POINT('',#11397);
#4278=VERTEX_POINT('',#11399);
#4279=VERTEX_POINT('',#11401);
#4280=VERTEX_POINT('',#11403);
#4281=VERTEX_POINT('',#11406);
#4282=VERTEX_POINT('',#11409);
#4283=VERTEX_POINT('',#11412);
#4284=VERTEX_POINT('',#11415);
#4285=VERTEX_POINT('',#11418);
#4286=VERTEX_POINT('',#11421);
#4287=VERTEX_POINT('',#11424);
#4288=VERTEX_POINT('',#11427);
#4289=VERTEX_POINT('',#11476);
#4290=VERTEX_POINT('',#11478);
#4291=VERTEX_POINT('',#11481);
#4292=VERTEX_POINT('',#11484);
#4293=VERTEX_POINT('',#11487);
#4294=VERTEX_POINT('',#11489);
#4295=VERTEX_POINT('',#11492);
#4296=VERTEX_POINT('',#11493);
#4297=VERTEX_POINT('',#11495);
#4298=VERTEX_POINT('',#11497);
#4299=VERTEX_POINT('',#11501);
#4300=VERTEX_POINT('',#11502);
#4301=VERTEX_POINT('',#11504);
#4302=VERTEX_POINT('',#11506);
#4303=VERTEX_POINT('',#11510);
#4304=VERTEX_POINT('',#11511);
#4305=VERTEX_POINT('',#11513);
#4306=VERTEX_POINT('',#11515);
#4307=VERTEX_POINT('',#11519);
#4308=VERTEX_POINT('',#11520);
#4309=VERTEX_POINT('',#11522);
#4310=VERTEX_POINT('',#11524);
#4311=VERTEX_POINT('',#11528);
#4312=VERTEX_POINT('',#11529);
#4313=VERTEX_POINT('',#11531);
#4314=VERTEX_POINT('',#11533);
#4315=VERTEX_POINT('',#11537);
#4316=VERTEX_POINT('',#11538);
#4317=VERTEX_POINT('',#11540);
#4318=VERTEX_POINT('',#11542);
#4319=VERTEX_POINT('',#11546);
#4320=VERTEX_POINT('',#11547);
#4321=VERTEX_POINT('',#11549);
#4322=VERTEX_POINT('',#11551);
#4323=VERTEX_POINT('',#11555);
#4324=VERTEX_POINT('',#11557);
#4325=VERTEX_POINT('',#11559);
#4326=VERTEX_POINT('',#11561);
#4327=VERTEX_POINT('',#11563);
#4328=VERTEX_POINT('',#11565);
#4329=VERTEX_POINT('',#11567);
#4330=VERTEX_POINT('',#11569);
#4331=VERTEX_POINT('',#11571);
#4332=VERTEX_POINT('',#11573);
#4333=VERTEX_POINT('',#11574);
#4334=VERTEX_POINT('',#11576);
#4335=VERTEX_POINT('',#11578);
#4336=VERTEX_POINT('',#11582);
#4337=VERTEX_POINT('',#11583);
#4338=VERTEX_POINT('',#11585);
#4339=VERTEX_POINT('',#11587);
#4340=VERTEX_POINT('',#11591);
#4341=VERTEX_POINT('',#11592);
#4342=VERTEX_POINT('',#11594);
#4343=VERTEX_POINT('',#11596);
#4344=VERTEX_POINT('',#11600);
#4345=VERTEX_POINT('',#11601);
#4346=VERTEX_POINT('',#11603);
#4347=VERTEX_POINT('',#11605);
#4348=VERTEX_POINT('',#11609);
#4349=VERTEX_POINT('',#11610);
#4350=VERTEX_POINT('',#11612);
#4351=VERTEX_POINT('',#11614);
#4352=VERTEX_POINT('',#11618);
#4353=VERTEX_POINT('',#11620);
#4354=VERTEX_POINT('',#11622);
#4355=VERTEX_POINT('',#11624);
#4356=VERTEX_POINT('',#11626);
#4357=VERTEX_POINT('',#11628);
#4358=VERTEX_POINT('',#11630);
#4359=VERTEX_POINT('',#11632);
#4360=VERTEX_POINT('',#11634);
#4361=VERTEX_POINT('',#11636);
#4362=VERTEX_POINT('',#11638);
#4363=VERTEX_POINT('',#11640);
#4364=VERTEX_POINT('',#11642);
#4365=VERTEX_POINT('',#11644);
#4366=VERTEX_POINT('',#11646);
#4367=VERTEX_POINT('',#11648);
#4368=VERTEX_POINT('',#11650);
#4369=VERTEX_POINT('',#11652);
#4370=VERTEX_POINT('',#11653);
#4371=VERTEX_POINT('',#11655);
#4372=VERTEX_POINT('',#11657);
#4373=VERTEX_POINT('',#11659);
#4374=VERTEX_POINT('',#11661);
#4375=VERTEX_POINT('',#11663);
#4376=VERTEX_POINT('',#11665);
#4377=VERTEX_POINT('',#11667);
#4378=VERTEX_POINT('',#11669);
#4379=VERTEX_POINT('',#11671);
#4380=VERTEX_POINT('',#11673);
#4381=VERTEX_POINT('',#11677);
#4382=VERTEX_POINT('',#11679);
#4383=VERTEX_POINT('',#11681);
#4384=VERTEX_POINT('',#11683);
#4385=VERTEX_POINT('',#11685);
#4386=VERTEX_POINT('',#11687);
#4387=VERTEX_POINT('',#11689);
#4388=VERTEX_POINT('',#11691);
#4389=VERTEX_POINT('',#11693);
#4390=VERTEX_POINT('',#11695);
#4391=VERTEX_POINT('',#11697);
#4392=VERTEX_POINT('',#11699);
#4393=VERTEX_POINT('',#11701);
#4394=VERTEX_POINT('',#11703);
#4395=VERTEX_POINT('',#11705);
#4396=VERTEX_POINT('',#11707);
#4397=VERTEX_POINT('',#11709);
#4398=VERTEX_POINT('',#11711);
#4399=VERTEX_POINT('',#11713);
#4400=VERTEX_POINT('',#11715);
#4401=VERTEX_POINT('',#11717);
#4402=VERTEX_POINT('',#11719);
#4403=VERTEX_POINT('',#11721);
#4404=VERTEX_POINT('',#11723);
#4405=VERTEX_POINT('',#11725);
#4406=VERTEX_POINT('',#11727);
#4407=VERTEX_POINT('',#11729);
#4408=VERTEX_POINT('',#11731);
#4409=VERTEX_POINT('',#11733);
#4410=VERTEX_POINT('',#11735);
#4411=VERTEX_POINT('',#11737);
#4412=VERTEX_POINT('',#11739);
#4413=VERTEX_POINT('',#11741);
#4414=VERTEX_POINT('',#11743);
#4415=VERTEX_POINT('',#11744);
#4416=VERTEX_POINT('',#11746);
#4417=VERTEX_POINT('',#11748);
#4418=VERTEX_POINT('',#11750);
#4419=VERTEX_POINT('',#11752);
#4420=VERTEX_POINT('',#11754);
#4421=VERTEX_POINT('',#11756);
#4422=VERTEX_POINT('',#11758);
#4423=VERTEX_POINT('',#11760);
#4424=VERTEX_POINT('',#11762);
#4425=VERTEX_POINT('',#11764);
#4426=VERTEX_POINT('',#11900);
#4427=VERTEX_POINT('',#11902);
#4428=VERTEX_POINT('',#11905);
#4429=VERTEX_POINT('',#11909);
#4430=VERTEX_POINT('',#11912);
#4431=VERTEX_POINT('',#11914);
#4432=VERTEX_POINT('',#11916);
#4433=VERTEX_POINT('',#11919);
#4434=VERTEX_POINT('',#11921);
#4435=VERTEX_POINT('',#11924);
#4436=VERTEX_POINT('',#11926);
#4437=VERTEX_POINT('',#11929);
#4438=VERTEX_POINT('',#11931);
#4439=VERTEX_POINT('',#11934);
#4440=VERTEX_POINT('',#11936);
#4441=VERTEX_POINT('',#11939);
#4442=VERTEX_POINT('',#11941);
#4443=VERTEX_POINT('',#11944);
#4444=VERTEX_POINT('',#11946);
#4445=VERTEX_POINT('',#11949);
#4446=VERTEX_POINT('',#11951);
#4447=VERTEX_POINT('',#11955);
#4448=VERTEX_POINT('',#11957);
#4449=VERTEX_POINT('',#11959);
#4450=VERTEX_POINT('',#11961);
#4451=VERTEX_POINT('',#11963);
#4452=VERTEX_POINT('',#11965);
#4453=VERTEX_POINT('',#11967);
#4454=VERTEX_POINT('',#11969);
#4455=VERTEX_POINT('',#11971);
#4456=VERTEX_POINT('',#11973);
#4457=VERTEX_POINT('',#11975);
#4458=VERTEX_POINT('',#11977);
#4459=VERTEX_POINT('',#11979);
#4460=VERTEX_POINT('',#11981);
#4461=VERTEX_POINT('',#11983);
#4462=VERTEX_POINT('',#11985);
#4463=VERTEX_POINT('',#11987);
#4464=VERTEX_POINT('',#11989);
#4465=VERTEX_POINT('',#11991);
#4466=VERTEX_POINT('',#11993);
#4467=VERTEX_POINT('',#11995);
#4468=VERTEX_POINT('',#11997);
#4469=VERTEX_POINT('',#11999);
#4470=VERTEX_POINT('',#12001);
#4471=VERTEX_POINT('',#12003);
#4472=VERTEX_POINT('',#12005);
#4473=VERTEX_POINT('',#12008);
#4474=VERTEX_POINT('',#12012);
#4475=VERTEX_POINT('',#12061);
#4476=VERTEX_POINT('',#12064);
#4477=VERTEX_POINT('',#12067);
#4478=VERTEX_POINT('',#12070);
#4479=VERTEX_POINT('',#12072);
#4480=VERTEX_POINT('',#12075);
#4481=VERTEX_POINT('',#12077);
#4482=VERTEX_POINT('',#12080);
#4483=VERTEX_POINT('',#12082);
#4484=VERTEX_POINT('',#12085);
#4485=VERTEX_POINT('',#12087);
#4486=VERTEX_POINT('',#12090);
#4487=VERTEX_POINT('',#12092);
#4488=VERTEX_POINT('',#12095);
#4489=VERTEX_POINT('',#12097);
#4490=VERTEX_POINT('',#12100);
#4491=VERTEX_POINT('',#12102);
#4492=VERTEX_POINT('',#12105);
#4493=VERTEX_POINT('',#12107);
#4494=VERTEX_POINT('',#12110);
#4495=VERTEX_POINT('',#12112);
#4496=VERTEX_POINT('',#12115);
#4497=VERTEX_POINT('',#12117);
#4498=VERTEX_POINT('',#12120);
#4499=VERTEX_POINT('',#12122);
#4500=VERTEX_POINT('',#12125);
#4501=VERTEX_POINT('',#12127);
#4502=VERTEX_POINT('',#12130);
#4503=VERTEX_POINT('',#12132);
#4504=VERTEX_POINT('',#12135);
#4505=VERTEX_POINT('',#12137);
#4506=VERTEX_POINT('',#12140);
#4507=VERTEX_POINT('',#12142);
#4508=VERTEX_POINT('',#12145);
#4509=VERTEX_POINT('',#12147);
#4510=VERTEX_POINT('',#12150);
#4511=VERTEX_POINT('',#12152);
#4512=VERTEX_POINT('',#12155);
#4513=VERTEX_POINT('',#12157);
#4514=VERTEX_POINT('',#12160);
#4515=VERTEX_POINT('',#12162);
#4516=VERTEX_POINT('',#12165);
#4517=VERTEX_POINT('',#12167);
#4518=VERTEX_POINT('',#12171);
#4519=VERTEX_POINT('',#12174);
#4520=VERTEX_POINT('',#12176);
#4521=VERTEX_POINT('',#12179);
#4522=VERTEX_POINT('',#12181);
#4523=VERTEX_POINT('',#12184);
#4524=VERTEX_POINT('',#12186);
#4525=VERTEX_POINT('',#12189);
#4526=VERTEX_POINT('',#12191);
#4527=VERTEX_POINT('',#12194);
#4528=VERTEX_POINT('',#12196);
#4529=VERTEX_POINT('',#12199);
#4530=VERTEX_POINT('',#12201);
#4531=VERTEX_POINT('',#12205);
#4532=VERTEX_POINT('',#12208);
#4533=VERTEX_POINT('',#12210);
#4534=VERTEX_POINT('',#12213);
#4535=VERTEX_POINT('',#12215);
#4536=VERTEX_POINT('',#12218);
#4537=VERTEX_POINT('',#12220);
#4538=VERTEX_POINT('',#12223);
#4539=VERTEX_POINT('',#12225);
#4540=VERTEX_POINT('',#12228);
#4541=VERTEX_POINT('',#12230);
#4542=VERTEX_POINT('',#12233);
#4543=VERTEX_POINT('',#12235);
#4544=VERTEX_POINT('',#12238);
#4545=VERTEX_POINT('',#12240);
#4546=VERTEX_POINT('',#12243);
#4547=VERTEX_POINT('',#12245);
#4548=VERTEX_POINT('',#12248);
#4549=VERTEX_POINT('',#12250);
#4550=VERTEX_POINT('',#12253);
#4551=VERTEX_POINT('',#12255);
#4552=VERTEX_POINT('',#12258);
#4553=VERTEX_POINT('',#12260);
#4554=VERTEX_POINT('',#12263);
#4555=VERTEX_POINT('',#12265);
#4556=VERTEX_POINT('',#12268);
#4557=VERTEX_POINT('',#12270);
#4558=VERTEX_POINT('',#12273);
#4559=VERTEX_POINT('',#12275);
#4560=VERTEX_POINT('',#12278);
#4561=VERTEX_POINT('',#12280);
#4562=VERTEX_POINT('',#12283);
#4563=VERTEX_POINT('',#12285);
#4564=VERTEX_POINT('',#12288);
#4565=VERTEX_POINT('',#12290);
#4566=VERTEX_POINT('',#12293);
#4567=VERTEX_POINT('',#12295);
#4568=VERTEX_POINT('',#12298);
#4569=VERTEX_POINT('',#12300);
#4570=VERTEX_POINT('',#12303);
#4571=VERTEX_POINT('',#12305);
#4572=VERTEX_POINT('',#12308);
#4573=VERTEX_POINT('',#12310);
#4574=VERTEX_POINT('',#12313);
#4575=VERTEX_POINT('',#12315);
#4576=VERTEX_POINT('',#12318);
#4577=VERTEX_POINT('',#12320);
#4578=VERTEX_POINT('',#12323);
#4579=VERTEX_POINT('',#12325);
#4580=VERTEX_POINT('',#12328);
#4581=VERTEX_POINT('',#12330);
#4582=VERTEX_POINT('',#12333);
#4583=VERTEX_POINT('',#12335);
#4584=VERTEX_POINT('',#12338);
#4585=VERTEX_POINT('',#12340);
#4586=VERTEX_POINT('',#12343);
#4587=VERTEX_POINT('',#12345);
#4588=VERTEX_POINT('',#12348);
#4589=VERTEX_POINT('',#12350);
#4590=VERTEX_POINT('',#12353);
#4591=VERTEX_POINT('',#12355);
#4592=VERTEX_POINT('',#12358);
#4593=VERTEX_POINT('',#12360);
#4594=VERTEX_POINT('',#12363);
#4595=VERTEX_POINT('',#12365);
#4596=VERTEX_POINT('',#12368);
#4597=VERTEX_POINT('',#12370);
#4598=VERTEX_POINT('',#12373);
#4599=VERTEX_POINT('',#12375);
#4600=VERTEX_POINT('',#12378);
#4601=VERTEX_POINT('',#12380);
#4602=VERTEX_POINT('',#12383);
#4603=VERTEX_POINT('',#12385);
#4604=VERTEX_POINT('',#12388);
#4605=VERTEX_POINT('',#12390);
#4606=VERTEX_POINT('',#12393);
#4607=VERTEX_POINT('',#12395);
#4608=VERTEX_POINT('',#12398);
#4609=VERTEX_POINT('',#12400);
#4610=VERTEX_POINT('',#12403);
#4611=VERTEX_POINT('',#12405);
#4612=VERTEX_POINT('',#12408);
#4613=VERTEX_POINT('',#12410);
#4614=VERTEX_POINT('',#12413);
#4615=VERTEX_POINT('',#12415);
#4616=VERTEX_POINT('',#12418);
#4617=VERTEX_POINT('',#12420);
#4618=VERTEX_POINT('',#12423);
#4619=VERTEX_POINT('',#12425);
#4620=VERTEX_POINT('',#12428);
#4621=VERTEX_POINT('',#12430);
#4622=VERTEX_LOOP('',#3885);
#4623=VERTEX_LOOP('',#3887);
#4624=VERTEX_LOOP('',#3889);
#4625=VERTEX_LOOP('',#3891);
#4626=VERTEX_LOOP('',#3897);
#4627=VERTEX_LOOP('',#3899);
#4628=VERTEX_LOOP('',#3901);
#4629=VERTEX_LOOP('',#3903);
#4630=VERTEX_LOOP('',#3905);
#4631=VERTEX_LOOP('',#3907);
#4632=VERTEX_LOOP('',#3917);
#4633=VERTEX_LOOP('',#3919);
#4634=VERTEX_LOOP('',#3921);
#4635=VERTEX_LOOP('',#3923);
#4636=VERTEX_LOOP('',#3925);
#4637=VERTEX_LOOP('',#3927);
#4638=VERTEX_LOOP('',#3942);
#4639=VERTEX_LOOP('',#3944);
#4640=VERTEX_LOOP('',#3946);
#4641=VERTEX_LOOP('',#3948);
#4642=VERTEX_LOOP('',#3950);
#4643=VERTEX_LOOP('',#3952);
#4644=VERTEX_LOOP('',#3964);
#4645=VERTEX_LOOP('',#3966);
#4646=VERTEX_LOOP('',#3968);
#4647=VERTEX_LOOP('',#3970);
#4648=VERTEX_LOOP('',#3972);
#4649=VERTEX_LOOP('',#3974);
#4650=VERTEX_LOOP('',#3985);
#4651=VERTEX_LOOP('',#3987);
#4652=VERTEX_LOOP('',#3989);
#4653=VERTEX_LOOP('',#3991);
#4654=VERTEX_LOOP('',#3993);
#4655=VERTEX_LOOP('',#3995);
#4656=VERTEX_LOOP('',#3997);
#4657=VERTEX_LOOP('',#3999);
#4658=VERTEX_LOOP('',#4013);
#4659=VERTEX_LOOP('',#4015);
#4660=VERTEX_LOOP('',#4017);
#4661=VERTEX_LOOP('',#4019);
#4662=VERTEX_LOOP('',#4021);
#4663=VERTEX_LOOP('',#4023);
#4664=VERTEX_LOOP('',#4025);
#4665=VERTEX_LOOP('',#4027);
#4666=VERTEX_LOOP('',#4041);
#4667=VERTEX_LOOP('',#4043);
#4668=VERTEX_LOOP('',#4045);
#4669=VERTEX_LOOP('',#4047);
#4670=VERTEX_LOOP('',#4049);
#4671=VERTEX_LOOP('',#4051);
#4672=VERTEX_LOOP('',#4053);
#4673=VERTEX_LOOP('',#4055);
#4674=VERTEX_LOOP('',#4069);
#4675=VERTEX_LOOP('',#4071);
#4676=VERTEX_LOOP('',#4073);
#4677=VERTEX_LOOP('',#4075);
#4678=VERTEX_LOOP('',#4077);
#4679=VERTEX_LOOP('',#4079);
#4680=VERTEX_LOOP('',#4081);
#4681=VERTEX_LOOP('',#4083);
#4682=VERTEX_LOOP('',#4097);
#4683=VERTEX_LOOP('',#4099);
#4684=VERTEX_LOOP('',#4101);
#4685=VERTEX_LOOP('',#4103);
#4686=VERTEX_LOOP('',#4105);
#4687=VERTEX_LOOP('',#4107);
#4688=VERTEX_LOOP('',#4109);
#4689=VERTEX_LOOP('',#4111);
#4690=VERTEX_LOOP('',#4125);
#4691=VERTEX_LOOP('',#4127);
#4692=VERTEX_LOOP('',#4129);
#4693=VERTEX_LOOP('',#4131);
#4694=VERTEX_LOOP('',#4133);
#4695=VERTEX_LOOP('',#4135);
#4696=VERTEX_LOOP('',#4137);
#4697=VERTEX_LOOP('',#4139);
#4698=VERTEX_LOOP('',#4153);
#4699=VERTEX_LOOP('',#4155);
#4700=VERTEX_LOOP('',#4157);
#4701=VERTEX_LOOP('',#4159);
#4702=VERTEX_LOOP('',#4161);
#4703=VERTEX_LOOP('',#4163);
#4704=VERTEX_LOOP('',#4165);
#4705=VERTEX_LOOP('',#4167);
#4706=VERTEX_LOOP('',#4181);
#4707=VERTEX_LOOP('',#4183);
#4708=VERTEX_LOOP('',#4185);
#4709=VERTEX_LOOP('',#4187);
#4710=VERTEX_LOOP('',#4189);
#4711=VERTEX_LOOP('',#4191);
#4712=VERTEX_LOOP('',#4193);
#4713=VERTEX_LOOP('',#4195);
#4714=VERTEX_LOOP('',#4209);
#4715=VERTEX_LOOP('',#4211);
#4716=VERTEX_LOOP('',#4213);
#4717=VERTEX_LOOP('',#4215);
#4718=VERTEX_LOOP('',#4217);
#4719=VERTEX_LOOP('',#4219);
#4720=VERTEX_LOOP('',#4221);
#4721=VERTEX_LOOP('',#4223);
#4722=VERTEX_LOOP('',#4237);
#4723=VERTEX_LOOP('',#4239);
#4724=VERTEX_LOOP('',#4241);
#4725=VERTEX_LOOP('',#4243);
#4726=VERTEX_LOOP('',#4245);
#4727=VERTEX_LOOP('',#4247);
#4728=VERTEX_LOOP('',#4249);
#4729=VERTEX_LOOP('',#4251);
#4730=VERTEX_LOOP('',#4265);
#4731=VERTEX_LOOP('',#4267);
#4732=VERTEX_LOOP('',#4269);
#4733=VERTEX_LOOP('',#4271);
#4734=VERTEX_LOOP('',#4273);
#4735=VERTEX_LOOP('',#4275);
#4736=VERTEX_LOOP('',#4277);
#4737=VERTEX_LOOP('',#4279);
#4738=VERTEX_LOOP('',#4431);
#4739=VERTEX_LOOP('',#4433);
#4740=VERTEX_LOOP('',#4435);
#4741=VERTEX_LOOP('',#4437);
#4742=VERTEX_LOOP('',#4439);
#4743=VERTEX_LOOP('',#4441);
#4744=VERTEX_LOOP('',#4443);
#4745=VERTEX_LOOP('',#4445);
#4746=VERTEX_LOOP('',#4478);
#4747=VERTEX_LOOP('',#4480);
#4748=VERTEX_LOOP('',#4482);
#4749=VERTEX_LOOP('',#4484);
#4750=VERTEX_LOOP('',#4486);
#4751=VERTEX_LOOP('',#4488);
#4752=VERTEX_LOOP('',#4490);
#4753=VERTEX_LOOP('',#4492);
#4754=VERTEX_LOOP('',#4494);
#4755=VERTEX_LOOP('',#4496);
#4756=VERTEX_LOOP('',#4498);
#4757=VERTEX_LOOP('',#4500);
#4758=VERTEX_LOOP('',#4502);
#4759=VERTEX_LOOP('',#4504);
#4760=VERTEX_LOOP('',#4506);
#4761=VERTEX_LOOP('',#4508);
#4762=VERTEX_LOOP('',#4510);
#4763=VERTEX_LOOP('',#4512);
#4764=VERTEX_LOOP('',#4514);
#4765=VERTEX_LOOP('',#4516);
#4766=VERTEX_LOOP('',#4519);
#4767=VERTEX_LOOP('',#4521);
#4768=VERTEX_LOOP('',#4523);
#4769=VERTEX_LOOP('',#4525);
#4770=VERTEX_LOOP('',#4527);
#4771=VERTEX_LOOP('',#4529);
#4772=VERTEX_LOOP('',#4532);
#4773=VERTEX_LOOP('',#4534);
#4774=VERTEX_LOOP('',#4536);
#4775=VERTEX_LOOP('',#4538);
#4776=VERTEX_LOOP('',#4540);
#4777=VERTEX_LOOP('',#4542);
#4778=VERTEX_LOOP('',#4544);
#4779=VERTEX_LOOP('',#4546);
#4780=VERTEX_LOOP('',#4548);
#4781=VERTEX_LOOP('',#4550);
#4782=VERTEX_LOOP('',#4552);
#4783=VERTEX_LOOP('',#4554);
#4784=VERTEX_LOOP('',#4556);
#4785=VERTEX_LOOP('',#4558);
#4786=VERTEX_LOOP('',#4560);
#4787=VERTEX_LOOP('',#4562);
#4788=VERTEX_LOOP('',#4564);
#4789=VERTEX_LOOP('',#4566);
#4790=VERTEX_LOOP('',#4568);
#4791=VERTEX_LOOP('',#4570);
#4792=VERTEX_LOOP('',#4572);
#4793=VERTEX_LOOP('',#4574);
#4794=VERTEX_LOOP('',#4576);
#4795=VERTEX_LOOP('',#4578);
#4796=VERTEX_LOOP('',#4580);
#4797=VERTEX_LOOP('',#4582);
#4798=VERTEX_LOOP('',#4584);
#4799=VERTEX_LOOP('',#4586);
#4800=VERTEX_LOOP('',#4588);
#4801=VERTEX_LOOP('',#4590);
#4802=VERTEX_LOOP('',#4592);
#4803=VERTEX_LOOP('',#4594);
#4804=VERTEX_LOOP('',#4596);
#4805=VERTEX_LOOP('',#4598);
#4806=VERTEX_LOOP('',#4600);
#4807=VERTEX_LOOP('',#4602);
#4808=VERTEX_LOOP('',#4604);
#4809=VERTEX_LOOP('',#4606);
#4810=VERTEX_LOOP('',#4608);
#4811=VERTEX_LOOP('',#4610);
#4812=VERTEX_LOOP('',#4612);
#4813=VERTEX_LOOP('',#4614);
#4814=VERTEX_LOOP('',#4616);
#4815=VERTEX_LOOP('',#4618);
#4816=VERTEX_LOOP('',#4620);
#4817=FACE_BOUND('',#4622,.T.);
#4818=FACE_BOUND('',#2871,.T.);
#4819=FACE_BOUND('',#4623,.T.);
#4820=FACE_BOUND('',#2872,.T.);
#4821=FACE_BOUND('',#4624,.T.);
#4822=FACE_BOUND('',#2873,.T.);
#4823=FACE_BOUND('',#4625,.T.);
#4824=FACE_BOUND('',#2874,.T.);
#4825=FACE_BOUND('',#2875,.T.);
#4826=FACE_BOUND('',#2876,.T.);
#4827=FACE_BOUND('',#2877,.T.);
#4828=FACE_BOUND('',#2878,.T.);
#4829=FACE_BOUND('',#2879,.T.);
#4830=FACE_BOUND('',#2880,.T.);
#4831=FACE_BOUND('',#2881,.T.);
#4832=FACE_BOUND('',#2882,.T.);
#4833=FACE_BOUND('',#4626,.T.);
#4834=FACE_BOUND('',#2883,.T.);
#4835=FACE_BOUND('',#4627,.T.);
#4836=FACE_BOUND('',#2884,.T.);
#4837=FACE_BOUND('',#4628,.T.);
#4838=FACE_BOUND('',#2885,.T.);
#4839=FACE_BOUND('',#4629,.T.);
#4840=FACE_BOUND('',#2886,.T.);
#4841=FACE_BOUND('',#4630,.T.);
#4842=FACE_BOUND('',#2887,.T.);
#4843=FACE_BOUND('',#4631,.T.);
#4844=FACE_BOUND('',#2888,.T.);
#4845=FACE_BOUND('',#2889,.T.);
#4846=FACE_BOUND('',#2890,.T.);
#4847=FACE_BOUND('',#2891,.T.);
#4848=FACE_BOUND('',#2892,.T.);
#4849=FACE_BOUND('',#2893,.T.);
#4850=FACE_BOUND('',#2894,.T.);
#4851=FACE_BOUND('',#2895,.T.);
#4852=FACE_BOUND('',#2896,.T.);
#4853=FACE_BOUND('',#2897,.T.);
#4854=FACE_BOUND('',#2898,.T.);
#4855=FACE_BOUND('',#2899,.T.);
#4856=FACE_BOUND('',#2900,.T.);
#4857=FACE_BOUND('',#2901,.T.);
#4858=FACE_BOUND('',#2902,.T.);
#4859=FACE_BOUND('',#4632,.T.);
#4860=FACE_BOUND('',#2903,.T.);
#4861=FACE_BOUND('',#4633,.T.);
#4862=FACE_BOUND('',#2904,.T.);
#4863=FACE_BOUND('',#4634,.T.);
#4864=FACE_BOUND('',#2905,.T.);
#4865=FACE_BOUND('',#4635,.T.);
#4866=FACE_BOUND('',#2906,.T.);
#4867=FACE_BOUND('',#4636,.T.);
#4868=FACE_BOUND('',#2907,.T.);
#4869=FACE_BOUND('',#4637,.T.);
#4870=FACE_BOUND('',#2908,.T.);
#4871=FACE_BOUND('',#2909,.T.);
#4872=FACE_BOUND('',#2910,.T.);
#4873=FACE_BOUND('',#2911,.T.);
#4874=FACE_BOUND('',#2912,.T.);
#4875=FACE_BOUND('',#2913,.T.);
#4876=FACE_BOUND('',#2914,.T.);
#4877=FACE_BOUND('',#2915,.T.);
#4878=FACE_BOUND('',#2916,.T.);
#4879=FACE_BOUND('',#2917,.T.);
#4880=FACE_BOUND('',#2918,.T.);
#4881=FACE_BOUND('',#2919,.T.);
#4882=FACE_BOUND('',#2920,.T.);
#4883=FACE_BOUND('',#2921,.T.);
#4884=FACE_BOUND('',#2922,.T.);
#4885=FACE_BOUND('',#2923,.T.);
#4886=FACE_BOUND('',#2924,.T.);
#4887=FACE_BOUND('',#2925,.T.);
#4888=FACE_BOUND('',#2926,.T.);
#4889=FACE_BOUND('',#2927,.T.);
#4890=FACE_BOUND('',#2928,.T.);
#4891=FACE_BOUND('',#2929,.T.);
#4892=FACE_BOUND('',#2930,.T.);
#4893=FACE_BOUND('',#4638,.T.);
#4894=FACE_BOUND('',#2931,.T.);
#4895=FACE_BOUND('',#4639,.T.);
#4896=FACE_BOUND('',#2932,.T.);
#4897=FACE_BOUND('',#4640,.T.);
#4898=FACE_BOUND('',#2933,.T.);
#4899=FACE_BOUND('',#4641,.T.);
#4900=FACE_BOUND('',#2934,.T.);
#4901=FACE_BOUND('',#4642,.T.);
#4902=FACE_BOUND('',#2935,.T.);
#4903=FACE_BOUND('',#4643,.T.);
#4904=FACE_BOUND('',#2936,.T.);
#4905=FACE_BOUND('',#2937,.T.);
#4906=FACE_BOUND('',#2938,.T.);
#4907=FACE_BOUND('',#2939,.T.);
#4908=FACE_BOUND('',#2940,.T.);
#4909=FACE_BOUND('',#2941,.T.);
#4910=FACE_BOUND('',#2942,.T.);
#4911=FACE_BOUND('',#2943,.T.);
#4912=FACE_BOUND('',#2944,.T.);
#4913=FACE_BOUND('',#2945,.T.);
#4914=FACE_BOUND('',#2946,.T.);
#4915=FACE_BOUND('',#2947,.T.);
#4916=FACE_BOUND('',#2948,.T.);
#4917=FACE_BOUND('',#2949,.T.);
#4918=FACE_BOUND('',#2950,.T.);
#4919=FACE_BOUND('',#2951,.T.);
#4920=FACE_BOUND('',#2952,.T.);
#4921=FACE_BOUND('',#2953,.T.);
#4922=FACE_BOUND('',#2954,.T.);
#4923=FACE_BOUND('',#4644,.T.);
#4924=FACE_BOUND('',#2955,.T.);
#4925=FACE_BOUND('',#4645,.T.);
#4926=FACE_BOUND('',#2956,.T.);
#4927=FACE_BOUND('',#4646,.T.);
#4928=FACE_BOUND('',#2957,.T.);
#4929=FACE_BOUND('',#4647,.T.);
#4930=FACE_BOUND('',#2958,.T.);
#4931=FACE_BOUND('',#4648,.T.);
#4932=FACE_BOUND('',#2959,.T.);
#4933=FACE_BOUND('',#4649,.T.);
#4934=FACE_BOUND('',#2960,.T.);
#4935=FACE_BOUND('',#2961,.T.);
#4936=FACE_BOUND('',#2962,.T.);
#4937=FACE_BOUND('',#2963,.T.);
#4938=FACE_BOUND('',#2964,.T.);
#4939=FACE_BOUND('',#2965,.T.);
#4940=FACE_BOUND('',#2966,.T.);
#4941=FACE_BOUND('',#2967,.T.);
#4942=FACE_BOUND('',#2968,.T.);
#4943=FACE_BOUND('',#2969,.T.);
#4944=FACE_BOUND('',#2970,.T.);
#4945=FACE_BOUND('',#2971,.T.);
#4946=FACE_BOUND('',#2972,.T.);
#4947=FACE_BOUND('',#2973,.T.);
#4948=FACE_BOUND('',#2974,.T.);
#4949=FACE_BOUND('',#2975,.T.);
#4950=FACE_BOUND('',#2976,.T.);
#4951=FACE_BOUND('',#4650,.T.);
#4952=FACE_BOUND('',#2977,.T.);
#4953=FACE_BOUND('',#4651,.T.);
#4954=FACE_BOUND('',#2978,.T.);
#4955=FACE_BOUND('',#4652,.T.);
#4956=FACE_BOUND('',#2979,.T.);
#4957=FACE_BOUND('',#4653,.T.);
#4958=FACE_BOUND('',#2980,.T.);
#4959=FACE_BOUND('',#4654,.T.);
#4960=FACE_BOUND('',#2981,.T.);
#4961=FACE_BOUND('',#4655,.T.);
#4962=FACE_BOUND('',#2982,.T.);
#4963=FACE_BOUND('',#4656,.T.);
#4964=FACE_BOUND('',#2983,.T.);
#4965=FACE_BOUND('',#4657,.T.);
#4966=FACE_BOUND('',#2984,.T.);
#4967=FACE_BOUND('',#2985,.T.);
#4968=FACE_BOUND('',#2986,.T.);
#4969=FACE_BOUND('',#2987,.T.);
#4970=FACE_BOUND('',#2988,.T.);
#4971=FACE_BOUND('',#2989,.T.);
#4972=FACE_BOUND('',#2990,.T.);
#4973=FACE_BOUND('',#2991,.T.);
#4974=FACE_BOUND('',#2992,.T.);
#4975=FACE_BOUND('',#2993,.T.);
#4976=FACE_BOUND('',#2994,.T.);
#4977=FACE_BOUND('',#2995,.T.);
#4978=FACE_BOUND('',#2996,.T.);
#4979=FACE_BOUND('',#2997,.T.);
#4980=FACE_BOUND('',#2998,.T.);
#4981=FACE_BOUND('',#2999,.T.);
#4982=FACE_BOUND('',#3000,.T.);
#4983=FACE_BOUND('',#3001,.T.);
#4984=FACE_BOUND('',#3002,.T.);
#4985=FACE_BOUND('',#3003,.T.);
#4986=FACE_BOUND('',#3004,.T.);
#4987=FACE_BOUND('',#3005,.T.);
#4988=FACE_BOUND('',#3006,.T.);
#4989=FACE_BOUND('',#4658,.T.);
#4990=FACE_BOUND('',#3007,.T.);
#4991=FACE_BOUND('',#4659,.T.);
#4992=FACE_BOUND('',#3008,.T.);
#4993=FACE_BOUND('',#4660,.T.);
#4994=FACE_BOUND('',#3009,.T.);
#4995=FACE_BOUND('',#4661,.T.);
#4996=FACE_BOUND('',#3010,.T.);
#4997=FACE_BOUND('',#4662,.T.);
#4998=FACE_BOUND('',#3011,.T.);
#4999=FACE_BOUND('',#4663,.T.);
#5000=FACE_BOUND('',#3012,.T.);
#5001=FACE_BOUND('',#4664,.T.);
#5002=FACE_BOUND('',#3013,.T.);
#5003=FACE_BOUND('',#4665,.T.);
#5004=FACE_BOUND('',#3014,.T.);
#5005=FACE_BOUND('',#3015,.T.);
#5006=FACE_BOUND('',#3016,.T.);
#5007=FACE_BOUND('',#3017,.T.);
#5008=FACE_BOUND('',#3018,.T.);
#5009=FACE_BOUND('',#3019,.T.);
#5010=FACE_BOUND('',#3020,.T.);
#5011=FACE_BOUND('',#3021,.T.);
#5012=FACE_BOUND('',#3022,.T.);
#5013=FACE_BOUND('',#3023,.T.);
#5014=FACE_BOUND('',#3024,.T.);
#5015=FACE_BOUND('',#3025,.T.);
#5016=FACE_BOUND('',#3026,.T.);
#5017=FACE_BOUND('',#3027,.T.);
#5018=FACE_BOUND('',#3028,.T.);
#5019=FACE_BOUND('',#3029,.T.);
#5020=FACE_BOUND('',#3030,.T.);
#5021=FACE_BOUND('',#3031,.T.);
#5022=FACE_BOUND('',#3032,.T.);
#5023=FACE_BOUND('',#3033,.T.);
#5024=FACE_BOUND('',#3034,.T.);
#5025=FACE_BOUND('',#3035,.T.);
#5026=FACE_BOUND('',#3036,.T.);
#5027=FACE_BOUND('',#4666,.T.);
#5028=FACE_BOUND('',#3037,.T.);
#5029=FACE_BOUND('',#4667,.T.);
#5030=FACE_BOUND('',#3038,.T.);
#5031=FACE_BOUND('',#4668,.T.);
#5032=FACE_BOUND('',#3039,.T.);
#5033=FACE_BOUND('',#4669,.T.);
#5034=FACE_BOUND('',#3040,.T.);
#5035=FACE_BOUND('',#4670,.T.);
#5036=FACE_BOUND('',#3041,.T.);
#5037=FACE_BOUND('',#4671,.T.);
#5038=FACE_BOUND('',#3042,.T.);
#5039=FACE_BOUND('',#4672,.T.);
#5040=FACE_BOUND('',#3043,.T.);
#5041=FACE_BOUND('',#4673,.T.);
#5042=FACE_BOUND('',#3044,.T.);
#5043=FACE_BOUND('',#3045,.T.);
#5044=FACE_BOUND('',#3046,.T.);
#5045=FACE_BOUND('',#3047,.T.);
#5046=FACE_BOUND('',#3048,.T.);
#5047=FACE_BOUND('',#3049,.T.);
#5048=FACE_BOUND('',#3050,.T.);
#5049=FACE_BOUND('',#3051,.T.);
#5050=FACE_BOUND('',#3052,.T.);
#5051=FACE_BOUND('',#3053,.T.);
#5052=FACE_BOUND('',#3054,.T.);
#5053=FACE_BOUND('',#3055,.T.);
#5054=FACE_BOUND('',#3056,.T.);
#5055=FACE_BOUND('',#3057,.T.);
#5056=FACE_BOUND('',#3058,.T.);
#5057=FACE_BOUND('',#3059,.T.);
#5058=FACE_BOUND('',#3060,.T.);
#5059=FACE_BOUND('',#3061,.T.);
#5060=FACE_BOUND('',#3062,.T.);
#5061=FACE_BOUND('',#3063,.T.);
#5062=FACE_BOUND('',#3064,.T.);
#5063=FACE_BOUND('',#3065,.T.);
#5064=FACE_BOUND('',#3066,.T.);
#5065=FACE_BOUND('',#4674,.T.);
#5066=FACE_BOUND('',#3067,.T.);
#5067=FACE_BOUND('',#4675,.T.);
#5068=FACE_BOUND('',#3068,.T.);
#5069=FACE_BOUND('',#4676,.T.);
#5070=FACE_BOUND('',#3069,.T.);
#5071=FACE_BOUND('',#4677,.T.);
#5072=FACE_BOUND('',#3070,.T.);
#5073=FACE_BOUND('',#4678,.T.);
#5074=FACE_BOUND('',#3071,.T.);
#5075=FACE_BOUND('',#4679,.T.);
#5076=FACE_BOUND('',#3072,.T.);
#5077=FACE_BOUND('',#4680,.T.);
#5078=FACE_BOUND('',#3073,.T.);
#5079=FACE_BOUND('',#4681,.T.);
#5080=FACE_BOUND('',#3074,.T.);
#5081=FACE_BOUND('',#3075,.T.);
#5082=FACE_BOUND('',#3076,.T.);
#5083=FACE_BOUND('',#3077,.T.);
#5084=FACE_BOUND('',#3078,.T.);
#5085=FACE_BOUND('',#3079,.T.);
#5086=FACE_BOUND('',#3080,.T.);
#5087=FACE_BOUND('',#3081,.T.);
#5088=FACE_BOUND('',#3082,.T.);
#5089=FACE_BOUND('',#3083,.T.);
#5090=FACE_BOUND('',#3084,.T.);
#5091=FACE_BOUND('',#3085,.T.);
#5092=FACE_BOUND('',#3086,.T.);
#5093=FACE_BOUND('',#3087,.T.);
#5094=FACE_BOUND('',#3088,.T.);
#5095=FACE_BOUND('',#3089,.T.);
#5096=FACE_BOUND('',#3090,.T.);
#5097=FACE_BOUND('',#3091,.T.);
#5098=FACE_BOUND('',#3092,.T.);
#5099=FACE_BOUND('',#3093,.T.);
#5100=FACE_BOUND('',#3094,.T.);
#5101=FACE_BOUND('',#3095,.T.);
#5102=FACE_BOUND('',#3096,.T.);
#5103=FACE_BOUND('',#4682,.T.);
#5104=FACE_BOUND('',#3097,.T.);
#5105=FACE_BOUND('',#4683,.T.);
#5106=FACE_BOUND('',#3098,.T.);
#5107=FACE_BOUND('',#4684,.T.);
#5108=FACE_BOUND('',#3099,.T.);
#5109=FACE_BOUND('',#4685,.T.);
#5110=FACE_BOUND('',#3100,.T.);
#5111=FACE_BOUND('',#4686,.T.);
#5112=FACE_BOUND('',#3101,.T.);
#5113=FACE_BOUND('',#4687,.T.);
#5114=FACE_BOUND('',#3102,.T.);
#5115=FACE_BOUND('',#4688,.T.);
#5116=FACE_BOUND('',#3103,.T.);
#5117=FACE_BOUND('',#4689,.T.);
#5118=FACE_BOUND('',#3104,.T.);
#5119=FACE_BOUND('',#3105,.T.);
#5120=FACE_BOUND('',#3106,.T.);
#5121=FACE_BOUND('',#3107,.T.);
#5122=FACE_BOUND('',#3108,.T.);
#5123=FACE_BOUND('',#3109,.T.);
#5124=FACE_BOUND('',#3110,.T.);
#5125=FACE_BOUND('',#3111,.T.);
#5126=FACE_BOUND('',#3112,.T.);
#5127=FACE_BOUND('',#3113,.T.);
#5128=FACE_BOUND('',#3114,.T.);
#5129=FACE_BOUND('',#3115,.T.);
#5130=FACE_BOUND('',#3116,.T.);
#5131=FACE_BOUND('',#3117,.T.);
#5132=FACE_BOUND('',#3118,.T.);
#5133=FACE_BOUND('',#3119,.T.);
#5134=FACE_BOUND('',#3120,.T.);
#5135=FACE_BOUND('',#3121,.T.);
#5136=FACE_BOUND('',#3122,.T.);
#5137=FACE_BOUND('',#3123,.T.);
#5138=FACE_BOUND('',#3124,.T.);
#5139=FACE_BOUND('',#3125,.T.);
#5140=FACE_BOUND('',#3126,.T.);
#5141=FACE_BOUND('',#4690,.T.);
#5142=FACE_BOUND('',#3127,.T.);
#5143=FACE_BOUND('',#4691,.T.);
#5144=FACE_BOUND('',#3128,.T.);
#5145=FACE_BOUND('',#4692,.T.);
#5146=FACE_BOUND('',#3129,.T.);
#5147=FACE_BOUND('',#4693,.T.);
#5148=FACE_BOUND('',#3130,.T.);
#5149=FACE_BOUND('',#4694,.T.);
#5150=FACE_BOUND('',#3131,.T.);
#5151=FACE_BOUND('',#4695,.T.);
#5152=FACE_BOUND('',#3132,.T.);
#5153=FACE_BOUND('',#4696,.T.);
#5154=FACE_BOUND('',#3133,.T.);
#5155=FACE_BOUND('',#4697,.T.);
#5156=FACE_BOUND('',#3134,.T.);
#5157=FACE_BOUND('',#3135,.T.);
#5158=FACE_BOUND('',#3136,.T.);
#5159=FACE_BOUND('',#3137,.T.);
#5160=FACE_BOUND('',#3138,.T.);
#5161=FACE_BOUND('',#3139,.T.);
#5162=FACE_BOUND('',#3140,.T.);
#5163=FACE_BOUND('',#3141,.T.);
#5164=FACE_BOUND('',#3142,.T.);
#5165=FACE_BOUND('',#3143,.T.);
#5166=FACE_BOUND('',#3144,.T.);
#5167=FACE_BOUND('',#3145,.T.);
#5168=FACE_BOUND('',#3146,.T.);
#5169=FACE_BOUND('',#3147,.T.);
#5170=FACE_BOUND('',#3148,.T.);
#5171=FACE_BOUND('',#3149,.T.);
#5172=FACE_BOUND('',#3150,.T.);
#5173=FACE_BOUND('',#3151,.T.);
#5174=FACE_BOUND('',#3152,.T.);
#5175=FACE_BOUND('',#3153,.T.);
#5176=FACE_BOUND('',#3154,.T.);
#5177=FACE_BOUND('',#3155,.T.);
#5178=FACE_BOUND('',#3156,.T.);
#5179=FACE_BOUND('',#4698,.T.);
#5180=FACE_BOUND('',#3157,.T.);
#5181=FACE_BOUND('',#4699,.T.);
#5182=FACE_BOUND('',#3158,.T.);
#5183=FACE_BOUND('',#4700,.T.);
#5184=FACE_BOUND('',#3159,.T.);
#5185=FACE_BOUND('',#4701,.T.);
#5186=FACE_BOUND('',#3160,.T.);
#5187=FACE_BOUND('',#4702,.T.);
#5188=FACE_BOUND('',#3161,.T.);
#5189=FACE_BOUND('',#4703,.T.);
#5190=FACE_BOUND('',#3162,.T.);
#5191=FACE_BOUND('',#4704,.T.);
#5192=FACE_BOUND('',#3163,.T.);
#5193=FACE_BOUND('',#4705,.T.);
#5194=FACE_BOUND('',#3164,.T.);
#5195=FACE_BOUND('',#3165,.T.);
#5196=FACE_BOUND('',#3166,.T.);
#5197=FACE_BOUND('',#3167,.T.);
#5198=FACE_BOUND('',#3168,.T.);
#5199=FACE_BOUND('',#3169,.T.);
#5200=FACE_BOUND('',#3170,.T.);
#5201=FACE_BOUND('',#3171,.T.);
#5202=FACE_BOUND('',#3172,.T.);
#5203=FACE_BOUND('',#3173,.T.);
#5204=FACE_BOUND('',#3174,.T.);
#5205=FACE_BOUND('',#3175,.T.);
#5206=FACE_BOUND('',#3176,.T.);
#5207=FACE_BOUND('',#3177,.T.);
#5208=FACE_BOUND('',#3178,.T.);
#5209=FACE_BOUND('',#3179,.T.);
#5210=FACE_BOUND('',#3180,.T.);
#5211=FACE_BOUND('',#3181,.T.);
#5212=FACE_BOUND('',#3182,.T.);
#5213=FACE_BOUND('',#3183,.T.);
#5214=FACE_BOUND('',#3184,.T.);
#5215=FACE_BOUND('',#3185,.T.);
#5216=FACE_BOUND('',#3186,.T.);
#5217=FACE_BOUND('',#4706,.T.);
#5218=FACE_BOUND('',#3187,.T.);
#5219=FACE_BOUND('',#4707,.T.);
#5220=FACE_BOUND('',#3188,.T.);
#5221=FACE_BOUND('',#4708,.T.);
#5222=FACE_BOUND('',#3189,.T.);
#5223=FACE_BOUND('',#4709,.T.);
#5224=FACE_BOUND('',#3190,.T.);
#5225=FACE_BOUND('',#4710,.T.);
#5226=FACE_BOUND('',#3191,.T.);
#5227=FACE_BOUND('',#4711,.T.);
#5228=FACE_BOUND('',#3192,.T.);
#5229=FACE_BOUND('',#4712,.T.);
#5230=FACE_BOUND('',#3193,.T.);
#5231=FACE_BOUND('',#4713,.T.);
#5232=FACE_BOUND('',#3194,.T.);
#5233=FACE_BOUND('',#3195,.T.);
#5234=FACE_BOUND('',#3196,.T.);
#5235=FACE_BOUND('',#3197,.T.);
#5236=FACE_BOUND('',#3198,.T.);
#5237=FACE_BOUND('',#3199,.T.);
#5238=FACE_BOUND('',#3200,.T.);
#5239=FACE_BOUND('',#3201,.T.);
#5240=FACE_BOUND('',#3202,.T.);
#5241=FACE_BOUND('',#3203,.T.);
#5242=FACE_BOUND('',#3204,.T.);
#5243=FACE_BOUND('',#3205,.T.);
#5244=FACE_BOUND('',#3206,.T.);
#5245=FACE_BOUND('',#3207,.T.);
#5246=FACE_BOUND('',#3208,.T.);
#5247=FACE_BOUND('',#3209,.T.);
#5248=FACE_BOUND('',#3210,.T.);
#5249=FACE_BOUND('',#3211,.T.);
#5250=FACE_BOUND('',#3212,.T.);
#5251=FACE_BOUND('',#3213,.T.);
#5252=FACE_BOUND('',#3214,.T.);
#5253=FACE_BOUND('',#3215,.T.);
#5254=FACE_BOUND('',#3216,.T.);
#5255=FACE_BOUND('',#4714,.T.);
#5256=FACE_BOUND('',#3217,.T.);
#5257=FACE_BOUND('',#4715,.T.);
#5258=FACE_BOUND('',#3218,.T.);
#5259=FACE_BOUND('',#4716,.T.);
#5260=FACE_BOUND('',#3219,.T.);
#5261=FACE_BOUND('',#4717,.T.);
#5262=FACE_BOUND('',#3220,.T.);
#5263=FACE_BOUND('',#4718,.T.);
#5264=FACE_BOUND('',#3221,.T.);
#5265=FACE_BOUND('',#4719,.T.);
#5266=FACE_BOUND('',#3222,.T.);
#5267=FACE_BOUND('',#4720,.T.);
#5268=FACE_BOUND('',#3223,.T.);
#5269=FACE_BOUND('',#4721,.T.);
#5270=FACE_BOUND('',#3224,.T.);
#5271=FACE_BOUND('',#3225,.T.);
#5272=FACE_BOUND('',#3226,.T.);
#5273=FACE_BOUND('',#3227,.T.);
#5274=FACE_BOUND('',#3228,.T.);
#5275=FACE_BOUND('',#3229,.T.);
#5276=FACE_BOUND('',#3230,.T.);
#5277=FACE_BOUND('',#3231,.T.);
#5278=FACE_BOUND('',#3232,.T.);
#5279=FACE_BOUND('',#3233,.T.);
#5280=FACE_BOUND('',#3234,.T.);
#5281=FACE_BOUND('',#3235,.T.);
#5282=FACE_BOUND('',#3236,.T.);
#5283=FACE_BOUND('',#3237,.T.);
#5284=FACE_BOUND('',#3238,.T.);
#5285=FACE_BOUND('',#3239,.T.);
#5286=FACE_BOUND('',#3240,.T.);
#5287=FACE_BOUND('',#3241,.T.);
#5288=FACE_BOUND('',#3242,.T.);
#5289=FACE_BOUND('',#3243,.T.);
#5290=FACE_BOUND('',#3244,.T.);
#5291=FACE_BOUND('',#3245,.T.);
#5292=FACE_BOUND('',#3246,.T.);
#5293=FACE_BOUND('',#4722,.T.);
#5294=FACE_BOUND('',#3247,.T.);
#5295=FACE_BOUND('',#4723,.T.);
#5296=FACE_BOUND('',#3248,.T.);
#5297=FACE_BOUND('',#4724,.T.);
#5298=FACE_BOUND('',#3249,.T.);
#5299=FACE_BOUND('',#4725,.T.);
#5300=FACE_BOUND('',#3250,.T.);
#5301=FACE_BOUND('',#4726,.T.);
#5302=FACE_BOUND('',#3251,.T.);
#5303=FACE_BOUND('',#4727,.T.);
#5304=FACE_BOUND('',#3252,.T.);
#5305=FACE_BOUND('',#4728,.T.);
#5306=FACE_BOUND('',#3253,.T.);
#5307=FACE_BOUND('',#4729,.T.);
#5308=FACE_BOUND('',#3254,.T.);
#5309=FACE_BOUND('',#3255,.T.);
#5310=FACE_BOUND('',#3256,.T.);
#5311=FACE_BOUND('',#3257,.T.);
#5312=FACE_BOUND('',#3258,.T.);
#5313=FACE_BOUND('',#3259,.T.);
#5314=FACE_BOUND('',#3260,.T.);
#5315=FACE_BOUND('',#3261,.T.);
#5316=FACE_BOUND('',#3262,.T.);
#5317=FACE_BOUND('',#3263,.T.);
#5318=FACE_BOUND('',#3264,.T.);
#5319=FACE_BOUND('',#3265,.T.);
#5320=FACE_BOUND('',#3266,.T.);
#5321=FACE_BOUND('',#3267,.T.);
#5322=FACE_BOUND('',#3268,.T.);
#5323=FACE_BOUND('',#3269,.T.);
#5324=FACE_BOUND('',#3270,.T.);
#5325=FACE_BOUND('',#3271,.T.);
#5326=FACE_BOUND('',#3272,.T.);
#5327=FACE_BOUND('',#3273,.T.);
#5328=FACE_BOUND('',#3274,.T.);
#5329=FACE_BOUND('',#3275,.T.);
#5330=FACE_BOUND('',#3276,.T.);
#5331=FACE_BOUND('',#4730,.T.);
#5332=FACE_BOUND('',#3277,.T.);
#5333=FACE_BOUND('',#4731,.T.);
#5334=FACE_BOUND('',#3278,.T.);
#5335=FACE_BOUND('',#4732,.T.);
#5336=FACE_BOUND('',#3279,.T.);
#5337=FACE_BOUND('',#4733,.T.);
#5338=FACE_BOUND('',#3280,.T.);
#5339=FACE_BOUND('',#4734,.T.);
#5340=FACE_BOUND('',#3281,.T.);
#5341=FACE_BOUND('',#4735,.T.);
#5342=FACE_BOUND('',#3282,.T.);
#5343=FACE_BOUND('',#4736,.T.);
#5344=FACE_BOUND('',#3283,.T.);
#5345=FACE_BOUND('',#4737,.T.);
#5346=FACE_BOUND('',#3284,.T.);
#5347=FACE_BOUND('',#3285,.T.);
#5348=FACE_BOUND('',#3286,.T.);
#5349=FACE_BOUND('',#3287,.T.);
#5350=FACE_BOUND('',#3288,.T.);
#5351=FACE_BOUND('',#3289,.T.);
#5352=FACE_BOUND('',#3290,.T.);
#5353=FACE_BOUND('',#3291,.T.);
#5354=FACE_BOUND('',#3292,.T.);
#5355=FACE_BOUND('',#3293,.T.);
#5356=FACE_BOUND('',#3294,.T.);
#5357=FACE_BOUND('',#3295,.T.);
#5358=FACE_BOUND('',#3296,.T.);
#5359=FACE_BOUND('',#3297,.T.);
#5360=FACE_BOUND('',#3298,.T.);
#5361=FACE_BOUND('',#3299,.T.);
#5362=FACE_BOUND('',#3300,.T.);
#5363=FACE_BOUND('',#3301,.T.);
#5364=FACE_BOUND('',#3302,.T.);
#5365=FACE_BOUND('',#3303,.T.);
#5366=FACE_BOUND('',#3304,.T.);
#5367=FACE_BOUND('',#3305,.T.);
#5368=FACE_BOUND('',#3306,.T.);
#5369=FACE_BOUND('',#3307,.T.);
#5370=FACE_BOUND('',#3308,.T.);
#5371=FACE_BOUND('',#3309,.T.);
#5372=FACE_BOUND('',#3310,.T.);
#5373=FACE_BOUND('',#3311,.T.);
#5374=FACE_BOUND('',#3312,.T.);
#5375=FACE_BOUND('',#3313,.T.);
#5376=FACE_BOUND('',#3314,.T.);
#5377=FACE_BOUND('',#3315,.T.);
#5378=FACE_BOUND('',#3316,.T.);
#5379=FACE_BOUND('',#3317,.T.);
#5380=FACE_BOUND('',#3318,.T.);
#5381=FACE_BOUND('',#3319,.T.);
#5382=FACE_BOUND('',#3320,.T.);
#5383=FACE_BOUND('',#3321,.T.);
#5384=FACE_BOUND('',#3322,.T.);
#5385=FACE_BOUND('',#3323,.T.);
#5386=FACE_BOUND('',#3324,.T.);
#5387=FACE_BOUND('',#3325,.T.);
#5388=FACE_BOUND('',#3326,.T.);
#5389=FACE_BOUND('',#3327,.T.);
#5390=FACE_BOUND('',#3328,.T.);
#5391=FACE_BOUND('',#3329,.T.);
#5392=FACE_BOUND('',#3330,.T.);
#5393=FACE_BOUND('',#3331,.T.);
#5394=FACE_BOUND('',#3332,.T.);
#5395=FACE_BOUND('',#3333,.T.);
#5396=FACE_BOUND('',#3334,.T.);
#5397=FACE_BOUND('',#3335,.T.);
#5398=FACE_BOUND('',#3336,.T.);
#5399=FACE_BOUND('',#3337,.T.);
#5400=FACE_BOUND('',#3338,.T.);
#5401=FACE_BOUND('',#3339,.T.);
#5402=FACE_BOUND('',#3340,.T.);
#5403=FACE_BOUND('',#3341,.T.);
#5404=FACE_BOUND('',#3342,.T.);
#5405=FACE_BOUND('',#3343,.T.);
#5406=FACE_BOUND('',#3344,.T.);
#5407=FACE_BOUND('',#3345,.T.);
#5408=FACE_BOUND('',#3346,.T.);
#5409=FACE_BOUND('',#3347,.T.);
#5410=FACE_BOUND('',#3348,.T.);
#5411=FACE_BOUND('',#3349,.T.);
#5412=FACE_BOUND('',#3350,.T.);
#5413=FACE_BOUND('',#3351,.T.);
#5414=FACE_BOUND('',#3352,.T.);
#5415=FACE_BOUND('',#3353,.T.);
#5416=FACE_BOUND('',#3354,.T.);
#5417=FACE_BOUND('',#3355,.T.);
#5418=FACE_BOUND('',#3356,.T.);
#5419=FACE_BOUND('',#3357,.T.);
#5420=FACE_BOUND('',#3358,.T.);
#5421=FACE_BOUND('',#3359,.T.);
#5422=FACE_BOUND('',#3360,.T.);
#5423=FACE_BOUND('',#3361,.T.);
#5424=FACE_BOUND('',#3362,.T.);
#5425=FACE_BOUND('',#3363,.T.);
#5426=FACE_BOUND('',#3364,.T.);
#5427=FACE_BOUND('',#3365,.T.);
#5428=FACE_BOUND('',#3366,.T.);
#5429=FACE_BOUND('',#3367,.T.);
#5430=FACE_BOUND('',#3368,.T.);
#5431=FACE_BOUND('',#3369,.T.);
#5432=FACE_BOUND('',#3370,.T.);
#5433=FACE_BOUND('',#3371,.T.);
#5434=FACE_BOUND('',#3372,.T.);
#5435=FACE_BOUND('',#3373,.T.);
#5436=FACE_BOUND('',#3374,.T.);
#5437=FACE_BOUND('',#3375,.T.);
#5438=FACE_BOUND('',#3376,.T.);
#5439=FACE_BOUND('',#3377,.T.);
#5440=FACE_BOUND('',#3378,.T.);
#5441=FACE_BOUND('',#3379,.T.);
#5442=FACE_BOUND('',#3380,.T.);
#5443=FACE_BOUND('',#3381,.T.);
#5444=FACE_BOUND('',#3382,.T.);
#5445=FACE_BOUND('',#3383,.T.);
#5446=FACE_BOUND('',#3384,.T.);
#5447=FACE_BOUND('',#3385,.T.);
#5448=FACE_BOUND('',#3386,.T.);
#5449=FACE_BOUND('',#3387,.T.);
#5450=FACE_BOUND('',#3388,.T.);
#5451=FACE_BOUND('',#3389,.T.);
#5452=FACE_BOUND('',#3390,.T.);
#5453=FACE_BOUND('',#3391,.T.);
#5454=FACE_BOUND('',#3392,.T.);
#5455=FACE_BOUND('',#3393,.T.);
#5456=FACE_BOUND('',#3394,.T.);
#5457=FACE_BOUND('',#3395,.T.);
#5458=FACE_BOUND('',#3396,.T.);
#5459=FACE_BOUND('',#3397,.T.);
#5460=FACE_BOUND('',#3398,.T.);
#5461=FACE_BOUND('',#3399,.T.);
#5462=FACE_BOUND('',#3400,.T.);
#5463=FACE_BOUND('',#3401,.T.);
#5464=FACE_BOUND('',#3402,.T.);
#5465=FACE_BOUND('',#3403,.T.);
#5466=FACE_BOUND('',#3404,.T.);
#5467=FACE_BOUND('',#3405,.T.);
#5468=FACE_BOUND('',#3406,.T.);
#5469=FACE_BOUND('',#3407,.T.);
#5470=FACE_BOUND('',#3408,.T.);
#5471=FACE_BOUND('',#3409,.T.);
#5472=FACE_BOUND('',#3410,.T.);
#5473=FACE_BOUND('',#3411,.T.);
#5474=FACE_BOUND('',#3412,.T.);
#5475=FACE_BOUND('',#3413,.T.);
#5476=FACE_BOUND('',#3414,.T.);
#5477=FACE_BOUND('',#3415,.T.);
#5478=FACE_BOUND('',#3416,.T.);
#5479=FACE_BOUND('',#3417,.T.);
#5480=FACE_BOUND('',#3418,.T.);
#5481=FACE_BOUND('',#3419,.T.);
#5482=FACE_BOUND('',#3420,.T.);
#5483=FACE_BOUND('',#3421,.T.);
#5484=FACE_BOUND('',#3422,.T.);
#5485=FACE_BOUND('',#3423,.T.);
#5486=FACE_BOUND('',#3424,.T.);
#5487=FACE_BOUND('',#3425,.T.);
#5488=FACE_BOUND('',#3426,.T.);
#5489=FACE_BOUND('',#3427,.T.);
#5490=FACE_BOUND('',#3428,.T.);
#5491=FACE_BOUND('',#3429,.T.);
#5492=FACE_BOUND('',#3430,.T.);
#5493=FACE_BOUND('',#3431,.T.);
#5494=FACE_BOUND('',#3432,.T.);
#5495=FACE_BOUND('',#3433,.T.);
#5496=FACE_BOUND('',#3434,.T.);
#5497=FACE_BOUND('',#3435,.T.);
#5498=FACE_BOUND('',#3436,.T.);
#5499=FACE_BOUND('',#3437,.T.);
#5500=FACE_BOUND('',#3438,.T.);
#5501=FACE_BOUND('',#3439,.T.);
#5502=FACE_BOUND('',#3440,.T.);
#5503=FACE_BOUND('',#3441,.T.);
#5504=FACE_BOUND('',#3442,.T.);
#5505=FACE_BOUND('',#3443,.T.);
#5506=FACE_BOUND('',#3444,.T.);
#5507=FACE_BOUND('',#3445,.T.);
#5508=FACE_BOUND('',#3446,.T.);
#5509=FACE_BOUND('',#3447,.T.);
#5510=FACE_BOUND('',#3448,.T.);
#5511=FACE_BOUND('',#3449,.T.);
#5512=FACE_BOUND('',#3450,.T.);
#5513=FACE_BOUND('',#3451,.T.);
#5514=FACE_BOUND('',#3452,.T.);
#5515=FACE_BOUND('',#3453,.T.);
#5516=FACE_BOUND('',#3454,.T.);
#5517=FACE_BOUND('',#3455,.T.);
#5518=FACE_BOUND('',#3456,.T.);
#5519=FACE_BOUND('',#3457,.T.);
#5520=FACE_BOUND('',#3458,.T.);
#5521=FACE_BOUND('',#3459,.T.);
#5522=FACE_BOUND('',#3460,.T.);
#5523=FACE_BOUND('',#3461,.T.);
#5524=FACE_BOUND('',#3462,.T.);
#5525=FACE_BOUND('',#3463,.T.);
#5526=FACE_BOUND('',#3464,.T.);
#5527=FACE_BOUND('',#3465,.T.);
#5528=FACE_BOUND('',#3466,.T.);
#5529=FACE_BOUND('',#3467,.T.);
#5530=FACE_BOUND('',#3468,.T.);
#5531=FACE_BOUND('',#3469,.T.);
#5532=FACE_BOUND('',#3470,.T.);
#5533=FACE_BOUND('',#3471,.T.);
#5534=FACE_BOUND('',#3472,.T.);
#5535=FACE_BOUND('',#3473,.T.);
#5536=FACE_BOUND('',#3474,.T.);
#5537=FACE_BOUND('',#3475,.T.);
#5538=FACE_BOUND('',#3476,.T.);
#5539=FACE_BOUND('',#3477,.T.);
#5540=FACE_BOUND('',#3478,.T.);
#5541=FACE_BOUND('',#3479,.T.);
#5542=FACE_BOUND('',#3480,.T.);
#5543=FACE_BOUND('',#3481,.T.);
#5544=FACE_BOUND('',#3482,.T.);
#5545=FACE_BOUND('',#3483,.T.);
#5546=FACE_BOUND('',#3484,.T.);
#5547=FACE_BOUND('',#3485,.T.);
#5548=FACE_BOUND('',#3486,.T.);
#5549=FACE_BOUND('',#3487,.T.);
#5550=FACE_BOUND('',#3488,.T.);
#5551=FACE_BOUND('',#3489,.T.);
#5552=FACE_BOUND('',#3490,.T.);
#5553=FACE_BOUND('',#3491,.T.);
#5554=FACE_BOUND('',#3492,.T.);
#5555=FACE_BOUND('',#3493,.T.);
#5556=FACE_BOUND('',#3494,.T.);
#5557=FACE_BOUND('',#3495,.T.);
#5558=FACE_BOUND('',#3496,.T.);
#5559=FACE_BOUND('',#3497,.T.);
#5560=FACE_BOUND('',#3498,.T.);
#5561=FACE_BOUND('',#3499,.T.);
#5562=FACE_BOUND('',#3500,.T.);
#5563=FACE_BOUND('',#3501,.T.);
#5564=FACE_BOUND('',#3502,.T.);
#5565=FACE_BOUND('',#3503,.T.);
#5566=FACE_BOUND('',#3504,.T.);
#5567=FACE_BOUND('',#3505,.T.);
#5568=FACE_BOUND('',#3506,.T.);
#5569=FACE_BOUND('',#3507,.T.);
#5570=FACE_BOUND('',#3508,.T.);
#5571=FACE_BOUND('',#3509,.T.);
#5572=FACE_BOUND('',#3510,.T.);
#5573=FACE_BOUND('',#3511,.T.);
#5574=FACE_BOUND('',#3512,.T.);
#5575=FACE_BOUND('',#3513,.T.);
#5576=FACE_BOUND('',#3514,.T.);
#5577=FACE_BOUND('',#3515,.T.);
#5578=FACE_BOUND('',#3516,.T.);
#5579=FACE_BOUND('',#3517,.T.);
#5580=FACE_BOUND('',#3518,.T.);
#5581=FACE_BOUND('',#3519,.T.);
#5582=FACE_BOUND('',#3520,.T.);
#5583=FACE_BOUND('',#3521,.T.);
#5584=FACE_BOUND('',#3522,.T.);
#5585=FACE_BOUND('',#3523,.T.);
#5586=FACE_BOUND('',#3524,.T.);
#5587=FACE_BOUND('',#3525,.T.);
#5588=FACE_BOUND('',#3526,.T.);
#5589=FACE_BOUND('',#3527,.T.);
#5590=FACE_BOUND('',#3528,.T.);
#5591=FACE_BOUND('',#3529,.T.);
#5592=FACE_BOUND('',#3530,.T.);
#5593=FACE_BOUND('',#3531,.T.);
#5594=FACE_BOUND('',#3532,.T.);
#5595=FACE_BOUND('',#3533,.T.);
#5596=FACE_BOUND('',#3534,.T.);
#5597=FACE_BOUND('',#3535,.T.);
#5598=FACE_BOUND('',#3536,.T.);
#5599=FACE_BOUND('',#3537,.T.);
#5600=FACE_BOUND('',#3538,.T.);
#5601=FACE_BOUND('',#3539,.T.);
#5602=FACE_BOUND('',#3540,.T.);
#5603=FACE_BOUND('',#3541,.T.);
#5604=FACE_BOUND('',#3542,.T.);
#5605=FACE_BOUND('',#3543,.T.);
#5606=FACE_BOUND('',#3544,.T.);
#5607=FACE_BOUND('',#3545,.T.);
#5608=FACE_BOUND('',#3546,.T.);
#5609=FACE_BOUND('',#3547,.T.);
#5610=FACE_BOUND('',#3548,.T.);
#5611=FACE_BOUND('',#3549,.T.);
#5612=FACE_BOUND('',#3550,.T.);
#5613=FACE_BOUND('',#3551,.T.);
#5614=FACE_BOUND('',#3552,.T.);
#5615=FACE_BOUND('',#3553,.T.);
#5616=FACE_BOUND('',#3554,.T.);
#5617=FACE_BOUND('',#3555,.T.);
#5618=FACE_BOUND('',#3556,.T.);
#5619=FACE_BOUND('',#3557,.T.);
#5620=FACE_BOUND('',#3558,.T.);
#5621=FACE_BOUND('',#3559,.T.);
#5622=FACE_BOUND('',#3560,.T.);
#5623=FACE_BOUND('',#3561,.T.);
#5624=FACE_BOUND('',#3562,.T.);
#5625=FACE_BOUND('',#3563,.T.);
#5626=FACE_BOUND('',#3564,.T.);
#5627=FACE_BOUND('',#3565,.T.);
#5628=FACE_BOUND('',#3566,.T.);
#5629=FACE_BOUND('',#3567,.T.);
#5630=FACE_BOUND('',#3568,.T.);
#5631=FACE_BOUND('',#3569,.T.);
#5632=FACE_BOUND('',#3570,.T.);
#5633=FACE_BOUND('',#3571,.T.);
#5634=FACE_BOUND('',#3572,.T.);
#5635=FACE_BOUND('',#3573,.T.);
#5636=FACE_BOUND('',#3574,.T.);
#5637=FACE_BOUND('',#3575,.T.);
#5638=FACE_BOUND('',#3576,.T.);
#5639=FACE_BOUND('',#3577,.T.);
#5640=FACE_BOUND('',#3578,.T.);
#5641=FACE_BOUND('',#3579,.T.);
#5642=FACE_BOUND('',#3580,.T.);
#5643=FACE_BOUND('',#3581,.T.);
#5644=FACE_BOUND('',#4738,.T.);
#5645=FACE_BOUND('',#3582,.T.);
#5646=FACE_BOUND('',#3583,.T.);
#5647=FACE_BOUND('',#3584,.T.);
#5648=FACE_BOUND('',#4739,.T.);
#5649=FACE_BOUND('',#3585,.T.);
#5650=FACE_BOUND('',#3586,.T.);
#5651=FACE_BOUND('',#3587,.T.);
#5652=FACE_BOUND('',#4740,.T.);
#5653=FACE_BOUND('',#3588,.T.);
#5654=FACE_BOUND('',#3589,.T.);
#5655=FACE_BOUND('',#3590,.T.);
#5656=FACE_BOUND('',#4741,.T.);
#5657=FACE_BOUND('',#3591,.T.);
#5658=FACE_BOUND('',#3592,.T.);
#5659=FACE_BOUND('',#3593,.T.);
#5660=FACE_BOUND('',#4742,.T.);
#5661=FACE_BOUND('',#3594,.T.);
#5662=FACE_BOUND('',#3595,.T.);
#5663=FACE_BOUND('',#3596,.T.);
#5664=FACE_BOUND('',#4743,.T.);
#5665=FACE_BOUND('',#3597,.T.);
#5666=FACE_BOUND('',#3598,.T.);
#5667=FACE_BOUND('',#3599,.T.);
#5668=FACE_BOUND('',#4744,.T.);
#5669=FACE_BOUND('',#3600,.T.);
#5670=FACE_BOUND('',#3601,.T.);
#5671=FACE_BOUND('',#3602,.T.);
#5672=FACE_BOUND('',#4745,.T.);
#5673=FACE_BOUND('',#3603,.T.);
#5674=FACE_BOUND('',#3604,.T.);
#5675=FACE_BOUND('',#3605,.T.);
#5676=FACE_BOUND('',#3606,.T.);
#5677=FACE_BOUND('',#3607,.T.);
#5678=FACE_BOUND('',#3608,.T.);
#5679=FACE_BOUND('',#3609,.T.);
#5680=FACE_BOUND('',#3610,.T.);
#5681=FACE_BOUND('',#3611,.T.);
#5682=FACE_BOUND('',#3612,.T.);
#5683=FACE_BOUND('',#3613,.T.);
#5684=FACE_BOUND('',#3614,.T.);
#5685=FACE_BOUND('',#3615,.T.);
#5686=FACE_BOUND('',#3616,.T.);
#5687=FACE_BOUND('',#3617,.T.);
#5688=FACE_BOUND('',#3618,.T.);
#5689=FACE_BOUND('',#3619,.T.);
#5690=FACE_BOUND('',#3620,.T.);
#5691=FACE_BOUND('',#3621,.T.);
#5692=FACE_BOUND('',#3622,.T.);
#5693=FACE_BOUND('',#3623,.T.);
#5694=FACE_BOUND('',#3624,.T.);
#5695=FACE_BOUND('',#3625,.T.);
#5696=FACE_BOUND('',#3626,.T.);
#5697=FACE_BOUND('',#3627,.T.);
#5698=FACE_BOUND('',#3628,.T.);
#5699=FACE_BOUND('',#3629,.T.);
#5700=FACE_BOUND('',#3630,.T.);
#5701=FACE_BOUND('',#3631,.T.);
#5702=FACE_BOUND('',#3632,.T.);
#5703=FACE_BOUND('',#3633,.T.);
#5704=FACE_BOUND('',#3634,.T.);
#5705=FACE_BOUND('',#3635,.T.);
#5706=FACE_BOUND('',#3636,.T.);
#5707=FACE_BOUND('',#3637,.T.);
#5708=FACE_BOUND('',#3638,.T.);
#5709=FACE_BOUND('',#3639,.T.);
#5710=FACE_BOUND('',#3640,.T.);
#5711=FACE_BOUND('',#3641,.T.);
#5712=FACE_BOUND('',#3642,.T.);
#5713=FACE_BOUND('',#3643,.T.);
#5714=FACE_BOUND('',#3644,.T.);
#5715=FACE_BOUND('',#3645,.T.);
#5716=FACE_BOUND('',#3646,.T.);
#5717=FACE_BOUND('',#3647,.T.);
#5718=FACE_BOUND('',#3648,.T.);
#5719=FACE_BOUND('',#3649,.T.);
#5720=FACE_BOUND('',#3650,.T.);
#5721=FACE_BOUND('',#3651,.T.);
#5722=FACE_BOUND('',#3652,.T.);
#5723=FACE_BOUND('',#3653,.T.);
#5724=FACE_BOUND('',#3654,.T.);
#5725=FACE_BOUND('',#3655,.T.);
#5726=FACE_BOUND('',#3656,.T.);
#5727=FACE_BOUND('',#3657,.T.);
#5728=FACE_BOUND('',#3658,.T.);
#5729=FACE_BOUND('',#3659,.T.);
#5730=FACE_BOUND('',#3660,.T.);
#5731=FACE_BOUND('',#3661,.T.);
#5732=FACE_BOUND('',#3662,.T.);
#5733=FACE_BOUND('',#3663,.T.);
#5734=FACE_BOUND('',#4746,.T.);
#5735=FACE_BOUND('',#3664,.T.);
#5736=FACE_BOUND('',#3665,.T.);
#5737=FACE_BOUND('',#3666,.T.);
#5738=FACE_BOUND('',#4747,.T.);
#5739=FACE_BOUND('',#3667,.T.);
#5740=FACE_BOUND('',#3668,.T.);
#5741=FACE_BOUND('',#3669,.T.);
#5742=FACE_BOUND('',#4748,.T.);
#5743=FACE_BOUND('',#3670,.T.);
#5744=FACE_BOUND('',#3671,.T.);
#5745=FACE_BOUND('',#3672,.T.);
#5746=FACE_BOUND('',#4749,.T.);
#5747=FACE_BOUND('',#3673,.T.);
#5748=FACE_BOUND('',#3674,.T.);
#5749=FACE_BOUND('',#3675,.T.);
#5750=FACE_BOUND('',#4750,.T.);
#5751=FACE_BOUND('',#3676,.T.);
#5752=FACE_BOUND('',#3677,.T.);
#5753=FACE_BOUND('',#3678,.T.);
#5754=FACE_BOUND('',#4751,.T.);
#5755=FACE_BOUND('',#3679,.T.);
#5756=FACE_BOUND('',#3680,.T.);
#5757=FACE_BOUND('',#3681,.T.);
#5758=FACE_BOUND('',#4752,.T.);
#5759=FACE_BOUND('',#3682,.T.);
#5760=FACE_BOUND('',#3683,.T.);
#5761=FACE_BOUND('',#3684,.T.);
#5762=FACE_BOUND('',#4753,.T.);
#5763=FACE_BOUND('',#3685,.T.);
#5764=FACE_BOUND('',#3686,.T.);
#5765=FACE_BOUND('',#3687,.T.);
#5766=FACE_BOUND('',#4754,.T.);
#5767=FACE_BOUND('',#3688,.T.);
#5768=FACE_BOUND('',#3689,.T.);
#5769=FACE_BOUND('',#3690,.T.);
#5770=FACE_BOUND('',#4755,.T.);
#5771=FACE_BOUND('',#3691,.T.);
#5772=FACE_BOUND('',#3692,.T.);
#5773=FACE_BOUND('',#3693,.T.);
#5774=FACE_BOUND('',#4756,.T.);
#5775=FACE_BOUND('',#3694,.T.);
#5776=FACE_BOUND('',#3695,.T.);
#5777=FACE_BOUND('',#3696,.T.);
#5778=FACE_BOUND('',#4757,.T.);
#5779=FACE_BOUND('',#3697,.T.);
#5780=FACE_BOUND('',#3698,.T.);
#5781=FACE_BOUND('',#3699,.T.);
#5782=FACE_BOUND('',#4758,.T.);
#5783=FACE_BOUND('',#3700,.T.);
#5784=FACE_BOUND('',#3701,.T.);
#5785=FACE_BOUND('',#3702,.T.);
#5786=FACE_BOUND('',#4759,.T.);
#5787=FACE_BOUND('',#3703,.T.);
#5788=FACE_BOUND('',#3704,.T.);
#5789=FACE_BOUND('',#3705,.T.);
#5790=FACE_BOUND('',#4760,.T.);
#5791=FACE_BOUND('',#3706,.T.);
#5792=FACE_BOUND('',#3707,.T.);
#5793=FACE_BOUND('',#3708,.T.);
#5794=FACE_BOUND('',#4761,.T.);
#5795=FACE_BOUND('',#3709,.T.);
#5796=FACE_BOUND('',#3710,.T.);
#5797=FACE_BOUND('',#3711,.T.);
#5798=FACE_BOUND('',#4762,.T.);
#5799=FACE_BOUND('',#3712,.T.);
#5800=FACE_BOUND('',#3713,.T.);
#5801=FACE_BOUND('',#3714,.T.);
#5802=FACE_BOUND('',#4763,.T.);
#5803=FACE_BOUND('',#3715,.T.);
#5804=FACE_BOUND('',#3716,.T.);
#5805=FACE_BOUND('',#3717,.T.);
#5806=FACE_BOUND('',#4764,.T.);
#5807=FACE_BOUND('',#3718,.T.);
#5808=FACE_BOUND('',#3719,.T.);
#5809=FACE_BOUND('',#3720,.T.);
#5810=FACE_BOUND('',#4765,.T.);
#5811=FACE_BOUND('',#3721,.T.);
#5812=FACE_BOUND('',#3722,.T.);
#5813=FACE_BOUND('',#3723,.T.);
#5814=FACE_BOUND('',#3724,.T.);
#5815=FACE_BOUND('',#3725,.T.);
#5816=FACE_BOUND('',#3726,.T.);
#5817=FACE_BOUND('',#3727,.T.);
#5818=FACE_BOUND('',#4766,.T.);
#5819=FACE_BOUND('',#3728,.T.);
#5820=FACE_BOUND('',#3729,.T.);
#5821=FACE_BOUND('',#3730,.T.);
#5822=FACE_BOUND('',#4767,.T.);
#5823=FACE_BOUND('',#3731,.T.);
#5824=FACE_BOUND('',#3732,.T.);
#5825=FACE_BOUND('',#3733,.T.);
#5826=FACE_BOUND('',#4768,.T.);
#5827=FACE_BOUND('',#3734,.T.);
#5828=FACE_BOUND('',#3735,.T.);
#5829=FACE_BOUND('',#3736,.T.);
#5830=FACE_BOUND('',#4769,.T.);
#5831=FACE_BOUND('',#3737,.T.);
#5832=FACE_BOUND('',#3738,.T.);
#5833=FACE_BOUND('',#3739,.T.);
#5834=FACE_BOUND('',#4770,.T.);
#5835=FACE_BOUND('',#3740,.T.);
#5836=FACE_BOUND('',#3741,.T.);
#5837=FACE_BOUND('',#3742,.T.);
#5838=FACE_BOUND('',#4771,.T.);
#5839=FACE_BOUND('',#3743,.T.);
#5840=FACE_BOUND('',#3744,.T.);
#5841=FACE_BOUND('',#3745,.T.);
#5842=FACE_BOUND('',#3746,.T.);
#5843=FACE_BOUND('',#3747,.T.);
#5844=FACE_BOUND('',#3748,.T.);
#5845=FACE_BOUND('',#3749,.T.);
#5846=FACE_BOUND('',#4772,.T.);
#5847=FACE_BOUND('',#3750,.T.);
#5848=FACE_BOUND('',#3751,.T.);
#5849=FACE_BOUND('',#3752,.T.);
#5850=FACE_BOUND('',#4773,.T.);
#5851=FACE_BOUND('',#3753,.T.);
#5852=FACE_BOUND('',#3754,.T.);
#5853=FACE_BOUND('',#3755,.T.);
#5854=FACE_BOUND('',#4774,.T.);
#5855=FACE_BOUND('',#3756,.T.);
#5856=FACE_BOUND('',#3757,.T.);
#5857=FACE_BOUND('',#3758,.T.);
#5858=FACE_BOUND('',#4775,.T.);
#5859=FACE_BOUND('',#3759,.T.);
#5860=FACE_BOUND('',#3760,.T.);
#5861=FACE_BOUND('',#3761,.T.);
#5862=FACE_BOUND('',#4776,.T.);
#5863=FACE_BOUND('',#3762,.T.);
#5864=FACE_BOUND('',#3763,.T.);
#5865=FACE_BOUND('',#3764,.T.);
#5866=FACE_BOUND('',#4777,.T.);
#5867=FACE_BOUND('',#3765,.T.);
#5868=FACE_BOUND('',#3766,.T.);
#5869=FACE_BOUND('',#3767,.T.);
#5870=FACE_BOUND('',#4778,.T.);
#5871=FACE_BOUND('',#3768,.T.);
#5872=FACE_BOUND('',#3769,.T.);
#5873=FACE_BOUND('',#3770,.T.);
#5874=FACE_BOUND('',#4779,.T.);
#5875=FACE_BOUND('',#3771,.T.);
#5876=FACE_BOUND('',#3772,.T.);
#5877=FACE_BOUND('',#3773,.T.);
#5878=FACE_BOUND('',#4780,.T.);
#5879=FACE_BOUND('',#3774,.T.);
#5880=FACE_BOUND('',#3775,.T.);
#5881=FACE_BOUND('',#3776,.T.);
#5882=FACE_BOUND('',#4781,.T.);
#5883=FACE_BOUND('',#3777,.T.);
#5884=FACE_BOUND('',#3778,.T.);
#5885=FACE_BOUND('',#3779,.T.);
#5886=FACE_BOUND('',#4782,.T.);
#5887=FACE_BOUND('',#3780,.T.);
#5888=FACE_BOUND('',#3781,.T.);
#5889=FACE_BOUND('',#3782,.T.);
#5890=FACE_BOUND('',#4783,.T.);
#5891=FACE_BOUND('',#3783,.T.);
#5892=FACE_BOUND('',#3784,.T.);
#5893=FACE_BOUND('',#3785,.T.);
#5894=FACE_BOUND('',#4784,.T.);
#5895=FACE_BOUND('',#3786,.T.);
#5896=FACE_BOUND('',#3787,.T.);
#5897=FACE_BOUND('',#3788,.T.);
#5898=FACE_BOUND('',#4785,.T.);
#5899=FACE_BOUND('',#3789,.T.);
#5900=FACE_BOUND('',#3790,.T.);
#5901=FACE_BOUND('',#3791,.T.);
#5902=FACE_BOUND('',#4786,.T.);
#5903=FACE_BOUND('',#3792,.T.);
#5904=FACE_BOUND('',#3793,.T.);
#5905=FACE_BOUND('',#3794,.T.);
#5906=FACE_BOUND('',#4787,.T.);
#5907=FACE_BOUND('',#3795,.T.);
#5908=FACE_BOUND('',#3796,.T.);
#5909=FACE_BOUND('',#3797,.T.);
#5910=FACE_BOUND('',#4788,.T.);
#5911=FACE_BOUND('',#3798,.T.);
#5912=FACE_BOUND('',#3799,.T.);
#5913=FACE_BOUND('',#3800,.T.);
#5914=FACE_BOUND('',#4789,.T.);
#5915=FACE_BOUND('',#3801,.T.);
#5916=FACE_BOUND('',#3802,.T.);
#5917=FACE_BOUND('',#3803,.T.);
#5918=FACE_BOUND('',#4790,.T.);
#5919=FACE_BOUND('',#3804,.T.);
#5920=FACE_BOUND('',#3805,.T.);
#5921=FACE_BOUND('',#3806,.T.);
#5922=FACE_BOUND('',#4791,.T.);
#5923=FACE_BOUND('',#3807,.T.);
#5924=FACE_BOUND('',#3808,.T.);
#5925=FACE_BOUND('',#3809,.T.);
#5926=FACE_BOUND('',#4792,.T.);
#5927=FACE_BOUND('',#3810,.T.);
#5928=FACE_BOUND('',#3811,.T.);
#5929=FACE_BOUND('',#3812,.T.);
#5930=FACE_BOUND('',#4793,.T.);
#5931=FACE_BOUND('',#3813,.T.);
#5932=FACE_BOUND('',#3814,.T.);
#5933=FACE_BOUND('',#3815,.T.);
#5934=FACE_BOUND('',#4794,.T.);
#5935=FACE_BOUND('',#3816,.T.);
#5936=FACE_BOUND('',#3817,.T.);
#5937=FACE_BOUND('',#3818,.T.);
#5938=FACE_BOUND('',#4795,.T.);
#5939=FACE_BOUND('',#3819,.T.);
#5940=FACE_BOUND('',#3820,.T.);
#5941=FACE_BOUND('',#3821,.T.);
#5942=FACE_BOUND('',#4796,.T.);
#5943=FACE_BOUND('',#3822,.T.);
#5944=FACE_BOUND('',#3823,.T.);
#5945=FACE_BOUND('',#3824,.T.);
#5946=FACE_BOUND('',#4797,.T.);
#5947=FACE_BOUND('',#3825,.T.);
#5948=FACE_BOUND('',#3826,.T.);
#5949=FACE_BOUND('',#3827,.T.);
#5950=FACE_BOUND('',#4798,.T.);
#5951=FACE_BOUND('',#3828,.T.);
#5952=FACE_BOUND('',#3829,.T.);
#5953=FACE_BOUND('',#3830,.T.);
#5954=FACE_BOUND('',#4799,.T.);
#5955=FACE_BOUND('',#3831,.T.);
#5956=FACE_BOUND('',#3832,.T.);
#5957=FACE_BOUND('',#3833,.T.);
#5958=FACE_BOUND('',#4800,.T.);
#5959=FACE_BOUND('',#3834,.T.);
#5960=FACE_BOUND('',#3835,.T.);
#5961=FACE_BOUND('',#3836,.T.);
#5962=FACE_BOUND('',#4801,.T.);
#5963=FACE_BOUND('',#3837,.T.);
#5964=FACE_BOUND('',#3838,.T.);
#5965=FACE_BOUND('',#3839,.T.);
#5966=FACE_BOUND('',#4802,.T.);
#5967=FACE_BOUND('',#3840,.T.);
#5968=FACE_BOUND('',#3841,.T.);
#5969=FACE_BOUND('',#3842,.T.);
#5970=FACE_BOUND('',#4803,.T.);
#5971=FACE_BOUND('',#3843,.T.);
#5972=FACE_BOUND('',#3844,.T.);
#5973=FACE_BOUND('',#3845,.T.);
#5974=FACE_BOUND('',#4804,.T.);
#5975=FACE_BOUND('',#3846,.T.);
#5976=FACE_BOUND('',#3847,.T.);
#5977=FACE_BOUND('',#3848,.T.);
#5978=FACE_BOUND('',#4805,.T.);
#5979=FACE_BOUND('',#3849,.T.);
#5980=FACE_BOUND('',#3850,.T.);
#5981=FACE_BOUND('',#3851,.T.);
#5982=FACE_BOUND('',#4806,.T.);
#5983=FACE_BOUND('',#3852,.T.);
#5984=FACE_BOUND('',#3853,.T.);
#5985=FACE_BOUND('',#3854,.T.);
#5986=FACE_BOUND('',#4807,.T.);
#5987=FACE_BOUND('',#3855,.T.);
#5988=FACE_BOUND('',#3856,.T.);
#5989=FACE_BOUND('',#3857,.T.);
#5990=FACE_BOUND('',#4808,.T.);
#5991=FACE_BOUND('',#3858,.T.);
#5992=FACE_BOUND('',#3859,.T.);
#5993=FACE_BOUND('',#3860,.T.);
#5994=FACE_BOUND('',#4809,.T.);
#5995=FACE_BOUND('',#3861,.T.);
#5996=FACE_BOUND('',#3862,.T.);
#5997=FACE_BOUND('',#3863,.T.);
#5998=FACE_BOUND('',#4810,.T.);
#5999=FACE_BOUND('',#3864,.T.);
#6000=FACE_BOUND('',#3865,.T.);
#6001=FACE_BOUND('',#3866,.T.);
#6002=FACE_BOUND('',#4811,.T.);
#6003=FACE_BOUND('',#3867,.T.);
#6004=FACE_BOUND('',#3868,.T.);
#6005=FACE_BOUND('',#3869,.T.);
#6006=FACE_BOUND('',#4812,.T.);
#6007=FACE_BOUND('',#3870,.T.);
#6008=FACE_BOUND('',#3871,.T.);
#6009=FACE_BOUND('',#3872,.T.);
#6010=FACE_BOUND('',#4813,.T.);
#6011=FACE_BOUND('',#3873,.T.);
#6012=FACE_BOUND('',#3874,.T.);
#6013=FACE_BOUND('',#3875,.T.);
#6014=FACE_BOUND('',#4814,.T.);
#6015=FACE_BOUND('',#3876,.T.);
#6016=FACE_BOUND('',#3877,.T.);
#6017=FACE_BOUND('',#3878,.T.);
#6018=FACE_BOUND('',#4815,.T.);
#6019=FACE_BOUND('',#3879,.T.);
#6020=FACE_BOUND('',#3880,.T.);
#6021=FACE_BOUND('',#3881,.T.);
#6022=FACE_BOUND('',#4816,.T.);
#6023=FACE_BOUND('',#3882,.T.);
#6024=FACE_BOUND('',#3883,.T.);
#6025=FACE_BOUND('',#3884,.T.);
#6026=CONICAL_SURFACE('',#6760,0.0025527,1.02974425867666);
#6027=CONICAL_SURFACE('',#6762,0.0025527,1.02974425867666);
#6028=CONICAL_SURFACE('',#6764,0.0025527,1.02974425867666);
#6029=CONICAL_SURFACE('',#6766,0.0025527,1.02974425867666);
#6030=CONICAL_SURFACE('',#6776,0.0025527,1.02974425867665);
#6031=CONICAL_SURFACE('',#6778,0.0025527,1.02974425867665);
#6032=CONICAL_SURFACE('',#6780,0.0025527,1.02974425867665);
#6033=CONICAL_SURFACE('',#6782,0.0025527,1.02974425867665);
#6034=CONICAL_SURFACE('',#6784,0.0025527,1.02974425867665);
#6035=CONICAL_SURFACE('',#6786,0.0025527,1.02974425867665);
#6036=CONICAL_SURFACE('',#6803,0.0020193,1.02974425867665);
#6037=CONICAL_SURFACE('',#6805,0.0020193,1.02974425867665);
#6038=CONICAL_SURFACE('',#6807,0.0020193,1.02974425867665);
#6039=CONICAL_SURFACE('',#6809,0.0020193,1.02974425867665);
#6040=CONICAL_SURFACE('',#6811,0.0020193,1.02974425867665);
#6041=CONICAL_SURFACE('',#6813,0.0020193,1.02974425867665);
#6042=CONICAL_SURFACE('',#6839,0.0020193,1.02974425867665);
#6043=CONICAL_SURFACE('',#6841,0.0020193,1.02974425867665);
#6044=CONICAL_SURFACE('',#6843,0.0020193,1.02974425867665);
#6045=CONICAL_SURFACE('',#6845,0.0020193,1.02974425867665);
#6046=CONICAL_SURFACE('',#6847,0.0020193,1.02974425867665);
#6047=CONICAL_SURFACE('',#6849,0.0020193,1.02974425867665);
#6048=CONICAL_SURFACE('',#6870,0.0020193,1.02974425867665);
#6049=CONICAL_SURFACE('',#6872,0.0020193,1.02974425867665);
#6050=CONICAL_SURFACE('',#6874,0.0020193,1.02974425867665);
#6051=CONICAL_SURFACE('',#6876,0.0020193,1.02974425867665);
#6052=CONICAL_SURFACE('',#6878,0.0020193,1.02974425867665);
#6053=CONICAL_SURFACE('',#6880,0.0020193,1.02974425867665);
#6054=CONICAL_SURFACE('',#6899,0.0020193,1.02974425867665);
#6055=CONICAL_SURFACE('',#6901,0.0020193,1.02974425867665);
#6056=CONICAL_SURFACE('',#6903,0.0020193,1.02974425867665);
#6057=CONICAL_SURFACE('',#6905,0.0020193,1.02974425867665);
#6058=CONICAL_SURFACE('',#6907,0.0020193,1.02974425867665);
#6059=CONICAL_SURFACE('',#6909,0.0020193,1.02974425867665);
#6060=CONICAL_SURFACE('',#6911,0.0020193,1.02974425867665);
#6061=CONICAL_SURFACE('',#6913,0.0020193,1.02974425867665);
#6062=CONICAL_SURFACE('',#6937,0.0020193,1.02974425867665);
#6063=CONICAL_SURFACE('',#6939,0.0020193,1.02974425867665);
#6064=CONICAL_SURFACE('',#6941,0.0020193,1.02974425867665);
#6065=CONICAL_SURFACE('',#6943,0.0020193,1.02974425867665);
#6066=CONICAL_SURFACE('',#6945,0.0020193,1.02974425867665);
#6067=CONICAL_SURFACE('',#6947,0.0020193,1.02974425867665);
#6068=CONICAL_SURFACE('',#6949,0.0020193,1.02974425867665);
#6069=CONICAL_SURFACE('',#6951,0.0020193,1.02974425867665);
#6070=CONICAL_SURFACE('',#6975,0.0020193,1.02974425867665);
#6071=CONICAL_SURFACE('',#6977,0.0020193,1.02974425867665);
#6072=CONICAL_SURFACE('',#6979,0.0020193,1.02974425867665);
#6073=CONICAL_SURFACE('',#6981,0.0020193,1.02974425867665);
#6074=CONICAL_SURFACE('',#6983,0.0020193,1.02974425867665);
#6075=CONICAL_SURFACE('',#6985,0.0020193,1.02974425867665);
#6076=CONICAL_SURFACE('',#6987,0.0020193,1.02974425867665);
#6077=CONICAL_SURFACE('',#6989,0.0020193,1.02974425867665);
#6078=CONICAL_SURFACE('',#7013,0.0020193,1.02974425867665);
#6079=CONICAL_SURFACE('',#7015,0.0020193,1.02974425867665);
#6080=CONICAL_SURFACE('',#7017,0.0020193,1.02974425867665);
#6081=CONICAL_SURFACE('',#7019,0.0020193,1.02974425867665);
#6082=CONICAL_SURFACE('',#7021,0.0020193,1.02974425867665);
#6083=CONICAL_SURFACE('',#7023,0.0020193,1.02974425867665);
#6084=CONICAL_SURFACE('',#7025,0.0020193,1.02974425867665);
#6085=CONICAL_SURFACE('',#7027,0.0020193,1.02974425867665);
#6086=CONICAL_SURFACE('',#7051,0.0020193,1.02974425867665);
#6087=CONICAL_SURFACE('',#7053,0.0020193,1.02974425867665);
#6088=CONICAL_SURFACE('',#7055,0.0020193,1.02974425867665);
#6089=CONICAL_SURFACE('',#7057,0.0020193,1.02974425867665);
#6090=CONICAL_SURFACE('',#7059,0.0020193,1.02974425867665);
#6091=CONICAL_SURFACE('',#7061,0.0020193,1.02974425867665);
#6092=CONICAL_SURFACE('',#7063,0.0020193,1.02974425867665);
#6093=CONICAL_SURFACE('',#7065,0.0020193,1.02974425867665);
#6094=CONICAL_SURFACE('',#7089,0.0020193,1.02974425867665);
#6095=CONICAL_SURFACE('',#7091,0.0020193,1.02974425867665);
#6096=CONICAL_SURFACE('',#7093,0.0020193,1.02974425867665);
#6097=CONICAL_SURFACE('',#7095,0.0020193,1.02974425867665);
#6098=CONICAL_SURFACE('',#7097,0.0020193,1.02974425867665);
#6099=CONICAL_SURFACE('',#7099,0.0020193,1.02974425867665);
#6100=CONICAL_SURFACE('',#7101,0.0020193,1.02974425867665);
#6101=CONICAL_SURFACE('',#7103,0.0020193,1.02974425867665);
#6102=CONICAL_SURFACE('',#7127,0.0020193,1.02974425867665);
#6103=CONICAL_SURFACE('',#7129,0.0020193,1.02974425867665);
#6104=CONICAL_SURFACE('',#7131,0.0020193,1.02974425867665);
#6105=CONICAL_SURFACE('',#7133,0.0020193,1.02974425867665);
#6106=CONICAL_SURFACE('',#7135,0.0020193,1.02974425867665);
#6107=CONICAL_SURFACE('',#7137,0.0020193,1.02974425867665);
#6108=CONICAL_SURFACE('',#7139,0.0020193,1.02974425867665);
#6109=CONICAL_SURFACE('',#7141,0.0020193,1.02974425867665);
#6110=CONICAL_SURFACE('',#7165,0.0020193,1.02974425867665);
#6111=CONICAL_SURFACE('',#7167,0.0020193,1.02974425867665);
#6112=CONICAL_SURFACE('',#7169,0.0020193,1.02974425867665);
#6113=CONICAL_SURFACE('',#7171,0.0020193,1.02974425867665);
#6114=CONICAL_SURFACE('',#7173,0.0020193,1.02974425867665);
#6115=CONICAL_SURFACE('',#7175,0.0020193,1.02974425867665);
#6116=CONICAL_SURFACE('',#7177,0.0020193,1.02974425867665);
#6117=CONICAL_SURFACE('',#7179,0.0020193,1.02974425867665);
#6118=CONICAL_SURFACE('',#7203,0.0020193,1.02974425867665);
#6119=CONICAL_SURFACE('',#7205,0.0020193,1.02974425867665);
#6120=CONICAL_SURFACE('',#7207,0.0020193,1.02974425867665);
#6121=CONICAL_SURFACE('',#7209,0.0020193,1.02974425867665);
#6122=CONICAL_SURFACE('',#7211,0.0020193,1.02974425867665);
#6123=CONICAL_SURFACE('',#7213,0.0020193,1.02974425867665);
#6124=CONICAL_SURFACE('',#7215,0.0020193,1.02974425867665);
#6125=CONICAL_SURFACE('',#7217,0.0020193,1.02974425867665);
#6126=CONICAL_SURFACE('',#7241,0.0020193,1.02974425867665);
#6127=CONICAL_SURFACE('',#7243,0.0020193,1.02974425867665);
#6128=CONICAL_SURFACE('',#7245,0.0020193,1.02974425867665);
#6129=CONICAL_SURFACE('',#7247,0.0020193,1.02974425867665);
#6130=CONICAL_SURFACE('',#7249,0.0020193,1.02974425867665);
#6131=CONICAL_SURFACE('',#7251,0.0020193,1.02974425867665);
#6132=CONICAL_SURFACE('',#7253,0.0020193,1.02974425867665);
#6133=CONICAL_SURFACE('',#7255,0.0020193,1.02974425867665);
#6134=CONICAL_SURFACE('',#7279,0.0020193,1.02974425867665);
#6135=CONICAL_SURFACE('',#7281,0.0020193,1.02974425867665);
#6136=CONICAL_SURFACE('',#7283,0.0020193,1.02974425867665);
#6137=CONICAL_SURFACE('',#7285,0.0020193,1.02974425867665);
#6138=CONICAL_SURFACE('',#7287,0.0020193,1.02974425867665);
#6139=CONICAL_SURFACE('',#7289,0.0020193,1.02974425867665);
#6140=CONICAL_SURFACE('',#7291,0.0020193,1.02974425867665);
#6141=CONICAL_SURFACE('',#7293,0.0020193,1.02974425867665);
#6142=CONICAL_SURFACE('',#7535,0.0021,1.02974425867665);
#6143=CONICAL_SURFACE('',#7538,0.0021,1.02974425867665);
#6144=CONICAL_SURFACE('',#7541,0.0021,1.02974425867665);
#6145=CONICAL_SURFACE('',#7544,0.0021,1.02974425867665);
#6146=CONICAL_SURFACE('',#7547,0.0021,1.02974425867665);
#6147=CONICAL_SURFACE('',#7550,0.0021,1.02974425867665);
#6148=CONICAL_SURFACE('',#7553,0.0021,1.02974425867665);
#6149=CONICAL_SURFACE('',#7556,0.0021,1.02974425867665);
#6150=CONICAL_SURFACE('',#7597,0.0020193,1.02974425867665);
#6151=CONICAL_SURFACE('',#7600,0.0020193,1.02974425867665);
#6152=CONICAL_SURFACE('',#7603,0.0020193,1.02974425867665);
#6153=CONICAL_SURFACE('',#7606,0.0020193,1.02974425867665);
#6154=CONICAL_SURFACE('',#7609,0.0020193,1.02974425867665);
#6155=CONICAL_SURFACE('',#7612,0.0020193,1.02974425867665);
#6156=CONICAL_SURFACE('',#7615,0.0020193,1.02974425867665);
#6157=CONICAL_SURFACE('',#7618,0.0020193,1.02974425867665);
#6158=CONICAL_SURFACE('',#7621,0.00515,1.02974425867665);
#6159=CONICAL_SURFACE('',#7624,0.00515,1.02974425867665);
#6160=CONICAL_SURFACE('',#7627,0.00515,1.02974425867665);
#6161=CONICAL_SURFACE('',#7630,0.00515,1.02974425867665);
#6162=CONICAL_SURFACE('',#7633,0.00515,1.02974425867665);
#6163=CONICAL_SURFACE('',#7636,0.00515,1.02974425867665);
#6164=CONICAL_SURFACE('',#7639,0.00515,1.02974425867665);
#6165=CONICAL_SURFACE('',#7642,0.00515,1.02974425867665);
#6166=CONICAL_SURFACE('',#7645,0.00515,1.02974425867665);
#6167=CONICAL_SURFACE('',#7648,0.00515,1.02974425867665);
#6168=CONICAL_SURFACE('',#7651,0.00515,1.02974425867665);
#6169=CONICAL_SURFACE('',#7654,0.00515,1.02974425867665);
#6170=CONICAL_SURFACE('',#7660,0.0020193,1.02974425867665);
#6171=CONICAL_SURFACE('',#7663,0.0020193,1.02974425867665);
#6172=CONICAL_SURFACE('',#7666,0.0020193,1.02974425867665);
#6173=CONICAL_SURFACE('',#7669,0.0020193,1.02974425867665);
#6174=CONICAL_SURFACE('',#7672,0.0020193,1.02974425867665);
#6175=CONICAL_SURFACE('',#7675,0.0020193,1.02974425867665);
#6176=CONICAL_SURFACE('',#7681,0.0020193,1.02974425867665);
#6177=CONICAL_SURFACE('',#7684,0.0020193,1.02974425867665);
#6178=CONICAL_SURFACE('',#7687,0.0020193,1.02974425867665);
#6179=CONICAL_SURFACE('',#7690,0.0020193,1.02974425867665);
#6180=CONICAL_SURFACE('',#7693,0.0020193,1.02974425867665);
#6181=CONICAL_SURFACE('',#7696,0.0020193,1.02974425867665);
#6182=CONICAL_SURFACE('',#7699,0.0025527,1.02974425867665);
#6183=CONICAL_SURFACE('',#7702,0.0025527,1.02974425867665);
#6184=CONICAL_SURFACE('',#7705,0.0025527,1.02974425867665);
#6185=CONICAL_SURFACE('',#7708,0.0025527,1.02974425867665);
#6186=CONICAL_SURFACE('',#7711,0.0025527,1.02974425867665);
#6187=CONICAL_SURFACE('',#7714,0.0025527,1.02974425867665);
#6188=CONICAL_SURFACE('',#7717,0.0025527,1.02974425867666);
#6189=CONICAL_SURFACE('',#7720,0.0025527,1.02974425867666);
#6190=CONICAL_SURFACE('',#7723,0.0025527,1.02974425867666);
#6191=CONICAL_SURFACE('',#7726,0.0025527,1.02974425867666);
#6192=CONICAL_SURFACE('',#7729,0.0025527,1.02974425867665);
#6193=CONICAL_SURFACE('',#7732,0.0025527,1.02974425867665);
#6194=CONICAL_SURFACE('',#7735,0.0025527,1.02974425867665);
#6195=CONICAL_SURFACE('',#7738,0.0025527,1.02974425867665);
#6196=CONICAL_SURFACE('',#7741,0.0011303,1.02974425867665);
#6197=CONICAL_SURFACE('',#7744,0.0011303,1.02974425867665);
#6198=CONICAL_SURFACE('',#7747,0.0011303,1.02974425867665);
#6199=CONICAL_SURFACE('',#7750,0.0011303,1.02974425867665);
#6200=CONICAL_SURFACE('',#7753,0.0011303,1.02974425867665);
#6201=CONICAL_SURFACE('',#7756,0.0011303,1.02974425867665);
#6202=CONICAL_SURFACE('',#7759,0.0011303,1.02974425867665);
#6203=CONICAL_SURFACE('',#7762,0.0011303,1.02974425867665);
#6204=CONICAL_SURFACE('',#7765,0.0011303,1.02974425867665);
#6205=CONICAL_SURFACE('',#7768,0.0011303,1.02974425867665);
#6206=CONICAL_SURFACE('',#7771,0.0011303,1.02974425867665);
#6207=CONICAL_SURFACE('',#7774,0.0011303,1.02974425867665);
#6208=CONICAL_SURFACE('',#7777,0.0011303,1.02974425867665);
#6209=CONICAL_SURFACE('',#7780,0.0011303,1.02974425867665);
#6210=CONICAL_SURFACE('',#7783,0.0011303,1.02974425867665);
#6211=CONICAL_SURFACE('',#7786,0.0011303,1.02974425867665);
#6212=CONICAL_SURFACE('',#7789,0.0011303,1.02974425867665);
#6213=CONICAL_SURFACE('',#7792,0.0011303,1.02974425867665);
#6214=CONICAL_SURFACE('',#7795,0.0011303,1.02974425867665);
#6215=CONICAL_SURFACE('',#7798,0.0011303,1.02974425867665);
#6216=CONICAL_SURFACE('',#7801,0.0011303,1.02974425867665);
#6217=CONICAL_SURFACE('',#7804,0.0011303,1.02974425867665);
#6218=CONICAL_SURFACE('',#7807,0.0011303,1.02974425867665);
#6219=CONICAL_SURFACE('',#7810,0.0011303,1.02974425867665);
#6220=CONICAL_SURFACE('',#7813,0.0011303,1.02974425867665);
#6221=ADVANCED_FACE('',(#4817,#4818),#6026,.F.);
#6222=ADVANCED_FACE('',(#4819,#4820),#6027,.F.);
#6223=ADVANCED_FACE('',(#4821,#4822),#6028,.F.);
#6224=ADVANCED_FACE('',(#4823,#4824),#6029,.F.);
#6225=ADVANCED_FACE('',(#4825,#4826),#228,.F.);
#6226=ADVANCED_FACE('',(#4827,#4828),#229,.F.);
#6227=ADVANCED_FACE('',(#4829,#4830),#230,.F.);
#6228=ADVANCED_FACE('',(#4831,#4832),#231,.F.);
#6229=ADVANCED_FACE('',(#4833,#4834),#6030,.F.);
#6230=ADVANCED_FACE('',(#4835,#4836),#6031,.F.);
#6231=ADVANCED_FACE('',(#4837,#4838),#6032,.F.);
#6232=ADVANCED_FACE('',(#4839,#4840),#6033,.F.);
#6233=ADVANCED_FACE('',(#4841,#4842),#6034,.F.);
#6234=ADVANCED_FACE('',(#4843,#4844),#6035,.F.);
#6235=ADVANCED_FACE('',(#4845,#4846),#232,.F.);
#6236=ADVANCED_FACE('',(#4847,#4848),#233,.F.);
#6237=ADVANCED_FACE('',(#4849,#4850),#234,.F.);
#6238=ADVANCED_FACE('',(#4851,#4852),#235,.F.);
#6239=ADVANCED_FACE('',(#4853,#4854),#236,.F.);
#6240=ADVANCED_FACE('',(#4855,#4856),#237,.F.);
#6241=ADVANCED_FACE('',(#4857,#4858),#238,.F.);
#6242=ADVANCED_FACE('',(#4859,#4860),#6036,.F.);
#6243=ADVANCED_FACE('',(#4861,#4862),#6037,.F.);
#6244=ADVANCED_FACE('',(#4863,#4864),#6038,.F.);
#6245=ADVANCED_FACE('',(#4865,#4866),#6039,.F.);
#6246=ADVANCED_FACE('',(#4867,#4868),#6040,.F.);
#6247=ADVANCED_FACE('',(#4869,#4870),#6041,.F.);
#6248=ADVANCED_FACE('',(#4871,#4872),#239,.F.);
#6249=ADVANCED_FACE('',(#4873,#4874),#240,.F.);
#6250=ADVANCED_FACE('',(#4875,#4876),#241,.F.);
#6251=ADVANCED_FACE('',(#4877,#4878),#242,.F.);
#6252=ADVANCED_FACE('',(#4879,#4880),#243,.F.);
#6253=ADVANCED_FACE('',(#4881,#4882),#244,.F.);
#6254=ADVANCED_FACE('',(#4883,#4884),#192,.T.);
#6255=ADVANCED_FACE('',(#4885,#4886),#245,.F.);
#6256=ADVANCED_FACE('',(#4887,#4888),#246,.F.);
#6257=ADVANCED_FACE('',(#4889,#4890),#193,.T.);
#6258=ADVANCED_FACE('',(#4891,#4892),#247,.F.);
#6259=ADVANCED_FACE('',(#4893,#4894),#6042,.F.);
#6260=ADVANCED_FACE('',(#4895,#4896),#6043,.F.);
#6261=ADVANCED_FACE('',(#4897,#4898),#6044,.F.);
#6262=ADVANCED_FACE('',(#4899,#4900),#6045,.F.);
#6263=ADVANCED_FACE('',(#4901,#4902),#6046,.F.);
#6264=ADVANCED_FACE('',(#4903,#4904),#6047,.F.);
#6265=ADVANCED_FACE('',(#4905,#4906),#248,.F.);
#6266=ADVANCED_FACE('',(#4907,#4908),#249,.F.);
#6267=ADVANCED_FACE('',(#4909,#4910),#250,.F.);
#6268=ADVANCED_FACE('',(#4911,#4912),#251,.F.);
#6269=ADVANCED_FACE('',(#4913,#4914),#252,.F.);
#6270=ADVANCED_FACE('',(#4915,#4916),#253,.F.);
#6271=ADVANCED_FACE('',(#4917,#4918),#254,.F.);
#6272=ADVANCED_FACE('',(#4919,#4920),#194,.T.);
#6273=ADVANCED_FACE('',(#4921,#4922),#255,.F.);
#6274=ADVANCED_FACE('',(#4923,#4924),#6048,.F.);
#6275=ADVANCED_FACE('',(#4925,#4926),#6049,.F.);
#6276=ADVANCED_FACE('',(#4927,#4928),#6050,.F.);
#6277=ADVANCED_FACE('',(#4929,#4930),#6051,.F.);
#6278=ADVANCED_FACE('',(#4931,#4932),#6052,.F.);
#6279=ADVANCED_FACE('',(#4933,#4934),#6053,.F.);
#6280=ADVANCED_FACE('',(#4935,#4936),#256,.F.);
#6281=ADVANCED_FACE('',(#4937,#4938),#257,.F.);
#6282=ADVANCED_FACE('',(#4939,#4940),#258,.F.);
#6283=ADVANCED_FACE('',(#4941,#4942),#259,.F.);
#6284=ADVANCED_FACE('',(#4943,#4944),#260,.F.);
#6285=ADVANCED_FACE('',(#4945,#4946),#261,.F.);
#6286=ADVANCED_FACE('',(#4947,#4948),#262,.F.);
#6287=ADVANCED_FACE('',(#4949,#4950),#263,.F.);
#6288=ADVANCED_FACE('',(#4951,#4952),#6054,.F.);
#6289=ADVANCED_FACE('',(#4953,#4954),#6055,.F.);
#6290=ADVANCED_FACE('',(#4955,#4956),#6056,.F.);
#6291=ADVANCED_FACE('',(#4957,#4958),#6057,.F.);
#6292=ADVANCED_FACE('',(#4959,#4960),#6058,.F.);
#6293=ADVANCED_FACE('',(#4961,#4962),#6059,.F.);
#6294=ADVANCED_FACE('',(#4963,#4964),#6060,.F.);
#6295=ADVANCED_FACE('',(#4965,#4966),#6061,.F.);
#6296=ADVANCED_FACE('',(#4967,#4968),#264,.F.);
#6297=ADVANCED_FACE('',(#4969,#4970),#265,.F.);
#6298=ADVANCED_FACE('',(#4971,#4972),#266,.F.);
#6299=ADVANCED_FACE('',(#4973,#4974),#267,.F.);
#6300=ADVANCED_FACE('',(#4975,#4976),#268,.F.);
#6301=ADVANCED_FACE('',(#4977,#4978),#269,.F.);
#6302=ADVANCED_FACE('',(#4979,#4980),#270,.F.);
#6303=ADVANCED_FACE('',(#4981,#4982),#271,.F.);
#6304=ADVANCED_FACE('',(#4983,#4984),#272,.F.);
#6305=ADVANCED_FACE('',(#4985,#4986),#195,.T.);
#6306=ADVANCED_FACE('',(#4987,#4988),#273,.F.);
#6307=ADVANCED_FACE('',(#4989,#4990),#6062,.F.);
#6308=ADVANCED_FACE('',(#4991,#4992),#6063,.F.);
#6309=ADVANCED_FACE('',(#4993,#4994),#6064,.F.);
#6310=ADVANCED_FACE('',(#4995,#4996),#6065,.F.);
#6311=ADVANCED_FACE('',(#4997,#4998),#6066,.F.);
#6312=ADVANCED_FACE('',(#4999,#5000),#6067,.F.);
#6313=ADVANCED_FACE('',(#5001,#5002),#6068,.F.);
#6314=ADVANCED_FACE('',(#5003,#5004),#6069,.F.);
#6315=ADVANCED_FACE('',(#5005,#5006),#274,.F.);
#6316=ADVANCED_FACE('',(#5007,#5008),#275,.F.);
#6317=ADVANCED_FACE('',(#5009,#5010),#276,.F.);
#6318=ADVANCED_FACE('',(#5011,#5012),#277,.F.);
#6319=ADVANCED_FACE('',(#5013,#5014),#278,.F.);
#6320=ADVANCED_FACE('',(#5015,#5016),#279,.F.);
#6321=ADVANCED_FACE('',(#5017,#5018),#280,.F.);
#6322=ADVANCED_FACE('',(#5019,#5020),#281,.F.);
#6323=ADVANCED_FACE('',(#5021,#5022),#282,.F.);
#6324=ADVANCED_FACE('',(#5023,#5024),#196,.T.);
#6325=ADVANCED_FACE('',(#5025,#5026),#283,.F.);
#6326=ADVANCED_FACE('',(#5027,#5028),#6070,.F.);
#6327=ADVANCED_FACE('',(#5029,#5030),#6071,.F.);
#6328=ADVANCED_FACE('',(#5031,#5032),#6072,.F.);
#6329=ADVANCED_FACE('',(#5033,#5034),#6073,.F.);
#6330=ADVANCED_FACE('',(#5035,#5036),#6074,.F.);
#6331=ADVANCED_FACE('',(#5037,#5038),#6075,.F.);
#6332=ADVANCED_FACE('',(#5039,#5040),#6076,.F.);
#6333=ADVANCED_FACE('',(#5041,#5042),#6077,.F.);
#6334=ADVANCED_FACE('',(#5043,#5044),#284,.F.);
#6335=ADVANCED_FACE('',(#5045,#5046),#285,.F.);
#6336=ADVANCED_FACE('',(#5047,#5048),#286,.F.);
#6337=ADVANCED_FACE('',(#5049,#5050),#287,.F.);
#6338=ADVANCED_FACE('',(#5051,#5052),#288,.F.);
#6339=ADVANCED_FACE('',(#5053,#5054),#289,.F.);
#6340=ADVANCED_FACE('',(#5055,#5056),#290,.F.);
#6341=ADVANCED_FACE('',(#5057,#5058),#291,.F.);
#6342=ADVANCED_FACE('',(#5059,#5060),#292,.F.);
#6343=ADVANCED_FACE('',(#5061,#5062),#197,.T.);
#6344=ADVANCED_FACE('',(#5063,#5064),#293,.F.);
#6345=ADVANCED_FACE('',(#5065,#5066),#6078,.F.);
#6346=ADVANCED_FACE('',(#5067,#5068),#6079,.F.);
#6347=ADVANCED_FACE('',(#5069,#5070),#6080,.F.);
#6348=ADVANCED_FACE('',(#5071,#5072),#6081,.F.);
#6349=ADVANCED_FACE('',(#5073,#5074),#6082,.F.);
#6350=ADVANCED_FACE('',(#5075,#5076),#6083,.F.);
#6351=ADVANCED_FACE('',(#5077,#5078),#6084,.F.);
#6352=ADVANCED_FACE('',(#5079,#5080),#6085,.F.);
#6353=ADVANCED_FACE('',(#5081,#5082),#294,.F.);
#6354=ADVANCED_FACE('',(#5083,#5084),#295,.F.);
#6355=ADVANCED_FACE('',(#5085,#5086),#296,.F.);
#6356=ADVANCED_FACE('',(#5087,#5088),#297,.F.);
#6357=ADVANCED_FACE('',(#5089,#5090),#298,.F.);
#6358=ADVANCED_FACE('',(#5091,#5092),#299,.F.);
#6359=ADVANCED_FACE('',(#5093,#5094),#300,.F.);
#6360=ADVANCED_FACE('',(#5095,#5096),#301,.F.);
#6361=ADVANCED_FACE('',(#5097,#5098),#302,.F.);
#6362=ADVANCED_FACE('',(#5099,#5100),#198,.T.);
#6363=ADVANCED_FACE('',(#5101,#5102),#303,.F.);
#6364=ADVANCED_FACE('',(#5103,#5104),#6086,.F.);
#6365=ADVANCED_FACE('',(#5105,#5106),#6087,.F.);
#6366=ADVANCED_FACE('',(#5107,#5108),#6088,.F.);
#6367=ADVANCED_FACE('',(#5109,#5110),#6089,.F.);
#6368=ADVANCED_FACE('',(#5111,#5112),#6090,.F.);
#6369=ADVANCED_FACE('',(#5113,#5114),#6091,.F.);
#6370=ADVANCED_FACE('',(#5115,#5116),#6092,.F.);
#6371=ADVANCED_FACE('',(#5117,#5118),#6093,.F.);
#6372=ADVANCED_FACE('',(#5119,#5120),#304,.F.);
#6373=ADVANCED_FACE('',(#5121,#5122),#305,.F.);
#6374=ADVANCED_FACE('',(#5123,#5124),#306,.F.);
#6375=ADVANCED_FACE('',(#5125,#5126),#307,.F.);
#6376=ADVANCED_FACE('',(#5127,#5128),#308,.F.);
#6377=ADVANCED_FACE('',(#5129,#5130),#309,.F.);
#6378=ADVANCED_FACE('',(#5131,#5132),#310,.F.);
#6379=ADVANCED_FACE('',(#5133,#5134),#311,.F.);
#6380=ADVANCED_FACE('',(#5135,#5136),#312,.F.);
#6381=ADVANCED_FACE('',(#5137,#5138),#199,.T.);
#6382=ADVANCED_FACE('',(#5139,#5140),#313,.F.);
#6383=ADVANCED_FACE('',(#5141,#5142),#6094,.F.);
#6384=ADVANCED_FACE('',(#5143,#5144),#6095,.F.);
#6385=ADVANCED_FACE('',(#5145,#5146),#6096,.F.);
#6386=ADVANCED_FACE('',(#5147,#5148),#6097,.F.);
#6387=ADVANCED_FACE('',(#5149,#5150),#6098,.F.);
#6388=ADVANCED_FACE('',(#5151,#5152),#6099,.F.);
#6389=ADVANCED_FACE('',(#5153,#5154),#6100,.F.);
#6390=ADVANCED_FACE('',(#5155,#5156),#6101,.F.);
#6391=ADVANCED_FACE('',(#5157,#5158),#314,.F.);
#6392=ADVANCED_FACE('',(#5159,#5160),#315,.F.);
#6393=ADVANCED_FACE('',(#5161,#5162),#316,.F.);
#6394=ADVANCED_FACE('',(#5163,#5164),#317,.F.);
#6395=ADVANCED_FACE('',(#5165,#5166),#318,.F.);
#6396=ADVANCED_FACE('',(#5167,#5168),#319,.F.);
#6397=ADVANCED_FACE('',(#5169,#5170),#320,.F.);
#6398=ADVANCED_FACE('',(#5171,#5172),#321,.F.);
#6399=ADVANCED_FACE('',(#5173,#5174),#322,.F.);
#6400=ADVANCED_FACE('',(#5175,#5176),#200,.T.);
#6401=ADVANCED_FACE('',(#5177,#5178),#323,.F.);
#6402=ADVANCED_FACE('',(#5179,#5180),#6102,.F.);
#6403=ADVANCED_FACE('',(#5181,#5182),#6103,.F.);
#6404=ADVANCED_FACE('',(#5183,#5184),#6104,.F.);
#6405=ADVANCED_FACE('',(#5185,#5186),#6105,.F.);
#6406=ADVANCED_FACE('',(#5187,#5188),#6106,.F.);
#6407=ADVANCED_FACE('',(#5189,#5190),#6107,.F.);
#6408=ADVANCED_FACE('',(#5191,#5192),#6108,.F.);
#6409=ADVANCED_FACE('',(#5193,#5194),#6109,.F.);
#6410=ADVANCED_FACE('',(#5195,#5196),#324,.F.);
#6411=ADVANCED_FACE('',(#5197,#5198),#325,.F.);
#6412=ADVANCED_FACE('',(#5199,#5200),#326,.F.);
#6413=ADVANCED_FACE('',(#5201,#5202),#327,.F.);
#6414=ADVANCED_FACE('',(#5203,#5204),#328,.F.);
#6415=ADVANCED_FACE('',(#5205,#5206),#329,.F.);
#6416=ADVANCED_FACE('',(#5207,#5208),#330,.F.);
#6417=ADVANCED_FACE('',(#5209,#5210),#331,.F.);
#6418=ADVANCED_FACE('',(#5211,#5212),#332,.F.);
#6419=ADVANCED_FACE('',(#5213,#5214),#201,.T.);
#6420=ADVANCED_FACE('',(#5215,#5216),#333,.F.);
#6421=ADVANCED_FACE('',(#5217,#5218),#6110,.F.);
#6422=ADVANCED_FACE('',(#5219,#5220),#6111,.F.);
#6423=ADVANCED_FACE('',(#5221,#5222),#6112,.F.);
#6424=ADVANCED_FACE('',(#5223,#5224),#6113,.F.);
#6425=ADVANCED_FACE('',(#5225,#5226),#6114,.F.);
#6426=ADVANCED_FACE('',(#5227,#5228),#6115,.F.);
#6427=ADVANCED_FACE('',(#5229,#5230),#6116,.F.);
#6428=ADVANCED_FACE('',(#5231,#5232),#6117,.F.);
#6429=ADVANCED_FACE('',(#5233,#5234),#334,.F.);
#6430=ADVANCED_FACE('',(#5235,#5236),#335,.F.);
#6431=ADVANCED_FACE('',(#5237,#5238),#336,.F.);
#6432=ADVANCED_FACE('',(#5239,#5240),#337,.F.);
#6433=ADVANCED_FACE('',(#5241,#5242),#338,.F.);
#6434=ADVANCED_FACE('',(#5243,#5244),#339,.F.);
#6435=ADVANCED_FACE('',(#5245,#5246),#340,.F.);
#6436=ADVANCED_FACE('',(#5247,#5248),#341,.F.);
#6437=ADVANCED_FACE('',(#5249,#5250),#342,.F.);
#6438=ADVANCED_FACE('',(#5251,#5252),#202,.T.);
#6439=ADVANCED_FACE('',(#5253,#5254),#343,.F.);
#6440=ADVANCED_FACE('',(#5255,#5256),#6118,.F.);
#6441=ADVANCED_FACE('',(#5257,#5258),#6119,.F.);
#6442=ADVANCED_FACE('',(#5259,#5260),#6120,.F.);
#6443=ADVANCED_FACE('',(#5261,#5262),#6121,.F.);
#6444=ADVANCED_FACE('',(#5263,#5264),#6122,.F.);
#6445=ADVANCED_FACE('',(#5265,#5266),#6123,.F.);
#6446=ADVANCED_FACE('',(#5267,#5268),#6124,.F.);
#6447=ADVANCED_FACE('',(#5269,#5270),#6125,.F.);
#6448=ADVANCED_FACE('',(#5271,#5272),#344,.F.);
#6449=ADVANCED_FACE('',(#5273,#5274),#345,.F.);
#6450=ADVANCED_FACE('',(#5275,#5276),#346,.F.);
#6451=ADVANCED_FACE('',(#5277,#5278),#347,.F.);
#6452=ADVANCED_FACE('',(#5279,#5280),#348,.F.);
#6453=ADVANCED_FACE('',(#5281,#5282),#349,.F.);
#6454=ADVANCED_FACE('',(#5283,#5284),#350,.F.);
#6455=ADVANCED_FACE('',(#5285,#5286),#351,.F.);
#6456=ADVANCED_FACE('',(#5287,#5288),#352,.F.);
#6457=ADVANCED_FACE('',(#5289,#5290),#203,.T.);
#6458=ADVANCED_FACE('',(#5291,#5292),#353,.F.);
#6459=ADVANCED_FACE('',(#5293,#5294),#6126,.F.);
#6460=ADVANCED_FACE('',(#5295,#5296),#6127,.F.);
#6461=ADVANCED_FACE('',(#5297,#5298),#6128,.F.);
#6462=ADVANCED_FACE('',(#5299,#5300),#6129,.F.);
#6463=ADVANCED_FACE('',(#5301,#5302),#6130,.F.);
#6464=ADVANCED_FACE('',(#5303,#5304),#6131,.F.);
#6465=ADVANCED_FACE('',(#5305,#5306),#6132,.F.);
#6466=ADVANCED_FACE('',(#5307,#5308),#6133,.F.);
#6467=ADVANCED_FACE('',(#5309,#5310),#354,.F.);
#6468=ADVANCED_FACE('',(#5311,#5312),#355,.F.);
#6469=ADVANCED_FACE('',(#5313,#5314),#356,.F.);
#6470=ADVANCED_FACE('',(#5315,#5316),#357,.F.);
#6471=ADVANCED_FACE('',(#5317,#5318),#358,.F.);
#6472=ADVANCED_FACE('',(#5319,#5320),#359,.F.);
#6473=ADVANCED_FACE('',(#5321,#5322),#360,.F.);
#6474=ADVANCED_FACE('',(#5323,#5324),#361,.F.);
#6475=ADVANCED_FACE('',(#5325,#5326),#362,.F.);
#6476=ADVANCED_FACE('',(#5327,#5328),#204,.T.);
#6477=ADVANCED_FACE('',(#5329,#5330),#363,.F.);
#6478=ADVANCED_FACE('',(#5331,#5332),#6134,.F.);
#6479=ADVANCED_FACE('',(#5333,#5334),#6135,.F.);
#6480=ADVANCED_FACE('',(#5335,#5336),#6136,.F.);
#6481=ADVANCED_FACE('',(#5337,#5338),#6137,.F.);
#6482=ADVANCED_FACE('',(#5339,#5340),#6138,.F.);
#6483=ADVANCED_FACE('',(#5341,#5342),#6139,.F.);
#6484=ADVANCED_FACE('',(#5343,#5344),#6140,.F.);
#6485=ADVANCED_FACE('',(#5345,#5346),#6141,.F.);
#6486=ADVANCED_FACE('',(#5347,#5348),#364,.F.);
#6487=ADVANCED_FACE('',(#5349,#5350),#365,.F.);
#6488=ADVANCED_FACE('',(#5351,#5352),#366,.F.);
#6489=ADVANCED_FACE('',(#5353,#5354),#367,.F.);
#6490=ADVANCED_FACE('',(#5355,#5356),#368,.F.);
#6491=ADVANCED_FACE('',(#5357,#5358),#369,.F.);
#6492=ADVANCED_FACE('',(#5359,#5360),#370,.F.);
#6493=ADVANCED_FACE('',(#5361,#5362),#371,.F.);
#6494=ADVANCED_FACE('',(#5363,#5364),#372,.F.);
#6495=ADVANCED_FACE('',(#5365,#5366),#205,.T.);
#6496=ADVANCED_FACE('',(#5367,#5368),#373,.F.);
#6497=ADVANCED_FACE('',(#5369,#5370),#374,.F.);
#6498=ADVANCED_FACE('',(#5371,#5372,#5373,#5374,#5375,#5376,#5377,#5378,
#5379,#5380),#206,.T.);
#6499=ADVANCED_FACE('',(#5381,#5382,#5383,#5384,#5385,#5386,#5387,#5388,
#5389,#5390),#207,.T.);
#6500=ADVANCED_FACE('',(#5391,#5392,#5393,#5394,#5395,#5396,#5397,#5398,
#5399,#5400),#208,.T.);
#6501=ADVANCED_FACE('',(#5401,#5402,#5403,#5404,#5405,#5406,#5407,#5408,
#5409,#5410),#209,.T.);
#6502=ADVANCED_FACE('',(#5411,#5412,#5413,#5414,#5415,#5416,#5417,#5418,
#5419,#5420),#210,.T.);
#6503=ADVANCED_FACE('',(#5421,#5422,#5423,#5424,#5425,#5426,#5427,#5428,
#5429,#5430),#211,.T.);
#6504=ADVANCED_FACE('',(#5431,#5432,#5433,#5434,#5435,#5436,#5437,#5438,
#5439,#5440),#212,.T.);
#6505=ADVANCED_FACE('',(#5441,#5442,#5443,#5444,#5445,#5446,#5447,#5448,
#5449,#5450),#213,.T.);
#6506=ADVANCED_FACE('',(#5451,#5452,#5453,#5454,#5455,#5456,#5457,#5458,
#5459,#5460),#214,.T.);
#6507=ADVANCED_FACE('',(#5461,#5462,#5463,#5464,#5465,#5466,#5467,#5468,
#5469,#5470),#215,.T.);
#6508=ADVANCED_FACE('',(#5471,#5472,#5473,#5474,#5475,#5476,#5477,#5478,
#5479,#5480),#216,.T.);
#6509=ADVANCED_FACE('',(#5481,#5482,#5483,#5484,#5485,#5486,#5487,#5488,
#5489,#5490),#217,.T.);
#6510=ADVANCED_FACE('',(#5491,#5492,#5493,#5494,#5495,#5496,#5497,#5498,
#5499,#5500,#5501,#5502,#5503,#5504,#5505,#5506,#5507,#5508,#5509,#5510,
#5511,#5512),#218,.F.);
#6511=ADVANCED_FACE('',(#5513,#5514,#5515,#5516,#5517,#5518,#5519,#5520,
#5521,#5522,#5523,#5524,#5525,#5526,#5527,#5528,#5529,#5530,#5531,#5532,
#5533,#5534,#5535,#5536,#5537,#5538,#5539,#5540,#5541,#5542,#5543,#5544,
#5545,#5546,#5547,#5548,#5549,#5550,#5551,#5552,#5553,#5554,#5555,#5556,
#5557,#5558,#5559,#5560,#5561,#5562,#5563,#5564,#5565,#5566,#5567,#5568,
#5569,#5570,#5571,#5572,#5573),#219,.T.);
#6512=ADVANCED_FACE('',(#5574),#375,.T.);
#6513=ADVANCED_FACE('',(#5575),#12,.T.);
#6514=ADVANCED_FACE('',(#5576),#13,.T.);
#6515=ADVANCED_FACE('',(#5577),#376,.T.);
#6516=ADVANCED_FACE('',(#5578),#377,.T.);
#6517=ADVANCED_FACE('',(#5579),#378,.T.);
#6518=ADVANCED_FACE('',(#5580),#379,.T.);
#6519=ADVANCED_FACE('',(#5581),#380,.T.);
#6520=ADVANCED_FACE('',(#5582),#14,.T.);
#6521=ADVANCED_FACE('',(#5583),#15,.T.);
#6522=ADVANCED_FACE('',(#5584),#16,.T.);
#6523=ADVANCED_FACE('',(#5585),#17,.T.);
#6524=ADVANCED_FACE('',(#5586),#381,.T.);
#6525=ADVANCED_FACE('',(#5587),#382,.T.);
#6526=ADVANCED_FACE('',(#5588),#383,.T.);
#6527=ADVANCED_FACE('',(#5589),#384,.T.);
#6528=ADVANCED_FACE('',(#5590),#385,.T.);
#6529=ADVANCED_FACE('',(#5591),#386,.T.);
#6530=ADVANCED_FACE('',(#5592),#18,.T.);
#6531=ADVANCED_FACE('',(#5593),#19,.T.);
#6532=ADVANCED_FACE('',(#5594),#20,.T.);
#6533=ADVANCED_FACE('',(#5595),#21,.T.);
#6534=ADVANCED_FACE('',(#5596),#387,.T.);
#6535=ADVANCED_FACE('',(#5597),#388,.T.);
#6536=ADVANCED_FACE('',(#5598),#389,.T.);
#6537=ADVANCED_FACE('',(#5599),#390,.T.);
#6538=ADVANCED_FACE('',(#5600),#391,.T.);
#6539=ADVANCED_FACE('',(#5601),#392,.T.);
#6540=ADVANCED_FACE('',(#5602),#22,.T.);
#6541=ADVANCED_FACE('',(#5603),#23,.T.);
#6542=ADVANCED_FACE('',(#5604),#24,.T.);
#6543=ADVANCED_FACE('',(#5605),#25,.T.);
#6544=ADVANCED_FACE('',(#5606),#393,.T.);
#6545=ADVANCED_FACE('',(#5607),#394,.T.);
#6546=ADVANCED_FACE('',(#5608),#395,.T.);
#6547=ADVANCED_FACE('',(#5609),#396,.T.);
#6548=ADVANCED_FACE('',(#5610),#397,.T.);
#6549=ADVANCED_FACE('',(#5611),#398,.T.);
#6550=ADVANCED_FACE('',(#5612),#26,.T.);
#6551=ADVANCED_FACE('',(#5613),#27,.T.);
#6552=ADVANCED_FACE('',(#5614),#28,.T.);
#6553=ADVANCED_FACE('',(#5615),#29,.T.);
#6554=ADVANCED_FACE('',(#5616),#399,.T.);
#6555=ADVANCED_FACE('',(#5617),#400,.T.);
#6556=ADVANCED_FACE('',(#5618),#401,.T.);
#6557=ADVANCED_FACE('',(#5619),#402,.T.);
#6558=ADVANCED_FACE('',(#5620),#403,.T.);
#6559=ADVANCED_FACE('',(#5621),#404,.T.);
#6560=ADVANCED_FACE('',(#5622),#405,.T.);
#6561=ADVANCED_FACE('',(#5623),#30,.T.);
#6562=ADVANCED_FACE('',(#5624),#31,.T.);
#6563=ADVANCED_FACE('',(#5625),#32,.T.);
#6564=ADVANCED_FACE('',(#5626),#33,.T.);
#6565=ADVANCED_FACE('',(#5627),#406,.T.);
#6566=ADVANCED_FACE('',(#5628),#407,.T.);
#6567=ADVANCED_FACE('',(#5629),#408,.T.);
#6568=ADVANCED_FACE('',(#5630),#409,.T.);
#6569=ADVANCED_FACE('',(#5631),#34,.T.);
#6570=ADVANCED_FACE('',(#5632),#35,.T.);
#6571=ADVANCED_FACE('',(#5633),#410,.T.);
#6572=ADVANCED_FACE('',(#5634,#5635),#411,.T.);
#6573=ADVANCED_FACE('',(#5636,#5637),#412,.F.);
#6574=ADVANCED_FACE('',(#5638,#5639),#220,.T.);
#6575=ADVANCED_FACE('',(#5640,#5641),#221,.T.);
#6576=ADVANCED_FACE('',(#5642,#5643),#413,.F.);
#6577=ADVANCED_FACE('',(#5644,#5645),#6142,.F.);
#6578=ADVANCED_FACE('',(#5646,#5647),#414,.F.);
#6579=ADVANCED_FACE('',(#5648,#5649),#6143,.F.);
#6580=ADVANCED_FACE('',(#5650,#5651),#415,.F.);
#6581=ADVANCED_FACE('',(#5652,#5653),#6144,.F.);
#6582=ADVANCED_FACE('',(#5654,#5655),#416,.F.);
#6583=ADVANCED_FACE('',(#5656,#5657),#6145,.F.);
#6584=ADVANCED_FACE('',(#5658,#5659),#417,.F.);
#6585=ADVANCED_FACE('',(#5660,#5661),#6146,.F.);
#6586=ADVANCED_FACE('',(#5662,#5663),#418,.F.);
#6587=ADVANCED_FACE('',(#5664,#5665),#6147,.F.);
#6588=ADVANCED_FACE('',(#5666,#5667),#419,.F.);
#6589=ADVANCED_FACE('',(#5668,#5669),#6148,.F.);
#6590=ADVANCED_FACE('',(#5670,#5671),#420,.F.);
#6591=ADVANCED_FACE('',(#5672,#5673),#6149,.F.);
#6592=ADVANCED_FACE('',(#5674,#5675),#421,.F.);
#6593=ADVANCED_FACE('',(#5676,#5677,#5678,#5679,#5680,#5681,#5682,#5683,
#5684,#5685,#5686,#5687,#5688,#5689,#5690,#5691,#5692,#5693,#5694,#5695,
#5696,#5697,#5698,#5699,#5700,#5701,#5702,#5703,#5704,#5705,#5706,#5707),
#222,.F.);
#6594=ADVANCED_FACE('',(#5708,#5709),#223,.T.);
#6595=ADVANCED_FACE('',(#5710,#5711),#422,.F.);
#6596=ADVANCED_FACE('',(#5712,#5713),#224,.T.);
#6597=ADVANCED_FACE('',(#5714,#5715,#5716,#5717,#5718,#5719,#5720,#5721,
#5722,#5723,#5724,#5725,#5726,#5727),#423,.F.);
#6598=ADVANCED_FACE('',(#5728,#5729),#424,.F.);
#6599=ADVANCED_FACE('',(#5730,#5731),#225,.T.);
#6600=ADVANCED_FACE('',(#5732,#5733),#425,.F.);
#6601=ADVANCED_FACE('',(#5734,#5735),#6150,.F.);
#6602=ADVANCED_FACE('',(#5736,#5737),#426,.F.);
#6603=ADVANCED_FACE('',(#5738,#5739),#6151,.F.);
#6604=ADVANCED_FACE('',(#5740,#5741),#427,.F.);
#6605=ADVANCED_FACE('',(#5742,#5743),#6152,.F.);
#6606=ADVANCED_FACE('',(#5744,#5745),#428,.F.);
#6607=ADVANCED_FACE('',(#5746,#5747),#6153,.F.);
#6608=ADVANCED_FACE('',(#5748,#5749),#429,.F.);
#6609=ADVANCED_FACE('',(#5750,#5751),#6154,.F.);
#6610=ADVANCED_FACE('',(#5752,#5753),#430,.F.);
#6611=ADVANCED_FACE('',(#5754,#5755),#6155,.F.);
#6612=ADVANCED_FACE('',(#5756,#5757),#431,.F.);
#6613=ADVANCED_FACE('',(#5758,#5759),#6156,.F.);
#6614=ADVANCED_FACE('',(#5760,#5761),#432,.F.);
#6615=ADVANCED_FACE('',(#5762,#5763),#6157,.F.);
#6616=ADVANCED_FACE('',(#5764,#5765),#433,.F.);
#6617=ADVANCED_FACE('',(#5766,#5767),#6158,.F.);
#6618=ADVANCED_FACE('',(#5768,#5769),#434,.F.);
#6619=ADVANCED_FACE('',(#5770,#5771),#6159,.F.);
#6620=ADVANCED_FACE('',(#5772,#5773),#435,.F.);
#6621=ADVANCED_FACE('',(#5774,#5775),#6160,.F.);
#6622=ADVANCED_FACE('',(#5776,#5777),#436,.F.);
#6623=ADVANCED_FACE('',(#5778,#5779),#6161,.F.);
#6624=ADVANCED_FACE('',(#5780,#5781),#437,.F.);
#6625=ADVANCED_FACE('',(#5782,#5783),#6162,.F.);
#6626=ADVANCED_FACE('',(#5784,#5785),#438,.F.);
#6627=ADVANCED_FACE('',(#5786,#5787),#6163,.F.);
#6628=ADVANCED_FACE('',(#5788,#5789),#439,.F.);
#6629=ADVANCED_FACE('',(#5790,#5791),#6164,.F.);
#6630=ADVANCED_FACE('',(#5792,#5793),#440,.F.);
#6631=ADVANCED_FACE('',(#5794,#5795),#6165,.F.);
#6632=ADVANCED_FACE('',(#5796,#5797),#441,.F.);
#6633=ADVANCED_FACE('',(#5798,#5799),#6166,.F.);
#6634=ADVANCED_FACE('',(#5800,#5801),#442,.F.);
#6635=ADVANCED_FACE('',(#5802,#5803),#6167,.F.);
#6636=ADVANCED_FACE('',(#5804,#5805),#443,.F.);
#6637=ADVANCED_FACE('',(#5806,#5807),#6168,.F.);
#6638=ADVANCED_FACE('',(#5808,#5809),#444,.F.);
#6639=ADVANCED_FACE('',(#5810,#5811),#6169,.F.);
#6640=ADVANCED_FACE('',(#5812,#5813),#445,.F.);
#6641=ADVANCED_FACE('',(#5814,#5815),#226,.T.);
#6642=ADVANCED_FACE('',(#5816,#5817),#446,.F.);
#6643=ADVANCED_FACE('',(#5818,#5819),#6170,.F.);
#6644=ADVANCED_FACE('',(#5820,#5821),#447,.F.);
#6645=ADVANCED_FACE('',(#5822,#5823),#6171,.F.);
#6646=ADVANCED_FACE('',(#5824,#5825),#448,.F.);
#6647=ADVANCED_FACE('',(#5826,#5827),#6172,.F.);
#6648=ADVANCED_FACE('',(#5828,#5829),#449,.F.);
#6649=ADVANCED_FACE('',(#5830,#5831),#6173,.F.);
#6650=ADVANCED_FACE('',(#5832,#5833),#450,.F.);
#6651=ADVANCED_FACE('',(#5834,#5835),#6174,.F.);
#6652=ADVANCED_FACE('',(#5836,#5837),#451,.F.);
#6653=ADVANCED_FACE('',(#5838,#5839),#6175,.F.);
#6654=ADVANCED_FACE('',(#5840,#5841),#452,.F.);
#6655=ADVANCED_FACE('',(#5842,#5843),#227,.T.);
#6656=ADVANCED_FACE('',(#5844,#5845),#453,.F.);
#6657=ADVANCED_FACE('',(#5846,#5847),#6176,.F.);
#6658=ADVANCED_FACE('',(#5848,#5849),#454,.F.);
#6659=ADVANCED_FACE('',(#5850,#5851),#6177,.F.);
#6660=ADVANCED_FACE('',(#5852,#5853),#455,.F.);
#6661=ADVANCED_FACE('',(#5854,#5855),#6178,.F.);
#6662=ADVANCED_FACE('',(#5856,#5857),#456,.F.);
#6663=ADVANCED_FACE('',(#5858,#5859),#6179,.F.);
#6664=ADVANCED_FACE('',(#5860,#5861),#457,.F.);
#6665=ADVANCED_FACE('',(#5862,#5863),#6180,.F.);
#6666=ADVANCED_FACE('',(#5864,#5865),#458,.F.);
#6667=ADVANCED_FACE('',(#5866,#5867),#6181,.F.);
#6668=ADVANCED_FACE('',(#5868,#5869),#459,.F.);
#6669=ADVANCED_FACE('',(#5870,#5871),#6182,.F.);
#6670=ADVANCED_FACE('',(#5872,#5873),#460,.F.);
#6671=ADVANCED_FACE('',(#5874,#5875),#6183,.F.);
#6672=ADVANCED_FACE('',(#5876,#5877),#461,.F.);
#6673=ADVANCED_FACE('',(#5878,#5879),#6184,.F.);
#6674=ADVANCED_FACE('',(#5880,#5881),#462,.F.);
#6675=ADVANCED_FACE('',(#5882,#5883),#6185,.F.);
#6676=ADVANCED_FACE('',(#5884,#5885),#463,.F.);
#6677=ADVANCED_FACE('',(#5886,#5887),#6186,.F.);
#6678=ADVANCED_FACE('',(#5888,#5889),#464,.F.);
#6679=ADVANCED_FACE('',(#5890,#5891),#6187,.F.);
#6680=ADVANCED_FACE('',(#5892,#5893),#465,.F.);
#6681=ADVANCED_FACE('',(#5894,#5895),#6188,.F.);
#6682=ADVANCED_FACE('',(#5896,#5897),#466,.F.);
#6683=ADVANCED_FACE('',(#5898,#5899),#6189,.F.);
#6684=ADVANCED_FACE('',(#5900,#5901),#467,.F.);
#6685=ADVANCED_FACE('',(#5902,#5903),#6190,.F.);
#6686=ADVANCED_FACE('',(#5904,#5905),#468,.F.);
#6687=ADVANCED_FACE('',(#5906,#5907),#6191,.F.);
#6688=ADVANCED_FACE('',(#5908,#5909),#469,.F.);
#6689=ADVANCED_FACE('',(#5910,#5911),#6192,.F.);
#6690=ADVANCED_FACE('',(#5912,#5913),#470,.F.);
#6691=ADVANCED_FACE('',(#5914,#5915),#6193,.F.);
#6692=ADVANCED_FACE('',(#5916,#5917),#471,.F.);
#6693=ADVANCED_FACE('',(#5918,#5919),#6194,.F.);
#6694=ADVANCED_FACE('',(#5920,#5921),#472,.F.);
#6695=ADVANCED_FACE('',(#5922,#5923),#6195,.F.);
#6696=ADVANCED_FACE('',(#5924,#5925),#473,.F.);
#6697=ADVANCED_FACE('',(#5926,#5927),#6196,.F.);
#6698=ADVANCED_FACE('',(#5928,#5929),#474,.F.);
#6699=ADVANCED_FACE('',(#5930,#5931),#6197,.F.);
#6700=ADVANCED_FACE('',(#5932,#5933),#475,.F.);
#6701=ADVANCED_FACE('',(#5934,#5935),#6198,.F.);
#6702=ADVANCED_FACE('',(#5936,#5937),#476,.F.);
#6703=ADVANCED_FACE('',(#5938,#5939),#6199,.F.);
#6704=ADVANCED_FACE('',(#5940,#5941),#477,.F.);
#6705=ADVANCED_FACE('',(#5942,#5943),#6200,.F.);
#6706=ADVANCED_FACE('',(#5944,#5945),#478,.F.);
#6707=ADVANCED_FACE('',(#5946,#5947),#6201,.F.);
#6708=ADVANCED_FACE('',(#5948,#5949),#479,.F.);
#6709=ADVANCED_FACE('',(#5950,#5951),#6202,.F.);
#6710=ADVANCED_FACE('',(#5952,#5953),#480,.F.);
#6711=ADVANCED_FACE('',(#5954,#5955),#6203,.F.);
#6712=ADVANCED_FACE('',(#5956,#5957),#481,.F.);
#6713=ADVANCED_FACE('',(#5958,#5959),#6204,.F.);
#6714=ADVANCED_FACE('',(#5960,#5961),#482,.F.);
#6715=ADVANCED_FACE('',(#5962,#5963),#6205,.F.);
#6716=ADVANCED_FACE('',(#5964,#5965),#483,.F.);
#6717=ADVANCED_FACE('',(#5966,#5967),#6206,.F.);
#6718=ADVANCED_FACE('',(#5968,#5969),#484,.F.);
#6719=ADVANCED_FACE('',(#5970,#5971),#6207,.F.);
#6720=ADVANCED_FACE('',(#5972,#5973),#485,.F.);
#6721=ADVANCED_FACE('',(#5974,#5975),#6208,.F.);
#6722=ADVANCED_FACE('',(#5976,#5977),#486,.F.);
#6723=ADVANCED_FACE('',(#5978,#5979),#6209,.F.);
#6724=ADVANCED_FACE('',(#5980,#5981),#487,.F.);
#6725=ADVANCED_FACE('',(#5982,#5983),#6210,.F.);
#6726=ADVANCED_FACE('',(#5984,#5985),#488,.F.);
#6727=ADVANCED_FACE('',(#5986,#5987),#6211,.F.);
#6728=ADVANCED_FACE('',(#5988,#5989),#489,.F.);
#6729=ADVANCED_FACE('',(#5990,#5991),#6212,.F.);
#6730=ADVANCED_FACE('',(#5992,#5993),#490,.F.);
#6731=ADVANCED_FACE('',(#5994,#5995),#6213,.F.);
#6732=ADVANCED_FACE('',(#5996,#5997),#491,.F.);
#6733=ADVANCED_FACE('',(#5998,#5999),#6214,.F.);
#6734=ADVANCED_FACE('',(#6000,#6001),#492,.F.);
#6735=ADVANCED_FACE('',(#6002,#6003),#6215,.F.);
#6736=ADVANCED_FACE('',(#6004,#6005),#493,.F.);
#6737=ADVANCED_FACE('',(#6006,#6007),#6216,.F.);
#6738=ADVANCED_FACE('',(#6008,#6009),#494,.F.);
#6739=ADVANCED_FACE('',(#6010,#6011),#6217,.F.);
#6740=ADVANCED_FACE('',(#6012,#6013),#495,.F.);
#6741=ADVANCED_FACE('',(#6014,#6015),#6218,.F.);
#6742=ADVANCED_FACE('',(#6016,#6017),#496,.F.);
#6743=ADVANCED_FACE('',(#6018,#6019),#6219,.F.);
#6744=ADVANCED_FACE('',(#6020,#6021),#497,.F.);
#6745=ADVANCED_FACE('',(#6022,#6023),#6220,.F.);
#6746=ADVANCED_FACE('',(#6024,#6025),#498,.F.);
#6747=CLOSED_SHELL('',(#6221,#6222,#6223,#6224,#6225,#6226,#6227,#6228,
#6229,#6230,#6231,#6232,#6233,#6234,#6235,#6236,#6237,#6238,#6239,#6240,
#6241,#6242,#6243,#6244,#6245,#6246,#6247,#6248,#6249,#6250,#6251,#6252,
#6253,#6254,#6255,#6256,#6257,#6258,#6259,#6260,#6261,#6262,#6263,#6264,
#6265,#6266,#6267,#6268,#6269,#6270,#6271,#6272,#6273,#6274,#6275,#6276,
#6277,#6278,#6279,#6280,#6281,#6282,#6283,#6284,#6285,#6286,#6287,#6288,
#6289,#6290,#6291,#6292,#6293,#6294,#6295,#6296,#6297,#6298,#6299,#6300,
#6301,#6302,#6303,#6304,#6305,#6306,#6307,#6308,#6309,#6310,#6311,#6312,
#6313,#6314,#6315,#6316,#6317,#6318,#6319,#6320,#6321,#6322,#6323,#6324,
#6325,#6326,#6327,#6328,#6329,#6330,#6331,#6332,#6333,#6334,#6335,#6336,
#6337,#6338,#6339,#6340,#6341,#6342,#6343,#6344,#6345,#6346,#6347,#6348,
#6349,#6350,#6351,#6352,#6353,#6354,#6355,#6356,#6357,#6358,#6359,#6360,
#6361,#6362,#6363,#6364,#6365,#6366,#6367,#6368,#6369,#6370,#6371,#6372,
#6373,#6374,#6375,#6376,#6377,#6378,#6379,#6380,#6381,#6382,#6383,#6384,
#6385,#6386,#6387,#6388,#6389,#6390,#6391,#6392,#6393,#6394,#6395,#6396,
#6397,#6398,#6399,#6400,#6401,#6402,#6403,#6404,#6405,#6406,#6407,#6408,
#6409,#6410,#6411,#6412,#6413,#6414,#6415,#6416,#6417,#6418,#6419,#6420,
#6421,#6422,#6423,#6424,#6425,#6426,#6427,#6428,#6429,#6430,#6431,#6432,
#6433,#6434,#6435,#6436,#6437,#6438,#6439,#6440,#6441,#6442,#6443,#6444,
#6445,#6446,#6447,#6448,#6449,#6450,#6451,#6452,#6453,#6454,#6455,#6456,
#6457,#6458,#6459,#6460,#6461,#6462,#6463,#6464,#6465,#6466,#6467,#6468,
#6469,#6470,#6471,#6472,#6473,#6474,#6475,#6476,#6477,#6478,#6479,#6480,
#6481,#6482,#6483,#6484,#6485,#6486,#6487,#6488,#6489,#6490,#6491,#6492,
#6493,#6494,#6495,#6496,#6497,#6498,#6499,#6500,#6501,#6502,#6503,#6504,
#6505,#6506,#6507,#6508,#6509,#6510,#6511,#6512,#6513,#6514,#6515,#6516,
#6517,#6518,#6519,#6520,#6521,#6522,#6523,#6524,#6525,#6526,#6527,#6528,
#6529,#6530,#6531,#6532,#6533,#6534,#6535,#6536,#6537,#6538,#6539,#6540,
#6541,#6542,#6543,#6544,#6545,#6546,#6547,#6548,#6549,#6550,#6551,#6552,
#6553,#6554,#6555,#6556,#6557,#6558,#6559,#6560,#6561,#6562,#6563,#6564,
#6565,#6566,#6567,#6568,#6569,#6570,#6571,#6572,#6573,#6574,#6575,#6576,
#6577,#6578,#6579,#6580,#6581,#6582,#6583,#6584,#6585,#6586,#6587,#6588,
#6589,#6590,#6591,#6592,#6593,#6594,#6595,#6596,#6597,#6598,#6599,#6600,
#6601,#6602,#6603,#6604,#6605,#6606,#6607,#6608,#6609,#6610,#6611,#6612,
#6613,#6614,#6615,#6616,#6617,#6618,#6619,#6620,#6621,#6622,#6623,#6624,
#6625,#6626,#6627,#6628,#6629,#6630,#6631,#6632,#6633,#6634,#6635,#6636,
#6637,#6638,#6639,#6640,#6641,#6642,#6643,#6644,#6645,#6646,#6647,#6648,
#6649,#6650,#6651,#6652,#6653,#6654,#6655,#6656,#6657,#6658,#6659,#6660,
#6661,#6662,#6663,#6664,#6665,#6666,#6667,#6668,#6669,#6670,#6671,#6672,
#6673,#6674,#6675,#6676,#6677,#6678,#6679,#6680,#6681,#6682,#6683,#6684,
#6685,#6686,#6687,#6688,#6689,#6690,#6691,#6692,#6693,#6694,#6695,#6696,
#6697,#6698,#6699,#6700,#6701,#6702,#6703,#6704,#6705,#6706,#6707,#6708,
#6709,#6710,#6711,#6712,#6713,#6714,#6715,#6716,#6717,#6718,#6719,#6720,
#6721,#6722,#6723,#6724,#6725,#6726,#6727,#6728,#6729,#6730,#6731,#6732,
#6733,#6734,#6735,#6736,#6737,#6738,#6739,#6740,#6741,#6742,#6743,#6744,
#6745,#6746));
#6748=STYLED_ITEM('',(#6749),#6756);
#6749=PRESENTATION_STYLE_ASSIGNMENT((#6750));
#6750=SURFACE_STYLE_USAGE(.BOTH.,#6751);
#6751=SURFACE_SIDE_STYLE('',(#6752));
#6752=SURFACE_STYLE_FILL_AREA(#6753);
#6753=FILL_AREA_STYLE('',(#6754));
#6754=FILL_AREA_STYLE_COLOUR('',#6755);
#6755=COLOUR_RGB('',0.647058823529412,0.647058823529412,0.647058823529412);
#6756=MANIFOLD_SOLID_BREP('300k-collar',#6747);
#6757=SHAPE_DEFINITION_REPRESENTATION(#12438,#6758);
#6758=SHAPE_REPRESENTATION('300k-collar',(#6759),#12433);
#6759=AXIS2_PLACEMENT_3D('',#10002,#7816,#7817);
#6760=AXIS2_PLACEMENT_3D('',#10003,#7818,#7819);
#6761=AXIS2_PLACEMENT_3D('',#10005,#7820,#7821);
#6762=AXIS2_PLACEMENT_3D('',#10007,#7822,#7823);
#6763=AXIS2_PLACEMENT_3D('',#10009,#7824,#7825);
#6764=AXIS2_PLACEMENT_3D('',#10011,#7826,#7827);
#6765=AXIS2_PLACEMENT_3D('',#10013,#7828,#7829);
#6766=AXIS2_PLACEMENT_3D('',#10015,#7830,#7831);
#6767=AXIS2_PLACEMENT_3D('',#10017,#7832,#7833);
#6768=AXIS2_PLACEMENT_3D('',#10019,#7834,#7835);
#6769=AXIS2_PLACEMENT_3D('',#10020,#7836,#7837);
#6770=AXIS2_PLACEMENT_3D('',#10022,#7838,#7839);
#6771=AXIS2_PLACEMENT_3D('',#10023,#7840,#7841);
#6772=AXIS2_PLACEMENT_3D('',#10025,#7842,#7843);
#6773=AXIS2_PLACEMENT_3D('',#10026,#7844,#7845);
#6774=AXIS2_PLACEMENT_3D('',#10028,#7846,#7847);
#6775=AXIS2_PLACEMENT_3D('',#10029,#7848,#7849);
#6776=AXIS2_PLACEMENT_3D('',#10031,#7850,#7851);
#6777=AXIS2_PLACEMENT_3D('',#10033,#7852,#7853);
#6778=AXIS2_PLACEMENT_3D('',#10035,#7854,#7855);
#6779=AXIS2_PLACEMENT_3D('',#10037,#7856,#7857);
#6780=AXIS2_PLACEMENT_3D('',#10039,#7858,#7859);
#6781=AXIS2_PLACEMENT_3D('',#10041,#7860,#7861);
#6782=AXIS2_PLACEMENT_3D('',#10043,#7862,#7863);
#6783=AXIS2_PLACEMENT_3D('',#10045,#7864,#7865);
#6784=AXIS2_PLACEMENT_3D('',#10047,#7866,#7867);
#6785=AXIS2_PLACEMENT_3D('',#10049,#7868,#7869);
#6786=AXIS2_PLACEMENT_3D('',#10051,#7870,#7871);
#6787=AXIS2_PLACEMENT_3D('',#10053,#7872,#7873);
#6788=AXIS2_PLACEMENT_3D('',#10055,#7874,#7875);
#6789=AXIS2_PLACEMENT_3D('',#10056,#7876,#7877);
#6790=AXIS2_PLACEMENT_3D('',#10058,#7878,#7879);
#6791=AXIS2_PLACEMENT_3D('',#10059,#7880,#7881);
#6792=AXIS2_PLACEMENT_3D('',#10061,#7882,#7883);
#6793=AXIS2_PLACEMENT_3D('',#10062,#7884,#7885);
#6794=AXIS2_PLACEMENT_3D('',#10064,#7886,#7887);
#6795=AXIS2_PLACEMENT_3D('',#10065,#7888,#7889);
#6796=AXIS2_PLACEMENT_3D('',#10067,#7890,#7891);
#6797=AXIS2_PLACEMENT_3D('',#10068,#7892,#7893);
#6798=AXIS2_PLACEMENT_3D('',#10070,#7894,#7895);
#6799=AXIS2_PLACEMENT_3D('',#10071,#7896,#7897);
#6800=AXIS2_PLACEMENT_3D('',#10073,#7898,#7899);
#6801=AXIS2_PLACEMENT_3D('',#10074,#7900,#7901);
#6802=AXIS2_PLACEMENT_3D('',#10076,#7902,#7903);
#6803=AXIS2_PLACEMENT_3D('',#10078,#7904,#7905);
#6804=AXIS2_PLACEMENT_3D('',#10080,#7906,#7907);
#6805=AXIS2_PLACEMENT_3D('',#10082,#7908,#7909);
#6806=AXIS2_PLACEMENT_3D('',#10084,#7910,#7911);
#6807=AXIS2_PLACEMENT_3D('',#10086,#7912,#7913);
#6808=AXIS2_PLACEMENT_3D('',#10088,#7914,#7915);
#6809=AXIS2_PLACEMENT_3D('',#10090,#7916,#7917);
#6810=AXIS2_PLACEMENT_3D('',#10092,#7918,#7919);
#6811=AXIS2_PLACEMENT_3D('',#10094,#7920,#7921);
#6812=AXIS2_PLACEMENT_3D('',#10096,#7922,#7923);
#6813=AXIS2_PLACEMENT_3D('',#10098,#7924,#7925);
#6814=AXIS2_PLACEMENT_3D('',#10100,#7926,#7927);
#6815=AXIS2_PLACEMENT_3D('',#10102,#7928,#7929);
#6816=AXIS2_PLACEMENT_3D('',#10103,#7930,#7931);
#6817=AXIS2_PLACEMENT_3D('',#10105,#7932,#7933);
#6818=AXIS2_PLACEMENT_3D('',#10106,#7934,#7935);
#6819=AXIS2_PLACEMENT_3D('',#10108,#7936,#7937);
#6820=AXIS2_PLACEMENT_3D('',#10109,#7938,#7939);
#6821=AXIS2_PLACEMENT_3D('',#10111,#7940,#7941);
#6822=AXIS2_PLACEMENT_3D('',#10112,#7942,#7943);
#6823=AXIS2_PLACEMENT_3D('',#10114,#7944,#7945);
#6824=AXIS2_PLACEMENT_3D('',#10115,#7946,#7947);
#6825=AXIS2_PLACEMENT_3D('',#10117,#7948,#7949);
#6826=AXIS2_PLACEMENT_3D('',#10118,#7950,#7951);
#6827=AXIS2_PLACEMENT_3D('',#10120,#7952,#7953);
#6828=AXIS2_PLACEMENT_3D('',#10121,#7954,#7955);
#6829=AXIS2_PLACEMENT_3D('',#10123,#7956,#7957);
#6830=AXIS2_PLACEMENT_3D('',#10124,#7958,#7959);
#6831=AXIS2_PLACEMENT_3D('',#10126,#7960,#7961);
#6832=AXIS2_PLACEMENT_3D('',#10127,#7962,#7963);
#6833=AXIS2_PLACEMENT_3D('',#10129,#7964,#7965);
#6834=AXIS2_PLACEMENT_3D('',#10131,#7966,#7967);
#6835=AXIS2_PLACEMENT_3D('',#10132,#7968,#7969);
#6836=AXIS2_PLACEMENT_3D('',#10134,#7970,#7971);
#6837=AXIS2_PLACEMENT_3D('',#10136,#7972,#7973);
#6838=AXIS2_PLACEMENT_3D('',#10137,#7974,#7975);
#6839=AXIS2_PLACEMENT_3D('',#10139,#7976,#7977);
#6840=AXIS2_PLACEMENT_3D('',#10141,#7978,#7979);
#6841=AXIS2_PLACEMENT_3D('',#10143,#7980,#7981);
#6842=AXIS2_PLACEMENT_3D('',#10145,#7982,#7983);
#6843=AXIS2_PLACEMENT_3D('',#10147,#7984,#7985);
#6844=AXIS2_PLACEMENT_3D('',#10149,#7986,#7987);
#6845=AXIS2_PLACEMENT_3D('',#10151,#7988,#7989);
#6846=AXIS2_PLACEMENT_3D('',#10153,#7990,#7991);
#6847=AXIS2_PLACEMENT_3D('',#10155,#7992,#7993);
#6848=AXIS2_PLACEMENT_3D('',#10157,#7994,#7995);
#6849=AXIS2_PLACEMENT_3D('',#10159,#7996,#7997);
#6850=AXIS2_PLACEMENT_3D('',#10161,#7998,#7999);
#6851=AXIS2_PLACEMENT_3D('',#10163,#8000,#8001);
#6852=AXIS2_PLACEMENT_3D('',#10164,#8002,#8003);
#6853=AXIS2_PLACEMENT_3D('',#10166,#8004,#8005);
#6854=AXIS2_PLACEMENT_3D('',#10167,#8006,#8007);
#6855=AXIS2_PLACEMENT_3D('',#10169,#8008,#8009);
#6856=AXIS2_PLACEMENT_3D('',#10170,#8010,#8011);
#6857=AXIS2_PLACEMENT_3D('',#10172,#8012,#8013);
#6858=AXIS2_PLACEMENT_3D('',#10173,#8014,#8015);
#6859=AXIS2_PLACEMENT_3D('',#10175,#8016,#8017);
#6860=AXIS2_PLACEMENT_3D('',#10176,#8018,#8019);
#6861=AXIS2_PLACEMENT_3D('',#10178,#8020,#8021);
#6862=AXIS2_PLACEMENT_3D('',#10179,#8022,#8023);
#6863=AXIS2_PLACEMENT_3D('',#10181,#8024,#8025);
#6864=AXIS2_PLACEMENT_3D('',#10182,#8026,#8027);
#6865=AXIS2_PLACEMENT_3D('',#10184,#8028,#8029);
#6866=AXIS2_PLACEMENT_3D('',#10185,#8030,#8031);
#6867=AXIS2_PLACEMENT_3D('',#10187,#8032,#8033);
#6868=AXIS2_PLACEMENT_3D('',#10189,#8034,#8035);
#6869=AXIS2_PLACEMENT_3D('',#10190,#8036,#8037);
#6870=AXIS2_PLACEMENT_3D('',#10192,#8038,#8039);
#6871=AXIS2_PLACEMENT_3D('',#10194,#8040,#8041);
#6872=AXIS2_PLACEMENT_3D('',#10196,#8042,#8043);
#6873=AXIS2_PLACEMENT_3D('',#10198,#8044,#8045);
#6874=AXIS2_PLACEMENT_3D('',#10200,#8046,#8047);
#6875=AXIS2_PLACEMENT_3D('',#10202,#8048,#8049);
#6876=AXIS2_PLACEMENT_3D('',#10204,#8050,#8051);
#6877=AXIS2_PLACEMENT_3D('',#10206,#8052,#8053);
#6878=AXIS2_PLACEMENT_3D('',#10208,#8054,#8055);
#6879=AXIS2_PLACEMENT_3D('',#10210,#8056,#8057);
#6880=AXIS2_PLACEMENT_3D('',#10212,#8058,#8059);
#6881=AXIS2_PLACEMENT_3D('',#10214,#8060,#8061);
#6882=AXIS2_PLACEMENT_3D('',#10216,#8062,#8063);
#6883=AXIS2_PLACEMENT_3D('',#10217,#8064,#8065);
#6884=AXIS2_PLACEMENT_3D('',#10219,#8066,#8067);
#6885=AXIS2_PLACEMENT_3D('',#10220,#8068,#8069);
#6886=AXIS2_PLACEMENT_3D('',#10222,#8070,#8071);
#6887=AXIS2_PLACEMENT_3D('',#10223,#8072,#8073);
#6888=AXIS2_PLACEMENT_3D('',#10225,#8074,#8075);
#6889=AXIS2_PLACEMENT_3D('',#10226,#8076,#8077);
#6890=AXIS2_PLACEMENT_3D('',#10228,#8078,#8079);
#6891=AXIS2_PLACEMENT_3D('',#10229,#8080,#8081);
#6892=AXIS2_PLACEMENT_3D('',#10231,#8082,#8083);
#6893=AXIS2_PLACEMENT_3D('',#10232,#8084,#8085);
#6894=AXIS2_PLACEMENT_3D('',#10234,#8086,#8087);
#6895=AXIS2_PLACEMENT_3D('',#10235,#8088,#8089);
#6896=AXIS2_PLACEMENT_3D('',#10237,#8090,#8091);
#6897=AXIS2_PLACEMENT_3D('',#10238,#8092,#8093);
#6898=AXIS2_PLACEMENT_3D('',#10240,#8094,#8095);
#6899=AXIS2_PLACEMENT_3D('',#10242,#8096,#8097);
#6900=AXIS2_PLACEMENT_3D('',#10244,#8098,#8099);
#6901=AXIS2_PLACEMENT_3D('',#10246,#8100,#8101);
#6902=AXIS2_PLACEMENT_3D('',#10248,#8102,#8103);
#6903=AXIS2_PLACEMENT_3D('',#10250,#8104,#8105);
#6904=AXIS2_PLACEMENT_3D('',#10252,#8106,#8107);
#6905=AXIS2_PLACEMENT_3D('',#10254,#8108,#8109);
#6906=AXIS2_PLACEMENT_3D('',#10256,#8110,#8111);
#6907=AXIS2_PLACEMENT_3D('',#10258,#8112,#8113);
#6908=AXIS2_PLACEMENT_3D('',#10260,#8114,#8115);
#6909=AXIS2_PLACEMENT_3D('',#10262,#8116,#8117);
#6910=AXIS2_PLACEMENT_3D('',#10264,#8118,#8119);
#6911=AXIS2_PLACEMENT_3D('',#10266,#8120,#8121);
#6912=AXIS2_PLACEMENT_3D('',#10268,#8122,#8123);
#6913=AXIS2_PLACEMENT_3D('',#10270,#8124,#8125);
#6914=AXIS2_PLACEMENT_3D('',#10272,#8126,#8127);
#6915=AXIS2_PLACEMENT_3D('',#10274,#8128,#8129);
#6916=AXIS2_PLACEMENT_3D('',#10275,#8130,#8131);
#6917=AXIS2_PLACEMENT_3D('',#10277,#8132,#8133);
#6918=AXIS2_PLACEMENT_3D('',#10278,#8134,#8135);
#6919=AXIS2_PLACEMENT_3D('',#10280,#8136,#8137);
#6920=AXIS2_PLACEMENT_3D('',#10281,#8138,#8139);
#6921=AXIS2_PLACEMENT_3D('',#10283,#8140,#8141);
#6922=AXIS2_PLACEMENT_3D('',#10284,#8142,#8143);
#6923=AXIS2_PLACEMENT_3D('',#10286,#8144,#8145);
#6924=AXIS2_PLACEMENT_3D('',#10287,#8146,#8147);
#6925=AXIS2_PLACEMENT_3D('',#10289,#8148,#8149);
#6926=AXIS2_PLACEMENT_3D('',#10290,#8150,#8151);
#6927=AXIS2_PLACEMENT_3D('',#10292,#8152,#8153);
#6928=AXIS2_PLACEMENT_3D('',#10293,#8154,#8155);
#6929=AXIS2_PLACEMENT_3D('',#10295,#8156,#8157);
#6930=AXIS2_PLACEMENT_3D('',#10296,#8158,#8159);
#6931=AXIS2_PLACEMENT_3D('',#10298,#8160,#8161);
#6932=AXIS2_PLACEMENT_3D('',#10347,#8162,#8163);
#6933=AXIS2_PLACEMENT_3D('',#10349,#8164,#8165);
#6934=AXIS2_PLACEMENT_3D('',#10350,#8166,#8167);
#6935=AXIS2_PLACEMENT_3D('',#10352,#8168,#8169);
#6936=AXIS2_PLACEMENT_3D('',#10353,#8170,#8171);
#6937=AXIS2_PLACEMENT_3D('',#10355,#8172,#8173);
#6938=AXIS2_PLACEMENT_3D('',#10357,#8174,#8175);
#6939=AXIS2_PLACEMENT_3D('',#10359,#8176,#8177);
#6940=AXIS2_PLACEMENT_3D('',#10361,#8178,#8179);
#6941=AXIS2_PLACEMENT_3D('',#10363,#8180,#8181);
#6942=AXIS2_PLACEMENT_3D('',#10365,#8182,#8183);
#6943=AXIS2_PLACEMENT_3D('',#10367,#8184,#8185);
#6944=AXIS2_PLACEMENT_3D('',#10369,#8186,#8187);
#6945=AXIS2_PLACEMENT_3D('',#10371,#8188,#8189);
#6946=AXIS2_PLACEMENT_3D('',#10373,#8190,#8191);
#6947=AXIS2_PLACEMENT_3D('',#10375,#8192,#8193);
#6948=AXIS2_PLACEMENT_3D('',#10377,#8194,#8195);
#6949=AXIS2_PLACEMENT_3D('',#10379,#8196,#8197);
#6950=AXIS2_PLACEMENT_3D('',#10381,#8198,#8199);
#6951=AXIS2_PLACEMENT_3D('',#10383,#8200,#8201);
#6952=AXIS2_PLACEMENT_3D('',#10385,#8202,#8203);
#6953=AXIS2_PLACEMENT_3D('',#10387,#8204,#8205);
#6954=AXIS2_PLACEMENT_3D('',#10388,#8206,#8207);
#6955=AXIS2_PLACEMENT_3D('',#10390,#8208,#8209);
#6956=AXIS2_PLACEMENT_3D('',#10391,#8210,#8211);
#6957=AXIS2_PLACEMENT_3D('',#10393,#8212,#8213);
#6958=AXIS2_PLACEMENT_3D('',#10394,#8214,#8215);
#6959=AXIS2_PLACEMENT_3D('',#10396,#8216,#8217);
#6960=AXIS2_PLACEMENT_3D('',#10397,#8218,#8219);
#6961=AXIS2_PLACEMENT_3D('',#10399,#8220,#8221);
#6962=AXIS2_PLACEMENT_3D('',#10400,#8222,#8223);
#6963=AXIS2_PLACEMENT_3D('',#10402,#8224,#8225);
#6964=AXIS2_PLACEMENT_3D('',#10403,#8226,#8227);
#6965=AXIS2_PLACEMENT_3D('',#10405,#8228,#8229);
#6966=AXIS2_PLACEMENT_3D('',#10406,#8230,#8231);
#6967=AXIS2_PLACEMENT_3D('',#10408,#8232,#8233);
#6968=AXIS2_PLACEMENT_3D('',#10409,#8234,#8235);
#6969=AXIS2_PLACEMENT_3D('',#10411,#8236,#8237);
#6970=AXIS2_PLACEMENT_3D('',#10460,#8238,#8239);
#6971=AXIS2_PLACEMENT_3D('',#10462,#8240,#8241);
#6972=AXIS2_PLACEMENT_3D('',#10463,#8242,#8243);
#6973=AXIS2_PLACEMENT_3D('',#10465,#8244,#8245);
#6974=AXIS2_PLACEMENT_3D('',#10466,#8246,#8247);
#6975=AXIS2_PLACEMENT_3D('',#10468,#8248,#8249);
#6976=AXIS2_PLACEMENT_3D('',#10470,#8250,#8251);
#6977=AXIS2_PLACEMENT_3D('',#10472,#8252,#8253);
#6978=AXIS2_PLACEMENT_3D('',#10474,#8254,#8255);
#6979=AXIS2_PLACEMENT_3D('',#10476,#8256,#8257);
#6980=AXIS2_PLACEMENT_3D('',#10478,#8258,#8259);
#6981=AXIS2_PLACEMENT_3D('',#10480,#8260,#8261);
#6982=AXIS2_PLACEMENT_3D('',#10482,#8262,#8263);
#6983=AXIS2_PLACEMENT_3D('',#10484,#8264,#8265);
#6984=AXIS2_PLACEMENT_3D('',#10486,#8266,#8267);
#6985=AXIS2_PLACEMENT_3D('',#10488,#8268,#8269);
#6986=AXIS2_PLACEMENT_3D('',#10490,#8270,#8271);
#6987=AXIS2_PLACEMENT_3D('',#10492,#8272,#8273);
#6988=AXIS2_PLACEMENT_3D('',#10494,#8274,#8275);
#6989=AXIS2_PLACEMENT_3D('',#10496,#8276,#8277);
#6990=AXIS2_PLACEMENT_3D('',#10498,#8278,#8279);
#6991=AXIS2_PLACEMENT_3D('',#10500,#8280,#8281);
#6992=AXIS2_PLACEMENT_3D('',#10501,#8282,#8283);
#6993=AXIS2_PLACEMENT_3D('',#10503,#8284,#8285);
#6994=AXIS2_PLACEMENT_3D('',#10504,#8286,#8287);
#6995=AXIS2_PLACEMENT_3D('',#10506,#8288,#8289);
#6996=AXIS2_PLACEMENT_3D('',#10507,#8290,#8291);
#6997=AXIS2_PLACEMENT_3D('',#10509,#8292,#8293);
#6998=AXIS2_PLACEMENT_3D('',#10510,#8294,#8295);
#6999=AXIS2_PLACEMENT_3D('',#10512,#8296,#8297);
#7000=AXIS2_PLACEMENT_3D('',#10513,#8298,#8299);
#7001=AXIS2_PLACEMENT_3D('',#10515,#8300,#8301);
#7002=AXIS2_PLACEMENT_3D('',#10516,#8302,#8303);
#7003=AXIS2_PLACEMENT_3D('',#10518,#8304,#8305);
#7004=AXIS2_PLACEMENT_3D('',#10519,#8306,#8307);
#7005=AXIS2_PLACEMENT_3D('',#10521,#8308,#8309);
#7006=AXIS2_PLACEMENT_3D('',#10522,#8310,#8311);
#7007=AXIS2_PLACEMENT_3D('',#10524,#8312,#8313);
#7008=AXIS2_PLACEMENT_3D('',#10573,#8314,#8315);
#7009=AXIS2_PLACEMENT_3D('',#10575,#8316,#8317);
#7010=AXIS2_PLACEMENT_3D('',#10576,#8318,#8319);
#7011=AXIS2_PLACEMENT_3D('',#10578,#8320,#8321);
#7012=AXIS2_PLACEMENT_3D('',#10579,#8322,#8323);
#7013=AXIS2_PLACEMENT_3D('',#10581,#8324,#8325);
#7014=AXIS2_PLACEMENT_3D('',#10583,#8326,#8327);
#7015=AXIS2_PLACEMENT_3D('',#10585,#8328,#8329);
#7016=AXIS2_PLACEMENT_3D('',#10587,#8330,#8331);
#7017=AXIS2_PLACEMENT_3D('',#10589,#8332,#8333);
#7018=AXIS2_PLACEMENT_3D('',#10591,#8334,#8335);
#7019=AXIS2_PLACEMENT_3D('',#10593,#8336,#8337);
#7020=AXIS2_PLACEMENT_3D('',#10595,#8338,#8339);
#7021=AXIS2_PLACEMENT_3D('',#10597,#8340,#8341);
#7022=AXIS2_PLACEMENT_3D('',#10599,#8342,#8343);
#7023=AXIS2_PLACEMENT_3D('',#10601,#8344,#8345);
#7024=AXIS2_PLACEMENT_3D('',#10603,#8346,#8347);
#7025=AXIS2_PLACEMENT_3D('',#10605,#8348,#8349);
#7026=AXIS2_PLACEMENT_3D('',#10607,#8350,#8351);
#7027=AXIS2_PLACEMENT_3D('',#10609,#8352,#8353);
#7028=AXIS2_PLACEMENT_3D('',#10611,#8354,#8355);
#7029=AXIS2_PLACEMENT_3D('',#10613,#8356,#8357);
#7030=AXIS2_PLACEMENT_3D('',#10614,#8358,#8359);
#7031=AXIS2_PLACEMENT_3D('',#10616,#8360,#8361);
#7032=AXIS2_PLACEMENT_3D('',#10617,#8362,#8363);
#7033=AXIS2_PLACEMENT_3D('',#10619,#8364,#8365);
#7034=AXIS2_PLACEMENT_3D('',#10620,#8366,#8367);
#7035=AXIS2_PLACEMENT_3D('',#10622,#8368,#8369);
#7036=AXIS2_PLACEMENT_3D('',#10623,#8370,#8371);
#7037=AXIS2_PLACEMENT_3D('',#10625,#8372,#8373);
#7038=AXIS2_PLACEMENT_3D('',#10626,#8374,#8375);
#7039=AXIS2_PLACEMENT_3D('',#10628,#8376,#8377);
#7040=AXIS2_PLACEMENT_3D('',#10629,#8378,#8379);
#7041=AXIS2_PLACEMENT_3D('',#10631,#8380,#8381);
#7042=AXIS2_PLACEMENT_3D('',#10632,#8382,#8383);
#7043=AXIS2_PLACEMENT_3D('',#10634,#8384,#8385);
#7044=AXIS2_PLACEMENT_3D('',#10635,#8386,#8387);
#7045=AXIS2_PLACEMENT_3D('',#10637,#8388,#8389);
#7046=AXIS2_PLACEMENT_3D('',#10686,#8390,#8391);
#7047=AXIS2_PLACEMENT_3D('',#10688,#8392,#8393);
#7048=AXIS2_PLACEMENT_3D('',#10689,#8394,#8395);
#7049=AXIS2_PLACEMENT_3D('',#10691,#8396,#8397);
#7050=AXIS2_PLACEMENT_3D('',#10692,#8398,#8399);
#7051=AXIS2_PLACEMENT_3D('',#10694,#8400,#8401);
#7052=AXIS2_PLACEMENT_3D('',#10696,#8402,#8403);
#7053=AXIS2_PLACEMENT_3D('',#10698,#8404,#8405);
#7054=AXIS2_PLACEMENT_3D('',#10700,#8406,#8407);
#7055=AXIS2_PLACEMENT_3D('',#10702,#8408,#8409);
#7056=AXIS2_PLACEMENT_3D('',#10704,#8410,#8411);
#7057=AXIS2_PLACEMENT_3D('',#10706,#8412,#8413);
#7058=AXIS2_PLACEMENT_3D('',#10708,#8414,#8415);
#7059=AXIS2_PLACEMENT_3D('',#10710,#8416,#8417);
#7060=AXIS2_PLACEMENT_3D('',#10712,#8418,#8419);
#7061=AXIS2_PLACEMENT_3D('',#10714,#8420,#8421);
#7062=AXIS2_PLACEMENT_3D('',#10716,#8422,#8423);
#7063=AXIS2_PLACEMENT_3D('',#10718,#8424,#8425);
#7064=AXIS2_PLACEMENT_3D('',#10720,#8426,#8427);
#7065=AXIS2_PLACEMENT_3D('',#10722,#8428,#8429);
#7066=AXIS2_PLACEMENT_3D('',#10724,#8430,#8431);
#7067=AXIS2_PLACEMENT_3D('',#10726,#8432,#8433);
#7068=AXIS2_PLACEMENT_3D('',#10727,#8434,#8435);
#7069=AXIS2_PLACEMENT_3D('',#10729,#8436,#8437);
#7070=AXIS2_PLACEMENT_3D('',#10730,#8438,#8439);
#7071=AXIS2_PLACEMENT_3D('',#10732,#8440,#8441);
#7072=AXIS2_PLACEMENT_3D('',#10733,#8442,#8443);
#7073=AXIS2_PLACEMENT_3D('',#10735,#8444,#8445);
#7074=AXIS2_PLACEMENT_3D('',#10736,#8446,#8447);
#7075=AXIS2_PLACEMENT_3D('',#10738,#8448,#8449);
#7076=AXIS2_PLACEMENT_3D('',#10739,#8450,#8451);
#7077=AXIS2_PLACEMENT_3D('',#10741,#8452,#8453);
#7078=AXIS2_PLACEMENT_3D('',#10742,#8454,#8455);
#7079=AXIS2_PLACEMENT_3D('',#10744,#8456,#8457);
#7080=AXIS2_PLACEMENT_3D('',#10745,#8458,#8459);
#7081=AXIS2_PLACEMENT_3D('',#10747,#8460,#8461);
#7082=AXIS2_PLACEMENT_3D('',#10748,#8462,#8463);
#7083=AXIS2_PLACEMENT_3D('',#10750,#8464,#8465);
#7084=AXIS2_PLACEMENT_3D('',#10799,#8466,#8467);
#7085=AXIS2_PLACEMENT_3D('',#10801,#8468,#8469);
#7086=AXIS2_PLACEMENT_3D('',#10802,#8470,#8471);
#7087=AXIS2_PLACEMENT_3D('',#10804,#8472,#8473);
#7088=AXIS2_PLACEMENT_3D('',#10805,#8474,#8475);
#7089=AXIS2_PLACEMENT_3D('',#10807,#8476,#8477);
#7090=AXIS2_PLACEMENT_3D('',#10809,#8478,#8479);
#7091=AXIS2_PLACEMENT_3D('',#10811,#8480,#8481);
#7092=AXIS2_PLACEMENT_3D('',#10813,#8482,#8483);
#7093=AXIS2_PLACEMENT_3D('',#10815,#8484,#8485);
#7094=AXIS2_PLACEMENT_3D('',#10817,#8486,#8487);
#7095=AXIS2_PLACEMENT_3D('',#10819,#8488,#8489);
#7096=AXIS2_PLACEMENT_3D('',#10821,#8490,#8491);
#7097=AXIS2_PLACEMENT_3D('',#10823,#8492,#8493);
#7098=AXIS2_PLACEMENT_3D('',#10825,#8494,#8495);
#7099=AXIS2_PLACEMENT_3D('',#10827,#8496,#8497);
#7100=AXIS2_PLACEMENT_3D('',#10829,#8498,#8499);
#7101=AXIS2_PLACEMENT_3D('',#10831,#8500,#8501);
#7102=AXIS2_PLACEMENT_3D('',#10833,#8502,#8503);
#7103=AXIS2_PLACEMENT_3D('',#10835,#8504,#8505);
#7104=AXIS2_PLACEMENT_3D('',#10837,#8506,#8507);
#7105=AXIS2_PLACEMENT_3D('',#10839,#8508,#8509);
#7106=AXIS2_PLACEMENT_3D('',#10840,#8510,#8511);
#7107=AXIS2_PLACEMENT_3D('',#10842,#8512,#8513);
#7108=AXIS2_PLACEMENT_3D('',#10843,#8514,#8515);
#7109=AXIS2_PLACEMENT_3D('',#10845,#8516,#8517);
#7110=AXIS2_PLACEMENT_3D('',#10846,#8518,#8519);
#7111=AXIS2_PLACEMENT_3D('',#10848,#8520,#8521);
#7112=AXIS2_PLACEMENT_3D('',#10849,#8522,#8523);
#7113=AXIS2_PLACEMENT_3D('',#10851,#8524,#8525);
#7114=AXIS2_PLACEMENT_3D('',#10852,#8526,#8527);
#7115=AXIS2_PLACEMENT_3D('',#10854,#8528,#8529);
#7116=AXIS2_PLACEMENT_3D('',#10855,#8530,#8531);
#7117=AXIS2_PLACEMENT_3D('',#10857,#8532,#8533);
#7118=AXIS2_PLACEMENT_3D('',#10858,#8534,#8535);
#7119=AXIS2_PLACEMENT_3D('',#10860,#8536,#8537);
#7120=AXIS2_PLACEMENT_3D('',#10861,#8538,#8539);
#7121=AXIS2_PLACEMENT_3D('',#10863,#8540,#8541);
#7122=AXIS2_PLACEMENT_3D('',#10912,#8542,#8543);
#7123=AXIS2_PLACEMENT_3D('',#10914,#8544,#8545);
#7124=AXIS2_PLACEMENT_3D('',#10915,#8546,#8547);
#7125=AXIS2_PLACEMENT_3D('',#10917,#8548,#8549);
#7126=AXIS2_PLACEMENT_3D('',#10918,#8550,#8551);
#7127=AXIS2_PLACEMENT_3D('',#10920,#8552,#8553);
#7128=AXIS2_PLACEMENT_3D('',#10922,#8554,#8555);
#7129=AXIS2_PLACEMENT_3D('',#10924,#8556,#8557);
#7130=AXIS2_PLACEMENT_3D('',#10926,#8558,#8559);
#7131=AXIS2_PLACEMENT_3D('',#10928,#8560,#8561);
#7132=AXIS2_PLACEMENT_3D('',#10930,#8562,#8563);
#7133=AXIS2_PLACEMENT_3D('',#10932,#8564,#8565);
#7134=AXIS2_PLACEMENT_3D('',#10934,#8566,#8567);
#7135=AXIS2_PLACEMENT_3D('',#10936,#8568,#8569);
#7136=AXIS2_PLACEMENT_3D('',#10938,#8570,#8571);
#7137=AXIS2_PLACEMENT_3D('',#10940,#8572,#8573);
#7138=AXIS2_PLACEMENT_3D('',#10942,#8574,#8575);
#7139=AXIS2_PLACEMENT_3D('',#10944,#8576,#8577);
#7140=AXIS2_PLACEMENT_3D('',#10946,#8578,#8579);
#7141=AXIS2_PLACEMENT_3D('',#10948,#8580,#8581);
#7142=AXIS2_PLACEMENT_3D('',#10950,#8582,#8583);
#7143=AXIS2_PLACEMENT_3D('',#10952,#8584,#8585);
#7144=AXIS2_PLACEMENT_3D('',#10953,#8586,#8587);
#7145=AXIS2_PLACEMENT_3D('',#10955,#8588,#8589);
#7146=AXIS2_PLACEMENT_3D('',#10956,#8590,#8591);
#7147=AXIS2_PLACEMENT_3D('',#10958,#8592,#8593);
#7148=AXIS2_PLACEMENT_3D('',#10959,#8594,#8595);
#7149=AXIS2_PLACEMENT_3D('',#10961,#8596,#8597);
#7150=AXIS2_PLACEMENT_3D('',#10962,#8598,#8599);
#7151=AXIS2_PLACEMENT_3D('',#10964,#8600,#8601);
#7152=AXIS2_PLACEMENT_3D('',#10965,#8602,#8603);
#7153=AXIS2_PLACEMENT_3D('',#10967,#8604,#8605);
#7154=AXIS2_PLACEMENT_3D('',#10968,#8606,#8607);
#7155=AXIS2_PLACEMENT_3D('',#10970,#8608,#8609);
#7156=AXIS2_PLACEMENT_3D('',#10971,#8610,#8611);
#7157=AXIS2_PLACEMENT_3D('',#10973,#8612,#8613);
#7158=AXIS2_PLACEMENT_3D('',#10974,#8614,#8615);
#7159=AXIS2_PLACEMENT_3D('',#10976,#8616,#8617);
#7160=AXIS2_PLACEMENT_3D('',#11025,#8618,#8619);
#7161=AXIS2_PLACEMENT_3D('',#11027,#8620,#8621);
#7162=AXIS2_PLACEMENT_3D('',#11028,#8622,#8623);
#7163=AXIS2_PLACEMENT_3D('',#11030,#8624,#8625);
#7164=AXIS2_PLACEMENT_3D('',#11031,#8626,#8627);
#7165=AXIS2_PLACEMENT_3D('',#11033,#8628,#8629);
#7166=AXIS2_PLACEMENT_3D('',#11035,#8630,#8631);
#7167=AXIS2_PLACEMENT_3D('',#11037,#8632,#8633);
#7168=AXIS2_PLACEMENT_3D('',#11039,#8634,#8635);
#7169=AXIS2_PLACEMENT_3D('',#11041,#8636,#8637);
#7170=AXIS2_PLACEMENT_3D('',#11043,#8638,#8639);
#7171=AXIS2_PLACEMENT_3D('',#11045,#8640,#8641);
#7172=AXIS2_PLACEMENT_3D('',#11047,#8642,#8643);
#7173=AXIS2_PLACEMENT_3D('',#11049,#8644,#8645);
#7174=AXIS2_PLACEMENT_3D('',#11051,#8646,#8647);
#7175=AXIS2_PLACEMENT_3D('',#11053,#8648,#8649);
#7176=AXIS2_PLACEMENT_3D('',#11055,#8650,#8651);
#7177=AXIS2_PLACEMENT_3D('',#11057,#8652,#8653);
#7178=AXIS2_PLACEMENT_3D('',#11059,#8654,#8655);
#7179=AXIS2_PLACEMENT_3D('',#11061,#8656,#8657);
#7180=AXIS2_PLACEMENT_3D('',#11063,#8658,#8659);
#7181=AXIS2_PLACEMENT_3D('',#11065,#8660,#8661);
#7182=AXIS2_PLACEMENT_3D('',#11066,#8662,#8663);
#7183=AXIS2_PLACEMENT_3D('',#11068,#8664,#8665);
#7184=AXIS2_PLACEMENT_3D('',#11069,#8666,#8667);
#7185=AXIS2_PLACEMENT_3D('',#11071,#8668,#8669);
#7186=AXIS2_PLACEMENT_3D('',#11072,#8670,#8671);
#7187=AXIS2_PLACEMENT_3D('',#11074,#8672,#8673);
#7188=AXIS2_PLACEMENT_3D('',#11075,#8674,#8675);
#7189=AXIS2_PLACEMENT_3D('',#11077,#8676,#8677);
#7190=AXIS2_PLACEMENT_3D('',#11078,#8678,#8679);
#7191=AXIS2_PLACEMENT_3D('',#11080,#8680,#8681);
#7192=AXIS2_PLACEMENT_3D('',#11081,#8682,#8683);
#7193=AXIS2_PLACEMENT_3D('',#11083,#8684,#8685);
#7194=AXIS2_PLACEMENT_3D('',#11084,#8686,#8687);
#7195=AXIS2_PLACEMENT_3D('',#11086,#8688,#8689);
#7196=AXIS2_PLACEMENT_3D('',#11087,#8690,#8691);
#7197=AXIS2_PLACEMENT_3D('',#11089,#8692,#8693);
#7198=AXIS2_PLACEMENT_3D('',#11138,#8694,#8695);
#7199=AXIS2_PLACEMENT_3D('',#11140,#8696,#8697);
#7200=AXIS2_PLACEMENT_3D('',#11141,#8698,#8699);
#7201=AXIS2_PLACEMENT_3D('',#11143,#8700,#8701);
#7202=AXIS2_PLACEMENT_3D('',#11144,#8702,#8703);
#7203=AXIS2_PLACEMENT_3D('',#11146,#8704,#8705);
#7204=AXIS2_PLACEMENT_3D('',#11148,#8706,#8707);
#7205=AXIS2_PLACEMENT_3D('',#11150,#8708,#8709);
#7206=AXIS2_PLACEMENT_3D('',#11152,#8710,#8711);
#7207=AXIS2_PLACEMENT_3D('',#11154,#8712,#8713);
#7208=AXIS2_PLACEMENT_3D('',#11156,#8714,#8715);
#7209=AXIS2_PLACEMENT_3D('',#11158,#8716,#8717);
#7210=AXIS2_PLACEMENT_3D('',#11160,#8718,#8719);
#7211=AXIS2_PLACEMENT_3D('',#11162,#8720,#8721);
#7212=AXIS2_PLACEMENT_3D('',#11164,#8722,#8723);
#7213=AXIS2_PLACEMENT_3D('',#11166,#8724,#8725);
#7214=AXIS2_PLACEMENT_3D('',#11168,#8726,#8727);
#7215=AXIS2_PLACEMENT_3D('',#11170,#8728,#8729);
#7216=AXIS2_PLACEMENT_3D('',#11172,#8730,#8731);
#7217=AXIS2_PLACEMENT_3D('',#11174,#8732,#8733);
#7218=AXIS2_PLACEMENT_3D('',#11176,#8734,#8735);
#7219=AXIS2_PLACEMENT_3D('',#11178,#8736,#8737);
#7220=AXIS2_PLACEMENT_3D('',#11179,#8738,#8739);
#7221=AXIS2_PLACEMENT_3D('',#11181,#8740,#8741);
#7222=AXIS2_PLACEMENT_3D('',#11182,#8742,#8743);
#7223=AXIS2_PLACEMENT_3D('',#11184,#8744,#8745);
#7224=AXIS2_PLACEMENT_3D('',#11185,#8746,#8747);
#7225=AXIS2_PLACEMENT_3D('',#11187,#8748,#8749);
#7226=AXIS2_PLACEMENT_3D('',#11188,#8750,#8751);
#7227=AXIS2_PLACEMENT_3D('',#11190,#8752,#8753);
#7228=AXIS2_PLACEMENT_3D('',#11191,#8754,#8755);
#7229=AXIS2_PLACEMENT_3D('',#11193,#8756,#8757);
#7230=AXIS2_PLACEMENT_3D('',#11194,#8758,#8759);
#7231=AXIS2_PLACEMENT_3D('',#11196,#8760,#8761);
#7232=AXIS2_PLACEMENT_3D('',#11197,#8762,#8763);
#7233=AXIS2_PLACEMENT_3D('',#11199,#8764,#8765);
#7234=AXIS2_PLACEMENT_3D('',#11200,#8766,#8767);
#7235=AXIS2_PLACEMENT_3D('',#11202,#8768,#8769);
#7236=AXIS2_PLACEMENT_3D('',#11251,#8770,#8771);
#7237=AXIS2_PLACEMENT_3D('',#11253,#8772,#8773);
#7238=AXIS2_PLACEMENT_3D('',#11254,#8774,#8775);
#7239=AXIS2_PLACEMENT_3D('',#11256,#8776,#8777);
#7240=AXIS2_PLACEMENT_3D('',#11257,#8778,#8779);
#7241=AXIS2_PLACEMENT_3D('',#11259,#8780,#8781);
#7242=AXIS2_PLACEMENT_3D('',#11261,#8782,#8783);
#7243=AXIS2_PLACEMENT_3D('',#11263,#8784,#8785);
#7244=AXIS2_PLACEMENT_3D('',#11265,#8786,#8787);
#7245=AXIS2_PLACEMENT_3D('',#11267,#8788,#8789);
#7246=AXIS2_PLACEMENT_3D('',#11269,#8790,#8791);
#7247=AXIS2_PLACEMENT_3D('',#11271,#8792,#8793);
#7248=AXIS2_PLACEMENT_3D('',#11273,#8794,#8795);
#7249=AXIS2_PLACEMENT_3D('',#11275,#8796,#8797);
#7250=AXIS2_PLACEMENT_3D('',#11277,#8798,#8799);
#7251=AXIS2_PLACEMENT_3D('',#11279,#8800,#8801);
#7252=AXIS2_PLACEMENT_3D('',#11281,#8802,#8803);
#7253=AXIS2_PLACEMENT_3D('',#11283,#8804,#8805);
#7254=AXIS2_PLACEMENT_3D('',#11285,#8806,#8807);
#7255=AXIS2_PLACEMENT_3D('',#11287,#8808,#8809);
#7256=AXIS2_PLACEMENT_3D('',#11289,#8810,#8811);
#7257=AXIS2_PLACEMENT_3D('',#11291,#8812,#8813);
#7258=AXIS2_PLACEMENT_3D('',#11292,#8814,#8815);
#7259=AXIS2_PLACEMENT_3D('',#11294,#8816,#8817);
#7260=AXIS2_PLACEMENT_3D('',#11295,#8818,#8819);
#7261=AXIS2_PLACEMENT_3D('',#11297,#8820,#8821);
#7262=AXIS2_PLACEMENT_3D('',#11298,#8822,#8823);
#7263=AXIS2_PLACEMENT_3D('',#11300,#8824,#8825);
#7264=AXIS2_PLACEMENT_3D('',#11301,#8826,#8827);
#7265=AXIS2_PLACEMENT_3D('',#11303,#8828,#8829);
#7266=AXIS2_PLACEMENT_3D('',#11304,#8830,#8831);
#7267=AXIS2_PLACEMENT_3D('',#11306,#8832,#8833);
#7268=AXIS2_PLACEMENT_3D('',#11307,#8834,#8835);
#7269=AXIS2_PLACEMENT_3D('',#11309,#8836,#8837);
#7270=AXIS2_PLACEMENT_3D('',#11310,#8838,#8839);
#7271=AXIS2_PLACEMENT_3D('',#11312,#8840,#8841);
#7272=AXIS2_PLACEMENT_3D('',#11313,#8842,#8843);
#7273=AXIS2_PLACEMENT_3D('',#11315,#8844,#8845);
#7274=AXIS2_PLACEMENT_3D('',#11364,#8846,#8847);
#7275=AXIS2_PLACEMENT_3D('',#11366,#8848,#8849);
#7276=AXIS2_PLACEMENT_3D('',#11367,#8850,#8851);
#7277=AXIS2_PLACEMENT_3D('',#11369,#8852,#8853);
#7278=AXIS2_PLACEMENT_3D('',#11370,#8854,#8855);
#7279=AXIS2_PLACEMENT_3D('',#11372,#8856,#8857);
#7280=AXIS2_PLACEMENT_3D('',#11374,#8858,#8859);
#7281=AXIS2_PLACEMENT_3D('',#11376,#8860,#8861);
#7282=AXIS2_PLACEMENT_3D('',#11378,#8862,#8863);
#7283=AXIS2_PLACEMENT_3D('',#11380,#8864,#8865);
#7284=AXIS2_PLACEMENT_3D('',#11382,#8866,#8867);
#7285=AXIS2_PLACEMENT_3D('',#11384,#8868,#8869);
#7286=AXIS2_PLACEMENT_3D('',#11386,#8870,#8871);
#7287=AXIS2_PLACEMENT_3D('',#11388,#8872,#8873);
#7288=AXIS2_PLACEMENT_3D('',#11390,#8874,#8875);
#7289=AXIS2_PLACEMENT_3D('',#11392,#8876,#8877);
#7290=AXIS2_PLACEMENT_3D('',#11394,#8878,#8879);
#7291=AXIS2_PLACEMENT_3D('',#11396,#8880,#8881);
#7292=AXIS2_PLACEMENT_3D('',#11398,#8882,#8883);
#7293=AXIS2_PLACEMENT_3D('',#11400,#8884,#8885);
#7294=AXIS2_PLACEMENT_3D('',#11402,#8886,#8887);
#7295=AXIS2_PLACEMENT_3D('',#11404,#8888,#8889);
#7296=AXIS2_PLACEMENT_3D('',#11405,#8890,#8891);
#7297=AXIS2_PLACEMENT_3D('',#11407,#8892,#8893);
#7298=AXIS2_PLACEMENT_3D('',#11408,#8894,#8895);
#7299=AXIS2_PLACEMENT_3D('',#11410,#8896,#8897);
#7300=AXIS2_PLACEMENT_3D('',#11411,#8898,#8899);
#7301=AXIS2_PLACEMENT_3D('',#11413,#8900,#8901);
#7302=AXIS2_PLACEMENT_3D('',#11414,#8902,#8903);
#7303=AXIS2_PLACEMENT_3D('',#11416,#8904,#8905);
#7304=AXIS2_PLACEMENT_3D('',#11417,#8906,#8907);
#7305=AXIS2_PLACEMENT_3D('',#11419,#8908,#8909);
#7306=AXIS2_PLACEMENT_3D('',#11420,#8910,#8911);
#7307=AXIS2_PLACEMENT_3D('',#11422,#8912,#8913);
#7308=AXIS2_PLACEMENT_3D('',#11423,#8914,#8915);
#7309=AXIS2_PLACEMENT_3D('',#11425,#8916,#8917);
#7310=AXIS2_PLACEMENT_3D('',#11426,#8918,#8919);
#7311=AXIS2_PLACEMENT_3D('',#11428,#8920,#8921);
#7312=AXIS2_PLACEMENT_3D('',#11477,#8922,#8923);
#7313=AXIS2_PLACEMENT_3D('',#11479,#8924,#8925);
#7314=AXIS2_PLACEMENT_3D('',#11480,#8926,#8927);
#7315=AXIS2_PLACEMENT_3D('',#11482,#8928,#8929);
#7316=AXIS2_PLACEMENT_3D('',#11483,#8930,#8931);
#7317=AXIS2_PLACEMENT_3D('',#11485,#8932,#8933);
#7318=AXIS2_PLACEMENT_3D('',#11486,#8934,#8935);
#7319=AXIS2_PLACEMENT_3D('',#11488,#8936,#8937);
#7320=AXIS2_PLACEMENT_3D('',#11490,#8938,#8939);
#7321=AXIS2_PLACEMENT_3D('',#11499,#8944,#8945);
#7322=AXIS2_PLACEMENT_3D('',#11508,#8950,#8951);
#7323=AXIS2_PLACEMENT_3D('',#11517,#8956,#8957);
#7324=AXIS2_PLACEMENT_3D('',#11526,#8962,#8963);
#7325=AXIS2_PLACEMENT_3D('',#11535,#8968,#8969);
#7326=AXIS2_PLACEMENT_3D('',#11544,#8974,#8975);
#7327=AXIS2_PLACEMENT_3D('',#11553,#8980,#8981);
#7328=AXIS2_PLACEMENT_3D('',#11554,#8982,#8983);
#7329=AXIS2_PLACEMENT_3D('',#11556,#8984,#8985);
#7330=AXIS2_PLACEMENT_3D('',#11558,#8986,#8987);
#7331=AXIS2_PLACEMENT_3D('',#11560,#8988,#8989);
#7332=AXIS2_PLACEMENT_3D('',#11562,#8990,#8991);
#7333=AXIS2_PLACEMENT_3D('',#11564,#8992,#8993);
#7334=AXIS2_PLACEMENT_3D('',#11566,#8994,#8995);
#7335=AXIS2_PLACEMENT_3D('',#11568,#8996,#8997);
#7336=AXIS2_PLACEMENT_3D('',#11570,#8998,#8999);
#7337=AXIS2_PLACEMENT_3D('',#11580,#9004,#9005);
#7338=AXIS2_PLACEMENT_3D('',#11589,#9010,#9011);
#7339=AXIS2_PLACEMENT_3D('',#11598,#9016,#9017);
#7340=AXIS2_PLACEMENT_3D('',#11607,#9022,#9023);
#7341=AXIS2_PLACEMENT_3D('',#11616,#9028,#9029);
#7342=AXIS2_PLACEMENT_3D('',#11617,#9030,#9031);
#7343=AXIS2_PLACEMENT_3D('',#11619,#9032,#9033);
#7344=AXIS2_PLACEMENT_3D('',#11621,#9034,#9035);
#7345=AXIS2_PLACEMENT_3D('',#11623,#9036,#9037);
#7346=AXIS2_PLACEMENT_3D('',#11625,#9038,#9039);
#7347=AXIS2_PLACEMENT_3D('',#11627,#9040,#9041);
#7348=AXIS2_PLACEMENT_3D('',#11629,#9042,#9043);
#7349=AXIS2_PLACEMENT_3D('',#11631,#9044,#9045);
#7350=AXIS2_PLACEMENT_3D('',#11633,#9046,#9047);
#7351=AXIS2_PLACEMENT_3D('',#11635,#9048,#9049);
#7352=AXIS2_PLACEMENT_3D('',#11637,#9050,#9051);
#7353=AXIS2_PLACEMENT_3D('',#11639,#9052,#9053);
#7354=AXIS2_PLACEMENT_3D('',#11641,#9054,#9055);
#7355=AXIS2_PLACEMENT_3D('',#11643,#9056,#9057);
#7356=AXIS2_PLACEMENT_3D('',#11645,#9058,#9059);
#7357=AXIS2_PLACEMENT_3D('',#11647,#9060,#9061);
#7358=AXIS2_PLACEMENT_3D('',#11649,#9062,#9063);
#7359=AXIS2_PLACEMENT_3D('',#11675,#9076,#9077);
#7360=AXIS2_PLACEMENT_3D('',#11676,#9078,#9079);
#7361=AXIS2_PLACEMENT_3D('',#11678,#9080,#9081);
#7362=AXIS2_PLACEMENT_3D('',#11680,#9082,#9083);
#7363=AXIS2_PLACEMENT_3D('',#11682,#9084,#9085);
#7364=AXIS2_PLACEMENT_3D('',#11684,#9086,#9087);
#7365=AXIS2_PLACEMENT_3D('',#11686,#9088,#9089);
#7366=AXIS2_PLACEMENT_3D('',#11688,#9090,#9091);
#7367=AXIS2_PLACEMENT_3D('',#11690,#9092,#9093);
#7368=AXIS2_PLACEMENT_3D('',#11692,#9094,#9095);
#7369=AXIS2_PLACEMENT_3D('',#11694,#9096,#9097);
#7370=AXIS2_PLACEMENT_3D('',#11696,#9098,#9099);
#7371=AXIS2_PLACEMENT_3D('',#11698,#9100,#9101);
#7372=AXIS2_PLACEMENT_3D('',#11700,#9102,#9103);
#7373=AXIS2_PLACEMENT_3D('',#11702,#9104,#9105);
#7374=AXIS2_PLACEMENT_3D('',#11704,#9106,#9107);
#7375=AXIS2_PLACEMENT_3D('',#11706,#9108,#9109);
#7376=AXIS2_PLACEMENT_3D('',#11708,#9110,#9111);
#7377=AXIS2_PLACEMENT_3D('',#11710,#9112,#9113);
#7378=AXIS2_PLACEMENT_3D('',#11712,#9114,#9115);
#7379=AXIS2_PLACEMENT_3D('',#11714,#9116,#9117);
#7380=AXIS2_PLACEMENT_3D('',#11716,#9118,#9119);
#7381=AXIS2_PLACEMENT_3D('',#11718,#9120,#9121);
#7382=AXIS2_PLACEMENT_3D('',#11720,#9122,#9123);
#7383=AXIS2_PLACEMENT_3D('',#11722,#9124,#9125);
#7384=AXIS2_PLACEMENT_3D('',#11724,#9126,#9127);
#7385=AXIS2_PLACEMENT_3D('',#11726,#9128,#9129);
#7386=AXIS2_PLACEMENT_3D('',#11728,#9130,#9131);
#7387=AXIS2_PLACEMENT_3D('',#11730,#9132,#9133);
#7388=AXIS2_PLACEMENT_3D('',#11732,#9134,#9135);
#7389=AXIS2_PLACEMENT_3D('',#11734,#9136,#9137);
#7390=AXIS2_PLACEMENT_3D('',#11736,#9138,#9139);
#7391=AXIS2_PLACEMENT_3D('',#11738,#9140,#9141);
#7392=AXIS2_PLACEMENT_3D('',#11740,#9142,#9143);
#7393=AXIS2_PLACEMENT_3D('',#11766,#9156,#9157);
#7394=AXIS2_PLACEMENT_3D('',#11767,#9158,#9159);
#7395=AXIS2_PLACEMENT_3D('',#11768,#9160,#9161);
#7396=AXIS2_PLACEMENT_3D('',#11769,#9162,#9163);
#7397=AXIS2_PLACEMENT_3D('',#11770,#9164,#9165);
#7398=AXIS2_PLACEMENT_3D('',#11771,#9166,#9167);
#7399=AXIS2_PLACEMENT_3D('',#11772,#9168,#9169);
#7400=AXIS2_PLACEMENT_3D('',#11773,#9170,#9171);
#7401=AXIS2_PLACEMENT_3D('',#11774,#9172,#9173);
#7402=AXIS2_PLACEMENT_3D('',#11775,#9174,#9175);
#7403=AXIS2_PLACEMENT_3D('',#11776,#9176,#9177);
#7404=AXIS2_PLACEMENT_3D('',#11777,#9178,#9179);
#7405=AXIS2_PLACEMENT_3D('',#11778,#9180,#9181);
#7406=AXIS2_PLACEMENT_3D('',#11779,#9182,#9183);
#7407=AXIS2_PLACEMENT_3D('',#11780,#9184,#9185);
#7408=AXIS2_PLACEMENT_3D('',#11781,#9186,#9187);
#7409=AXIS2_PLACEMENT_3D('',#11782,#9188,#9189);
#7410=AXIS2_PLACEMENT_3D('',#11783,#9190,#9191);
#7411=AXIS2_PLACEMENT_3D('',#11784,#9192,#9193);
#7412=AXIS2_PLACEMENT_3D('',#11785,#9194,#9195);
#7413=AXIS2_PLACEMENT_3D('',#11786,#9196,#9197);
#7414=AXIS2_PLACEMENT_3D('',#11787,#9198,#9199);
#7415=AXIS2_PLACEMENT_3D('',#11788,#9200,#9201);
#7416=AXIS2_PLACEMENT_3D('',#11789,#9202,#9203);
#7417=AXIS2_PLACEMENT_3D('',#11790,#9204,#9205);
#7418=AXIS2_PLACEMENT_3D('',#11791,#9206,#9207);
#7419=AXIS2_PLACEMENT_3D('',#11792,#9208,#9209);
#7420=AXIS2_PLACEMENT_3D('',#11793,#9210,#9211);
#7421=AXIS2_PLACEMENT_3D('',#11794,#9212,#9213);
#7422=AXIS2_PLACEMENT_3D('',#11795,#9214,#9215);
#7423=AXIS2_PLACEMENT_3D('',#11796,#9216,#9217);
#7424=AXIS2_PLACEMENT_3D('',#11797,#9218,#9219);
#7425=AXIS2_PLACEMENT_3D('',#11798,#9220,#9221);
#7426=AXIS2_PLACEMENT_3D('',#11799,#9222,#9223);
#7427=AXIS2_PLACEMENT_3D('',#11800,#9224,#9225);
#7428=AXIS2_PLACEMENT_3D('',#11801,#9226,#9227);
#7429=AXIS2_PLACEMENT_3D('',#11802,#9228,#9229);
#7430=AXIS2_PLACEMENT_3D('',#11803,#9230,#9231);
#7431=AXIS2_PLACEMENT_3D('',#11804,#9232,#9233);
#7432=AXIS2_PLACEMENT_3D('',#11805,#9234,#9235);
#7433=AXIS2_PLACEMENT_3D('',#11806,#9236,#9237);
#7434=AXIS2_PLACEMENT_3D('',#11807,#9238,#9239);
#7435=AXIS2_PLACEMENT_3D('',#11808,#9240,#9241);
#7436=AXIS2_PLACEMENT_3D('',#11809,#9242,#9243);
#7437=AXIS2_PLACEMENT_3D('',#11810,#9244,#9245);
#7438=AXIS2_PLACEMENT_3D('',#11811,#9246,#9247);
#7439=AXIS2_PLACEMENT_3D('',#11812,#9248,#9249);
#7440=AXIS2_PLACEMENT_3D('',#11813,#9250,#9251);
#7441=AXIS2_PLACEMENT_3D('',#11814,#9252,#9253);
#7442=AXIS2_PLACEMENT_3D('',#11815,#9254,#9255);
#7443=AXIS2_PLACEMENT_3D('',#11816,#9256,#9257);
#7444=AXIS2_PLACEMENT_3D('',#11817,#9258,#9259);
#7445=AXIS2_PLACEMENT_3D('',#11818,#9260,#9261);
#7446=AXIS2_PLACEMENT_3D('',#11819,#9262,#9263);
#7447=AXIS2_PLACEMENT_3D('',#11820,#9264,#9265);
#7448=AXIS2_PLACEMENT_3D('',#11821,#9266,#9267);
#7449=AXIS2_PLACEMENT_3D('',#11822,#9268,#9269);
#7450=AXIS2_PLACEMENT_3D('',#11823,#9270,#9271);
#7451=AXIS2_PLACEMENT_3D('',#11824,#9272,#9273);
#7452=AXIS2_PLACEMENT_3D('',#11825,#9274,#9275);
#7453=AXIS2_PLACEMENT_3D('',#11826,#9276,#9277);
#7454=AXIS2_PLACEMENT_3D('',#11827,#9278,#9279);
#7455=AXIS2_PLACEMENT_3D('',#11828,#9280,#9281);
#7456=AXIS2_PLACEMENT_3D('',#11829,#9282,#9283);
#7457=AXIS2_PLACEMENT_3D('',#11830,#9284,#9285);
#7458=AXIS2_PLACEMENT_3D('',#11831,#9286,#9287);
#7459=AXIS2_PLACEMENT_3D('',#11832,#9288,#9289);
#7460=AXIS2_PLACEMENT_3D('',#11833,#9290,#9291);
#7461=AXIS2_PLACEMENT_3D('',#11834,#9292,#9293);
#7462=AXIS2_PLACEMENT_3D('',#11835,#9294,#9295);
#7463=AXIS2_PLACEMENT_3D('',#11836,#9296,#9297);
#7464=AXIS2_PLACEMENT_3D('',#11837,#9298,#9299);
#7465=AXIS2_PLACEMENT_3D('',#11838,#9300,#9301);
#7466=AXIS2_PLACEMENT_3D('',#11839,#9302,#9303);
#7467=AXIS2_PLACEMENT_3D('',#11840,#9304,#9305);
#7468=AXIS2_PLACEMENT_3D('',#11841,#9306,#9307);
#7469=AXIS2_PLACEMENT_3D('',#11842,#9308,#9309);
#7470=AXIS2_PLACEMENT_3D('',#11843,#9310,#9311);
#7471=AXIS2_PLACEMENT_3D('',#11844,#9312,#9313);
#7472=AXIS2_PLACEMENT_3D('',#11845,#9314,#9315);
#7473=AXIS2_PLACEMENT_3D('',#11846,#9316,#9317);
#7474=AXIS2_PLACEMENT_3D('',#11847,#9318,#9319);
#7475=AXIS2_PLACEMENT_3D('',#11848,#9320,#9321);
#7476=AXIS2_PLACEMENT_3D('',#11849,#9322,#9323);
#7477=AXIS2_PLACEMENT_3D('',#11850,#9324,#9325);
#7478=AXIS2_PLACEMENT_3D('',#11851,#9326,#9327);
#7479=AXIS2_PLACEMENT_3D('',#11852,#9328,#9329);
#7480=AXIS2_PLACEMENT_3D('',#11853,#9330,#9331);
#7481=AXIS2_PLACEMENT_3D('',#11854,#9332,#9333);
#7482=AXIS2_PLACEMENT_3D('',#11855,#9334,#9335);
#7483=AXIS2_PLACEMENT_3D('',#11856,#9336,#9337);
#7484=AXIS2_PLACEMENT_3D('',#11857,#9338,#9339);
#7485=AXIS2_PLACEMENT_3D('',#11858,#9340,#9341);
#7486=AXIS2_PLACEMENT_3D('',#11859,#9342,#9343);
#7487=AXIS2_PLACEMENT_3D('',#11860,#9344,#9345);
#7488=AXIS2_PLACEMENT_3D('',#11861,#9346,#9347);
#7489=AXIS2_PLACEMENT_3D('',#11862,#9348,#9349);
#7490=AXIS2_PLACEMENT_3D('',#11863,#9350,#9351);
#7491=AXIS2_PLACEMENT_3D('',#11864,#9352,#9353);
#7492=AXIS2_PLACEMENT_3D('',#11865,#9354,#9355);
#7493=AXIS2_PLACEMENT_3D('',#11866,#9356,#9357);
#7494=AXIS2_PLACEMENT_3D('',#11867,#9358,#9359);
#7495=AXIS2_PLACEMENT_3D('',#11868,#9360,#9361);
#7496=AXIS2_PLACEMENT_3D('',#11869,#9362,#9363);
#7497=AXIS2_PLACEMENT_3D('',#11870,#9364,#9365);
#7498=AXIS2_PLACEMENT_3D('',#11871,#9366,#9367);
#7499=AXIS2_PLACEMENT_3D('',#11872,#9368,#9369);
#7500=AXIS2_PLACEMENT_3D('',#11873,#9370,#9371);
#7501=AXIS2_PLACEMENT_3D('',#11874,#9372,#9373);
#7502=AXIS2_PLACEMENT_3D('',#11875,#9374,#9375);
#7503=AXIS2_PLACEMENT_3D('',#11876,#9376,#9377);
#7504=AXIS2_PLACEMENT_3D('',#11877,#9378,#9379);
#7505=AXIS2_PLACEMENT_3D('',#11878,#9380,#9381);
#7506=AXIS2_PLACEMENT_3D('',#11879,#9382,#9383);
#7507=AXIS2_PLACEMENT_3D('',#11880,#9384,#9385);
#7508=AXIS2_PLACEMENT_3D('',#11881,#9386,#9387);
#7509=AXIS2_PLACEMENT_3D('',#11882,#9388,#9389);
#7510=AXIS2_PLACEMENT_3D('',#11883,#9390,#9391);
#7511=AXIS2_PLACEMENT_3D('',#11884,#9392,#9393);
#7512=AXIS2_PLACEMENT_3D('',#11885,#9394,#9395);
#7513=AXIS2_PLACEMENT_3D('',#11886,#9396,#9397);
#7514=AXIS2_PLACEMENT_3D('',#11887,#9398,#9399);
#7515=AXIS2_PLACEMENT_3D('',#11888,#9400,#9401);
#7516=AXIS2_PLACEMENT_3D('',#11889,#9402,#9403);
#7517=AXIS2_PLACEMENT_3D('',#11890,#9404,#9405);
#7518=AXIS2_PLACEMENT_3D('',#11891,#9406,#9407);
#7519=AXIS2_PLACEMENT_3D('',#11892,#9408,#9409);
#7520=AXIS2_PLACEMENT_3D('',#11893,#9410,#9411);
#7521=AXIS2_PLACEMENT_3D('',#11894,#9412,#9413);
#7522=AXIS2_PLACEMENT_3D('',#11895,#9414,#9415);
#7523=AXIS2_PLACEMENT_3D('',#11896,#9416,#9417);
#7524=AXIS2_PLACEMENT_3D('',#11897,#9418,#9419);
#7525=AXIS2_PLACEMENT_3D('',#11898,#9420,#9421);
#7526=AXIS2_PLACEMENT_3D('',#11899,#9422,#9423);
#7527=AXIS2_PLACEMENT_3D('',#11901,#9424,#9425);
#7528=AXIS2_PLACEMENT_3D('',#11903,#9426,#9427);
#7529=AXIS2_PLACEMENT_3D('',#11904,#9428,#9429);
#7530=AXIS2_PLACEMENT_3D('',#11906,#9430,#9431);
#7531=AXIS2_PLACEMENT_3D('',#11907,#9432,#9433);
#7532=AXIS2_PLACEMENT_3D('',#11908,#9434,#9435);
#7533=AXIS2_PLACEMENT_3D('',#11910,#9436,#9437);
#7534=AXIS2_PLACEMENT_3D('',#11911,#9438,#9439);
#7535=AXIS2_PLACEMENT_3D('',#11913,#9440,#9441);
#7536=AXIS2_PLACEMENT_3D('',#11915,#9442,#9443);
#7537=AXIS2_PLACEMENT_3D('',#11917,#9444,#9445);
#7538=AXIS2_PLACEMENT_3D('',#11918,#9446,#9447);
#7539=AXIS2_PLACEMENT_3D('',#11920,#9448,#9449);
#7540=AXIS2_PLACEMENT_3D('',#11922,#9450,#9451);
#7541=AXIS2_PLACEMENT_3D('',#11923,#9452,#9453);
#7542=AXIS2_PLACEMENT_3D('',#11925,#9454,#9455);
#7543=AXIS2_PLACEMENT_3D('',#11927,#9456,#9457);
#7544=AXIS2_PLACEMENT_3D('',#11928,#9458,#9459);
#7545=AXIS2_PLACEMENT_3D('',#11930,#9460,#9461);
#7546=AXIS2_PLACEMENT_3D('',#11932,#9462,#9463);
#7547=AXIS2_PLACEMENT_3D('',#11933,#9464,#9465);
#7548=AXIS2_PLACEMENT_3D('',#11935,#9466,#9467);
#7549=AXIS2_PLACEMENT_3D('',#11937,#9468,#9469);
#7550=AXIS2_PLACEMENT_3D('',#11938,#9470,#9471);
#7551=AXIS2_PLACEMENT_3D('',#11940,#9472,#9473);
#7552=AXIS2_PLACEMENT_3D('',#11942,#9474,#9475);
#7553=AXIS2_PLACEMENT_3D('',#11943,#9476,#9477);
#7554=AXIS2_PLACEMENT_3D('',#11945,#9478,#9479);
#7555=AXIS2_PLACEMENT_3D('',#11947,#9480,#9481);
#7556=AXIS2_PLACEMENT_3D('',#11948,#9482,#9483);
#7557=AXIS2_PLACEMENT_3D('',#11950,#9484,#9485);
#7558=AXIS2_PLACEMENT_3D('',#11952,#9486,#9487);
#7559=AXIS2_PLACEMENT_3D('',#11953,#9488,#9489);
#7560=AXIS2_PLACEMENT_3D('',#11954,#9490,#9491);
#7561=AXIS2_PLACEMENT_3D('',#11956,#9492,#9493);
#7562=AXIS2_PLACEMENT_3D('',#11958,#9494,#9495);
#7563=AXIS2_PLACEMENT_3D('',#11960,#9496,#9497);
#7564=AXIS2_PLACEMENT_3D('',#11962,#9498,#9499);
#7565=AXIS2_PLACEMENT_3D('',#11964,#9500,#9501);
#7566=AXIS2_PLACEMENT_3D('',#11966,#9502,#9503);
#7567=AXIS2_PLACEMENT_3D('',#11968,#9504,#9505);
#7568=AXIS2_PLACEMENT_3D('',#11970,#9506,#9507);
#7569=AXIS2_PLACEMENT_3D('',#11972,#9508,#9509);
#7570=AXIS2_PLACEMENT_3D('',#11974,#9510,#9511);
#7571=AXIS2_PLACEMENT_3D('',#11976,#9512,#9513);
#7572=AXIS2_PLACEMENT_3D('',#11978,#9514,#9515);
#7573=AXIS2_PLACEMENT_3D('',#11980,#9516,#9517);
#7574=AXIS2_PLACEMENT_3D('',#11982,#9518,#9519);
#7575=AXIS2_PLACEMENT_3D('',#11984,#9520,#9521);
#7576=AXIS2_PLACEMENT_3D('',#11986,#9522,#9523);
#7577=AXIS2_PLACEMENT_3D('',#11988,#9524,#9525);
#7578=AXIS2_PLACEMENT_3D('',#11990,#9526,#9527);
#7579=AXIS2_PLACEMENT_3D('',#11992,#9528,#9529);
#7580=AXIS2_PLACEMENT_3D('',#11994,#9530,#9531);
#7581=AXIS2_PLACEMENT_3D('',#11996,#9532,#9533);
#7582=AXIS2_PLACEMENT_3D('',#11998,#9534,#9535);
#7583=AXIS2_PLACEMENT_3D('',#12000,#9536,#9537);
#7584=AXIS2_PLACEMENT_3D('',#12002,#9538,#9539);
#7585=AXIS2_PLACEMENT_3D('',#12004,#9540,#9541);
#7586=AXIS2_PLACEMENT_3D('',#12006,#9542,#9543);
#7587=AXIS2_PLACEMENT_3D('',#12007,#9544,#9545);
#7588=AXIS2_PLACEMENT_3D('',#12009,#9546,#9547);
#7589=AXIS2_PLACEMENT_3D('',#12010,#9548,#9549);
#7590=AXIS2_PLACEMENT_3D('',#12011,#9550,#9551);
#7591=AXIS2_PLACEMENT_3D('',#12013,#9552,#9553);
#7592=AXIS2_PLACEMENT_3D('',#12062,#9554,#9555);
#7593=AXIS2_PLACEMENT_3D('',#12063,#9556,#9557);
#7594=AXIS2_PLACEMENT_3D('',#12065,#9558,#9559);
#7595=AXIS2_PLACEMENT_3D('',#12066,#9560,#9561);
#7596=AXIS2_PLACEMENT_3D('',#12068,#9562,#9563);
#7597=AXIS2_PLACEMENT_3D('',#12069,#9564,#9565);
#7598=AXIS2_PLACEMENT_3D('',#12071,#9566,#9567);
#7599=AXIS2_PLACEMENT_3D('',#12073,#9568,#9569);
#7600=AXIS2_PLACEMENT_3D('',#12074,#9570,#9571);
#7601=AXIS2_PLACEMENT_3D('',#12076,#9572,#9573);
#7602=AXIS2_PLACEMENT_3D('',#12078,#9574,#9575);
#7603=AXIS2_PLACEMENT_3D('',#12079,#9576,#9577);
#7604=AXIS2_PLACEMENT_3D('',#12081,#9578,#9579);
#7605=AXIS2_PLACEMENT_3D('',#12083,#9580,#9581);
#7606=AXIS2_PLACEMENT_3D('',#12084,#9582,#9583);
#7607=AXIS2_PLACEMENT_3D('',#12086,#9584,#9585);
#7608=AXIS2_PLACEMENT_3D('',#12088,#9586,#9587);
#7609=AXIS2_PLACEMENT_3D('',#12089,#9588,#9589);
#7610=AXIS2_PLACEMENT_3D('',#12091,#9590,#9591);
#7611=AXIS2_PLACEMENT_3D('',#12093,#9592,#9593);
#7612=AXIS2_PLACEMENT_3D('',#12094,#9594,#9595);
#7613=AXIS2_PLACEMENT_3D('',#12096,#9596,#9597);
#7614=AXIS2_PLACEMENT_3D('',#12098,#9598,#9599);
#7615=AXIS2_PLACEMENT_3D('',#12099,#9600,#9601);
#7616=AXIS2_PLACEMENT_3D('',#12101,#9602,#9603);
#7617=AXIS2_PLACEMENT_3D('',#12103,#9604,#9605);
#7618=AXIS2_PLACEMENT_3D('',#12104,#9606,#9607);
#7619=AXIS2_PLACEMENT_3D('',#12106,#9608,#9609);
#7620=AXIS2_PLACEMENT_3D('',#12108,#9610,#9611);
#7621=AXIS2_PLACEMENT_3D('',#12109,#9612,#9613);
#7622=AXIS2_PLACEMENT_3D('',#12111,#9614,#9615);
#7623=AXIS2_PLACEMENT_3D('',#12113,#9616,#9617);
#7624=AXIS2_PLACEMENT_3D('',#12114,#9618,#9619);
#7625=AXIS2_PLACEMENT_3D('',#12116,#9620,#9621);
#7626=AXIS2_PLACEMENT_3D('',#12118,#9622,#9623);
#7627=AXIS2_PLACEMENT_3D('',#12119,#9624,#9625);
#7628=AXIS2_PLACEMENT_3D('',#12121,#9626,#9627);
#7629=AXIS2_PLACEMENT_3D('',#12123,#9628,#9629);
#7630=AXIS2_PLACEMENT_3D('',#12124,#9630,#9631);
#7631=AXIS2_PLACEMENT_3D('',#12126,#9632,#9633);
#7632=AXIS2_PLACEMENT_3D('',#12128,#9634,#9635);
#7633=AXIS2_PLACEMENT_3D('',#12129,#9636,#9637);
#7634=AXIS2_PLACEMENT_3D('',#12131,#9638,#9639);
#7635=AXIS2_PLACEMENT_3D('',#12133,#9640,#9641);
#7636=AXIS2_PLACEMENT_3D('',#12134,#9642,#9643);
#7637=AXIS2_PLACEMENT_3D('',#12136,#9644,#9645);
#7638=AXIS2_PLACEMENT_3D('',#12138,#9646,#9647);
#7639=AXIS2_PLACEMENT_3D('',#12139,#9648,#9649);
#7640=AXIS2_PLACEMENT_3D('',#12141,#9650,#9651);
#7641=AXIS2_PLACEMENT_3D('',#12143,#9652,#9653);
#7642=AXIS2_PLACEMENT_3D('',#12144,#9654,#9655);
#7643=AXIS2_PLACEMENT_3D('',#12146,#9656,#9657);
#7644=AXIS2_PLACEMENT_3D('',#12148,#9658,#9659);
#7645=AXIS2_PLACEMENT_3D('',#12149,#9660,#9661);
#7646=AXIS2_PLACEMENT_3D('',#12151,#9662,#9663);
#7647=AXIS2_PLACEMENT_3D('',#12153,#9664,#9665);
#7648=AXIS2_PLACEMENT_3D('',#12154,#9666,#9667);
#7649=AXIS2_PLACEMENT_3D('',#12156,#9668,#9669);
#7650=AXIS2_PLACEMENT_3D('',#12158,#9670,#9671);
#7651=AXIS2_PLACEMENT_3D('',#12159,#9672,#9673);
#7652=AXIS2_PLACEMENT_3D('',#12161,#9674,#9675);
#7653=AXIS2_PLACEMENT_3D('',#12163,#9676,#9677);
#7654=AXIS2_PLACEMENT_3D('',#12164,#9678,#9679);
#7655=AXIS2_PLACEMENT_3D('',#12166,#9680,#9681);
#7656=AXIS2_PLACEMENT_3D('',#12168,#9682,#9683);
#7657=AXIS2_PLACEMENT_3D('',#12169,#9684,#9685);
#7658=AXIS2_PLACEMENT_3D('',#12170,#9686,#9687);
#7659=AXIS2_PLACEMENT_3D('',#12172,#9688,#9689);
#7660=AXIS2_PLACEMENT_3D('',#12173,#9690,#9691);
#7661=AXIS2_PLACEMENT_3D('',#12175,#9692,#9693);
#7662=AXIS2_PLACEMENT_3D('',#12177,#9694,#9695);
#7663=AXIS2_PLACEMENT_3D('',#12178,#9696,#9697);
#7664=AXIS2_PLACEMENT_3D('',#12180,#9698,#9699);
#7665=AXIS2_PLACEMENT_3D('',#12182,#9700,#9701);
#7666=AXIS2_PLACEMENT_3D('',#12183,#9702,#9703);
#7667=AXIS2_PLACEMENT_3D('',#12185,#9704,#9705);
#7668=AXIS2_PLACEMENT_3D('',#12187,#9706,#9707);
#7669=AXIS2_PLACEMENT_3D('',#12188,#9708,#9709);
#7670=AXIS2_PLACEMENT_3D('',#12190,#9710,#9711);
#7671=AXIS2_PLACEMENT_3D('',#12192,#9712,#9713);
#7672=AXIS2_PLACEMENT_3D('',#12193,#9714,#9715);
#7673=AXIS2_PLACEMENT_3D('',#12195,#9716,#9717);
#7674=AXIS2_PLACEMENT_3D('',#12197,#9718,#9719);
#7675=AXIS2_PLACEMENT_3D('',#12198,#9720,#9721);
#7676=AXIS2_PLACEMENT_3D('',#12200,#9722,#9723);
#7677=AXIS2_PLACEMENT_3D('',#12202,#9724,#9725);
#7678=AXIS2_PLACEMENT_3D('',#12203,#9726,#9727);
#7679=AXIS2_PLACEMENT_3D('',#12204,#9728,#9729);
#7680=AXIS2_PLACEMENT_3D('',#12206,#9730,#9731);
#7681=AXIS2_PLACEMENT_3D('',#12207,#9732,#9733);
#7682=AXIS2_PLACEMENT_3D('',#12209,#9734,#9735);
#7683=AXIS2_PLACEMENT_3D('',#12211,#9736,#9737);
#7684=AXIS2_PLACEMENT_3D('',#12212,#9738,#9739);
#7685=AXIS2_PLACEMENT_3D('',#12214,#9740,#9741);
#7686=AXIS2_PLACEMENT_3D('',#12216,#9742,#9743);
#7687=AXIS2_PLACEMENT_3D('',#12217,#9744,#9745);
#7688=AXIS2_PLACEMENT_3D('',#12219,#9746,#9747);
#7689=AXIS2_PLACEMENT_3D('',#12221,#9748,#9749);
#7690=AXIS2_PLACEMENT_3D('',#12222,#9750,#9751);
#7691=AXIS2_PLACEMENT_3D('',#12224,#9752,#9753);
#7692=AXIS2_PLACEMENT_3D('',#12226,#9754,#9755);
#7693=AXIS2_PLACEMENT_3D('',#12227,#9756,#9757);
#7694=AXIS2_PLACEMENT_3D('',#12229,#9758,#9759);
#7695=AXIS2_PLACEMENT_3D('',#12231,#9760,#9761);
#7696=AXIS2_PLACEMENT_3D('',#12232,#9762,#9763);
#7697=AXIS2_PLACEMENT_3D('',#12234,#9764,#9765);
#7698=AXIS2_PLACEMENT_3D('',#12236,#9766,#9767);
#7699=AXIS2_PLACEMENT_3D('',#12237,#9768,#9769);
#7700=AXIS2_PLACEMENT_3D('',#12239,#9770,#9771);
#7701=AXIS2_PLACEMENT_3D('',#12241,#9772,#9773);
#7702=AXIS2_PLACEMENT_3D('',#12242,#9774,#9775);
#7703=AXIS2_PLACEMENT_3D('',#12244,#9776,#9777);
#7704=AXIS2_PLACEMENT_3D('',#12246,#9778,#9779);
#7705=AXIS2_PLACEMENT_3D('',#12247,#9780,#9781);
#7706=AXIS2_PLACEMENT_3D('',#12249,#9782,#9783);
#7707=AXIS2_PLACEMENT_3D('',#12251,#9784,#9785);
#7708=AXIS2_PLACEMENT_3D('',#12252,#9786,#9787);
#7709=AXIS2_PLACEMENT_3D('',#12254,#9788,#9789);
#7710=AXIS2_PLACEMENT_3D('',#12256,#9790,#9791);
#7711=AXIS2_PLACEMENT_3D('',#12257,#9792,#9793);
#7712=AXIS2_PLACEMENT_3D('',#12259,#9794,#9795);
#7713=AXIS2_PLACEMENT_3D('',#12261,#9796,#9797);
#7714=AXIS2_PLACEMENT_3D('',#12262,#9798,#9799);
#7715=AXIS2_PLACEMENT_3D('',#12264,#9800,#9801);
#7716=AXIS2_PLACEMENT_3D('',#12266,#9802,#9803);
#7717=AXIS2_PLACEMENT_3D('',#12267,#9804,#9805);
#7718=AXIS2_PLACEMENT_3D('',#12269,#9806,#9807);
#7719=AXIS2_PLACEMENT_3D('',#12271,#9808,#9809);
#7720=AXIS2_PLACEMENT_3D('',#12272,#9810,#9811);
#7721=AXIS2_PLACEMENT_3D('',#12274,#9812,#9813);
#7722=AXIS2_PLACEMENT_3D('',#12276,#9814,#9815);
#7723=AXIS2_PLACEMENT_3D('',#12277,#9816,#9817);
#7724=AXIS2_PLACEMENT_3D('',#12279,#9818,#9819);
#7725=AXIS2_PLACEMENT_3D('',#12281,#9820,#9821);
#7726=AXIS2_PLACEMENT_3D('',#12282,#9822,#9823);
#7727=AXIS2_PLACEMENT_3D('',#12284,#9824,#9825);
#7728=AXIS2_PLACEMENT_3D('',#12286,#9826,#9827);
#7729=AXIS2_PLACEMENT_3D('',#12287,#9828,#9829);
#7730=AXIS2_PLACEMENT_3D('',#12289,#9830,#9831);
#7731=AXIS2_PLACEMENT_3D('',#12291,#9832,#9833);
#7732=AXIS2_PLACEMENT_3D('',#12292,#9834,#9835);
#7733=AXIS2_PLACEMENT_3D('',#12294,#9836,#9837);
#7734=AXIS2_PLACEMENT_3D('',#12296,#9838,#9839);
#7735=AXIS2_PLACEMENT_3D('',#12297,#9840,#9841);
#7736=AXIS2_PLACEMENT_3D('',#12299,#9842,#9843);
#7737=AXIS2_PLACEMENT_3D('',#12301,#9844,#9845);
#7738=AXIS2_PLACEMENT_3D('',#12302,#9846,#9847);
#7739=AXIS2_PLACEMENT_3D('',#12304,#9848,#9849);
#7740=AXIS2_PLACEMENT_3D('',#12306,#9850,#9851);
#7741=AXIS2_PLACEMENT_3D('',#12307,#9852,#9853);
#7742=AXIS2_PLACEMENT_3D('',#12309,#9854,#9855);
#7743=AXIS2_PLACEMENT_3D('',#12311,#9856,#9857);
#7744=AXIS2_PLACEMENT_3D('',#12312,#9858,#9859);
#7745=AXIS2_PLACEMENT_3D('',#12314,#9860,#9861);
#7746=AXIS2_PLACEMENT_3D('',#12316,#9862,#9863);
#7747=AXIS2_PLACEMENT_3D('',#12317,#9864,#9865);
#7748=AXIS2_PLACEMENT_3D('',#12319,#9866,#9867);
#7749=AXIS2_PLACEMENT_3D('',#12321,#9868,#9869);
#7750=AXIS2_PLACEMENT_3D('',#12322,#9870,#9871);
#7751=AXIS2_PLACEMENT_3D('',#12324,#9872,#9873);
#7752=AXIS2_PLACEMENT_3D('',#12326,#9874,#9875);
#7753=AXIS2_PLACEMENT_3D('',#12327,#9876,#9877);
#7754=AXIS2_PLACEMENT_3D('',#12329,#9878,#9879);
#7755=AXIS2_PLACEMENT_3D('',#12331,#9880,#9881);
#7756=AXIS2_PLACEMENT_3D('',#12332,#9882,#9883);
#7757=AXIS2_PLACEMENT_3D('',#12334,#9884,#9885);
#7758=AXIS2_PLACEMENT_3D('',#12336,#9886,#9887);
#7759=AXIS2_PLACEMENT_3D('',#12337,#9888,#9889);
#7760=AXIS2_PLACEMENT_3D('',#12339,#9890,#9891);
#7761=AXIS2_PLACEMENT_3D('',#12341,#9892,#9893);
#7762=AXIS2_PLACEMENT_3D('',#12342,#9894,#9895);
#7763=AXIS2_PLACEMENT_3D('',#12344,#9896,#9897);
#7764=AXIS2_PLACEMENT_3D('',#12346,#9898,#9899);
#7765=AXIS2_PLACEMENT_3D('',#12347,#9900,#9901);
#7766=AXIS2_PLACEMENT_3D('',#12349,#9902,#9903);
#7767=AXIS2_PLACEMENT_3D('',#12351,#9904,#9905);
#7768=AXIS2_PLACEMENT_3D('',#12352,#9906,#9907);
#7769=AXIS2_PLACEMENT_3D('',#12354,#9908,#9909);
#7770=AXIS2_PLACEMENT_3D('',#12356,#9910,#9911);
#7771=AXIS2_PLACEMENT_3D('',#12357,#9912,#9913);
#7772=AXIS2_PLACEMENT_3D('',#12359,#9914,#9915);
#7773=AXIS2_PLACEMENT_3D('',#12361,#9916,#9917);
#7774=AXIS2_PLACEMENT_3D('',#12362,#9918,#9919);
#7775=AXIS2_PLACEMENT_3D('',#12364,#9920,#9921);
#7776=AXIS2_PLACEMENT_3D('',#12366,#9922,#9923);
#7777=AXIS2_PLACEMENT_3D('',#12367,#9924,#9925);
#7778=AXIS2_PLACEMENT_3D('',#12369,#9926,#9927);
#7779=AXIS2_PLACEMENT_3D('',#12371,#9928,#9929);
#7780=AXIS2_PLACEMENT_3D('',#12372,#9930,#9931);
#7781=AXIS2_PLACEMENT_3D('',#12374,#9932,#9933);
#7782=AXIS2_PLACEMENT_3D('',#12376,#9934,#9935);
#7783=AXIS2_PLACEMENT_3D('',#12377,#9936,#9937);
#7784=AXIS2_PLACEMENT_3D('',#12379,#9938,#9939);
#7785=AXIS2_PLACEMENT_3D('',#12381,#9940,#9941);
#7786=AXIS2_PLACEMENT_3D('',#12382,#9942,#9943);
#7787=AXIS2_PLACEMENT_3D('',#12384,#9944,#9945);
#7788=AXIS2_PLACEMENT_3D('',#12386,#9946,#9947);
#7789=AXIS2_PLACEMENT_3D('',#12387,#9948,#9949);
#7790=AXIS2_PLACEMENT_3D('',#12389,#9950,#9951);
#7791=AXIS2_PLACEMENT_3D('',#12391,#9952,#9953);
#7792=AXIS2_PLACEMENT_3D('',#12392,#9954,#9955);
#7793=AXIS2_PLACEMENT_3D('',#12394,#9956,#9957);
#7794=AXIS2_PLACEMENT_3D('',#12396,#9958,#9959);
#7795=AXIS2_PLACEMENT_3D('',#12397,#9960,#9961);
#7796=AXIS2_PLACEMENT_3D('',#12399,#9962,#9963);
#7797=AXIS2_PLACEMENT_3D('',#12401,#9964,#9965);
#7798=AXIS2_PLACEMENT_3D('',#12402,#9966,#9967);
#7799=AXIS2_PLACEMENT_3D('',#12404,#9968,#9969);
#7800=AXIS2_PLACEMENT_3D('',#12406,#9970,#9971);
#7801=AXIS2_PLACEMENT_3D('',#12407,#9972,#9973);
#7802=AXIS2_PLACEMENT_3D('',#12409,#9974,#9975);
#7803=AXIS2_PLACEMENT_3D('',#12411,#9976,#9977);
#7804=AXIS2_PLACEMENT_3D('',#12412,#9978,#9979);
#7805=AXIS2_PLACEMENT_3D('',#12414,#9980,#9981);
#7806=AXIS2_PLACEMENT_3D('',#12416,#9982,#9983);
#7807=AXIS2_PLACEMENT_3D('',#12417,#9984,#9985);
#7808=AXIS2_PLACEMENT_3D('',#12419,#9986,#9987);
#7809=AXIS2_PLACEMENT_3D('',#12421,#9988,#9989);
#7810=AXIS2_PLACEMENT_3D('',#12422,#9990,#9991);
#7811=AXIS2_PLACEMENT_3D('',#12424,#9992,#9993);
#7812=AXIS2_PLACEMENT_3D('',#12426,#9994,#9995);
#7813=AXIS2_PLACEMENT_3D('',#12427,#9996,#9997);
#7814=AXIS2_PLACEMENT_3D('',#12429,#9998,#9999);
#7815=AXIS2_PLACEMENT_3D('',#12431,#10000,#10001);
#7816=DIRECTION('',(0.,0.,1.));
#7817=DIRECTION('',(1.,0.,0.));
#7818=DIRECTION('',(0.,0.,-1.));
#7819=DIRECTION('',(-6.12323399573677E-17,-1.,0.));
#7820=DIRECTION('',(0.,0.,1.));
#7821=DIRECTION('',(6.12323399573677E-17,1.,0.));
#7822=DIRECTION('',(0.,0.,-1.));
#7823=DIRECTION('',(-6.12323399573677E-17,-1.,0.));
#7824=DIRECTION('',(0.,0.,1.));
#7825=DIRECTION('',(6.12323399573677E-17,1.,0.));
#7826=DIRECTION('',(0.,0.,-1.));
#7827=DIRECTION('',(-6.12323399573677E-17,-1.,0.));
#7828=DIRECTION('',(0.,0.,1.));
#7829=DIRECTION('',(6.12323399573677E-17,1.,0.));
#7830=DIRECTION('',(0.,0.,-1.));
#7831=DIRECTION('',(-6.12323399573677E-17,-1.,0.));
#7832=DIRECTION('',(0.,0.,1.));
#7833=DIRECTION('',(6.12323399573677E-17,1.,0.));
#7834=DIRECTION('',(0.,0.,1.));
#7835=DIRECTION('',(6.12323399573677E-17,1.,0.));
#7836=DIRECTION('',(0.,0.,1.));
#7837=DIRECTION('',(6.12323399573677E-17,1.,0.));
#7838=DIRECTION('',(0.,0.,1.));
#7839=DIRECTION('',(6.12323399573677E-17,1.,0.));
#7840=DIRECTION('',(0.,0.,1.));
#7841=DIRECTION('',(6.12323399573677E-17,1.,0.));
#7842=DIRECTION('',(0.,0.,1.));
#7843=DIRECTION('',(6.12323399573677E-17,1.,0.));
#7844=DIRECTION('',(0.,0.,1.));
#7845=DIRECTION('',(6.12323399573677E-17,1.,0.));
#7846=DIRECTION('',(0.,0.,1.));
#7847=DIRECTION('',(6.12323399573677E-17,1.,0.));
#7848=DIRECTION('',(0.,0.,1.));
#7849=DIRECTION('',(6.12323399573677E-17,1.,0.));
#7850=DIRECTION('',(0.,0.,1.));
#7851=DIRECTION('',(6.12323399573677E-17,1.,0.));
#7852=DIRECTION('',(0.,0.,-1.));
#7853=DIRECTION('',(-6.12323399573677E-17,-1.,0.));
#7854=DIRECTION('',(0.,0.,1.));
#7855=DIRECTION('',(6.12323399573677E-17,1.,0.));
#7856=DIRECTION('',(0.,0.,-1.));
#7857=DIRECTION('',(-6.12323399573677E-17,-1.,0.));
#7858=DIRECTION('',(0.,0.,1.));
#7859=DIRECTION('',(6.12323399573677E-17,1.,0.));
#7860=DIRECTION('',(0.,0.,-1.));
#7861=DIRECTION('',(-6.12323399573677E-17,-1.,0.));
#7862=DIRECTION('',(0.,0.,1.));
#7863=DIRECTION('',(6.12323399573677E-17,1.,0.));
#7864=DIRECTION('',(0.,0.,-1.));
#7865=DIRECTION('',(-6.12323399573677E-17,-1.,0.));
#7866=DIRECTION('',(0.,0.,1.));
#7867=DIRECTION('',(6.12323399573677E-17,1.,0.));
#7868=DIRECTION('',(0.,0.,-1.));
#7869=DIRECTION('',(-6.12323399573677E-17,-1.,0.));
#7870=DIRECTION('',(0.,0.,1.));
#7871=DIRECTION('',(6.12323399573677E-17,1.,0.));
#7872=DIRECTION('',(0.,0.,-1.));
#7873=DIRECTION('',(-6.12323399573677E-17,-1.,0.));
#7874=DIRECTION('',(0.,0.,-1.));
#7875=DIRECTION('',(-6.12323399573677E-17,-1.,0.));
#7876=DIRECTION('',(0.,0.,-1.));
#7877=DIRECTION('',(-6.12323399573677E-17,-1.,0.));
#7878=DIRECTION('',(0.,0.,-1.));
#7879=DIRECTION('',(-6.12323399573677E-17,-1.,0.));
#7880=DIRECTION('',(0.,0.,-1.));
#7881=DIRECTION('',(-6.12323399573677E-17,-1.,0.));
#7882=DIRECTION('',(0.,0.,-1.));
#7883=DIRECTION('',(-6.12323399573677E-17,-1.,0.));
#7884=DIRECTION('',(0.,0.,-1.));
#7885=DIRECTION('',(-6.12323399573677E-17,-1.,0.));
#7886=DIRECTION('',(0.,0.,-1.));
#7887=DIRECTION('',(-6.12323399573677E-17,-1.,0.));
#7888=DIRECTION('',(0.,0.,-1.));
#7889=DIRECTION('',(-6.12323399573677E-17,-1.,0.));
#7890=DIRECTION('',(0.,0.,-1.));
#7891=DIRECTION('',(-6.12323399573677E-17,-1.,0.));
#7892=DIRECTION('',(0.,0.,-1.));
#7893=DIRECTION('',(-6.12323399573677E-17,-1.,0.));
#7894=DIRECTION('',(0.,0.,-1.));
#7895=DIRECTION('',(-6.12323399573677E-17,-1.,0.));
#7896=DIRECTION('',(0.,0.,-1.));
#7897=DIRECTION('',(-6.12323399573677E-17,-1.,0.));
#7898=DIRECTION('',(0.,0.,1.));
#7899=DIRECTION('',(6.12323399573677E-17,1.,0.));
#7900=DIRECTION('',(0.,0.,1.));
#7901=DIRECTION('',(6.12323399573677E-17,1.,0.));
#7902=DIRECTION('',(0.,0.,1.));
#7903=DIRECTION('',(6.12323399573677E-17,1.,0.));
#7904=DIRECTION('',(0.,0.,1.));
#7905=DIRECTION('',(6.12323399573677E-17,1.,0.));
#7906=DIRECTION('',(0.,0.,-1.));
#7907=DIRECTION('',(-6.12323399573677E-17,-1.,0.));
#7908=DIRECTION('',(0.,0.,1.));
#7909=DIRECTION('',(6.12323399573677E-17,1.,0.));
#7910=DIRECTION('',(0.,0.,-1.));
#7911=DIRECTION('',(-6.12323399573677E-17,-1.,0.));
#7912=DIRECTION('',(0.,0.,1.));
#7913=DIRECTION('',(6.12323399573677E-17,1.,0.));
#7914=DIRECTION('',(0.,0.,-1.));
#7915=DIRECTION('',(-6.12323399573677E-17,-1.,0.));
#7916=DIRECTION('',(0.,0.,1.));
#7917=DIRECTION('',(6.12323399573677E-17,1.,0.));
#7918=DIRECTION('',(0.,0.,-1.));
#7919=DIRECTION('',(-6.12323399573677E-17,-1.,0.));
#7920=DIRECTION('',(0.,0.,1.));
#7921=DIRECTION('',(6.12323399573677E-17,1.,0.));
#7922=DIRECTION('',(0.,0.,-1.));
#7923=DIRECTION('',(-6.12323399573677E-17,-1.,0.));
#7924=DIRECTION('',(0.,0.,1.));
#7925=DIRECTION('',(6.12323399573677E-17,1.,0.));
#7926=DIRECTION('',(0.,0.,-1.));
#7927=DIRECTION('',(-6.12323399573677E-17,-1.,0.));
#7928=DIRECTION('',(0.,0.,-1.));
#7929=DIRECTION('',(-6.12323399573677E-17,-1.,0.));
#7930=DIRECTION('',(0.,0.,-1.));
#7931=DIRECTION('',(-6.12323399573677E-17,-1.,0.));
#7932=DIRECTION('',(0.,0.,-1.));
#7933=DIRECTION('',(-6.12323399573677E-17,-1.,0.));
#7934=DIRECTION('',(0.,0.,-1.));
#7935=DIRECTION('',(-6.12323399573677E-17,-1.,0.));
#7936=DIRECTION('',(0.,0.,-1.));
#7937=DIRECTION('',(-6.12323399573677E-17,-1.,0.));
#7938=DIRECTION('',(0.,0.,-1.));
#7939=DIRECTION('',(-6.12323399573677E-17,-1.,0.));
#7940=DIRECTION('',(0.,0.,-1.));
#7941=DIRECTION('',(-6.12323399573677E-17,-1.,0.));
#7942=DIRECTION('',(0.,0.,-1.));
#7943=DIRECTION('',(-6.12323399573677E-17,-1.,0.));
#7944=DIRECTION('',(0.,0.,-1.));
#7945=DIRECTION('',(-6.12323399573677E-17,-1.,0.));
#7946=DIRECTION('',(0.,0.,-1.));
#7947=DIRECTION('',(-6.12323399573677E-17,-1.,0.));
#7948=DIRECTION('',(0.,0.,-1.));
#7949=DIRECTION('',(-6.12323399573677E-17,-1.,0.));
#7950=DIRECTION('',(0.,0.,-1.));
#7951=DIRECTION('',(-6.12323399573677E-17,-1.,0.));
#7952=DIRECTION('',(0.,0.,1.));
#7953=DIRECTION('',(6.12323399573677E-17,1.,0.));
#7954=DIRECTION('',(0.,0.,1.));
#7955=DIRECTION('',(6.12323399573677E-17,1.,0.));
#7956=DIRECTION('',(0.,0.,1.));
#7957=DIRECTION('',(6.12323399573677E-17,1.,0.));
#7958=DIRECTION('',(0.,0.,1.));
#7959=DIRECTION('',(6.12323399573677E-17,1.,0.));
#7960=DIRECTION('',(0.,0.,1.));
#7961=DIRECTION('',(1.,0.,0.));
#7962=DIRECTION('',(0.,0.,1.));
#7963=DIRECTION('',(1.,0.,0.));
#7964=DIRECTION('',(0.,0.,1.));
#7965=DIRECTION('',(1.,0.,0.));
#7966=DIRECTION('',(0.,0.,1.));
#7967=DIRECTION('',(-1.83697019872103E-16,-1.,0.));
#7968=DIRECTION('',(0.,0.,1.));
#7969=DIRECTION('',(-1.83697019872103E-16,-1.,0.));
#7970=DIRECTION('',(0.,0.,1.));
#7971=DIRECTION('',(-1.83697019872103E-16,-1.,0.));
#7972=DIRECTION('',(0.,0.,1.));
#7973=DIRECTION('',(-1.83697019872103E-16,-1.,0.));
#7974=DIRECTION('',(0.,0.,1.));
#7975=DIRECTION('',(-1.83697019872103E-16,-1.,0.));
#7976=DIRECTION('',(0.,0.,1.));
#7977=DIRECTION('',(-1.83697019872103E-16,-1.,0.));
#7978=DIRECTION('',(0.,0.,-1.));
#7979=DIRECTION('',(1.83697019872103E-16,1.,0.));
#7980=DIRECTION('',(0.,0.,1.));
#7981=DIRECTION('',(-1.83697019872103E-16,-1.,0.));
#7982=DIRECTION('',(0.,0.,-1.));
#7983=DIRECTION('',(1.83697019872103E-16,1.,0.));
#7984=DIRECTION('',(0.,0.,1.));
#7985=DIRECTION('',(-1.83697019872103E-16,-1.,0.));
#7986=DIRECTION('',(0.,0.,-1.));
#7987=DIRECTION('',(1.83697019872103E-16,1.,0.));
#7988=DIRECTION('',(0.,0.,1.));
#7989=DIRECTION('',(-1.83697019872103E-16,-1.,0.));
#7990=DIRECTION('',(0.,0.,-1.));
#7991=DIRECTION('',(1.83697019872103E-16,1.,0.));
#7992=DIRECTION('',(0.,0.,1.));
#7993=DIRECTION('',(-1.83697019872103E-16,-1.,0.));
#7994=DIRECTION('',(0.,0.,-1.));
#7995=DIRECTION('',(1.83697019872103E-16,1.,0.));
#7996=DIRECTION('',(0.,0.,1.));
#7997=DIRECTION('',(-1.83697019872103E-16,-1.,0.));
#7998=DIRECTION('',(0.,0.,-1.));
#7999=DIRECTION('',(1.83697019872103E-16,1.,0.));
#8000=DIRECTION('',(0.,0.,-1.));
#8001=DIRECTION('',(1.83697019872103E-16,1.,0.));
#8002=DIRECTION('',(0.,0.,-1.));
#8003=DIRECTION('',(1.83697019872103E-16,1.,0.));
#8004=DIRECTION('',(0.,0.,-1.));
#8005=DIRECTION('',(1.83697019872103E-16,1.,0.));
#8006=DIRECTION('',(0.,0.,-1.));
#8007=DIRECTION('',(1.83697019872103E-16,1.,0.));
#8008=DIRECTION('',(0.,0.,-1.));
#8009=DIRECTION('',(1.83697019872103E-16,1.,0.));
#8010=DIRECTION('',(0.,0.,-1.));
#8011=DIRECTION('',(1.83697019872103E-16,1.,0.));
#8012=DIRECTION('',(0.,0.,-1.));
#8013=DIRECTION('',(1.83697019872103E-16,1.,0.));
#8014=DIRECTION('',(0.,0.,-1.));
#8015=DIRECTION('',(1.83697019872103E-16,1.,0.));
#8016=DIRECTION('',(0.,0.,-1.));
#8017=DIRECTION('',(1.83697019872103E-16,1.,0.));
#8018=DIRECTION('',(0.,0.,-1.));
#8019=DIRECTION('',(1.83697019872103E-16,1.,0.));
#8020=DIRECTION('',(0.,0.,-1.));
#8021=DIRECTION('',(1.83697019872103E-16,1.,0.));
#8022=DIRECTION('',(0.,0.,-1.));
#8023=DIRECTION('',(1.83697019872103E-16,1.,0.));
#8024=DIRECTION('',(0.,0.,1.));
#8025=DIRECTION('',(-1.83697019872103E-16,-1.,0.));
#8026=DIRECTION('',(0.,0.,1.));
#8027=DIRECTION('',(-1.83697019872103E-16,-1.,0.));
#8028=DIRECTION('',(0.,0.,1.));
#8029=DIRECTION('',(6.12323399573677E-17,1.,0.));
#8030=DIRECTION('',(0.,0.,1.));
#8031=DIRECTION('',(6.12323399573677E-17,1.,0.));
#8032=DIRECTION('',(0.,0.,1.));
#8033=DIRECTION('',(6.12323399573677E-17,1.,0.));
#8034=DIRECTION('',(0.,0.,1.));
#8035=DIRECTION('',(6.12323399573677E-17,1.,0.));
#8036=DIRECTION('',(0.,0.,1.));
#8037=DIRECTION('',(6.12323399573677E-17,1.,0.));
#8038=DIRECTION('',(0.,0.,1.));
#8039=DIRECTION('',(6.12323399573677E-17,1.,0.));
#8040=DIRECTION('',(0.,0.,-1.));
#8041=DIRECTION('',(-6.12323399573677E-17,-1.,0.));
#8042=DIRECTION('',(0.,0.,1.));
#8043=DIRECTION('',(6.12323399573677E-17,1.,0.));
#8044=DIRECTION('',(0.,0.,-1.));
#8045=DIRECTION('',(-6.12323399573677E-17,-1.,0.));
#8046=DIRECTION('',(0.,0.,1.));
#8047=DIRECTION('',(6.12323399573677E-17,1.,0.));
#8048=DIRECTION('',(0.,0.,-1.));
#8049=DIRECTION('',(-6.12323399573677E-17,-1.,0.));
#8050=DIRECTION('',(0.,0.,1.));
#8051=DIRECTION('',(6.12323399573677E-17,1.,0.));
#8052=DIRECTION('',(0.,0.,-1.));
#8053=DIRECTION('',(-6.12323399573677E-17,-1.,0.));
#8054=DIRECTION('',(0.,0.,1.));
#8055=DIRECTION('',(6.12323399573677E-17,1.,0.));
#8056=DIRECTION('',(0.,0.,-1.));
#8057=DIRECTION('',(-6.12323399573677E-17,-1.,0.));
#8058=DIRECTION('',(0.,0.,1.));
#8059=DIRECTION('',(6.12323399573677E-17,1.,0.));
#8060=DIRECTION('',(0.,0.,-1.));
#8061=DIRECTION('',(-6.12323399573677E-17,-1.,0.));
#8062=DIRECTION('',(0.,0.,-1.));
#8063=DIRECTION('',(-6.12323399573677E-17,-1.,0.));
#8064=DIRECTION('',(0.,0.,-1.));
#8065=DIRECTION('',(-6.12323399573677E-17,-1.,0.));
#8066=DIRECTION('',(0.,0.,-1.));
#8067=DIRECTION('',(-6.12323399573677E-17,-1.,0.));
#8068=DIRECTION('',(0.,0.,-1.));
#8069=DIRECTION('',(-6.12323399573677E-17,-1.,0.));
#8070=DIRECTION('',(0.,0.,-1.));
#8071=DIRECTION('',(-6.12323399573677E-17,-1.,0.));
#8072=DIRECTION('',(0.,0.,-1.));
#8073=DIRECTION('',(-6.12323399573677E-17,-1.,0.));
#8074=DIRECTION('',(0.,0.,-1.));
#8075=DIRECTION('',(-6.12323399573677E-17,-1.,0.));
#8076=DIRECTION('',(0.,0.,-1.));
#8077=DIRECTION('',(-6.12323399573677E-17,-1.,0.));
#8078=DIRECTION('',(0.,0.,-1.));
#8079=DIRECTION('',(-6.12323399573677E-17,-1.,0.));
#8080=DIRECTION('',(0.,0.,-1.));
#8081=DIRECTION('',(-6.12323399573677E-17,-1.,0.));
#8082=DIRECTION('',(0.,0.,-1.));
#8083=DIRECTION('',(-6.12323399573677E-17,-1.,0.));
#8084=DIRECTION('',(0.,0.,-1.));
#8085=DIRECTION('',(-6.12323399573677E-17,-1.,0.));
#8086=DIRECTION('',(0.,0.,1.));
#8087=DIRECTION('',(6.12323399573677E-17,1.,0.));
#8088=DIRECTION('',(0.,0.,1.));
#8089=DIRECTION('',(6.12323399573677E-17,1.,0.));
#8090=DIRECTION('',(0.,0.,1.));
#8091=DIRECTION('',(1.,0.,0.));
#8092=DIRECTION('',(0.,0.,1.));
#8093=DIRECTION('',(1.,0.,0.));
#8094=DIRECTION('',(0.,0.,1.));
#8095=DIRECTION('',(1.,0.,0.));
#8096=DIRECTION('',(-0.5,-0.866025403784438,0.));
#8097=DIRECTION('',(0.866025403784438,-0.5,0.));
#8098=DIRECTION('',(0.5,0.866025403784438,0.));
#8099=DIRECTION('',(-0.866025403784438,0.5,0.));
#8100=DIRECTION('',(-0.5,-0.866025403784438,0.));
#8101=DIRECTION('',(0.866025403784438,-0.5,0.));
#8102=DIRECTION('',(0.5,0.866025403784438,0.));
#8103=DIRECTION('',(-0.866025403784438,0.5,0.));
#8104=DIRECTION('',(-0.5,-0.866025403784438,0.));
#8105=DIRECTION('',(0.866025403784438,-0.5,0.));
#8106=DIRECTION('',(0.5,0.866025403784438,0.));
#8107=DIRECTION('',(-0.866025403784438,0.5,0.));
#8108=DIRECTION('',(-0.5,-0.866025403784438,0.));
#8109=DIRECTION('',(0.866025403784438,-0.5,0.));
#8110=DIRECTION('',(0.5,0.866025403784438,0.));
#8111=DIRECTION('',(-0.866025403784438,0.5,0.));
#8112=DIRECTION('',(-0.5,-0.866025403784438,0.));
#8113=DIRECTION('',(0.866025403784438,-0.5,0.));
#8114=DIRECTION('',(0.5,0.866025403784438,0.));
#8115=DIRECTION('',(-0.866025403784438,0.5,0.));
#8116=DIRECTION('',(-0.5,-0.866025403784438,0.));
#8117=DIRECTION('',(0.866025403784438,-0.5,0.));
#8118=DIRECTION('',(0.5,0.866025403784438,0.));
#8119=DIRECTION('',(-0.866025403784438,0.5,0.));
#8120=DIRECTION('',(-0.5,-0.866025403784438,0.));
#8121=DIRECTION('',(0.866025403784438,-0.5,0.));
#8122=DIRECTION('',(0.5,0.866025403784438,0.));
#8123=DIRECTION('',(-0.866025403784438,0.5,0.));
#8124=DIRECTION('',(-0.5,-0.866025403784438,0.));
#8125=DIRECTION('',(0.866025403784438,-0.5,0.));
#8126=DIRECTION('',(0.5,0.866025403784438,0.));
#8127=DIRECTION('',(-0.866025403784438,0.5,0.));
#8128=DIRECTION('',(0.5,0.866025403784438,0.));
#8129=DIRECTION('',(-0.866025403784438,0.5,0.));
#8130=DIRECTION('',(0.5,0.866025403784438,0.));
#8131=DIRECTION('',(-0.866025403784438,0.5,0.));
#8132=DIRECTION('',(0.5,0.866025403784438,0.));
#8133=DIRECTION('',(-0.866025403784438,0.5,0.));
#8134=DIRECTION('',(0.5,0.866025403784438,0.));
#8135=DIRECTION('',(-0.866025403784438,0.5,0.));
#8136=DIRECTION('',(0.5,0.866025403784438,0.));
#8137=DIRECTION('',(-0.866025403784438,0.5,0.));
#8138=DIRECTION('',(0.5,0.866025403784438,0.));
#8139=DIRECTION('',(-0.866025403784438,0.5,0.));
#8140=DIRECTION('',(0.5,0.866025403784438,0.));
#8141=DIRECTION('',(-0.866025403784438,0.5,0.));
#8142=DIRECTION('',(0.5,0.866025403784438,0.));
#8143=DIRECTION('',(-0.866025403784438,0.5,0.));
#8144=DIRECTION('',(0.5,0.866025403784438,0.));
#8145=DIRECTION('',(-0.866025403784438,0.5,0.));
#8146=DIRECTION('',(0.5,0.866025403784438,0.));
#8147=DIRECTION('',(-0.866025403784438,0.5,0.));
#8148=DIRECTION('',(0.5,0.866025403784438,0.));
#8149=DIRECTION('',(-0.866025403784438,0.5,0.));
#8150=DIRECTION('',(0.5,0.866025403784438,0.));
#8151=DIRECTION('',(-0.866025403784438,0.5,0.));
#8152=DIRECTION('',(0.5,0.866025403784438,0.));
#8153=DIRECTION('',(-0.866025403784438,0.5,0.));
#8154=DIRECTION('',(0.5,0.866025403784438,0.));
#8155=DIRECTION('',(-0.866025403784438,0.5,0.));
#8156=DIRECTION('',(0.5,0.866025403784438,0.));
#8157=DIRECTION('',(-0.866025403784438,0.5,0.));
#8158=DIRECTION('',(0.5,0.866025403784438,0.));
#8159=DIRECTION('',(-0.866025403784438,0.5,0.));
#8160=DIRECTION('',(-0.5,-0.866025403784438,0.));
#8161=DIRECTION('',(0.866025403784438,-0.5,0.));
#8162=DIRECTION('',(-0.5,-0.866025403784438,0.));
#8163=DIRECTION('',(0.866025403784438,-0.5,0.));
#8164=DIRECTION('',(-0.5,-0.866025403784438,0.));
#8165=DIRECTION('',(0.866025403784438,-0.5,0.));
#8166=DIRECTION('',(-0.5,-0.866025403784438,0.));
#8167=DIRECTION('',(0.866025403784438,-0.5,0.));
#8168=DIRECTION('',(-0.5,-0.866025403784438,0.));
#8169=DIRECTION('',(0.866025403784438,-0.5,0.));
#8170=DIRECTION('',(-0.5,-0.866025403784438,0.));
#8171=DIRECTION('',(0.866025403784438,-0.5,0.));
#8172=DIRECTION('',(-0.866025403784439,-0.5,0.));
#8173=DIRECTION('',(0.5,-0.866025403784439,0.));
#8174=DIRECTION('',(0.866025403784439,0.5,0.));
#8175=DIRECTION('',(-0.5,0.866025403784439,0.));
#8176=DIRECTION('',(-0.866025403784439,-0.5,0.));
#8177=DIRECTION('',(0.5,-0.866025403784439,0.));
#8178=DIRECTION('',(0.866025403784439,0.5,0.));
#8179=DIRECTION('',(-0.5,0.866025403784439,0.));
#8180=DIRECTION('',(-0.866025403784439,-0.5,0.));
#8181=DIRECTION('',(0.5,-0.866025403784439,0.));
#8182=DIRECTION('',(0.866025403784439,0.5,0.));
#8183=DIRECTION('',(-0.5,0.866025403784439,0.));
#8184=DIRECTION('',(-0.866025403784439,-0.5,0.));
#8185=DIRECTION('',(0.5,-0.866025403784439,0.));
#8186=DIRECTION('',(0.866025403784439,0.5,0.));
#8187=DIRECTION('',(-0.5,0.866025403784439,0.));
#8188=DIRECTION('',(-0.866025403784439,-0.5,0.));
#8189=DIRECTION('',(0.5,-0.866025403784439,0.));
#8190=DIRECTION('',(0.866025403784439,0.5,0.));
#8191=DIRECTION('',(-0.5,0.866025403784439,0.));
#8192=DIRECTION('',(-0.866025403784439,-0.5,0.));
#8193=DIRECTION('',(0.5,-0.866025403784439,0.));
#8194=DIRECTION('',(0.866025403784439,0.5,0.));
#8195=DIRECTION('',(-0.5,0.866025403784439,0.));
#8196=DIRECTION('',(-0.866025403784439,-0.5,0.));
#8197=DIRECTION('',(0.5,-0.866025403784439,0.));
#8198=DIRECTION('',(0.866025403784439,0.5,0.));
#8199=DIRECTION('',(-0.5,0.866025403784439,0.));
#8200=DIRECTION('',(-0.866025403784439,-0.5,0.));
#8201=DIRECTION('',(0.5,-0.866025403784439,0.));
#8202=DIRECTION('',(0.866025403784439,0.5,0.));
#8203=DIRECTION('',(-0.5,0.866025403784439,0.));
#8204=DIRECTION('',(0.866025403784439,0.5,0.));
#8205=DIRECTION('',(-0.5,0.866025403784439,0.));
#8206=DIRECTION('',(0.866025403784439,0.5,0.));
#8207=DIRECTION('',(-0.5,0.866025403784439,0.));
#8208=DIRECTION('',(0.866025403784439,0.5,0.));
#8209=DIRECTION('',(-0.5,0.866025403784439,0.));
#8210=DIRECTION('',(0.866025403784439,0.5,0.));
#8211=DIRECTION('',(-0.5,0.866025403784439,0.));
#8212=DIRECTION('',(0.866025403784439,0.5,0.));
#8213=DIRECTION('',(-0.5,0.866025403784439,0.));
#8214=DIRECTION('',(0.866025403784439,0.5,0.));
#8215=DIRECTION('',(-0.5,0.866025403784439,0.));
#8216=DIRECTION('',(0.866025403784439,0.5,0.));
#8217=DIRECTION('',(-0.5,0.866025403784439,0.));
#8218=DIRECTION('',(0.866025403784439,0.5,0.));
#8219=DIRECTION('',(-0.5,0.866025403784439,0.));
#8220=DIRECTION('',(0.866025403784439,0.5,0.));
#8221=DIRECTION('',(-0.5,0.866025403784439,0.));
#8222=DIRECTION('',(0.866025403784439,0.5,0.));
#8223=DIRECTION('',(-0.5,0.866025403784439,0.));
#8224=DIRECTION('',(0.866025403784439,0.5,0.));
#8225=DIRECTION('',(-0.5,0.866025403784439,0.));
#8226=DIRECTION('',(0.866025403784439,0.5,0.));
#8227=DIRECTION('',(-0.5,0.866025403784439,0.));
#8228=DIRECTION('',(0.866025403784439,0.5,0.));
#8229=DIRECTION('',(-0.5,0.866025403784439,0.));
#8230=DIRECTION('',(0.866025403784439,0.5,0.));
#8231=DIRECTION('',(-0.5,0.866025403784439,0.));
#8232=DIRECTION('',(0.866025403784439,0.5,0.));
#8233=DIRECTION('',(-0.5,0.866025403784439,0.));
#8234=DIRECTION('',(0.866025403784439,0.5,0.));
#8235=DIRECTION('',(-0.5,0.866025403784439,0.));
#8236=DIRECTION('',(-0.866025403784439,-0.5,0.));
#8237=DIRECTION('',(0.5,-0.866025403784439,0.));
#8238=DIRECTION('',(-0.866025403784439,-0.5,0.));
#8239=DIRECTION('',(0.5,-0.866025403784439,0.));
#8240=DIRECTION('',(-0.866025403784439,-0.5,0.));
#8241=DIRECTION('',(0.5,-0.866025403784439,0.));
#8242=DIRECTION('',(-0.866025403784439,-0.5,0.));
#8243=DIRECTION('',(0.5,-0.866025403784439,0.));
#8244=DIRECTION('',(-0.866025403784439,-0.5,0.));
#8245=DIRECTION('',(0.5,-0.866025403784439,0.));
#8246=DIRECTION('',(-0.866025403784439,-0.5,0.));
#8247=DIRECTION('',(0.5,-0.866025403784439,0.));
#8248=DIRECTION('',(-1.,4.36024806325328E-16,0.));
#8249=DIRECTION('',(-4.36024806325328E-16,-1.,0.));
#8250=DIRECTION('',(1.,-4.36024806325328E-16,0.));
#8251=DIRECTION('',(4.36024806325328E-16,1.,0.));
#8252=DIRECTION('',(-1.,4.36024806325328E-16,0.));
#8253=DIRECTION('',(-4.36024806325328E-16,-1.,0.));
#8254=DIRECTION('',(1.,-4.36024806325328E-16,0.));
#8255=DIRECTION('',(4.36024806325328E-16,1.,0.));
#8256=DIRECTION('',(-1.,4.36024806325328E-16,0.));
#8257=DIRECTION('',(-4.36024806325328E-16,-1.,0.));
#8258=DIRECTION('',(1.,-4.36024806325328E-16,0.));
#8259=DIRECTION('',(4.36024806325328E-16,1.,0.));
#8260=DIRECTION('',(-1.,4.36024806325328E-16,0.));
#8261=DIRECTION('',(-4.36024806325328E-16,-1.,0.));
#8262=DIRECTION('',(1.,-4.36024806325328E-16,0.));
#8263=DIRECTION('',(4.36024806325328E-16,1.,0.));
#8264=DIRECTION('',(-1.,4.36024806325328E-16,0.));
#8265=DIRECTION('',(-4.36024806325328E-16,-1.,0.));
#8266=DIRECTION('',(1.,-4.36024806325328E-16,0.));
#8267=DIRECTION('',(4.36024806325328E-16,1.,0.));
#8268=DIRECTION('',(-1.,4.36024806325328E-16,0.));
#8269=DIRECTION('',(-4.36024806325328E-16,-1.,0.));
#8270=DIRECTION('',(1.,-4.36024806325328E-16,0.));
#8271=DIRECTION('',(4.36024806325328E-16,1.,0.));
#8272=DIRECTION('',(-1.,4.36024806325328E-16,0.));
#8273=DIRECTION('',(-4.36024806325328E-16,-1.,0.));
#8274=DIRECTION('',(1.,-4.36024806325328E-16,0.));
#8275=DIRECTION('',(4.36024806325328E-16,1.,0.));
#8276=DIRECTION('',(-1.,4.36024806325328E-16,0.));
#8277=DIRECTION('',(-4.36024806325328E-16,-1.,0.));
#8278=DIRECTION('',(1.,-4.36024806325328E-16,0.));
#8279=DIRECTION('',(4.36024806325328E-16,1.,0.));
#8280=DIRECTION('',(1.,-4.36024806325328E-16,0.));
#8281=DIRECTION('',(4.36024806325328E-16,1.,0.));
#8282=DIRECTION('',(1.,-4.36024806325328E-16,0.));
#8283=DIRECTION('',(4.36024806325328E-16,1.,0.));
#8284=DIRECTION('',(1.,-4.36024806325328E-16,0.));
#8285=DIRECTION('',(4.36024806325328E-16,1.,0.));
#8286=DIRECTION('',(1.,-4.36024806325328E-16,0.));
#8287=DIRECTION('',(4.36024806325328E-16,1.,0.));
#8288=DIRECTION('',(1.,-4.36024806325328E-16,0.));
#8289=DIRECTION('',(4.36024806325328E-16,1.,0.));
#8290=DIRECTION('',(1.,-4.36024806325328E-16,0.));
#8291=DIRECTION('',(4.36024806325328E-16,1.,0.));
#8292=DIRECTION('',(1.,-4.36024806325328E-16,0.));
#8293=DIRECTION('',(4.36024806325328E-16,1.,0.));
#8294=DIRECTION('',(1.,-4.36024806325328E-16,0.));
#8295=DIRECTION('',(4.36024806325328E-16,1.,0.));
#8296=DIRECTION('',(1.,-4.36024806325328E-16,0.));
#8297=DIRECTION('',(4.36024806325328E-16,1.,0.));
#8298=DIRECTION('',(1.,-4.36024806325328E-16,0.));
#8299=DIRECTION('',(4.36024806325328E-16,1.,0.));
#8300=DIRECTION('',(1.,-4.36024806325328E-16,0.));
#8301=DIRECTION('',(4.36024806325328E-16,1.,0.));
#8302=DIRECTION('',(1.,-4.36024806325328E-16,0.));
#8303=DIRECTION('',(4.36024806325328E-16,1.,0.));
#8304=DIRECTION('',(1.,-4.36024806325328E-16,0.));
#8305=DIRECTION('',(4.36024806325328E-16,1.,0.));
#8306=DIRECTION('',(1.,-4.36024806325328E-16,0.));
#8307=DIRECTION('',(4.36024806325328E-16,1.,0.));
#8308=DIRECTION('',(1.,-4.36024806325328E-16,0.));
#8309=DIRECTION('',(4.36024806325328E-16,1.,0.));
#8310=DIRECTION('',(1.,-4.36024806325328E-16,0.));
#8311=DIRECTION('',(4.36024806325328E-16,1.,0.));
#8312=DIRECTION('',(-1.,4.36024806325328E-16,0.));
#8313=DIRECTION('',(-4.36024806325328E-16,-1.,0.));
#8314=DIRECTION('',(-1.,4.36024806325328E-16,0.));
#8315=DIRECTION('',(-4.36024806325328E-16,-1.,0.));
#8316=DIRECTION('',(-1.,4.36024806325328E-16,0.));
#8317=DIRECTION('',(-4.36024806325328E-16,-1.,0.));
#8318=DIRECTION('',(-1.,4.36024806325328E-16,0.));
#8319=DIRECTION('',(-4.36024806325328E-16,-1.,0.));
#8320=DIRECTION('',(-1.,4.36024806325328E-16,0.));
#8321=DIRECTION('',(-4.36024806325328E-16,-1.,0.));
#8322=DIRECTION('',(-1.,4.36024806325328E-16,0.));
#8323=DIRECTION('',(-4.36024806325328E-16,-1.,0.));
#8324=DIRECTION('',(-0.866025403784438,0.5,0.));
#8325=DIRECTION('',(-0.5,-0.866025403784438,0.));
#8326=DIRECTION('',(0.866025403784438,-0.5,0.));
#8327=DIRECTION('',(0.5,0.866025403784438,0.));
#8328=DIRECTION('',(-0.866025403784438,0.5,0.));
#8329=DIRECTION('',(-0.5,-0.866025403784438,0.));
#8330=DIRECTION('',(0.866025403784438,-0.5,0.));
#8331=DIRECTION('',(0.5,0.866025403784438,0.));
#8332=DIRECTION('',(-0.866025403784438,0.5,0.));
#8333=DIRECTION('',(-0.5,-0.866025403784438,0.));
#8334=DIRECTION('',(0.866025403784438,-0.5,0.));
#8335=DIRECTION('',(0.5,0.866025403784438,0.));
#8336=DIRECTION('',(-0.866025403784438,0.5,0.));
#8337=DIRECTION('',(-0.5,-0.866025403784438,0.));
#8338=DIRECTION('',(0.866025403784438,-0.5,0.));
#8339=DIRECTION('',(0.5,0.866025403784438,0.));
#8340=DIRECTION('',(-0.866025403784438,0.5,0.));
#8341=DIRECTION('',(-0.5,-0.866025403784438,0.));
#8342=DIRECTION('',(0.866025403784438,-0.5,0.));
#8343=DIRECTION('',(0.5,0.866025403784438,0.));
#8344=DIRECTION('',(-0.866025403784438,0.5,0.));
#8345=DIRECTION('',(-0.5,-0.866025403784438,0.));
#8346=DIRECTION('',(0.866025403784438,-0.5,0.));
#8347=DIRECTION('',(0.5,0.866025403784438,0.));
#8348=DIRECTION('',(-0.866025403784438,0.5,0.));
#8349=DIRECTION('',(-0.5,-0.866025403784438,0.));
#8350=DIRECTION('',(0.866025403784438,-0.5,0.));
#8351=DIRECTION('',(0.5,0.866025403784438,0.));
#8352=DIRECTION('',(-0.866025403784438,0.5,0.));
#8353=DIRECTION('',(-0.5,-0.866025403784438,0.));
#8354=DIRECTION('',(0.866025403784438,-0.5,0.));
#8355=DIRECTION('',(0.5,0.866025403784438,0.));
#8356=DIRECTION('',(0.866025403784438,-0.5,0.));
#8357=DIRECTION('',(0.5,0.866025403784438,0.));
#8358=DIRECTION('',(0.866025403784438,-0.5,0.));
#8359=DIRECTION('',(0.5,0.866025403784438,0.));
#8360=DIRECTION('',(0.866025403784438,-0.5,0.));
#8361=DIRECTION('',(0.5,0.866025403784438,0.));
#8362=DIRECTION('',(0.866025403784438,-0.5,0.));
#8363=DIRECTION('',(0.5,0.866025403784438,0.));
#8364=DIRECTION('',(0.866025403784438,-0.5,0.));
#8365=DIRECTION('',(0.5,0.866025403784438,0.));
#8366=DIRECTION('',(0.866025403784438,-0.5,0.));
#8367=DIRECTION('',(0.5,0.866025403784438,0.));
#8368=DIRECTION('',(0.866025403784438,-0.5,0.));
#8369=DIRECTION('',(0.5,0.866025403784438,0.));
#8370=DIRECTION('',(0.866025403784438,-0.5,0.));
#8371=DIRECTION('',(0.5,0.866025403784438,0.));
#8372=DIRECTION('',(0.866025403784438,-0.5,0.));
#8373=DIRECTION('',(0.5,0.866025403784438,0.));
#8374=DIRECTION('',(0.866025403784438,-0.5,0.));
#8375=DIRECTION('',(0.5,0.866025403784438,0.));
#8376=DIRECTION('',(0.866025403784438,-0.5,0.));
#8377=DIRECTION('',(0.5,0.866025403784438,0.));
#8378=DIRECTION('',(0.866025403784438,-0.5,0.));
#8379=DIRECTION('',(0.5,0.866025403784438,0.));
#8380=DIRECTION('',(0.866025403784438,-0.5,0.));
#8381=DIRECTION('',(0.5,0.866025403784438,0.));
#8382=DIRECTION('',(0.866025403784438,-0.5,0.));
#8383=DIRECTION('',(0.5,0.866025403784438,0.));
#8384=DIRECTION('',(0.866025403784438,-0.5,0.));
#8385=DIRECTION('',(0.5,0.866025403784438,0.));
#8386=DIRECTION('',(0.866025403784438,-0.5,0.));
#8387=DIRECTION('',(0.5,0.866025403784438,0.));
#8388=DIRECTION('',(-0.866025403784438,0.5,0.));
#8389=DIRECTION('',(-0.5,-0.866025403784438,0.));
#8390=DIRECTION('',(-0.866025403784438,0.5,0.));
#8391=DIRECTION('',(-0.5,-0.866025403784438,0.));
#8392=DIRECTION('',(-0.866025403784438,0.5,0.));
#8393=DIRECTION('',(-0.5,-0.866025403784438,0.));
#8394=DIRECTION('',(-0.866025403784438,0.5,0.));
#8395=DIRECTION('',(-0.5,-0.866025403784438,0.));
#8396=DIRECTION('',(-0.866025403784438,0.5,0.));
#8397=DIRECTION('',(-0.5,-0.866025403784438,0.));
#8398=DIRECTION('',(-0.866025403784438,0.5,0.));
#8399=DIRECTION('',(-0.5,-0.866025403784438,0.));
#8400=DIRECTION('',(-0.5,0.866025403784439,0.));
#8401=DIRECTION('',(-0.866025403784439,-0.5,0.));
#8402=DIRECTION('',(0.5,-0.866025403784439,0.));
#8403=DIRECTION('',(0.866025403784439,0.5,0.));
#8404=DIRECTION('',(-0.5,0.866025403784439,0.));
#8405=DIRECTION('',(-0.866025403784439,-0.5,0.));
#8406=DIRECTION('',(0.5,-0.866025403784439,0.));
#8407=DIRECTION('',(0.866025403784439,0.5,0.));
#8408=DIRECTION('',(-0.5,0.866025403784439,0.));
#8409=DIRECTION('',(-0.866025403784439,-0.5,0.));
#8410=DIRECTION('',(0.5,-0.866025403784439,0.));
#8411=DIRECTION('',(0.866025403784439,0.5,0.));
#8412=DIRECTION('',(-0.5,0.866025403784439,0.));
#8413=DIRECTION('',(-0.866025403784439,-0.5,0.));
#8414=DIRECTION('',(0.5,-0.866025403784439,0.));
#8415=DIRECTION('',(0.866025403784439,0.5,0.));
#8416=DIRECTION('',(-0.5,0.866025403784439,0.));
#8417=DIRECTION('',(-0.866025403784439,-0.5,0.));
#8418=DIRECTION('',(0.5,-0.866025403784439,0.));
#8419=DIRECTION('',(0.866025403784439,0.5,0.));
#8420=DIRECTION('',(-0.5,0.866025403784439,0.));
#8421=DIRECTION('',(-0.866025403784439,-0.5,0.));
#8422=DIRECTION('',(0.5,-0.866025403784439,0.));
#8423=DIRECTION('',(0.866025403784439,0.5,0.));
#8424=DIRECTION('',(-0.5,0.866025403784439,0.));
#8425=DIRECTION('',(-0.866025403784439,-0.5,0.));
#8426=DIRECTION('',(0.5,-0.866025403784439,0.));
#8427=DIRECTION('',(0.866025403784439,0.5,0.));
#8428=DIRECTION('',(-0.5,0.866025403784439,0.));
#8429=DIRECTION('',(-0.866025403784439,-0.5,0.));
#8430=DIRECTION('',(0.5,-0.866025403784439,0.));
#8431=DIRECTION('',(0.866025403784439,0.5,0.));
#8432=DIRECTION('',(0.5,-0.866025403784439,0.));
#8433=DIRECTION('',(0.866025403784439,0.5,0.));
#8434=DIRECTION('',(0.5,-0.866025403784439,0.));
#8435=DIRECTION('',(0.866025403784439,0.5,0.));
#8436=DIRECTION('',(0.5,-0.866025403784439,0.));
#8437=DIRECTION('',(0.866025403784439,0.5,0.));
#8438=DIRECTION('',(0.5,-0.866025403784439,0.));
#8439=DIRECTION('',(0.866025403784439,0.5,0.));
#8440=DIRECTION('',(0.5,-0.866025403784439,0.));
#8441=DIRECTION('',(0.866025403784439,0.5,0.));
#8442=DIRECTION('',(0.5,-0.866025403784439,0.));
#8443=DIRECTION('',(0.866025403784439,0.5,0.));
#8444=DIRECTION('',(0.5,-0.866025403784439,0.));
#8445=DIRECTION('',(0.866025403784439,0.5,0.));
#8446=DIRECTION('',(0.5,-0.866025403784439,0.));
#8447=DIRECTION('',(0.866025403784439,0.5,0.));
#8448=DIRECTION('',(0.5,-0.866025403784439,0.));
#8449=DIRECTION('',(0.866025403784439,0.5,0.));
#8450=DIRECTION('',(0.5,-0.866025403784439,0.));
#8451=DIRECTION('',(0.866025403784439,0.5,0.));
#8452=DIRECTION('',(0.5,-0.866025403784439,0.));
#8453=DIRECTION('',(0.866025403784439,0.5,0.));
#8454=DIRECTION('',(0.5,-0.866025403784439,0.));
#8455=DIRECTION('',(0.866025403784439,0.5,0.));
#8456=DIRECTION('',(0.5,-0.866025403784439,0.));
#8457=DIRECTION('',(0.866025403784439,0.5,0.));
#8458=DIRECTION('',(0.5,-0.866025403784439,0.));
#8459=DIRECTION('',(0.866025403784439,0.5,0.));
#8460=DIRECTION('',(0.5,-0.866025403784439,0.));
#8461=DIRECTION('',(0.866025403784439,0.5,0.));
#8462=DIRECTION('',(0.5,-0.866025403784439,0.));
#8463=DIRECTION('',(0.866025403784439,0.5,0.));
#8464=DIRECTION('',(-0.5,0.866025403784439,0.));
#8465=DIRECTION('',(-0.866025403784439,-0.5,0.));
#8466=DIRECTION('',(-0.5,0.866025403784439,0.));
#8467=DIRECTION('',(-0.866025403784439,-0.5,0.));
#8468=DIRECTION('',(-0.5,0.866025403784439,0.));
#8469=DIRECTION('',(-0.866025403784439,-0.5,0.));
#8470=DIRECTION('',(-0.5,0.866025403784439,0.));
#8471=DIRECTION('',(-0.866025403784439,-0.5,0.));
#8472=DIRECTION('',(-0.5,0.866025403784439,0.));
#8473=DIRECTION('',(-0.866025403784439,-0.5,0.));
#8474=DIRECTION('',(-0.5,0.866025403784439,0.));
#8475=DIRECTION('',(-0.866025403784439,-0.5,0.));
#8476=DIRECTION('',(3.74792466367959E-16,1.,0.));
#8477=DIRECTION('',(-1.,3.74792466367959E-16,0.));
#8478=DIRECTION('',(-3.74792466367959E-16,-1.,0.));
#8479=DIRECTION('',(1.,-3.74792466367959E-16,0.));
#8480=DIRECTION('',(3.74792466367959E-16,1.,0.));
#8481=DIRECTION('',(-1.,3.74792466367959E-16,0.));
#8482=DIRECTION('',(-3.74792466367959E-16,-1.,0.));
#8483=DIRECTION('',(1.,-3.74792466367959E-16,0.));
#8484=DIRECTION('',(3.74792466367959E-16,1.,0.));
#8485=DIRECTION('',(-1.,3.74792466367959E-16,0.));
#8486=DIRECTION('',(-3.74792466367959E-16,-1.,0.));
#8487=DIRECTION('',(1.,-3.74792466367959E-16,0.));
#8488=DIRECTION('',(3.74792466367959E-16,1.,0.));
#8489=DIRECTION('',(-1.,3.74792466367959E-16,0.));
#8490=DIRECTION('',(-3.74792466367959E-16,-1.,0.));
#8491=DIRECTION('',(1.,-3.74792466367959E-16,0.));
#8492=DIRECTION('',(3.74792466367959E-16,1.,0.));
#8493=DIRECTION('',(-1.,3.74792466367959E-16,0.));
#8494=DIRECTION('',(-3.74792466367959E-16,-1.,0.));
#8495=DIRECTION('',(1.,-3.74792466367959E-16,0.));
#8496=DIRECTION('',(3.74792466367959E-16,1.,0.));
#8497=DIRECTION('',(-1.,3.74792466367959E-16,0.));
#8498=DIRECTION('',(-3.74792466367959E-16,-1.,0.));
#8499=DIRECTION('',(1.,-3.74792466367959E-16,0.));
#8500=DIRECTION('',(3.74792466367959E-16,1.,0.));
#8501=DIRECTION('',(-1.,3.74792466367959E-16,0.));
#8502=DIRECTION('',(-3.74792466367959E-16,-1.,0.));
#8503=DIRECTION('',(1.,-3.74792466367959E-16,0.));
#8504=DIRECTION('',(3.74792466367959E-16,1.,0.));
#8505=DIRECTION('',(-1.,3.74792466367959E-16,0.));
#8506=DIRECTION('',(-3.74792466367959E-16,-1.,0.));
#8507=DIRECTION('',(1.,-3.74792466367959E-16,0.));
#8508=DIRECTION('',(-3.74792466367959E-16,-1.,0.));
#8509=DIRECTION('',(1.,-3.74792466367959E-16,0.));
#8510=DIRECTION('',(-3.74792466367959E-16,-1.,0.));
#8511=DIRECTION('',(1.,-3.74792466367959E-16,0.));
#8512=DIRECTION('',(-3.74792466367959E-16,-1.,0.));
#8513=DIRECTION('',(1.,-3.74792466367959E-16,0.));
#8514=DIRECTION('',(-3.74792466367959E-16,-1.,0.));
#8515=DIRECTION('',(1.,-3.74792466367959E-16,0.));
#8516=DIRECTION('',(-3.74792466367959E-16,-1.,0.));
#8517=DIRECTION('',(1.,-3.74792466367959E-16,0.));
#8518=DIRECTION('',(-3.74792466367959E-16,-1.,0.));
#8519=DIRECTION('',(1.,-3.74792466367959E-16,0.));
#8520=DIRECTION('',(-3.74792466367959E-16,-1.,0.));
#8521=DIRECTION('',(1.,-3.74792466367959E-16,0.));
#8522=DIRECTION('',(-3.74792466367959E-16,-1.,0.));
#8523=DIRECTION('',(1.,-3.74792466367959E-16,0.));
#8524=DIRECTION('',(-3.74792466367959E-16,-1.,0.));
#8525=DIRECTION('',(1.,-3.74792466367959E-16,0.));
#8526=DIRECTION('',(-3.74792466367959E-16,-1.,0.));
#8527=DIRECTION('',(1.,-3.74792466367959E-16,0.));
#8528=DIRECTION('',(-3.74792466367959E-16,-1.,0.));
#8529=DIRECTION('',(1.,-3.74792466367959E-16,0.));
#8530=DIRECTION('',(-3.74792466367959E-16,-1.,0.));
#8531=DIRECTION('',(1.,-3.74792466367959E-16,0.));
#8532=DIRECTION('',(-3.74792466367959E-16,-1.,0.));
#8533=DIRECTION('',(1.,-3.74792466367959E-16,0.));
#8534=DIRECTION('',(-3.74792466367959E-16,-1.,0.));
#8535=DIRECTION('',(1.,-3.74792466367959E-16,0.));
#8536=DIRECTION('',(-3.74792466367959E-16,-1.,0.));
#8537=DIRECTION('',(1.,-3.74792466367959E-16,0.));
#8538=DIRECTION('',(-3.74792466367959E-16,-1.,0.));
#8539=DIRECTION('',(1.,-3.74792466367959E-16,0.));
#8540=DIRECTION('',(3.74792466367959E-16,1.,0.));
#8541=DIRECTION('',(-1.,3.74792466367959E-16,0.));
#8542=DIRECTION('',(3.74792466367959E-16,1.,0.));
#8543=DIRECTION('',(-1.,3.74792466367959E-16,0.));
#8544=DIRECTION('',(3.74792466367959E-16,1.,0.));
#8545=DIRECTION('',(-1.,3.74792466367959E-16,0.));
#8546=DIRECTION('',(3.74792466367959E-16,1.,0.));
#8547=DIRECTION('',(-1.,3.74792466367959E-16,0.));
#8548=DIRECTION('',(3.74792466367959E-16,1.,0.));
#8549=DIRECTION('',(-1.,3.74792466367959E-16,0.));
#8550=DIRECTION('',(3.74792466367959E-16,1.,0.));
#8551=DIRECTION('',(-1.,3.74792466367959E-16,0.));
#8552=DIRECTION('',(0.5,0.866025403784438,0.));
#8553=DIRECTION('',(-0.866025403784438,0.5,0.));
#8554=DIRECTION('',(-0.5,-0.866025403784438,0.));
#8555=DIRECTION('',(0.866025403784438,-0.5,0.));
#8556=DIRECTION('',(0.5,0.866025403784438,0.));
#8557=DIRECTION('',(-0.866025403784438,0.5,0.));
#8558=DIRECTION('',(-0.5,-0.866025403784438,0.));
#8559=DIRECTION('',(0.866025403784438,-0.5,0.));
#8560=DIRECTION('',(0.5,0.866025403784438,0.));
#8561=DIRECTION('',(-0.866025403784438,0.5,0.));
#8562=DIRECTION('',(-0.5,-0.866025403784438,0.));
#8563=DIRECTION('',(0.866025403784438,-0.5,0.));
#8564=DIRECTION('',(0.5,0.866025403784438,0.));
#8565=DIRECTION('',(-0.866025403784438,0.5,0.));
#8566=DIRECTION('',(-0.5,-0.866025403784438,0.));
#8567=DIRECTION('',(0.866025403784438,-0.5,0.));
#8568=DIRECTION('',(0.5,0.866025403784438,0.));
#8569=DIRECTION('',(-0.866025403784438,0.5,0.));
#8570=DIRECTION('',(-0.5,-0.866025403784438,0.));
#8571=DIRECTION('',(0.866025403784438,-0.5,0.));
#8572=DIRECTION('',(0.5,0.866025403784438,0.));
#8573=DIRECTION('',(-0.866025403784438,0.5,0.));
#8574=DIRECTION('',(-0.5,-0.866025403784438,0.));
#8575=DIRECTION('',(0.866025403784438,-0.5,0.));
#8576=DIRECTION('',(0.5,0.866025403784438,0.));
#8577=DIRECTION('',(-0.866025403784438,0.5,0.));
#8578=DIRECTION('',(-0.5,-0.866025403784438,0.));
#8579=DIRECTION('',(0.866025403784438,-0.5,0.));
#8580=DIRECTION('',(0.5,0.866025403784438,0.));
#8581=DIRECTION('',(-0.866025403784438,0.5,0.));
#8582=DIRECTION('',(-0.5,-0.866025403784438,0.));
#8583=DIRECTION('',(0.866025403784438,-0.5,0.));
#8584=DIRECTION('',(-0.5,-0.866025403784438,0.));
#8585=DIRECTION('',(0.866025403784438,-0.5,0.));
#8586=DIRECTION('',(-0.5,-0.866025403784438,0.));
#8587=DIRECTION('',(0.866025403784438,-0.5,0.));
#8588=DIRECTION('',(-0.5,-0.866025403784438,0.));
#8589=DIRECTION('',(0.866025403784438,-0.5,0.));
#8590=DIRECTION('',(-0.5,-0.866025403784438,0.));
#8591=DIRECTION('',(0.866025403784438,-0.5,0.));
#8592=DIRECTION('',(-0.5,-0.866025403784438,0.));
#8593=DIRECTION('',(0.866025403784438,-0.5,0.));
#8594=DIRECTION('',(-0.5,-0.866025403784438,0.));
#8595=DIRECTION('',(0.866025403784438,-0.5,0.));
#8596=DIRECTION('',(-0.5,-0.866025403784438,0.));
#8597=DIRECTION('',(0.866025403784438,-0.5,0.));
#8598=DIRECTION('',(-0.5,-0.866025403784438,0.));
#8599=DIRECTION('',(0.866025403784438,-0.5,0.));
#8600=DIRECTION('',(-0.5,-0.866025403784438,0.));
#8601=DIRECTION('',(0.866025403784438,-0.5,0.));
#8602=DIRECTION('',(-0.5,-0.866025403784438,0.));
#8603=DIRECTION('',(0.866025403784438,-0.5,0.));
#8604=DIRECTION('',(-0.5,-0.866025403784438,0.));
#8605=DIRECTION('',(0.866025403784438,-0.5,0.));
#8606=DIRECTION('',(-0.5,-0.866025403784438,0.));
#8607=DIRECTION('',(0.866025403784438,-0.5,0.));
#8608=DIRECTION('',(-0.5,-0.866025403784438,0.));
#8609=DIRECTION('',(0.866025403784438,-0.5,0.));
#8610=DIRECTION('',(-0.5,-0.866025403784438,0.));
#8611=DIRECTION('',(0.866025403784438,-0.5,0.));
#8612=DIRECTION('',(-0.5,-0.866025403784438,0.));
#8613=DIRECTION('',(0.866025403784438,-0.5,0.));
#8614=DIRECTION('',(-0.5,-0.866025403784438,0.));
#8615=DIRECTION('',(0.866025403784438,-0.5,0.));
#8616=DIRECTION('',(0.5,0.866025403784438,0.));
#8617=DIRECTION('',(-0.866025403784438,0.5,0.));
#8618=DIRECTION('',(0.5,0.866025403784438,0.));
#8619=DIRECTION('',(-0.866025403784438,0.5,0.));
#8620=DIRECTION('',(0.5,0.866025403784438,0.));
#8621=DIRECTION('',(-0.866025403784438,0.5,0.));
#8622=DIRECTION('',(0.5,0.866025403784438,0.));
#8623=DIRECTION('',(-0.866025403784438,0.5,0.));
#8624=DIRECTION('',(0.5,0.866025403784438,0.));
#8625=DIRECTION('',(-0.866025403784438,0.5,0.));
#8626=DIRECTION('',(0.5,0.866025403784438,0.));
#8627=DIRECTION('',(-0.866025403784438,0.5,0.));
#8628=DIRECTION('',(0.866025403784439,0.5,0.));
#8629=DIRECTION('',(-0.5,0.866025403784439,0.));
#8630=DIRECTION('',(-0.866025403784439,-0.5,0.));
#8631=DIRECTION('',(0.5,-0.866025403784439,0.));
#8632=DIRECTION('',(0.866025403784439,0.5,0.));
#8633=DIRECTION('',(-0.5,0.866025403784439,0.));
#8634=DIRECTION('',(-0.866025403784439,-0.5,0.));
#8635=DIRECTION('',(0.5,-0.866025403784439,0.));
#8636=DIRECTION('',(0.866025403784439,0.5,0.));
#8637=DIRECTION('',(-0.5,0.866025403784439,0.));
#8638=DIRECTION('',(-0.866025403784439,-0.5,0.));
#8639=DIRECTION('',(0.5,-0.866025403784439,0.));
#8640=DIRECTION('',(0.866025403784439,0.5,0.));
#8641=DIRECTION('',(-0.5,0.866025403784439,0.));
#8642=DIRECTION('',(-0.866025403784439,-0.5,0.));
#8643=DIRECTION('',(0.5,-0.866025403784439,0.));
#8644=DIRECTION('',(0.866025403784439,0.5,0.));
#8645=DIRECTION('',(-0.5,0.866025403784439,0.));
#8646=DIRECTION('',(-0.866025403784439,-0.5,0.));
#8647=DIRECTION('',(0.5,-0.866025403784439,0.));
#8648=DIRECTION('',(0.866025403784439,0.5,0.));
#8649=DIRECTION('',(-0.5,0.866025403784439,0.));
#8650=DIRECTION('',(-0.866025403784439,-0.5,0.));
#8651=DIRECTION('',(0.5,-0.866025403784439,0.));
#8652=DIRECTION('',(0.866025403784439,0.5,0.));
#8653=DIRECTION('',(-0.5,0.866025403784439,0.));
#8654=DIRECTION('',(-0.866025403784439,-0.5,0.));
#8655=DIRECTION('',(0.5,-0.866025403784439,0.));
#8656=DIRECTION('',(0.866025403784439,0.5,0.));
#8657=DIRECTION('',(-0.5,0.866025403784439,0.));
#8658=DIRECTION('',(-0.866025403784439,-0.5,0.));
#8659=DIRECTION('',(0.5,-0.866025403784439,0.));
#8660=DIRECTION('',(-0.866025403784439,-0.5,0.));
#8661=DIRECTION('',(0.5,-0.866025403784439,0.));
#8662=DIRECTION('',(-0.866025403784439,-0.5,0.));
#8663=DIRECTION('',(0.5,-0.866025403784439,0.));
#8664=DIRECTION('',(-0.866025403784439,-0.5,0.));
#8665=DIRECTION('',(0.5,-0.866025403784439,0.));
#8666=DIRECTION('',(-0.866025403784439,-0.5,0.));
#8667=DIRECTION('',(0.5,-0.866025403784439,0.));
#8668=DIRECTION('',(-0.866025403784439,-0.5,0.));
#8669=DIRECTION('',(0.5,-0.866025403784439,0.));
#8670=DIRECTION('',(-0.866025403784439,-0.5,0.));
#8671=DIRECTION('',(0.5,-0.866025403784439,0.));
#8672=DIRECTION('',(-0.866025403784439,-0.5,0.));
#8673=DIRECTION('',(0.5,-0.866025403784439,0.));
#8674=DIRECTION('',(-0.866025403784439,-0.5,0.));
#8675=DIRECTION('',(0.5,-0.866025403784439,0.));
#8676=DIRECTION('',(-0.866025403784439,-0.5,0.));
#8677=DIRECTION('',(0.5,-0.866025403784439,0.));
#8678=DIRECTION('',(-0.866025403784439,-0.5,0.));
#8679=DIRECTION('',(0.5,-0.866025403784439,0.));
#8680=DIRECTION('',(-0.866025403784439,-0.5,0.));
#8681=DIRECTION('',(0.5,-0.866025403784439,0.));
#8682=DIRECTION('',(-0.866025403784439,-0.5,0.));
#8683=DIRECTION('',(0.5,-0.866025403784439,0.));
#8684=DIRECTION('',(-0.866025403784439,-0.5,0.));
#8685=DIRECTION('',(0.5,-0.866025403784439,0.));
#8686=DIRECTION('',(-0.866025403784439,-0.5,0.));
#8687=DIRECTION('',(0.5,-0.866025403784439,0.));
#8688=DIRECTION('',(-0.866025403784439,-0.5,0.));
#8689=DIRECTION('',(0.5,-0.866025403784439,0.));
#8690=DIRECTION('',(-0.866025403784439,-0.5,0.));
#8691=DIRECTION('',(0.5,-0.866025403784439,0.));
#8692=DIRECTION('',(0.866025403784439,0.5,0.));
#8693=DIRECTION('',(-0.5,0.866025403784439,0.));
#8694=DIRECTION('',(0.866025403784439,0.5,0.));
#8695=DIRECTION('',(-0.5,0.866025403784439,0.));
#8696=DIRECTION('',(0.866025403784439,0.5,0.));
#8697=DIRECTION('',(-0.5,0.866025403784439,0.));
#8698=DIRECTION('',(0.866025403784439,0.5,0.));
#8699=DIRECTION('',(-0.5,0.866025403784439,0.));
#8700=DIRECTION('',(0.866025403784439,0.5,0.));
#8701=DIRECTION('',(-0.5,0.866025403784439,0.));
#8702=DIRECTION('',(0.866025403784439,0.5,0.));
#8703=DIRECTION('',(-0.5,0.866025403784439,0.));
#8704=DIRECTION('',(1.,-3.13560126410592E-16,0.));
#8705=DIRECTION('',(3.13560126410592E-16,1.,0.));
#8706=DIRECTION('',(-1.,3.13560126410592E-16,0.));
#8707=DIRECTION('',(-3.13560126410592E-16,-1.,0.));
#8708=DIRECTION('',(1.,-3.13560126410592E-16,0.));
#8709=DIRECTION('',(3.13560126410592E-16,1.,0.));
#8710=DIRECTION('',(-1.,3.13560126410592E-16,0.));
#8711=DIRECTION('',(-3.13560126410592E-16,-1.,0.));
#8712=DIRECTION('',(1.,-3.13560126410592E-16,0.));
#8713=DIRECTION('',(3.13560126410592E-16,1.,0.));
#8714=DIRECTION('',(-1.,3.13560126410592E-16,0.));
#8715=DIRECTION('',(-3.13560126410592E-16,-1.,0.));
#8716=DIRECTION('',(1.,-3.13560126410592E-16,0.));
#8717=DIRECTION('',(3.13560126410592E-16,1.,0.));
#8718=DIRECTION('',(-1.,3.13560126410592E-16,0.));
#8719=DIRECTION('',(-3.13560126410592E-16,-1.,0.));
#8720=DIRECTION('',(1.,-3.13560126410592E-16,0.));
#8721=DIRECTION('',(3.13560126410592E-16,1.,0.));
#8722=DIRECTION('',(-1.,3.13560126410592E-16,0.));
#8723=DIRECTION('',(-3.13560126410592E-16,-1.,0.));
#8724=DIRECTION('',(1.,-3.13560126410592E-16,0.));
#8725=DIRECTION('',(3.13560126410592E-16,1.,0.));
#8726=DIRECTION('',(-1.,3.13560126410592E-16,0.));
#8727=DIRECTION('',(-3.13560126410592E-16,-1.,0.));
#8728=DIRECTION('',(1.,-3.13560126410592E-16,0.));
#8729=DIRECTION('',(3.13560126410592E-16,1.,0.));
#8730=DIRECTION('',(-1.,3.13560126410592E-16,0.));
#8731=DIRECTION('',(-3.13560126410592E-16,-1.,0.));
#8732=DIRECTION('',(1.,-3.13560126410592E-16,0.));
#8733=DIRECTION('',(3.13560126410592E-16,1.,0.));
#8734=DIRECTION('',(-1.,3.13560126410592E-16,0.));
#8735=DIRECTION('',(-3.13560126410592E-16,-1.,0.));
#8736=DIRECTION('',(-1.,3.13560126410592E-16,0.));
#8737=DIRECTION('',(-3.13560126410592E-16,-1.,0.));
#8738=DIRECTION('',(-1.,3.13560126410592E-16,0.));
#8739=DIRECTION('',(-3.13560126410592E-16,-1.,0.));
#8740=DIRECTION('',(-1.,3.13560126410592E-16,0.));
#8741=DIRECTION('',(-3.13560126410592E-16,-1.,0.));
#8742=DIRECTION('',(-1.,3.13560126410592E-16,0.));
#8743=DIRECTION('',(-3.13560126410592E-16,-1.,0.));
#8744=DIRECTION('',(-1.,3.13560126410592E-16,0.));
#8745=DIRECTION('',(-3.13560126410592E-16,-1.,0.));
#8746=DIRECTION('',(-1.,3.13560126410592E-16,0.));
#8747=DIRECTION('',(-3.13560126410592E-16,-1.,0.));
#8748=DIRECTION('',(-1.,3.13560126410592E-16,0.));
#8749=DIRECTION('',(-3.13560126410592E-16,-1.,0.));
#8750=DIRECTION('',(-1.,3.13560126410592E-16,0.));
#8751=DIRECTION('',(-3.13560126410592E-16,-1.,0.));
#8752=DIRECTION('',(-1.,3.13560126410592E-16,0.));
#8753=DIRECTION('',(-3.13560126410592E-16,-1.,0.));
#8754=DIRECTION('',(-1.,3.13560126410592E-16,0.));
#8755=DIRECTION('',(-3.13560126410592E-16,-1.,0.));
#8756=DIRECTION('',(-1.,3.13560126410592E-16,0.));
#8757=DIRECTION('',(-3.13560126410592E-16,-1.,0.));
#8758=DIRECTION('',(-1.,3.13560126410592E-16,0.));
#8759=DIRECTION('',(-3.13560126410592E-16,-1.,0.));
#8760=DIRECTION('',(-1.,3.13560126410592E-16,0.));
#8761=DIRECTION('',(-3.13560126410592E-16,-1.,0.));
#8762=DIRECTION('',(-1.,3.13560126410592E-16,0.));
#8763=DIRECTION('',(-3.13560126410592E-16,-1.,0.));
#8764=DIRECTION('',(-1.,3.13560126410592E-16,0.));
#8765=DIRECTION('',(-3.13560126410592E-16,-1.,0.));
#8766=DIRECTION('',(-1.,3.13560126410592E-16,0.));
#8767=DIRECTION('',(-3.13560126410592E-16,-1.,0.));
#8768=DIRECTION('',(1.,-3.13560126410592E-16,0.));
#8769=DIRECTION('',(3.13560126410592E-16,1.,0.));
#8770=DIRECTION('',(1.,-3.13560126410592E-16,0.));
#8771=DIRECTION('',(3.13560126410592E-16,1.,0.));
#8772=DIRECTION('',(1.,-3.13560126410592E-16,0.));
#8773=DIRECTION('',(3.13560126410592E-16,1.,0.));
#8774=DIRECTION('',(1.,-3.13560126410592E-16,0.));
#8775=DIRECTION('',(3.13560126410592E-16,1.,0.));
#8776=DIRECTION('',(1.,-3.13560126410592E-16,0.));
#8777=DIRECTION('',(3.13560126410592E-16,1.,0.));
#8778=DIRECTION('',(1.,-3.13560126410592E-16,0.));
#8779=DIRECTION('',(3.13560126410592E-16,1.,0.));
#8780=DIRECTION('',(0.866025403784439,-0.5,0.));
#8781=DIRECTION('',(0.5,0.866025403784439,0.));
#8782=DIRECTION('',(-0.866025403784439,0.5,0.));
#8783=DIRECTION('',(-0.5,-0.866025403784439,0.));
#8784=DIRECTION('',(0.866025403784439,-0.5,0.));
#8785=DIRECTION('',(0.5,0.866025403784439,0.));
#8786=DIRECTION('',(-0.866025403784439,0.5,0.));
#8787=DIRECTION('',(-0.5,-0.866025403784439,0.));
#8788=DIRECTION('',(0.866025403784439,-0.5,0.));
#8789=DIRECTION('',(0.5,0.866025403784439,0.));
#8790=DIRECTION('',(-0.866025403784439,0.5,0.));
#8791=DIRECTION('',(-0.5,-0.866025403784439,0.));
#8792=DIRECTION('',(0.866025403784439,-0.5,0.));
#8793=DIRECTION('',(0.5,0.866025403784439,0.));
#8794=DIRECTION('',(-0.866025403784439,0.5,0.));
#8795=DIRECTION('',(-0.5,-0.866025403784439,0.));
#8796=DIRECTION('',(0.866025403784439,-0.5,0.));
#8797=DIRECTION('',(0.5,0.866025403784439,0.));
#8798=DIRECTION('',(-0.866025403784439,0.5,0.));
#8799=DIRECTION('',(-0.5,-0.866025403784439,0.));
#8800=DIRECTION('',(0.866025403784439,-0.5,0.));
#8801=DIRECTION('',(0.5,0.866025403784439,0.));
#8802=DIRECTION('',(-0.866025403784439,0.5,0.));
#8803=DIRECTION('',(-0.5,-0.866025403784439,0.));
#8804=DIRECTION('',(0.866025403784439,-0.5,0.));
#8805=DIRECTION('',(0.5,0.866025403784439,0.));
#8806=DIRECTION('',(-0.866025403784439,0.5,0.));
#8807=DIRECTION('',(-0.5,-0.866025403784439,0.));
#8808=DIRECTION('',(0.866025403784439,-0.5,0.));
#8809=DIRECTION('',(0.5,0.866025403784439,0.));
#8810=DIRECTION('',(-0.866025403784439,0.5,0.));
#8811=DIRECTION('',(-0.5,-0.866025403784439,0.));
#8812=DIRECTION('',(-0.866025403784439,0.5,0.));
#8813=DIRECTION('',(-0.5,-0.866025403784439,0.));
#8814=DIRECTION('',(-0.866025403784439,0.5,0.));
#8815=DIRECTION('',(-0.5,-0.866025403784439,0.));
#8816=DIRECTION('',(-0.866025403784439,0.5,0.));
#8817=DIRECTION('',(-0.5,-0.866025403784439,0.));
#8818=DIRECTION('',(-0.866025403784439,0.5,0.));
#8819=DIRECTION('',(-0.5,-0.866025403784439,0.));
#8820=DIRECTION('',(-0.866025403784439,0.5,0.));
#8821=DIRECTION('',(-0.5,-0.866025403784439,0.));
#8822=DIRECTION('',(-0.866025403784439,0.5,0.));
#8823=DIRECTION('',(-0.5,-0.866025403784439,0.));
#8824=DIRECTION('',(-0.866025403784439,0.5,0.));
#8825=DIRECTION('',(-0.5,-0.866025403784439,0.));
#8826=DIRECTION('',(-0.866025403784439,0.5,0.));
#8827=DIRECTION('',(-0.5,-0.866025403784439,0.));
#8828=DIRECTION('',(-0.866025403784439,0.5,0.));
#8829=DIRECTION('',(-0.5,-0.866025403784439,0.));
#8830=DIRECTION('',(-0.866025403784439,0.5,0.));
#8831=DIRECTION('',(-0.5,-0.866025403784439,0.));
#8832=DIRECTION('',(-0.866025403784439,0.5,0.));
#8833=DIRECTION('',(-0.5,-0.866025403784439,0.));
#8834=DIRECTION('',(-0.866025403784439,0.5,0.));
#8835=DIRECTION('',(-0.5,-0.866025403784439,0.));
#8836=DIRECTION('',(-0.866025403784439,0.5,0.));
#8837=DIRECTION('',(-0.5,-0.866025403784439,0.));
#8838=DIRECTION('',(-0.866025403784439,0.5,0.));
#8839=DIRECTION('',(-0.5,-0.866025403784439,0.));
#8840=DIRECTION('',(-0.866025403784439,0.5,0.));
#8841=DIRECTION('',(-0.5,-0.866025403784439,0.));
#8842=DIRECTION('',(-0.866025403784439,0.5,0.));
#8843=DIRECTION('',(-0.5,-0.866025403784439,0.));
#8844=DIRECTION('',(0.866025403784439,-0.5,0.));
#8845=DIRECTION('',(0.5,0.866025403784439,0.));
#8846=DIRECTION('',(0.866025403784439,-0.5,0.));
#8847=DIRECTION('',(0.5,0.866025403784439,0.));
#8848=DIRECTION('',(0.866025403784439,-0.5,0.));
#8849=DIRECTION('',(0.5,0.866025403784439,0.));
#8850=DIRECTION('',(0.866025403784439,-0.5,0.));
#8851=DIRECTION('',(0.5,0.866025403784439,0.));
#8852=DIRECTION('',(0.866025403784439,-0.5,0.));
#8853=DIRECTION('',(0.5,0.866025403784439,0.));
#8854=DIRECTION('',(0.866025403784439,-0.5,0.));
#8855=DIRECTION('',(0.5,0.866025403784439,0.));
#8856=DIRECTION('',(0.5,-0.866025403784439,0.));
#8857=DIRECTION('',(0.866025403784439,0.5,0.));
#8858=DIRECTION('',(-0.5,0.866025403784439,0.));
#8859=DIRECTION('',(-0.866025403784439,-0.5,0.));
#8860=DIRECTION('',(0.5,-0.866025403784439,0.));
#8861=DIRECTION('',(0.866025403784439,0.5,0.));
#8862=DIRECTION('',(-0.5,0.866025403784439,0.));
#8863=DIRECTION('',(-0.866025403784439,-0.5,0.));
#8864=DIRECTION('',(0.5,-0.866025403784439,0.));
#8865=DIRECTION('',(0.866025403784439,0.5,0.));
#8866=DIRECTION('',(-0.5,0.866025403784439,0.));
#8867=DIRECTION('',(-0.866025403784439,-0.5,0.));
#8868=DIRECTION('',(0.5,-0.866025403784439,0.));
#8869=DIRECTION('',(0.866025403784439,0.5,0.));
#8870=DIRECTION('',(-0.5,0.866025403784439,0.));
#8871=DIRECTION('',(-0.866025403784439,-0.5,0.));
#8872=DIRECTION('',(0.5,-0.866025403784439,0.));
#8873=DIRECTION('',(0.866025403784439,0.5,0.));
#8874=DIRECTION('',(-0.5,0.866025403784439,0.));
#8875=DIRECTION('',(-0.866025403784439,-0.5,0.));
#8876=DIRECTION('',(0.5,-0.866025403784439,0.));
#8877=DIRECTION('',(0.866025403784439,0.5,0.));
#8878=DIRECTION('',(-0.5,0.866025403784439,0.));
#8879=DIRECTION('',(-0.866025403784439,-0.5,0.));
#8880=DIRECTION('',(0.5,-0.866025403784439,0.));
#8881=DIRECTION('',(0.866025403784439,0.5,0.));
#8882=DIRECTION('',(-0.5,0.866025403784439,0.));
#8883=DIRECTION('',(-0.866025403784439,-0.5,0.));
#8884=DIRECTION('',(0.5,-0.866025403784439,0.));
#8885=DIRECTION('',(0.866025403784439,0.5,0.));
#8886=DIRECTION('',(-0.5,0.866025403784439,0.));
#8887=DIRECTION('',(-0.866025403784439,-0.5,0.));
#8888=DIRECTION('',(-0.5,0.866025403784439,0.));
#8889=DIRECTION('',(-0.866025403784439,-0.5,0.));
#8890=DIRECTION('',(-0.5,0.866025403784439,0.));
#8891=DIRECTION('',(-0.866025403784439,-0.5,0.));
#8892=DIRECTION('',(-0.5,0.866025403784439,0.));
#8893=DIRECTION('',(-0.866025403784439,-0.5,0.));
#8894=DIRECTION('',(-0.5,0.866025403784439,0.));
#8895=DIRECTION('',(-0.866025403784439,-0.5,0.));
#8896=DIRECTION('',(-0.5,0.866025403784439,0.));
#8897=DIRECTION('',(-0.866025403784439,-0.5,0.));
#8898=DIRECTION('',(-0.5,0.866025403784439,0.));
#8899=DIRECTION('',(-0.866025403784439,-0.5,0.));
#8900=DIRECTION('',(-0.5,0.866025403784439,0.));
#8901=DIRECTION('',(-0.866025403784439,-0.5,0.));
#8902=DIRECTION('',(-0.5,0.866025403784439,0.));
#8903=DIRECTION('',(-0.866025403784439,-0.5,0.));
#8904=DIRECTION('',(-0.5,0.866025403784439,0.));
#8905=DIRECTION('',(-0.866025403784439,-0.5,0.));
#8906=DIRECTION('',(-0.5,0.866025403784439,0.));
#8907=DIRECTION('',(-0.866025403784439,-0.5,0.));
#8908=DIRECTION('',(-0.5,0.866025403784439,0.));
#8909=DIRECTION('',(-0.866025403784439,-0.5,0.));
#8910=DIRECTION('',(-0.5,0.866025403784439,0.));
#8911=DIRECTION('',(-0.866025403784439,-0.5,0.));
#8912=DIRECTION('',(-0.5,0.866025403784439,0.));
#8913=DIRECTION('',(-0.866025403784439,-0.5,0.));
#8914=DIRECTION('',(-0.5,0.866025403784439,0.));
#8915=DIRECTION('',(-0.866025403784439,-0.5,0.));
#8916=DIRECTION('',(-0.5,0.866025403784439,0.));
#8917=DIRECTION('',(-0.866025403784439,-0.5,0.));
#8918=DIRECTION('',(-0.5,0.866025403784439,0.));
#8919=DIRECTION('',(-0.866025403784439,-0.5,0.));
#8920=DIRECTION('',(0.5,-0.866025403784439,0.));
#8921=DIRECTION('',(0.866025403784439,0.5,0.));
#8922=DIRECTION('',(0.5,-0.866025403784439,0.));
#8923=DIRECTION('',(0.866025403784439,0.5,0.));
#8924=DIRECTION('',(0.5,-0.866025403784439,0.));
#8925=DIRECTION('',(0.866025403784439,0.5,0.));
#8926=DIRECTION('',(0.5,-0.866025403784439,0.));
#8927=DIRECTION('',(0.866025403784439,0.5,0.));
#8928=DIRECTION('',(0.5,-0.866025403784439,0.));
#8929=DIRECTION('',(0.866025403784439,0.5,0.));
#8930=DIRECTION('',(0.5,-0.866025403784439,0.));
#8931=DIRECTION('',(0.866025403784439,0.5,0.));
#8932=DIRECTION('',(0.,0.,1.));
#8933=DIRECTION('',(1.,0.,0.));
#8934=DIRECTION('',(0.,0.,-1.));
#8935=DIRECTION('',(-1.,0.,0.));
#8936=DIRECTION('',(0.,0.,1.));
#8937=DIRECTION('',(1.,0.,0.));
#8938=DIRECTION('',(0.5,0.866025403784439,0.));
#8939=DIRECTION('',(-0.866025403784439,0.5,0.));
#8940=DIRECTION('',(-0.866025403784439,0.5,0.));
#8941=DIRECTION('',(0.,0.,1.));
#8942=DIRECTION('',(-0.866025403784439,0.5,0.));
#8943=DIRECTION('',(0.,0.,1.));
#8944=DIRECTION('',(2.52327786453225E-16,1.,0.));
#8945=DIRECTION('',(-1.,2.52327786453225E-16,0.));
#8946=DIRECTION('',(0.,0.,1.));
#8947=DIRECTION('',(-1.,2.52327786453225E-16,0.));
#8948=DIRECTION('',(0.,0.,1.));
#8949=DIRECTION('',(-1.,2.52327786453225E-16,0.));
#8950=DIRECTION('',(-0.5,0.866025403784439,0.));
#8951=DIRECTION('',(-0.866025403784439,-0.5,0.));
#8952=DIRECTION('',(0.,0.,1.));
#8953=DIRECTION('',(-0.866025403784439,-0.5,0.));
#8954=DIRECTION('',(0.,0.,1.));
#8955=DIRECTION('',(-0.866025403784439,-0.5,0.));
#8956=DIRECTION('',(-0.866025403784439,0.5,0.));
#8957=DIRECTION('',(-0.5,-0.866025403784439,0.));
#8958=DIRECTION('',(-0.5,-0.866025403784439,0.));
#8959=DIRECTION('',(0.,0.,1.));
#8960=DIRECTION('',(-0.5,-0.866025403784439,0.));
#8961=DIRECTION('',(0.,0.,1.));
#8962=DIRECTION('',(-1.,2.52327786453224E-16,0.));
#8963=DIRECTION('',(-2.52327786453224E-16,-1.,0.));
#8964=DIRECTION('',(-2.52327786453224E-16,-1.,0.));
#8965=DIRECTION('',(0.,0.,1.));
#8966=DIRECTION('',(-2.52327786453224E-16,-1.,0.));
#8967=DIRECTION('',(0.,0.,1.));
#8968=DIRECTION('',(-0.866025403784439,-0.5,0.));
#8969=DIRECTION('',(0.5,-0.866025403784439,0.));
#8970=DIRECTION('',(0.5,-0.866025403784439,0.));
#8971=DIRECTION('',(0.,0.,1.));
#8972=DIRECTION('',(0.5,-0.866025403784439,0.));
#8973=DIRECTION('',(0.,0.,1.));
#8974=DIRECTION('',(-0.5,-0.866025403784439,0.));
#8975=DIRECTION('',(0.866025403784439,-0.5,0.));
#8976=DIRECTION('',(0.866025403784439,-0.5,0.));
#8977=DIRECTION('',(0.,0.,1.));
#8978=DIRECTION('',(0.866025403784439,-0.5,0.));
#8979=DIRECTION('',(0.,0.,1.));
#8980=DIRECTION('',(-2.52327786453225E-16,-1.,0.));
#8981=DIRECTION('',(1.,-2.52327786453225E-16,0.));
#8982=DIRECTION('',(2.52327786453225E-16,1.,0.));
#8983=DIRECTION('',(-1.,2.52327786453225E-16,0.));
#8984=DIRECTION('',(2.52327786453225E-16,1.,0.));
#8985=DIRECTION('',(-1.,2.52327786453225E-16,0.));
#8986=DIRECTION('',(2.52327786453225E-16,1.,0.));
#8987=DIRECTION('',(-1.,2.52327786453225E-16,0.));
#8988=DIRECTION('',(2.52327786453225E-16,1.,0.));
#8989=DIRECTION('',(-1.,2.52327786453225E-16,0.));
#8990=DIRECTION('',(2.52327786453225E-16,1.,0.));
#8991=DIRECTION('',(-1.,2.52327786453225E-16,0.));
#8992=DIRECTION('',(2.52327786453225E-16,1.,0.));
#8993=DIRECTION('',(-1.,2.52327786453225E-16,0.));
#8994=DIRECTION('',(2.52327786453225E-16,1.,0.));
#8995=DIRECTION('',(-1.,2.52327786453225E-16,0.));
#8996=DIRECTION('',(2.52327786453225E-16,1.,0.));
#8997=DIRECTION('',(-1.,2.52327786453225E-16,0.));
#8998=DIRECTION('',(-2.52327786453225E-16,-1.,0.));
#8999=DIRECTION('',(1.,-2.52327786453225E-16,0.));
#9000=DIRECTION('',(1.,-2.52327786453225E-16,0.));
#9001=DIRECTION('',(0.,0.,1.));
#9002=DIRECTION('',(1.,-2.52327786453225E-16,0.));
#9003=DIRECTION('',(0.,0.,1.));
#9004=DIRECTION('',(0.5,-0.866025403784439,0.));
#9005=DIRECTION('',(0.866025403784439,0.5,0.));
#9006=DIRECTION('',(0.866025403784439,0.5,0.));
#9007=DIRECTION('',(0.,0.,1.));
#9008=DIRECTION('',(0.866025403784439,0.5,0.));
#9009=DIRECTION('',(0.,0.,1.));
#9010=DIRECTION('',(0.866025403784438,-0.5,0.));
#9011=DIRECTION('',(0.5,0.866025403784438,0.));
#9012=DIRECTION('',(0.5,0.866025403784438,0.));
#9013=DIRECTION('',(0.,0.,1.));
#9014=DIRECTION('',(0.5,0.866025403784438,0.));
#9015=DIRECTION('',(0.,0.,1.));
#9016=DIRECTION('',(1.,-2.52327786453225E-16,0.));
#9017=DIRECTION('',(2.52327786453225E-16,1.,0.));
#9018=DIRECTION('',(0.,0.,1.));
#9019=DIRECTION('',(2.52327786453225E-16,1.,0.));
#9020=DIRECTION('',(0.,0.,1.));
#9021=DIRECTION('',(2.52327786453225E-16,1.,0.));
#9022=DIRECTION('',(0.866025403784439,0.5,0.));
#9023=DIRECTION('',(-0.5,0.866025403784439,0.));
#9024=DIRECTION('',(0.,0.,1.));
#9025=DIRECTION('',(-0.5,0.866025403784439,0.));
#9026=DIRECTION('',(0.,0.,1.));
#9027=DIRECTION('',(-0.5,0.866025403784439,0.));
#9028=DIRECTION('',(0.,0.,1.));
#9029=DIRECTION('',(1.,0.,0.));
#9030=DIRECTION('',(0.,0.,1.));
#9031=DIRECTION('',(1.,0.,0.));
#9032=DIRECTION('',(0.,0.,1.));
#9033=DIRECTION('',(1.,0.,0.));
#9034=DIRECTION('',(0.,0.,1.));
#9035=DIRECTION('',(1.,0.,0.));
#9036=DIRECTION('',(0.,0.,1.));
#9037=DIRECTION('',(1.,0.,0.));
#9038=DIRECTION('',(0.,0.,1.));
#9039=DIRECTION('',(1.,0.,0.));
#9040=DIRECTION('',(0.,0.,1.));
#9041=DIRECTION('',(1.,0.,0.));
#9042=DIRECTION('',(0.,0.,1.));
#9043=DIRECTION('',(1.,0.,0.));
#9044=DIRECTION('',(0.,0.,1.));
#9045=DIRECTION('',(1.,0.,0.));
#9046=DIRECTION('',(0.,0.,1.));
#9047=DIRECTION('',(1.,0.,0.));
#9048=DIRECTION('',(0.,0.,1.));
#9049=DIRECTION('',(1.,0.,0.));
#9050=DIRECTION('',(0.,0.,1.));
#9051=DIRECTION('',(1.,0.,0.));
#9052=DIRECTION('',(0.,0.,1.));
#9053=DIRECTION('',(1.,0.,0.));
#9054=DIRECTION('',(0.,0.,1.));
#9055=DIRECTION('',(1.,0.,0.));
#9056=DIRECTION('',(0.,0.,1.));
#9057=DIRECTION('',(1.,0.,0.));
#9058=DIRECTION('',(0.,0.,1.));
#9059=DIRECTION('',(1.,0.,0.));
#9060=DIRECTION('',(0.,0.,1.));
#9061=DIRECTION('',(1.,0.,0.));
#9062=DIRECTION('',(0.,0.,-1.));
#9063=DIRECTION('',(-1.,0.,0.));
#9064=DIRECTION('',(-0.866025403784439,-0.5,0.));
#9065=DIRECTION('',(-1.,2.52327786453225E-16,0.));
#9066=DIRECTION('',(-0.866025403784439,0.5,0.));
#9067=DIRECTION('',(-0.5,0.866025403784439,0.));
#9068=DIRECTION('',(2.52327786453225E-16,1.,0.));
#9069=DIRECTION('',(0.5,0.866025403784438,0.));
#9070=DIRECTION('',(0.866025403784439,0.5,0.));
#9071=DIRECTION('',(1.,-2.52327786453225E-16,0.));
#9072=DIRECTION('',(0.866025403784439,-0.5,0.));
#9073=DIRECTION('',(0.5,-0.866025403784439,0.));
#9074=DIRECTION('',(-2.52327786453224E-16,-1.,0.));
#9075=DIRECTION('',(-0.5,-0.866025403784439,0.));
#9076=DIRECTION('',(0.,0.,1.));
#9077=DIRECTION('',(1.,0.,0.));
#9078=DIRECTION('',(0.,0.,-1.));
#9079=DIRECTION('',(-1.,0.,0.));
#9080=DIRECTION('',(0.,0.,-1.));
#9081=DIRECTION('',(-1.,0.,0.));
#9082=DIRECTION('',(0.,0.,-1.));
#9083=DIRECTION('',(-1.,0.,0.));
#9084=DIRECTION('',(0.,0.,-1.));
#9085=DIRECTION('',(-1.,0.,0.));
#9086=DIRECTION('',(0.,0.,-1.));
#9087=DIRECTION('',(-1.,0.,0.));
#9088=DIRECTION('',(0.,0.,-1.));
#9089=DIRECTION('',(-1.,0.,0.));
#9090=DIRECTION('',(0.,0.,-1.));
#9091=DIRECTION('',(-1.,0.,0.));
#9092=DIRECTION('',(0.,0.,-1.));
#9093=DIRECTION('',(-1.,0.,0.));
#9094=DIRECTION('',(0.,0.,-1.));
#9095=DIRECTION('',(-1.,0.,0.));
#9096=DIRECTION('',(0.,0.,-1.));
#9097=DIRECTION('',(-1.,0.,0.));
#9098=DIRECTION('',(0.,0.,-1.));
#9099=DIRECTION('',(-1.,0.,0.));
#9100=DIRECTION('',(0.,0.,-1.));
#9101=DIRECTION('',(-1.,0.,0.));
#9102=DIRECTION('',(0.,0.,-1.));
#9103=DIRECTION('',(-1.,0.,0.));
#9104=DIRECTION('',(0.,0.,-1.));
#9105=DIRECTION('',(-1.,0.,0.));
#9106=DIRECTION('',(0.,0.,-1.));
#9107=DIRECTION('',(-1.,0.,0.));
#9108=DIRECTION('',(0.,0.,-1.));
#9109=DIRECTION('',(-1.,0.,0.));
#9110=DIRECTION('',(0.,0.,1.));
#9111=DIRECTION('',(1.,0.,0.));
#9112=DIRECTION('',(0.,0.,-1.));
#9113=DIRECTION('',(-1.,0.,0.));
#9114=DIRECTION('',(0.,0.,-1.));
#9115=DIRECTION('',(-1.,0.,0.));
#9116=DIRECTION('',(0.,0.,-1.));
#9117=DIRECTION('',(-1.,0.,0.));
#9118=DIRECTION('',(0.,0.,-1.));
#9119=DIRECTION('',(-1.,0.,0.));
#9120=DIRECTION('',(0.,0.,-1.));
#9121=DIRECTION('',(-1.,0.,0.));
#9122=DIRECTION('',(0.,0.,-1.));
#9123=DIRECTION('',(-1.,0.,0.));
#9124=DIRECTION('',(0.,0.,1.));
#9125=DIRECTION('',(1.,0.,0.));
#9126=DIRECTION('',(0.,0.,-1.));
#9127=DIRECTION('',(-1.,0.,0.));
#9128=DIRECTION('',(0.,0.,-1.));
#9129=DIRECTION('',(-1.,0.,0.));
#9130=DIRECTION('',(0.,0.,-1.));
#9131=DIRECTION('',(-1.,0.,0.));
#9132=DIRECTION('',(0.,0.,-1.));
#9133=DIRECTION('',(-1.,0.,0.));
#9134=DIRECTION('',(0.,0.,-1.));
#9135=DIRECTION('',(-1.,0.,0.));
#9136=DIRECTION('',(0.,0.,-1.));
#9137=DIRECTION('',(-1.,0.,0.));
#9138=DIRECTION('',(0.,0.,-1.));
#9139=DIRECTION('',(-1.,0.,0.));
#9140=DIRECTION('',(0.,0.,-1.));
#9141=DIRECTION('',(-1.,0.,0.));
#9142=DIRECTION('',(0.,0.,1.));
#9143=DIRECTION('',(1.,0.,0.));
#9144=DIRECTION('',(0.866025403784439,0.5,0.));
#9145=DIRECTION('',(0.5,0.866025403784438,0.));
#9146=DIRECTION('',(2.52327786453225E-16,1.,0.));
#9147=DIRECTION('',(-0.5,0.866025403784439,0.));
#9148=DIRECTION('',(-0.866025403784439,0.5,0.));
#9149=DIRECTION('',(-1.,2.52327786453225E-16,0.));
#9150=DIRECTION('',(-0.866025403784439,-0.5,0.));
#9151=DIRECTION('',(-0.5,-0.866025403784439,0.));
#9152=DIRECTION('',(-2.52327786453224E-16,-1.,0.));
#9153=DIRECTION('',(0.5,-0.866025403784439,0.));
#9154=DIRECTION('',(0.866025403784439,-0.5,0.));
#9155=DIRECTION('',(1.,-2.52327786453225E-16,0.));
#9156=DIRECTION('',(0.5,0.866025403784439,0.));
#9157=DIRECTION('',(-0.866025403784439,0.5,0.));
#9158=DIRECTION('',(-0.5,-0.866025403784439,1.80277751848459E-14));
#9159=DIRECTION('',(0.86602540378444,-0.5,0.));
#9160=DIRECTION('',(0.5,0.866025403784439,0.));
#9161=DIRECTION('',(-0.86602540378444,0.5,0.));
#9162=DIRECTION('',(0.,-3.46944695195361E-14,-1.));
#9163=DIRECTION('',(0.,1.,-3.46944695195361E-14));
#9164=DIRECTION('',(0.,0.,-1.));
#9165=DIRECTION('',(-1.,0.,0.));
#9166=DIRECTION('',(3.46944695195361E-14,1.,0.));
#9167=DIRECTION('',(-1.,3.46944695195361E-14,0.));
#9168=DIRECTION('',(2.77555756156289E-14,0.,-1.));
#9169=DIRECTION('',(-1.,0.,-2.77555756156289E-14));
#9170=DIRECTION('',(-0.866025403784439,-0.5,0.));
#9171=DIRECTION('',(0.5,-0.86602540378444,0.));
#9172=DIRECTION('',(0.,0.,-1.));
#9173=DIRECTION('',(-1.,0.,0.));
#9174=DIRECTION('',(2.52327786453224E-16,1.,0.));
#9175=DIRECTION('',(-1.,2.52327786453224E-16,0.));
#9176=DIRECTION('',(0.,-1.,-4.16333634234434E-14));
#9177=DIRECTION('',(0.,4.16333634234434E-14,-1.));
#9178=DIRECTION('',(0.,0.,1.));
#9179=DIRECTION('',(1.,0.,0.));
#9180=DIRECTION('',(0.,0.,1.));
#9181=DIRECTION('',(1.,0.,0.));
#9182=DIRECTION('',(-0.5,-0.866025403784439,0.));
#9183=DIRECTION('',(0.866025403784439,-0.5,0.));
#9184=DIRECTION('',(0.5,0.86602540378444,-1.01592457719802E-14));
#9185=DIRECTION('',(-0.866025403784439,0.5,0.));
#9186=DIRECTION('',(-0.499999999999919,-0.866025403784485,0.));
#9187=DIRECTION('',(0.866025403784485,-0.499999999999919,0.));
#9188=DIRECTION('',(0.,0.,1.));
#9189=DIRECTION('',(1.,0.,0.));
#9190=DIRECTION('',(0.,0.,1.));
#9191=DIRECTION('',(1.,0.,0.));
#9192=DIRECTION('',(0.866025403784439,0.5,0.));
#9193=DIRECTION('',(-0.5,0.866025403784439,0.));
#9194=DIRECTION('',(0.866025403784446,0.499999999999988,0.));
#9195=DIRECTION('',(-0.499999999999988,0.866025403784446,0.));
#9196=DIRECTION('',(-2.77555756156289E-14,4.16333634234434E-14,-1.));
#9197=DIRECTION('',(0.,1.,4.16333634234434E-14));
#9198=DIRECTION('',(0.,0.,-1.));
#9199=DIRECTION('',(-1.,0.,0.));
#9200=DIRECTION('',(-0.500000000000047,0.866025403784412,0.));
#9201=DIRECTION('',(-0.866025403784412,-0.500000000000047,0.));
#9202=DIRECTION('',(2.77555756156289E-14,7.63278329429795E-14,1.));
#9203=DIRECTION('',(0.,-1.,7.63278329429795E-14));
#9204=DIRECTION('',(0.,1.,-7.63278329429795E-14));
#9205=DIRECTION('',(0.,7.63278329429795E-14,1.));
#9206=DIRECTION('',(0.,2.77555756156289E-14,1.));
#9207=DIRECTION('',(0.,-1.,2.77555756156289E-14));
#9208=DIRECTION('',(-0.866025403784445,-0.49999999999999,0.));
#9209=DIRECTION('',(0.49999999999999,-0.866025403784445,0.));
#9210=DIRECTION('',(-2.08166817117217E-14,0.,-1.));
#9211=DIRECTION('',(-1.,0.,2.08166817117217E-14));
#9212=DIRECTION('',(-1.,0.,2.08166817117217E-14));
#9213=DIRECTION('',(2.08166817117217E-14,0.,1.));
#9214=DIRECTION('',(0.,0.,-1.));
#9215=DIRECTION('',(-1.,0.,0.));
#9216=DIRECTION('',(-0.5,0.866025403784439,0.));
#9217=DIRECTION('',(-0.866025403784439,-0.5,0.));
#9218=DIRECTION('',(0.5,-0.866025403784439,0.));
#9219=DIRECTION('',(0.86602540378444,0.5,0.));
#9220=DIRECTION('',(0.,0.,1.));
#9221=DIRECTION('',(1.,0.,0.));
#9222=DIRECTION('',(0.,0.,1.));
#9223=DIRECTION('',(1.,0.,0.));
#9224=DIRECTION('',(-2.52327786453224E-16,-1.,0.));
#9225=DIRECTION('',(1.,-2.52327786453224E-16,0.));
#9226=DIRECTION('',(-6.2450045135165E-14,-1.,0.));
#9227=DIRECTION('',(1.,-6.2450045135165E-14,0.));
#9228=DIRECTION('',(-0.866025403784439,-0.5,0.));
#9229=DIRECTION('',(0.5,-0.866025403784439,0.));
#9230=DIRECTION('',(0.86602540378444,0.5,-1.85927101791713E-15));
#9231=DIRECTION('',(-0.5,0.866025403784439,0.));
#9232=DIRECTION('',(0.,0.,1.));
#9233=DIRECTION('',(1.,0.,0.));
#9234=DIRECTION('',(0.,0.,1.));
#9235=DIRECTION('',(1.,0.,0.));
#9236=DIRECTION('',(1.,-2.52327786453225E-16,0.));
#9237=DIRECTION('',(2.52327786453225E-16,1.,0.));
#9238=DIRECTION('',(1.,2.08166817117211E-14,0.));
#9239=DIRECTION('',(-2.08166817117211E-14,1.,0.));
#9240=DIRECTION('',(0.,0.,-1.));
#9241=DIRECTION('',(-1.,0.,0.));
#9242=DIRECTION('',(0.,0.,-1.));
#9243=DIRECTION('',(-1.,0.,0.));
#9244=DIRECTION('',(-0.866025403784439,0.5,0.));
#9245=DIRECTION('',(-0.5,-0.86602540378444,0.));
#9246=DIRECTION('',(0.,-4.16333634234434E-14,1.));
#9247=DIRECTION('',(0.,-1.,-4.16333634234434E-14));
#9248=DIRECTION('',(-0.5,0.86602540378444,4.80740671595892E-14));
#9249=DIRECTION('',(-0.866025403784439,-0.5,0.));
#9250=DIRECTION('',(-2.08166817117217E-14,2.77555756156289E-14,1.));
#9251=DIRECTION('',(0.,-1.,2.77555756156289E-14));
#9252=DIRECTION('',(-1.,2.08166817117223E-14,0.));
#9253=DIRECTION('',(-2.08166817117223E-14,-1.,0.));
#9254=DIRECTION('',(2.08166817117217E-14,-2.77555756156289E-14,-1.));
#9255=DIRECTION('',(0.,1.,-2.77555756156289E-14));
#9256=DIRECTION('',(-0.866025403784439,0.5,-4.99333381775062E-14));
#9257=DIRECTION('',(-0.5,-0.86602540378444,0.));
#9258=DIRECTION('',(0.,0.,-1.));
#9259=DIRECTION('',(-1.,0.,0.));
#9260=DIRECTION('',(-0.866025403784439,0.5,0.));
#9261=DIRECTION('',(-0.5,-0.866025403784439,0.));
#9262=DIRECTION('',(0.866025403784439,-0.5,2.40370335797945E-14));
#9263=DIRECTION('',(0.5,0.86602540378444,0.));
#9264=DIRECTION('',(0.,0.,1.));
#9265=DIRECTION('',(1.,0.,0.));
#9266=DIRECTION('',(0.,0.,1.));
#9267=DIRECTION('',(1.,0.,0.));
#9268=DIRECTION('',(0.5,-0.866025403784439,0.));
#9269=DIRECTION('',(0.866025403784439,0.5,0.));
#9270=DIRECTION('',(0.500000000000011,-0.866025403784433,0.));
#9271=DIRECTION('',(0.866025403784433,0.500000000000011,0.));
#9272=DIRECTION('',(-1.,2.52327786453225E-16,0.));
#9273=DIRECTION('',(-2.52327786453225E-16,-1.,0.));
#9274=DIRECTION('',(1.,0.,0.));
#9275=DIRECTION('',(0.,0.,-1.));
#9276=DIRECTION('',(0.,0.,1.));
#9277=DIRECTION('',(1.,0.,0.));
#9278=DIRECTION('',(0.,0.,1.));
#9279=DIRECTION('',(1.,0.,0.));
#9280=DIRECTION('',(0.866025403784439,-0.5,0.));
#9281=DIRECTION('',(0.5,0.866025403784439,0.));
#9282=DIRECTION('',(0.866025403784433,-0.500000000000011,0.));
#9283=DIRECTION('',(0.500000000000011,0.866025403784433,0.));
#9284=DIRECTION('',(4.16333634234434E-14,0.,-1.));
#9285=DIRECTION('',(-1.,0.,-4.16333634234434E-14));
#9286=DIRECTION('',(0.,0.,-1.));
#9287=DIRECTION('',(-1.,0.,0.));
#9288=DIRECTION('',(-1.,4.16333634234434E-14,0.));
#9289=DIRECTION('',(-4.16333634234434E-14,-1.,0.));
#9290=DIRECTION('',(-2.77555756156289E-14,0.,1.));
#9291=DIRECTION('',(1.,0.,2.77555756156289E-14));
#9292=DIRECTION('',(-0.86602540378444,0.5,-2.40370335797946E-14));
#9293=DIRECTION('',(-0.5,-0.866025403784439,0.));
#9294=DIRECTION('',(0.,0.,1.));
#9295=DIRECTION('',(1.,0.,0.));
#9296=DIRECTION('',(-0.866025403784449,0.499999999999983,0.));
#9297=DIRECTION('',(-0.499999999999983,-0.866025403784449,0.));
#9298=DIRECTION('',(0.,0.,-1.));
#9299=DIRECTION('',(-1.,0.,0.));
#9300=DIRECTION('',(-0.5,0.866025403784439,2.40370335797945E-14));
#9301=DIRECTION('',(-0.86602540378444,-0.5,0.));
#9302=DIRECTION('',(0.,0.,-1.));
#9303=DIRECTION('',(-1.,0.,0.));
#9304=DIRECTION('',(-1.,2.52327786453225E-16,0.));
#9305=DIRECTION('',(-2.52327786453225E-16,-1.,0.));
#9306=DIRECTION('',(1.,0.,-2.08166817117217E-14));
#9307=DIRECTION('',(-2.08166817117217E-14,0.,-1.));
#9308=DIRECTION('',(0.,0.,1.));
#9309=DIRECTION('',(1.,0.,0.));
#9310=DIRECTION('',(0.,0.,1.));
#9311=DIRECTION('',(1.,0.,0.));
#9312=DIRECTION('',(0.866025403784439,-0.5,0.));
#9313=DIRECTION('',(0.5,0.866025403784439,0.));
#9314=DIRECTION('',(0.866025403784468,-0.49999999999995,0.));
#9315=DIRECTION('',(0.49999999999995,0.866025403784468,0.));
#9316=DIRECTION('',(-0.866025403784439,0.5,0.));
#9317=DIRECTION('',(-0.5,-0.866025403784439,0.));
#9318=DIRECTION('',(0.86602540378444,-0.5,3.7914821387609E-14));
#9319=DIRECTION('',(0.5,0.866025403784439,0.));
#9320=DIRECTION('',(0.,0.,1.));
#9321=DIRECTION('',(1.,0.,0.));
#9322=DIRECTION('',(0.,0.,1.));
#9323=DIRECTION('',(1.,0.,0.));
#9324=DIRECTION('',(0.5,-0.866025403784439,0.));
#9325=DIRECTION('',(0.866025403784439,0.5,0.));
#9326=DIRECTION('',(0.500000000000047,-0.866025403784412,0.));
#9327=DIRECTION('',(0.866025403784412,0.500000000000047,0.));
#9328=DIRECTION('',(-3.46944695195361E-14,-2.77555756156289E-14,-1.));
#9329=DIRECTION('',(-1.,0.,3.46944695195361E-14));
#9330=DIRECTION('',(0.,0.,-1.));
#9331=DIRECTION('',(-1.,0.,0.));
#9332=DIRECTION('',(-0.86602540378443,-0.500000000000014,0.));
#9333=DIRECTION('',(0.500000000000014,-0.866025403784431,0.));
#9334=DIRECTION('',(-3.46944695195362E-14,2.77555756156289E-14,1.));
#9335=DIRECTION('',(1.,0.,3.46944695195362E-14));
#9336=DIRECTION('',(-1.,0.,-3.46944695195362E-14));
#9337=DIRECTION('',(-3.46944695195362E-14,0.,1.));
#9338=DIRECTION('',(-2.77555756156289E-14,2.77555756156289E-14,1.));
#9339=DIRECTION('',(1.,0.,2.77555756156289E-14));
#9340=DIRECTION('',(-0.499999999999966,0.866025403784459,0.));
#9341=DIRECTION('',(-0.866025403784459,-0.499999999999966,0.));
#9342=DIRECTION('',(2.77555756156289E-14,-3.46944695195361E-14,-1.));
#9343=DIRECTION('',(0.,1.,-3.46944695195361E-14));
#9344=DIRECTION('',(0.,1.,-4.16333634234434E-14));
#9345=DIRECTION('',(0.,4.16333634234434E-14,1.));
#9346=DIRECTION('',(0.,0.,-1.));
#9347=DIRECTION('',(-1.,0.,0.));
#9348=DIRECTION('',(-0.866025403784439,-0.5,0.));
#9349=DIRECTION('',(0.5,-0.866025403784439,0.));
#9350=DIRECTION('',(0.866025403784439,0.5,-2.40370335797945E-14));
#9351=DIRECTION('',(-0.5,0.86602540378444,0.));
#9352=DIRECTION('',(0.,0.,1.));
#9353=DIRECTION('',(1.,0.,0.));
#9354=DIRECTION('',(0.,0.,1.));
#9355=DIRECTION('',(1.,0.,0.));
#9356=DIRECTION('',(1.,-2.52327786453225E-16,0.));
#9357=DIRECTION('',(2.52327786453225E-16,1.,0.));
#9358=DIRECTION('',(1.,2.77555756156289E-14,0.));
#9359=DIRECTION('',(-2.77555756156289E-14,1.,0.));
#9360=DIRECTION('',(-0.5,0.866025403784439,0.));
#9361=DIRECTION('',(-0.866025403784439,-0.5,0.));
#9362=DIRECTION('',(0.5,-0.86602540378444,0.));
#9363=DIRECTION('',(0.866025403784439,0.5,0.));
#9364=DIRECTION('',(0.,0.,1.));
#9365=DIRECTION('',(1.,0.,0.));
#9366=DIRECTION('',(0.,0.,1.));
#9367=DIRECTION('',(1.,0.,0.));
#9368=DIRECTION('',(-2.52327786453225E-16,-1.,0.));
#9369=DIRECTION('',(1.,-2.52327786453225E-16,0.));
#9370=DIRECTION('',(-6.93889390390722E-15,-1.,0.));
#9371=DIRECTION('',(1.,-6.93889390390722E-15,0.));
#9372=DIRECTION('',(-0.5,-0.866025403784438,0.));
#9373=DIRECTION('',(0.866025403784438,-0.5,0.));
#9374=DIRECTION('',(-0.5,-0.866025403784439,0.));
#9375=DIRECTION('',(0.86602540378444,-0.5,0.));
#9376=DIRECTION('',(0.5,0.866025403784439,0.));
#9377=DIRECTION('',(-0.86602540378444,0.5,0.));
#9378=DIRECTION('',(0.,0.,-1.));
#9379=DIRECTION('',(-1.,0.,0.));
#9380=DIRECTION('',(0.,0.,-1.));
#9381=DIRECTION('',(-1.,0.,0.));
#9382=DIRECTION('',(-4.16333634234434E-14,0.,1.));
#9383=DIRECTION('',(1.,0.,4.16333634234434E-14));
#9384=DIRECTION('',(-0.86602540378444,-0.5,-1.01592457719802E-14));
#9385=DIRECTION('',(0.5,-0.866025403784439,0.));
#9386=DIRECTION('',(0.,0.,1.));
#9387=DIRECTION('',(1.,0.,0.));
#9388=DIRECTION('',(6.93889390390722E-15,1.,0.));
#9389=DIRECTION('',(-1.,6.93889390390722E-15,0.));
#9390=DIRECTION('',(0.,1.38777878078144E-14,-1.));
#9391=DIRECTION('',(0.,1.,1.38777878078144E-14));
#9392=DIRECTION('',(0.,0.,-1.));
#9393=DIRECTION('',(-1.,0.,0.));
#9394=DIRECTION('',(0.,0.,1.));
#9395=DIRECTION('',(1.,0.,0.));
#9396=DIRECTION('',(0.,0.,1.));
#9397=DIRECTION('',(1.,0.,0.));
#9398=DIRECTION('',(0.866025403784439,0.5,0.));
#9399=DIRECTION('',(-0.5,0.866025403784439,0.));
#9400=DIRECTION('',(0.866025403784478,0.499999999999933,0.));
#9401=DIRECTION('',(-0.499999999999933,0.866025403784478,0.));
#9402=DIRECTION('',(2.52327786453225E-16,1.,0.));
#9403=DIRECTION('',(-1.,2.52327786453225E-16,0.));
#9404=DIRECTION('',(0.,-1.,-8.32667268468867E-14));
#9405=DIRECTION('',(0.,8.32667268468867E-14,-1.));
#9406=DIRECTION('',(0.,0.,1.));
#9407=DIRECTION('',(1.,0.,0.));
#9408=DIRECTION('',(0.,0.,1.));
#9409=DIRECTION('',(1.,0.,0.));
#9410=DIRECTION('',(8.32667268468867E-14,5.55111512312578E-14,1.));
#9411=DIRECTION('',(1.,0.,-8.32667268468867E-14));
#9412=DIRECTION('',(-0.5,-0.86602540378444,8.97074305830324E-14));
#9413=DIRECTION('',(0.866025403784439,-0.5,0.));
#9414=DIRECTION('',(-2.77555756156289E-14,-8.32667268468867E-14,1.));
#9415=DIRECTION('',(0.,-1.,-8.32667268468867E-14));
#9416=DIRECTION('',(0.499999999999914,0.866025403784489,0.));
#9417=DIRECTION('',(-0.866025403784489,0.499999999999914,0.));
#9418=DIRECTION('',(0.5,0.866025403784438,0.));
#9419=DIRECTION('',(-0.866025403784438,0.5,0.));
#9420=DIRECTION('',(0.,0.,1.));
#9421=DIRECTION('',(1.,0.,0.));
#9422=DIRECTION('',(0.,0.,1.));
#9423=DIRECTION('',(1.,0.,0.));
#9424=DIRECTION('',(0.,0.,1.));
#9425=DIRECTION('',(1.,0.,0.));
#9426=DIRECTION('',(0.,0.,1.));
#9427=DIRECTION('',(1.,0.,0.));
#9428=DIRECTION('',(0.,0.,1.));
#9429=DIRECTION('',(1.,0.,0.));
#9430=DIRECTION('',(0.,0.,1.));
#9431=DIRECTION('',(1.,0.,0.));
#9432=DIRECTION('',(0.,0.,1.));
#9433=DIRECTION('',(1.,0.,0.));
#9434=DIRECTION('',(0.,0.,1.));
#9435=DIRECTION('',(1.,0.,0.));
#9436=DIRECTION('',(0.,0.,1.));
#9437=DIRECTION('',(1.,0.,0.));
#9438=DIRECTION('',(0.,0.,1.));
#9439=DIRECTION('',(1.,0.,0.));
#9440=DIRECTION('',(0.,0.,1.));
#9441=DIRECTION('',(1.,0.,0.));
#9442=DIRECTION('',(0.,0.,-1.));
#9443=DIRECTION('',(-1.,0.,0.));
#9444=DIRECTION('',(0.,0.,-1.));
#9445=DIRECTION('',(-1.,0.,0.));
#9446=DIRECTION('',(0.,0.,1.));
#9447=DIRECTION('',(1.,0.,0.));
#9448=DIRECTION('',(0.,0.,-1.));
#9449=DIRECTION('',(-1.,0.,0.));
#9450=DIRECTION('',(0.,0.,-1.));
#9451=DIRECTION('',(-1.,0.,0.));
#9452=DIRECTION('',(0.,0.,1.));
#9453=DIRECTION('',(1.,0.,0.));
#9454=DIRECTION('',(0.,0.,-1.));
#9455=DIRECTION('',(-1.,0.,0.));
#9456=DIRECTION('',(0.,0.,-1.));
#9457=DIRECTION('',(-1.,0.,0.));
#9458=DIRECTION('',(0.,0.,1.));
#9459=DIRECTION('',(1.,0.,0.));
#9460=DIRECTION('',(0.,0.,-1.));
#9461=DIRECTION('',(-1.,0.,0.));
#9462=DIRECTION('',(0.,0.,-1.));
#9463=DIRECTION('',(-1.,0.,0.));
#9464=DIRECTION('',(0.,0.,1.));
#9465=DIRECTION('',(1.,0.,0.));
#9466=DIRECTION('',(0.,0.,-1.));
#9467=DIRECTION('',(-1.,0.,0.));
#9468=DIRECTION('',(0.,0.,-1.));
#9469=DIRECTION('',(-1.,0.,0.));
#9470=DIRECTION('',(0.,0.,1.));
#9471=DIRECTION('',(1.,0.,0.));
#9472=DIRECTION('',(0.,0.,-1.));
#9473=DIRECTION('',(-1.,0.,0.));
#9474=DIRECTION('',(0.,0.,-1.));
#9475=DIRECTION('',(-1.,0.,0.));
#9476=DIRECTION('',(0.,0.,1.));
#9477=DIRECTION('',(1.,0.,0.));
#9478=DIRECTION('',(0.,0.,-1.));
#9479=DIRECTION('',(-1.,0.,0.));
#9480=DIRECTION('',(0.,0.,-1.));
#9481=DIRECTION('',(-1.,0.,0.));
#9482=DIRECTION('',(0.,0.,1.));
#9483=DIRECTION('',(1.,0.,0.));
#9484=DIRECTION('',(0.,0.,-1.));
#9485=DIRECTION('',(-1.,0.,0.));
#9486=DIRECTION('',(0.,0.,-1.));
#9487=DIRECTION('',(-1.,0.,0.));
#9488=DIRECTION('',(0.,0.,1.));
#9489=DIRECTION('',(1.,0.,0.));
#9490=DIRECTION('',(0.,0.,1.));
#9491=DIRECTION('',(1.,0.,0.));
#9492=DIRECTION('',(0.,0.,1.));
#9493=DIRECTION('',(1.,0.,0.));
#9494=DIRECTION('',(0.,0.,1.));
#9495=DIRECTION('',(1.,0.,0.));
#9496=DIRECTION('',(0.,0.,1.));
#9497=DIRECTION('',(1.,0.,0.));
#9498=DIRECTION('',(0.,0.,1.));
#9499=DIRECTION('',(1.,0.,0.));
#9500=DIRECTION('',(0.,0.,1.));
#9501=DIRECTION('',(1.,0.,0.));
#9502=DIRECTION('',(0.,0.,1.));
#9503=DIRECTION('',(1.,0.,0.));
#9504=DIRECTION('',(0.,0.,1.));
#9505=DIRECTION('',(1.,0.,0.));
#9506=DIRECTION('',(0.,0.,1.));
#9507=DIRECTION('',(1.,0.,0.));
#9508=DIRECTION('',(0.,0.,1.));
#9509=DIRECTION('',(1.,0.,0.));
#9510=DIRECTION('',(0.,0.,1.));
#9511=DIRECTION('',(1.,0.,0.));
#9512=DIRECTION('',(0.,0.,1.));
#9513=DIRECTION('',(1.,0.,0.));
#9514=DIRECTION('',(0.,0.,1.));
#9515=DIRECTION('',(1.,0.,0.));
#9516=DIRECTION('',(0.,0.,1.));
#9517=DIRECTION('',(1.,0.,0.));
#9518=DIRECTION('',(0.,0.,1.));
#9519=DIRECTION('',(1.,0.,0.));
#9520=DIRECTION('',(0.,0.,1.));
#9521=DIRECTION('',(1.,0.,0.));
#9522=DIRECTION('',(0.,0.,1.));
#9523=DIRECTION('',(1.,0.,0.));
#9524=DIRECTION('',(0.,0.,1.));
#9525=DIRECTION('',(1.,0.,0.));
#9526=DIRECTION('',(0.,0.,1.));
#9527=DIRECTION('',(1.,0.,0.));
#9528=DIRECTION('',(0.,0.,1.));
#9529=DIRECTION('',(1.,0.,0.));
#9530=DIRECTION('',(0.,0.,1.));
#9531=DIRECTION('',(1.,0.,0.));
#9532=DIRECTION('',(0.,0.,1.));
#9533=DIRECTION('',(1.,0.,0.));
#9534=DIRECTION('',(0.,0.,1.));
#9535=DIRECTION('',(1.,0.,0.));
#9536=DIRECTION('',(0.,0.,1.));
#9537=DIRECTION('',(1.,0.,0.));
#9538=DIRECTION('',(0.,0.,1.));
#9539=DIRECTION('',(1.,0.,0.));
#9540=DIRECTION('',(0.,0.,-1.));
#9541=DIRECTION('',(-1.,0.,0.));
#9542=DIRECTION('',(0.,0.,-1.));
#9543=DIRECTION('',(1.,0.,0.));
#9544=DIRECTION('',(0.,0.,-1.));
#9545=DIRECTION('',(-1.,0.,0.));
#9546=DIRECTION('',(0.,0.,-1.));
#9547=DIRECTION('',(-1.,0.,0.));
#9548=DIRECTION('',(0.,0.,1.));
#9549=DIRECTION('',(1.,0.,0.));
#9550=DIRECTION('',(0.,0.,1.));
#9551=DIRECTION('',(1.,0.,0.));
#9552=DIRECTION('',(0.,0.,1.));
#9553=DIRECTION('',(1.,0.,0.));
#9554=DIRECTION('',(-2.52327786453225E-16,-1.,0.));
#9555=DIRECTION('',(1.,-2.52327786453225E-16,0.));
#9556=DIRECTION('',(-2.52327786453225E-16,-1.,0.));
#9557=DIRECTION('',(1.,-2.52327786453225E-16,0.));
#9558=DIRECTION('',(-2.52327786453225E-16,-1.,0.));
#9559=DIRECTION('',(1.,-2.52327786453225E-16,0.));
#9560=DIRECTION('',(-2.52327786453225E-16,-1.,0.));
#9561=DIRECTION('',(1.,-2.52327786453225E-16,0.));
#9562=DIRECTION('',(-2.52327786453225E-16,-1.,0.));
#9563=DIRECTION('',(1.,-2.52327786453225E-16,0.));
#9564=DIRECTION('',(-2.52327786453225E-16,-1.,0.));
#9565=DIRECTION('',(1.,-2.52327786453225E-16,0.));
#9566=DIRECTION('',(2.52327786453225E-16,1.,0.));
#9567=DIRECTION('',(-1.,2.52327786453225E-16,0.));
#9568=DIRECTION('',(2.52327786453225E-16,1.,0.));
#9569=DIRECTION('',(-1.,2.52327786453225E-16,0.));
#9570=DIRECTION('',(-2.52327786453225E-16,-1.,0.));
#9571=DIRECTION('',(1.,-2.52327786453225E-16,0.));
#9572=DIRECTION('',(2.52327786453225E-16,1.,0.));
#9573=DIRECTION('',(-1.,2.52327786453225E-16,0.));
#9574=DIRECTION('',(2.52327786453225E-16,1.,0.));
#9575=DIRECTION('',(-1.,2.52327786453225E-16,0.));
#9576=DIRECTION('',(-2.52327786453225E-16,-1.,0.));
#9577=DIRECTION('',(1.,-2.52327786453225E-16,0.));
#9578=DIRECTION('',(2.52327786453225E-16,1.,0.));
#9579=DIRECTION('',(-1.,2.52327786453225E-16,0.));
#9580=DIRECTION('',(2.52327786453225E-16,1.,0.));
#9581=DIRECTION('',(-1.,2.52327786453225E-16,0.));
#9582=DIRECTION('',(-2.52327786453225E-16,-1.,0.));
#9583=DIRECTION('',(1.,-2.52327786453225E-16,0.));
#9584=DIRECTION('',(2.52327786453225E-16,1.,0.));
#9585=DIRECTION('',(-1.,2.52327786453225E-16,0.));
#9586=DIRECTION('',(2.52327786453225E-16,1.,0.));
#9587=DIRECTION('',(-1.,2.52327786453225E-16,0.));
#9588=DIRECTION('',(-2.52327786453225E-16,-1.,0.));
#9589=DIRECTION('',(1.,-2.52327786453225E-16,0.));
#9590=DIRECTION('',(2.52327786453225E-16,1.,0.));
#9591=DIRECTION('',(-1.,2.52327786453225E-16,0.));
#9592=DIRECTION('',(2.52327786453225E-16,1.,0.));
#9593=DIRECTION('',(-1.,2.52327786453225E-16,0.));
#9594=DIRECTION('',(-2.52327786453225E-16,-1.,0.));
#9595=DIRECTION('',(1.,-2.52327786453225E-16,0.));
#9596=DIRECTION('',(2.52327786453225E-16,1.,0.));
#9597=DIRECTION('',(-1.,2.52327786453225E-16,0.));
#9598=DIRECTION('',(2.52327786453225E-16,1.,0.));
#9599=DIRECTION('',(-1.,2.52327786453225E-16,0.));
#9600=DIRECTION('',(-2.52327786453225E-16,-1.,0.));
#9601=DIRECTION('',(1.,-2.52327786453225E-16,0.));
#9602=DIRECTION('',(2.52327786453225E-16,1.,0.));
#9603=DIRECTION('',(-1.,2.52327786453225E-16,0.));
#9604=DIRECTION('',(2.52327786453225E-16,1.,0.));
#9605=DIRECTION('',(-1.,2.52327786453225E-16,0.));
#9606=DIRECTION('',(-2.52327786453225E-16,-1.,0.));
#9607=DIRECTION('',(1.,-2.52327786453225E-16,0.));
#9608=DIRECTION('',(2.52327786453225E-16,1.,0.));
#9609=DIRECTION('',(-1.,2.52327786453225E-16,0.));
#9610=DIRECTION('',(2.52327786453225E-16,1.,0.));
#9611=DIRECTION('',(-1.,2.52327786453225E-16,0.));
#9612=DIRECTION('',(0.,0.,-1.));
#9613=DIRECTION('',(-1.,0.,0.));
#9614=DIRECTION('',(0.,0.,1.));
#9615=DIRECTION('',(1.,0.,0.));
#9616=DIRECTION('',(0.,0.,1.));
#9617=DIRECTION('',(1.,0.,0.));
#9618=DIRECTION('',(0.,0.,-1.));
#9619=DIRECTION('',(-1.,0.,0.));
#9620=DIRECTION('',(0.,0.,1.));
#9621=DIRECTION('',(1.,0.,0.));
#9622=DIRECTION('',(0.,0.,1.));
#9623=DIRECTION('',(1.,0.,0.));
#9624=DIRECTION('',(0.,0.,-1.));
#9625=DIRECTION('',(-1.,0.,0.));
#9626=DIRECTION('',(0.,0.,1.));
#9627=DIRECTION('',(1.,0.,0.));
#9628=DIRECTION('',(0.,0.,1.));
#9629=DIRECTION('',(1.,0.,0.));
#9630=DIRECTION('',(0.,0.,-1.));
#9631=DIRECTION('',(-1.,0.,0.));
#9632=DIRECTION('',(0.,0.,1.));
#9633=DIRECTION('',(1.,0.,0.));
#9634=DIRECTION('',(0.,0.,1.));
#9635=DIRECTION('',(1.,0.,0.));
#9636=DIRECTION('',(0.,0.,-1.));
#9637=DIRECTION('',(-1.,0.,0.));
#9638=DIRECTION('',(0.,0.,1.));
#9639=DIRECTION('',(1.,0.,0.));
#9640=DIRECTION('',(0.,0.,1.));
#9641=DIRECTION('',(1.,0.,0.));
#9642=DIRECTION('',(0.,0.,-1.));
#9643=DIRECTION('',(-1.,0.,0.));
#9644=DIRECTION('',(0.,0.,1.));
#9645=DIRECTION('',(1.,0.,0.));
#9646=DIRECTION('',(0.,0.,1.));
#9647=DIRECTION('',(1.,0.,0.));
#9648=DIRECTION('',(0.,0.,-1.));
#9649=DIRECTION('',(-1.,0.,0.));
#9650=DIRECTION('',(0.,0.,1.));
#9651=DIRECTION('',(1.,0.,0.));
#9652=DIRECTION('',(0.,0.,1.));
#9653=DIRECTION('',(1.,0.,0.));
#9654=DIRECTION('',(0.,0.,-1.));
#9655=DIRECTION('',(-1.,0.,0.));
#9656=DIRECTION('',(0.,0.,1.));
#9657=DIRECTION('',(1.,0.,0.));
#9658=DIRECTION('',(0.,0.,1.));
#9659=DIRECTION('',(1.,0.,0.));
#9660=DIRECTION('',(0.,0.,-1.));
#9661=DIRECTION('',(-1.,0.,0.));
#9662=DIRECTION('',(0.,0.,1.));
#9663=DIRECTION('',(1.,0.,0.));
#9664=DIRECTION('',(0.,0.,1.));
#9665=DIRECTION('',(1.,0.,0.));
#9666=DIRECTION('',(0.,0.,-1.));
#9667=DIRECTION('',(-1.,0.,0.));
#9668=DIRECTION('',(0.,0.,1.));
#9669=DIRECTION('',(1.,0.,0.));
#9670=DIRECTION('',(0.,0.,1.));
#9671=DIRECTION('',(1.,0.,0.));
#9672=DIRECTION('',(0.,0.,-1.));
#9673=DIRECTION('',(-1.,0.,0.));
#9674=DIRECTION('',(0.,0.,1.));
#9675=DIRECTION('',(1.,0.,0.));
#9676=DIRECTION('',(0.,0.,1.));
#9677=DIRECTION('',(1.,0.,0.));
#9678=DIRECTION('',(0.,0.,-1.));
#9679=DIRECTION('',(-1.,0.,0.));
#9680=DIRECTION('',(0.,0.,1.));
#9681=DIRECTION('',(1.,0.,0.));
#9682=DIRECTION('',(0.,0.,1.));
#9683=DIRECTION('',(1.,0.,0.));
#9684=DIRECTION('',(0.,0.,1.));
#9685=DIRECTION('',(1.,0.,0.));
#9686=DIRECTION('',(0.,0.,1.));
#9687=DIRECTION('',(1.,0.,0.));
#9688=DIRECTION('',(0.,0.,1.));
#9689=DIRECTION('',(1.,0.,0.));
#9690=DIRECTION('',(0.,0.,1.));
#9691=DIRECTION('',(1.,0.,0.));
#9692=DIRECTION('',(0.,0.,-1.));
#9693=DIRECTION('',(-1.,0.,0.));
#9694=DIRECTION('',(0.,0.,-1.));
#9695=DIRECTION('',(-1.,0.,0.));
#9696=DIRECTION('',(0.,0.,1.));
#9697=DIRECTION('',(1.,0.,0.));
#9698=DIRECTION('',(0.,0.,-1.));
#9699=DIRECTION('',(-1.,0.,0.));
#9700=DIRECTION('',(0.,0.,-1.));
#9701=DIRECTION('',(-1.,0.,0.));
#9702=DIRECTION('',(0.,0.,1.));
#9703=DIRECTION('',(1.,0.,0.));
#9704=DIRECTION('',(0.,0.,-1.));
#9705=DIRECTION('',(-1.,0.,0.));
#9706=DIRECTION('',(0.,0.,-1.));
#9707=DIRECTION('',(-1.,0.,0.));
#9708=DIRECTION('',(0.,0.,1.));
#9709=DIRECTION('',(1.,0.,0.));
#9710=DIRECTION('',(0.,0.,-1.));
#9711=DIRECTION('',(-1.,0.,0.));
#9712=DIRECTION('',(0.,0.,-1.));
#9713=DIRECTION('',(-1.,0.,0.));
#9714=DIRECTION('',(0.,0.,1.));
#9715=DIRECTION('',(1.,0.,0.));
#9716=DIRECTION('',(0.,0.,-1.));
#9717=DIRECTION('',(-1.,0.,0.));
#9718=DIRECTION('',(0.,0.,-1.));
#9719=DIRECTION('',(-1.,0.,0.));
#9720=DIRECTION('',(0.,0.,1.));
#9721=DIRECTION('',(1.,0.,0.));
#9722=DIRECTION('',(0.,0.,-1.));
#9723=DIRECTION('',(-1.,0.,0.));
#9724=DIRECTION('',(0.,0.,-1.));
#9725=DIRECTION('',(-1.,0.,0.));
#9726=DIRECTION('',(0.,0.,1.));
#9727=DIRECTION('',(1.,0.,0.));
#9728=DIRECTION('',(0.,0.,1.));
#9729=DIRECTION('',(1.,0.,0.));
#9730=DIRECTION('',(0.,0.,1.));
#9731=DIRECTION('',(1.,0.,0.));
#9732=DIRECTION('',(0.,0.,1.));
#9733=DIRECTION('',(1.,0.,0.));
#9734=DIRECTION('',(0.,0.,-1.));
#9735=DIRECTION('',(-1.,0.,0.));
#9736=DIRECTION('',(0.,0.,-1.));
#9737=DIRECTION('',(-1.,0.,0.));
#9738=DIRECTION('',(0.,0.,1.));
#9739=DIRECTION('',(1.,0.,0.));
#9740=DIRECTION('',(0.,0.,-1.));
#9741=DIRECTION('',(-1.,0.,0.));
#9742=DIRECTION('',(0.,0.,-1.));
#9743=DIRECTION('',(-1.,0.,0.));
#9744=DIRECTION('',(0.,0.,1.));
#9745=DIRECTION('',(1.,0.,0.));
#9746=DIRECTION('',(0.,0.,-1.));
#9747=DIRECTION('',(-1.,0.,0.));
#9748=DIRECTION('',(0.,0.,-1.));
#9749=DIRECTION('',(-1.,0.,0.));
#9750=DIRECTION('',(0.,0.,1.));
#9751=DIRECTION('',(1.,0.,0.));
#9752=DIRECTION('',(0.,0.,-1.));
#9753=DIRECTION('',(-1.,0.,0.));
#9754=DIRECTION('',(0.,0.,-1.));
#9755=DIRECTION('',(-1.,0.,0.));
#9756=DIRECTION('',(0.,0.,1.));
#9757=DIRECTION('',(1.,0.,0.));
#9758=DIRECTION('',(0.,0.,-1.));
#9759=DIRECTION('',(-1.,0.,0.));
#9760=DIRECTION('',(0.,0.,-1.));
#9761=DIRECTION('',(-1.,0.,0.));
#9762=DIRECTION('',(0.,0.,1.));
#9763=DIRECTION('',(1.,0.,0.));
#9764=DIRECTION('',(0.,0.,-1.));
#9765=DIRECTION('',(-1.,0.,0.));
#9766=DIRECTION('',(0.,0.,-1.));
#9767=DIRECTION('',(-1.,0.,0.));
#9768=DIRECTION('',(0.,0.,1.));
#9769=DIRECTION('',(1.,0.,0.));
#9770=DIRECTION('',(0.,0.,-1.));
#9771=DIRECTION('',(-1.,0.,0.));
#9772=DIRECTION('',(0.,0.,-1.));
#9773=DIRECTION('',(-1.,0.,0.));
#9774=DIRECTION('',(0.,0.,1.));
#9775=DIRECTION('',(1.,0.,0.));
#9776=DIRECTION('',(0.,0.,-1.));
#9777=DIRECTION('',(-1.,0.,0.));
#9778=DIRECTION('',(0.,0.,-1.));
#9779=DIRECTION('',(-1.,0.,0.));
#9780=DIRECTION('',(0.,0.,1.));
#9781=DIRECTION('',(1.,0.,0.));
#9782=DIRECTION('',(0.,0.,-1.));
#9783=DIRECTION('',(-1.,0.,0.));
#9784=DIRECTION('',(0.,0.,-1.));
#9785=DIRECTION('',(-1.,0.,0.));
#9786=DIRECTION('',(0.,0.,1.));
#9787=DIRECTION('',(1.,0.,0.));
#9788=DIRECTION('',(0.,0.,-1.));
#9789=DIRECTION('',(-1.,0.,0.));
#9790=DIRECTION('',(0.,0.,-1.));
#9791=DIRECTION('',(-1.,0.,0.));
#9792=DIRECTION('',(0.,0.,1.));
#9793=DIRECTION('',(1.,0.,0.));
#9794=DIRECTION('',(0.,0.,-1.));
#9795=DIRECTION('',(-1.,0.,0.));
#9796=DIRECTION('',(0.,0.,-1.));
#9797=DIRECTION('',(-1.,0.,0.));
#9798=DIRECTION('',(0.,0.,1.));
#9799=DIRECTION('',(1.,0.,0.));
#9800=DIRECTION('',(0.,0.,-1.));
#9801=DIRECTION('',(-1.,0.,0.));
#9802=DIRECTION('',(0.,0.,-1.));
#9803=DIRECTION('',(-1.,0.,0.));
#9804=DIRECTION('',(0.,0.,-1.));
#9805=DIRECTION('',(-1.,0.,0.));
#9806=DIRECTION('',(0.,0.,1.));
#9807=DIRECTION('',(1.,0.,0.));
#9808=DIRECTION('',(0.,0.,1.));
#9809=DIRECTION('',(1.,0.,0.));
#9810=DIRECTION('',(0.,0.,-1.));
#9811=DIRECTION('',(-1.,0.,0.));
#9812=DIRECTION('',(0.,0.,1.));
#9813=DIRECTION('',(1.,0.,0.));
#9814=DIRECTION('',(0.,0.,1.));
#9815=DIRECTION('',(1.,0.,0.));
#9816=DIRECTION('',(0.,0.,-1.));
#9817=DIRECTION('',(-1.,0.,0.));
#9818=DIRECTION('',(0.,0.,1.));
#9819=DIRECTION('',(1.,0.,0.));
#9820=DIRECTION('',(0.,0.,1.));
#9821=DIRECTION('',(1.,0.,0.));
#9822=DIRECTION('',(0.,0.,-1.));
#9823=DIRECTION('',(-1.,0.,0.));
#9824=DIRECTION('',(0.,0.,1.));
#9825=DIRECTION('',(1.,0.,0.));
#9826=DIRECTION('',(0.,0.,1.));
#9827=DIRECTION('',(1.,0.,0.));
#9828=DIRECTION('',(0.,0.,1.));
#9829=DIRECTION('',(1.,0.,0.));
#9830=DIRECTION('',(0.,0.,-1.));
#9831=DIRECTION('',(-1.,0.,0.));
#9832=DIRECTION('',(0.,0.,-1.));
#9833=DIRECTION('',(-1.,0.,0.));
#9834=DIRECTION('',(0.,0.,1.));
#9835=DIRECTION('',(1.,0.,0.));
#9836=DIRECTION('',(0.,0.,-1.));
#9837=DIRECTION('',(-1.,0.,0.));
#9838=DIRECTION('',(0.,0.,-1.));
#9839=DIRECTION('',(-1.,0.,0.));
#9840=DIRECTION('',(0.,0.,1.));
#9841=DIRECTION('',(1.,0.,0.));
#9842=DIRECTION('',(0.,0.,-1.));
#9843=DIRECTION('',(-1.,0.,0.));
#9844=DIRECTION('',(0.,0.,-1.));
#9845=DIRECTION('',(-1.,0.,0.));
#9846=DIRECTION('',(0.,0.,1.));
#9847=DIRECTION('',(1.,0.,0.));
#9848=DIRECTION('',(0.,0.,-1.));
#9849=DIRECTION('',(-1.,0.,0.));
#9850=DIRECTION('',(0.,0.,-1.));
#9851=DIRECTION('',(-1.,0.,0.));
#9852=DIRECTION('',(0.,0.,-1.));
#9853=DIRECTION('',(-1.,0.,0.));
#9854=DIRECTION('',(0.,0.,1.));
#9855=DIRECTION('',(1.,0.,0.));
#9856=DIRECTION('',(0.,0.,1.));
#9857=DIRECTION('',(1.,0.,0.));
#9858=DIRECTION('',(0.,0.,-1.));
#9859=DIRECTION('',(-1.,0.,0.));
#9860=DIRECTION('',(0.,0.,1.));
#9861=DIRECTION('',(1.,0.,0.));
#9862=DIRECTION('',(0.,0.,1.));
#9863=DIRECTION('',(1.,0.,0.));
#9864=DIRECTION('',(0.,0.,-1.));
#9865=DIRECTION('',(-1.,0.,0.));
#9866=DIRECTION('',(0.,0.,1.));
#9867=DIRECTION('',(1.,0.,0.));
#9868=DIRECTION('',(0.,0.,1.));
#9869=DIRECTION('',(1.,0.,0.));
#9870=DIRECTION('',(0.,0.,-1.));
#9871=DIRECTION('',(-1.,0.,0.));
#9872=DIRECTION('',(0.,0.,1.));
#9873=DIRECTION('',(1.,0.,0.));
#9874=DIRECTION('',(0.,0.,1.));
#9875=DIRECTION('',(1.,0.,0.));
#9876=DIRECTION('',(0.,0.,-1.));
#9877=DIRECTION('',(-1.,0.,0.));
#9878=DIRECTION('',(0.,0.,1.));
#9879=DIRECTION('',(1.,0.,0.));
#9880=DIRECTION('',(0.,0.,1.));
#9881=DIRECTION('',(1.,0.,0.));
#9882=DIRECTION('',(0.,0.,-1.));
#9883=DIRECTION('',(-1.,0.,0.));
#9884=DIRECTION('',(0.,0.,1.));
#9885=DIRECTION('',(1.,0.,0.));
#9886=DIRECTION('',(0.,0.,1.));
#9887=DIRECTION('',(1.,0.,0.));
#9888=DIRECTION('',(0.,0.,-1.));
#9889=DIRECTION('',(-1.,0.,0.));
#9890=DIRECTION('',(0.,0.,1.));
#9891=DIRECTION('',(1.,0.,0.));
#9892=DIRECTION('',(0.,0.,1.));
#9893=DIRECTION('',(1.,0.,0.));
#9894=DIRECTION('',(0.,0.,-1.));
#9895=DIRECTION('',(-1.,0.,0.));
#9896=DIRECTION('',(0.,0.,1.));
#9897=DIRECTION('',(1.,0.,0.));
#9898=DIRECTION('',(0.,0.,1.));
#9899=DIRECTION('',(1.,0.,0.));
#9900=DIRECTION('',(0.,0.,-1.));
#9901=DIRECTION('',(-1.,0.,0.));
#9902=DIRECTION('',(0.,0.,1.));
#9903=DIRECTION('',(1.,0.,0.));
#9904=DIRECTION('',(0.,0.,1.));
#9905=DIRECTION('',(1.,0.,0.));
#9906=DIRECTION('',(0.,0.,-1.));
#9907=DIRECTION('',(-1.,0.,0.));
#9908=DIRECTION('',(0.,0.,1.));
#9909=DIRECTION('',(1.,0.,0.));
#9910=DIRECTION('',(0.,0.,1.));
#9911=DIRECTION('',(1.,0.,0.));
#9912=DIRECTION('',(0.,0.,-1.));
#9913=DIRECTION('',(-1.,0.,0.));
#9914=DIRECTION('',(0.,0.,1.));
#9915=DIRECTION('',(1.,0.,0.));
#9916=DIRECTION('',(0.,0.,1.));
#9917=DIRECTION('',(1.,0.,0.));
#9918=DIRECTION('',(0.,0.,-1.));
#9919=DIRECTION('',(-1.,0.,0.));
#9920=DIRECTION('',(0.,0.,1.));
#9921=DIRECTION('',(1.,0.,0.));
#9922=DIRECTION('',(0.,0.,1.));
#9923=DIRECTION('',(1.,0.,0.));
#9924=DIRECTION('',(0.,0.,-1.));
#9925=DIRECTION('',(-1.,0.,0.));
#9926=DIRECTION('',(0.,0.,1.));
#9927=DIRECTION('',(1.,0.,0.));
#9928=DIRECTION('',(0.,0.,1.));
#9929=DIRECTION('',(1.,0.,0.));
#9930=DIRECTION('',(0.,0.,-1.));
#9931=DIRECTION('',(-1.,0.,0.));
#9932=DIRECTION('',(0.,0.,1.));
#9933=DIRECTION('',(1.,0.,0.));
#9934=DIRECTION('',(0.,0.,1.));
#9935=DIRECTION('',(1.,0.,0.));
#9936=DIRECTION('',(0.,0.,-1.));
#9937=DIRECTION('',(-1.,0.,0.));
#9938=DIRECTION('',(0.,0.,1.));
#9939=DIRECTION('',(1.,0.,0.));
#9940=DIRECTION('',(0.,0.,1.));
#9941=DIRECTION('',(1.,0.,0.));
#9942=DIRECTION('',(0.,0.,-1.));
#9943=DIRECTION('',(-1.,0.,0.));
#9944=DIRECTION('',(0.,0.,1.));
#9945=DIRECTION('',(1.,0.,0.));
#9946=DIRECTION('',(0.,0.,1.));
#9947=DIRECTION('',(1.,0.,0.));
#9948=DIRECTION('',(0.,0.,-1.));
#9949=DIRECTION('',(-1.,0.,0.));
#9950=DIRECTION('',(0.,0.,1.));
#9951=DIRECTION('',(1.,0.,0.));
#9952=DIRECTION('',(0.,0.,1.));
#9953=DIRECTION('',(1.,0.,0.));
#9954=DIRECTION('',(0.,0.,-1.));
#9955=DIRECTION('',(-1.,0.,0.));
#9956=DIRECTION('',(0.,0.,1.));
#9957=DIRECTION('',(1.,0.,0.));
#9958=DIRECTION('',(0.,0.,1.));
#9959=DIRECTION('',(1.,0.,0.));
#9960=DIRECTION('',(0.,0.,-1.));
#9961=DIRECTION('',(-1.,0.,0.));
#9962=DIRECTION('',(0.,0.,1.));
#9963=DIRECTION('',(1.,0.,0.));
#9964=DIRECTION('',(0.,0.,1.));
#9965=DIRECTION('',(1.,0.,0.));
#9966=DIRECTION('',(0.,0.,-1.));
#9967=DIRECTION('',(-1.,0.,0.));
#9968=DIRECTION('',(0.,0.,1.));
#9969=DIRECTION('',(1.,0.,0.));
#9970=DIRECTION('',(0.,0.,1.));
#9971=DIRECTION('',(1.,0.,0.));
#9972=DIRECTION('',(0.,0.,-1.));
#9973=DIRECTION('',(-1.,0.,0.));
#9974=DIRECTION('',(0.,0.,1.));
#9975=DIRECTION('',(1.,0.,0.));
#9976=DIRECTION('',(0.,0.,1.));
#9977=DIRECTION('',(1.,0.,0.));
#9978=DIRECTION('',(0.,0.,-1.));
#9979=DIRECTION('',(-1.,0.,0.));
#9980=DIRECTION('',(0.,0.,1.));
#9981=DIRECTION('',(1.,0.,0.));
#9982=DIRECTION('',(0.,0.,1.));
#9983=DIRECTION('',(1.,0.,0.));
#9984=DIRECTION('',(0.,0.,-1.));
#9985=DIRECTION('',(-1.,0.,0.));
#9986=DIRECTION('',(0.,0.,1.));
#9987=DIRECTION('',(1.,0.,0.));
#9988=DIRECTION('',(0.,0.,1.));
#9989=DIRECTION('',(1.,0.,0.));
#9990=DIRECTION('',(0.,0.,-1.));
#9991=DIRECTION('',(-1.,0.,0.));
#9992=DIRECTION('',(0.,0.,1.));
#9993=DIRECTION('',(1.,0.,0.));
#9994=DIRECTION('',(0.,0.,1.));
#9995=DIRECTION('',(1.,0.,0.));
#9996=DIRECTION('',(0.,0.,-1.));
#9997=DIRECTION('',(-1.,0.,0.));
#9998=DIRECTION('',(0.,0.,1.));
#9999=DIRECTION('',(1.,0.,0.));
#10000=DIRECTION('',(0.,0.,1.));
#10001=DIRECTION('',(1.,0.,0.));
#10002=CARTESIAN_POINT('',(0.,0.,0.));
#10003=CARTESIAN_POINT('',(-0.19,-0.025,-0.091));
#10004=CARTESIAN_POINT('',(-0.19,-0.025,-0.0894661830978084));
#10005=CARTESIAN_POINT('',(-0.19,-0.025,-0.091));
#10006=CARTESIAN_POINT('',(-0.19,-0.0224473,-0.091));
#10007=CARTESIAN_POINT('',(-0.19,0.025,-0.091));
#10008=CARTESIAN_POINT('',(-0.19,0.025,-0.0894661830978084));
#10009=CARTESIAN_POINT('',(-0.19,0.025,-0.091));
#10010=CARTESIAN_POINT('',(-0.19,0.0275527,-0.091));
#10011=CARTESIAN_POINT('',(0.19,-0.025,-0.091));
#10012=CARTESIAN_POINT('',(0.19,-0.025,-0.0894661830978084));
#10013=CARTESIAN_POINT('',(0.19,-0.025,-0.091));
#10014=CARTESIAN_POINT('',(0.19,-0.0224473,-0.091));
#10015=CARTESIAN_POINT('',(0.19,0.025,-0.091));
#10016=CARTESIAN_POINT('',(0.19,0.025,-0.0894661830978084));
#10017=CARTESIAN_POINT('',(0.19,0.025,-0.091));
#10018=CARTESIAN_POINT('',(0.19,0.0275527,-0.091));
#10019=CARTESIAN_POINT('',(-0.19,-0.025,-0.1));
#10020=CARTESIAN_POINT('',(-0.19,-0.025,-0.1));
#10021=CARTESIAN_POINT('',(-0.19,-0.0224473,-0.1));
#10022=CARTESIAN_POINT('',(-0.19,0.025,-0.1));
#10023=CARTESIAN_POINT('',(-0.19,0.025,-0.1));
#10024=CARTESIAN_POINT('',(-0.19,0.0275527,-0.1));
#10025=CARTESIAN_POINT('',(0.19,-0.025,-0.1));
#10026=CARTESIAN_POINT('',(0.19,-0.025,-0.1));
#10027=CARTESIAN_POINT('',(0.19,-0.0224473,-0.1));
#10028=CARTESIAN_POINT('',(0.19,0.025,-0.1));
#10029=CARTESIAN_POINT('',(0.19,0.025,-0.1));
#10030=CARTESIAN_POINT('',(0.19,0.0275527,-0.1));
#10031=CARTESIAN_POINT('',(-0.19,1.85730384958071E-17,-0.009));
#10032=CARTESIAN_POINT('',(-0.19,1.85730384958071E-17,-0.0105338169021917));
#10033=CARTESIAN_POINT('',(-0.19,1.85730384958071E-17,-0.009));
#10034=CARTESIAN_POINT('',(-0.19,-0.00255269999999998,-0.009));
#10035=CARTESIAN_POINT('',(0.19,-3.24508263036215E-17,-0.009));
#10036=CARTESIAN_POINT('',(0.19,-3.24508263036215E-17,-0.0105338169021917));
#10037=CARTESIAN_POINT('',(0.19,-3.24508263036215E-17,-0.009));
#10038=CARTESIAN_POINT('',(0.19,-0.00255270000000003,-0.009));
#10039=CARTESIAN_POINT('',(0.19,-0.05,-0.009));
#10040=CARTESIAN_POINT('',(0.19,-0.05,-0.0105338169021917));
#10041=CARTESIAN_POINT('',(0.19,-0.05,-0.009));
#10042=CARTESIAN_POINT('',(0.19,-0.0525527,-0.009));
#10043=CARTESIAN_POINT('',(0.19,0.05,-0.009));
#10044=CARTESIAN_POINT('',(0.19,0.05,-0.0105338169021917));
#10045=CARTESIAN_POINT('',(0.19,0.05,-0.009));
#10046=CARTESIAN_POINT('',(0.19,0.0474473,-0.009));
#10047=CARTESIAN_POINT('',(-0.19,-0.05,-0.009));
#10048=CARTESIAN_POINT('',(-0.19,-0.05,-0.0105338169021917));
#10049=CARTESIAN_POINT('',(-0.19,-0.05,-0.009));
#10050=CARTESIAN_POINT('',(-0.19,-0.0525527,-0.009));
#10051=CARTESIAN_POINT('',(-0.19,0.05,-0.009));
#10052=CARTESIAN_POINT('',(-0.19,0.05,-0.0105338169021917));
#10053=CARTESIAN_POINT('',(-0.19,0.05,-0.009));
#10054=CARTESIAN_POINT('',(-0.19,0.0474473,-0.009));
#10055=CARTESIAN_POINT('',(-0.19,1.85730384958071E-17,0.));
#10056=CARTESIAN_POINT('',(-0.19,1.85730384958071E-17,0.));
#10057=CARTESIAN_POINT('',(-0.19,-0.00255269999999998,0.));
#10058=CARTESIAN_POINT('',(0.19,-3.24508263036215E-17,0.));
#10059=CARTESIAN_POINT('',(0.19,-3.24508263036215E-17,0.));
#10060=CARTESIAN_POINT('',(0.19,-0.00255270000000003,0.));
#10061=CARTESIAN_POINT('',(0.19,-0.05,0.));
#10062=CARTESIAN_POINT('',(0.19,-0.05,0.));
#10063=CARTESIAN_POINT('',(0.19,-0.0525527,0.));
#10064=CARTESIAN_POINT('',(0.19,0.05,0.));
#10065=CARTESIAN_POINT('',(0.19,0.05,0.));
#10066=CARTESIAN_POINT('',(0.19,0.0474473,0.));
#10067=CARTESIAN_POINT('',(-0.19,-0.05,0.));
#10068=CARTESIAN_POINT('',(-0.19,-0.05,0.));
#10069=CARTESIAN_POINT('',(-0.19,-0.0525527,0.));
#10070=CARTESIAN_POINT('',(-0.19,0.05,0.));
#10071=CARTESIAN_POINT('',(-0.19,0.05,0.));
#10072=CARTESIAN_POINT('',(-0.19,0.0474473,0.));
#10073=CARTESIAN_POINT('',(0.0883883476483184,-0.0883883476483184,-0.025));
#10074=CARTESIAN_POINT('',(0.0883883476483184,-0.0883883476483184,-0.0125));
#10075=CARTESIAN_POINT('',(0.0883883476483184,-0.0759423476483184,-0.0125));
#10076=CARTESIAN_POINT('',(0.0883883476483184,-0.0883883476483184,-0.003));
#10077=CARTESIAN_POINT('',(0.0883883476483184,-0.0759423476483184,-0.003));
#10078=CARTESIAN_POINT('',(0.100389847648318,-0.0676011398812806,-0.009));
#10079=CARTESIAN_POINT('',(0.100389847648318,-0.0676011398812806,-0.0102133178480023));
#10080=CARTESIAN_POINT('',(0.100389847648318,-0.0676011398812806,-0.009));
#10081=CARTESIAN_POINT('',(0.100389847648318,-0.0696204398812806,-0.009));
#10082=CARTESIAN_POINT('',(0.112391347648318,-0.0883883476483184,-0.009));
#10083=CARTESIAN_POINT('',(0.112391347648318,-0.0883883476483184,-0.0102133178480023));
#10084=CARTESIAN_POINT('',(0.112391347648318,-0.0883883476483184,-0.009));
#10085=CARTESIAN_POINT('',(0.112391347648318,-0.0904076476483184,-0.009));
#10086=CARTESIAN_POINT('',(0.100389847648318,-0.109175555415356,-0.009));
#10087=CARTESIAN_POINT('',(0.100389847648318,-0.109175555415356,-0.0102133178480023));
#10088=CARTESIAN_POINT('',(0.100389847648318,-0.109175555415356,-0.009));
#10089=CARTESIAN_POINT('',(0.100389847648318,-0.111194855415356,-0.009));
#10090=CARTESIAN_POINT('',(0.0763868476483184,-0.109175555415356,-0.009));
#10091=CARTESIAN_POINT('',(0.0763868476483184,-0.109175555415356,-0.0102133178480023));
#10092=CARTESIAN_POINT('',(0.0763868476483184,-0.109175555415356,-0.009));
#10093=CARTESIAN_POINT('',(0.0763868476483184,-0.111194855415356,-0.009));
#10094=CARTESIAN_POINT('',(0.0643853476483184,-0.0883883476483184,-0.009));
#10095=CARTESIAN_POINT('',(0.0643853476483184,-0.0883883476483184,-0.0102133178480023));
#10096=CARTESIAN_POINT('',(0.0643853476483184,-0.0883883476483184,-0.009));
#10097=CARTESIAN_POINT('',(0.0643853476483184,-0.0904076476483184,-0.009));
#10098=CARTESIAN_POINT('',(0.0763868476483184,-0.0676011398812806,-0.009));
#10099=CARTESIAN_POINT('',(0.0763868476483184,-0.0676011398812806,-0.0102133178480023));
#10100=CARTESIAN_POINT('',(0.0763868476483184,-0.0676011398812806,-0.009));
#10101=CARTESIAN_POINT('',(0.0763868476483184,-0.0696204398812806,-0.009));
#10102=CARTESIAN_POINT('',(0.100389847648318,-0.0676011398812806,0.));
#10103=CARTESIAN_POINT('',(0.100389847648318,-0.0676011398812806,0.));
#10104=CARTESIAN_POINT('',(0.100389847648318,-0.0696204398812806,0.));
#10105=CARTESIAN_POINT('',(0.112391347648318,-0.0883883476483184,0.));
#10106=CARTESIAN_POINT('',(0.112391347648318,-0.0883883476483184,0.));
#10107=CARTESIAN_POINT('',(0.112391347648318,-0.0904076476483184,0.));
#10108=CARTESIAN_POINT('',(0.100389847648318,-0.109175555415356,0.));
#10109=CARTESIAN_POINT('',(0.100389847648318,-0.109175555415356,0.));
#10110=CARTESIAN_POINT('',(0.100389847648318,-0.111194855415356,0.));
#10111=CARTESIAN_POINT('',(0.0763868476483184,-0.109175555415356,0.));
#10112=CARTESIAN_POINT('',(0.0763868476483184,-0.109175555415356,0.));
#10113=CARTESIAN_POINT('',(0.0763868476483184,-0.111194855415356,0.));
#10114=CARTESIAN_POINT('',(0.0643853476483184,-0.0883883476483184,0.));
#10115=CARTESIAN_POINT('',(0.0643853476483184,-0.0883883476483184,0.));
#10116=CARTESIAN_POINT('',(0.0643853476483184,-0.0904076476483184,0.));
#10117=CARTESIAN_POINT('',(0.0763868476483184,-0.0676011398812806,0.));
#10118=CARTESIAN_POINT('',(0.0763868476483184,-0.0676011398812806,0.));
#10119=CARTESIAN_POINT('',(0.0763868476483184,-0.0696204398812806,0.));
#10120=CARTESIAN_POINT('',(0.,0.,-0.003));
#10121=CARTESIAN_POINT('',(0.0883883476483184,-0.0883883476483184,-0.003));
#10122=CARTESIAN_POINT('',(0.0883883476483184,-0.0751803476483184,-0.003));
#10123=CARTESIAN_POINT('',(0.0883883476483184,-0.0883883476483184,-0.003));
#10124=CARTESIAN_POINT('',(0.0883883476483184,-0.0883883476483184,0.));
#10125=CARTESIAN_POINT('',(0.0883883476483184,-0.0751803476483184,0.));
#10126=CARTESIAN_POINT('',(-0.0883883476483184,-0.0883883476483184,-0.025));
#10127=CARTESIAN_POINT('',(-0.0883883476483184,-0.0883883476483184,-0.0125));
#10128=CARTESIAN_POINT('',(-0.0759423476483184,-0.0883883476483184,-0.0125));
#10129=CARTESIAN_POINT('',(-0.0883883476483184,-0.0883883476483184,-0.003));
#10130=CARTESIAN_POINT('',(-0.0759423476483184,-0.0883883476483184,-0.003));
#10131=CARTESIAN_POINT('',(0.,0.,-0.003));
#10132=CARTESIAN_POINT('',(-0.125,2.29621274840128E-17,-0.003));
#10133=CARTESIAN_POINT('',(-0.125,-0.020701,-0.003));
#10134=CARTESIAN_POINT('',(-0.125,2.29621274840128E-17,-0.003));
#10135=CARTESIAN_POINT('',(-0.125,-0.019431,-0.003));
#10136=CARTESIAN_POINT('',(-0.125,2.29621274840128E-17,-0.003));
#10137=CARTESIAN_POINT('',(-0.125,2.29621274840128E-17,0.));
#10138=CARTESIAN_POINT('',(-0.125,-0.020701,0.));
#10139=CARTESIAN_POINT('',(-0.125,-0.030988,-0.009));
#10140=CARTESIAN_POINT('',(-0.125,-0.030988,-0.0102133178480023));
#10141=CARTESIAN_POINT('',(-0.125,-0.030988,-0.009));
#10142=CARTESIAN_POINT('',(-0.125,-0.0289687,-0.009));
#10143=CARTESIAN_POINT('',(-0.151836395212472,-0.015494,-0.009));
#10144=CARTESIAN_POINT('',(-0.151836395212472,-0.015494,-0.0102133178480023));
#10145=CARTESIAN_POINT('',(-0.151836395212472,-0.015494,-0.009));
#10146=CARTESIAN_POINT('',(-0.151836395212472,-0.0134747,-0.009));
#10147=CARTESIAN_POINT('',(-0.151836395212472,0.015494,-0.009));
#10148=CARTESIAN_POINT('',(-0.151836395212472,0.015494,-0.0102133178480023));
#10149=CARTESIAN_POINT('',(-0.151836395212472,0.015494,-0.009));
#10150=CARTESIAN_POINT('',(-0.151836395212472,0.0175133,-0.009));
#10151=CARTESIAN_POINT('',(-0.125,0.030988,-0.009));
#10152=CARTESIAN_POINT('',(-0.125,0.030988,-0.0102133178480023));
#10153=CARTESIAN_POINT('',(-0.125,0.030988,-0.009));
#10154=CARTESIAN_POINT('',(-0.125,0.0330073,-0.009));
#10155=CARTESIAN_POINT('',(-0.0981636047875278,0.015494,-0.009));
#10156=CARTESIAN_POINT('',(-0.0981636047875278,0.015494,-0.0102133178480023));
#10157=CARTESIAN_POINT('',(-0.0981636047875278,0.015494,-0.009));
#10158=CARTESIAN_POINT('',(-0.0981636047875278,0.0175133,-0.009));
#10159=CARTESIAN_POINT('',(-0.0981636047875278,-0.015494,-0.009));
#10160=CARTESIAN_POINT('',(-0.0981636047875278,-0.015494,-0.0102133178480023));
#10161=CARTESIAN_POINT('',(-0.0981636047875278,-0.015494,-0.009));
#10162=CARTESIAN_POINT('',(-0.0981636047875278,-0.0134747,-0.009));
#10163=CARTESIAN_POINT('',(-0.125,-0.030988,0.));
#10164=CARTESIAN_POINT('',(-0.125,-0.030988,0.));
#10165=CARTESIAN_POINT('',(-0.125,-0.0289687,0.));
#10166=CARTESIAN_POINT('',(-0.151836395212472,-0.015494,0.));
#10167=CARTESIAN_POINT('',(-0.151836395212472,-0.015494,0.));
#10168=CARTESIAN_POINT('',(-0.151836395212472,-0.0134747,0.));
#10169=CARTESIAN_POINT('',(-0.151836395212472,0.015494,0.));
#10170=CARTESIAN_POINT('',(-0.151836395212472,0.015494,0.));
#10171=CARTESIAN_POINT('',(-0.151836395212472,0.0175133,0.));
#10172=CARTESIAN_POINT('',(-0.125,0.030988,0.));
#10173=CARTESIAN_POINT('',(-0.125,0.030988,0.));
#10174=CARTESIAN_POINT('',(-0.125,0.0330073,0.));
#10175=CARTESIAN_POINT('',(-0.0981636047875278,0.015494,0.));
#10176=CARTESIAN_POINT('',(-0.0981636047875278,0.015494,0.));
#10177=CARTESIAN_POINT('',(-0.0981636047875278,0.0175133,0.));
#10178=CARTESIAN_POINT('',(-0.0981636047875278,-0.015494,0.));
#10179=CARTESIAN_POINT('',(-0.0981636047875278,-0.015494,0.));
#10180=CARTESIAN_POINT('',(-0.0981636047875278,-0.0134747,0.));
#10181=CARTESIAN_POINT('',(-0.125,2.29621274840128E-17,-0.025));
#10182=CARTESIAN_POINT('',(-0.125,2.29621274840128E-17,-0.0125));
#10183=CARTESIAN_POINT('',(-0.125,-0.019431,-0.0125));
#10184=CARTESIAN_POINT('',(0.,0.,-0.003));
#10185=CARTESIAN_POINT('',(0.125,-7.65404249467096E-18,-0.003));
#10186=CARTESIAN_POINT('',(0.125,0.020701,-0.003));
#10187=CARTESIAN_POINT('',(0.125,-7.65404249467096E-18,-0.003));
#10188=CARTESIAN_POINT('',(0.125,0.019431,-0.003));
#10189=CARTESIAN_POINT('',(0.125,-7.65404249467096E-18,-0.003));
#10190=CARTESIAN_POINT('',(0.125,-7.65404249467096E-18,0.));
#10191=CARTESIAN_POINT('',(0.125,0.020701,0.));
#10192=CARTESIAN_POINT('',(0.125,0.030988,-0.009));
#10193=CARTESIAN_POINT('',(0.125,0.030988,-0.0102133178480023));
#10194=CARTESIAN_POINT('',(0.125,0.030988,-0.009));
#10195=CARTESIAN_POINT('',(0.125,0.0289687,-0.009));
#10196=CARTESIAN_POINT('',(0.151836395212472,0.015494,-0.009));
#10197=CARTESIAN_POINT('',(0.151836395212472,0.015494,-0.0102133178480023));
#10198=CARTESIAN_POINT('',(0.151836395212472,0.015494,-0.009));
#10199=CARTESIAN_POINT('',(0.151836395212472,0.0134747,-0.009));
#10200=CARTESIAN_POINT('',(0.151836395212472,-0.015494,-0.009));
#10201=CARTESIAN_POINT('',(0.151836395212472,-0.015494,-0.0102133178480023));
#10202=CARTESIAN_POINT('',(0.151836395212472,-0.015494,-0.009));
#10203=CARTESIAN_POINT('',(0.151836395212472,-0.0175133,-0.009));
#10204=CARTESIAN_POINT('',(0.125,-0.030988,-0.009));
#10205=CARTESIAN_POINT('',(0.125,-0.030988,-0.0102133178480023));
#10206=CARTESIAN_POINT('',(0.125,-0.030988,-0.009));
#10207=CARTESIAN_POINT('',(0.125,-0.0330073,-0.009));
#10208=CARTESIAN_POINT('',(0.0981636047875278,-0.015494,-0.009));
#10209=CARTESIAN_POINT('',(0.0981636047875278,-0.015494,-0.0102133178480023));
#10210=CARTESIAN_POINT('',(0.0981636047875278,-0.015494,-0.009));
#10211=CARTESIAN_POINT('',(0.0981636047875278,-0.0175133,-0.009));
#10212=CARTESIAN_POINT('',(0.0981636047875278,0.015494,-0.009));
#10213=CARTESIAN_POINT('',(0.0981636047875278,0.015494,-0.0102133178480023));
#10214=CARTESIAN_POINT('',(0.0981636047875278,0.015494,-0.009));
#10215=CARTESIAN_POINT('',(0.0981636047875278,0.0134747,-0.009));
#10216=CARTESIAN_POINT('',(0.125,0.030988,0.));
#10217=CARTESIAN_POINT('',(0.125,0.030988,0.));
#10218=CARTESIAN_POINT('',(0.125,0.0289687,0.));
#10219=CARTESIAN_POINT('',(0.151836395212472,0.015494,0.));
#10220=CARTESIAN_POINT('',(0.151836395212472,0.015494,0.));
#10221=CARTESIAN_POINT('',(0.151836395212472,0.0134747,0.));
#10222=CARTESIAN_POINT('',(0.151836395212472,-0.015494,0.));
#10223=CARTESIAN_POINT('',(0.151836395212472,-0.015494,0.));
#10224=CARTESIAN_POINT('',(0.151836395212472,-0.0175133,0.));
#10225=CARTESIAN_POINT('',(0.125,-0.030988,0.));
#10226=CARTESIAN_POINT('',(0.125,-0.030988,0.));
#10227=CARTESIAN_POINT('',(0.125,-0.0330073,0.));
#10228=CARTESIAN_POINT('',(0.0981636047875278,-0.015494,0.));
#10229=CARTESIAN_POINT('',(0.0981636047875278,-0.015494,0.));
#10230=CARTESIAN_POINT('',(0.0981636047875278,-0.0175133,0.));
#10231=CARTESIAN_POINT('',(0.0981636047875278,0.015494,0.));
#10232=CARTESIAN_POINT('',(0.0981636047875278,0.015494,0.));
#10233=CARTESIAN_POINT('',(0.0981636047875278,0.0134747,0.));
#10234=CARTESIAN_POINT('',(0.125,-7.65404249467096E-18,-0.025));
#10235=CARTESIAN_POINT('',(0.125,-7.65404249467096E-18,-0.0125));
#10236=CARTESIAN_POINT('',(0.125,0.019431,-0.0125));
#10237=CARTESIAN_POINT('',(0.,-0.125,-0.025));
#10238=CARTESIAN_POINT('',(0.,-0.125,-0.0125));
#10239=CARTESIAN_POINT('',(0.019431,-0.125,-0.0125));
#10240=CARTESIAN_POINT('',(0.,-0.125,-0.003));
#10241=CARTESIAN_POINT('',(0.019431,-0.125,-0.003));
#10242=CARTESIAN_POINT('',(-0.0646053617254442,-0.188166024358642,-0.0342047413291309));
#10243=CARTESIAN_POINT('',(-0.063998702801443,-0.187115260279407,-0.0342047413291309));
#10244=CARTESIAN_POINT('',(-0.0646053617254442,-0.188166024358642,-0.0342047413291309));
#10245=CARTESIAN_POINT('',(-0.0663541268233061,-0.187156374358642,-0.0342047413291309));
#10246=CARTESIAN_POINT('',(-0.0646053617254442,-0.188166024358642,-0.0657952586708691));
#10247=CARTESIAN_POINT('',(-0.063998702801443,-0.187115260279407,-0.0657952586708691));
#10248=CARTESIAN_POINT('',(-0.0646053617254442,-0.188166024358642,-0.0657952586708691));
#10249=CARTESIAN_POINT('',(-0.0663541268233061,-0.187156374358642,-0.0657952586708691));
#10250=CARTESIAN_POINT('',(-0.0839505237748946,-0.176997089841874,-0.0881331277044034));
#10251=CARTESIAN_POINT('',(-0.0833438648508934,-0.175946325762639,-0.0881331277044034));
#10252=CARTESIAN_POINT('',(-0.0839505237748946,-0.176997089841874,-0.0881331277044034));
#10253=CARTESIAN_POINT('',(-0.0856992888727565,-0.175987439841874,-0.0881331277044034));
#10254=CARTESIAN_POINT('',(-0.111308714311533,-0.161201831171005,-0.0881331277044034));
#10255=CARTESIAN_POINT('',(-0.110702055387531,-0.16015106709177,-0.0881331277044034));
#10256=CARTESIAN_POINT('',(-0.111308714311533,-0.161201831171005,-0.0881331277044034));
#10257=CARTESIAN_POINT('',(-0.113057479409395,-0.160192181171005,-0.0881331277044034));
#10258=CARTESIAN_POINT('',(-0.130653876360983,-0.150032896654238,-0.0657952586708691));
#10259=CARTESIAN_POINT('',(-0.130047217436982,-0.148982132575003,-0.0657952586708691));
#10260=CARTESIAN_POINT('',(-0.130653876360983,-0.150032896654238,-0.0657952586708691));
#10261=CARTESIAN_POINT('',(-0.132402641458845,-0.149023246654238,-0.0657952586708691));
#10262=CARTESIAN_POINT('',(-0.130653876360983,-0.150032896654238,-0.0342047413291309));
#10263=CARTESIAN_POINT('',(-0.130047217436982,-0.148982132575003,-0.0342047413291309));
#10264=CARTESIAN_POINT('',(-0.130653876360983,-0.150032896654238,-0.0342047413291309));
#10265=CARTESIAN_POINT('',(-0.132402641458845,-0.149023246654238,-0.0342047413291309));
#10266=CARTESIAN_POINT('',(-0.111308714311533,-0.161201831171005,-0.0118668722955966));
#10267=CARTESIAN_POINT('',(-0.110702055387531,-0.16015106709177,-0.0118668722955966));
#10268=CARTESIAN_POINT('',(-0.111308714311533,-0.161201831171005,-0.0118668722955966));
#10269=CARTESIAN_POINT('',(-0.113057479409395,-0.160192181171005,-0.0118668722955966));
#10270=CARTESIAN_POINT('',(-0.0839505237748946,-0.176997089841874,-0.0118668722955966));
#10271=CARTESIAN_POINT('',(-0.0833438648508934,-0.175946325762639,-0.0118668722955966));
#10272=CARTESIAN_POINT('',(-0.0839505237748946,-0.176997089841874,-0.0118668722955966));
#10273=CARTESIAN_POINT('',(-0.0856992888727565,-0.175987439841874,-0.0118668722955966));
#10274=CARTESIAN_POINT('',(-0.0696053617254442,-0.196826278396486,-0.0342047413291309));
#10275=CARTESIAN_POINT('',(-0.0696053617254442,-0.196826278396486,-0.0342047413291309));
#10276=CARTESIAN_POINT('',(-0.0713541268233061,-0.195816628396486,-0.0342047413291309));
#10277=CARTESIAN_POINT('',(-0.0696053617254442,-0.196826278396486,-0.0657952586708691));
#10278=CARTESIAN_POINT('',(-0.0696053617254442,-0.196826278396486,-0.0657952586708691));
#10279=CARTESIAN_POINT('',(-0.0713541268233061,-0.195816628396486,-0.0657952586708691));
#10280=CARTESIAN_POINT('',(-0.0889505237748946,-0.185657343879719,-0.0881331277044034));
#10281=CARTESIAN_POINT('',(-0.0889505237748946,-0.185657343879719,-0.0881331277044034));
#10282=CARTESIAN_POINT('',(-0.0906992888727565,-0.184647693879719,-0.0881331277044034));
#10283=CARTESIAN_POINT('',(-0.116308714311533,-0.16986208520885,-0.0881331277044034));
#10284=CARTESIAN_POINT('',(-0.116308714311533,-0.16986208520885,-0.0881331277044034));
#10285=CARTESIAN_POINT('',(-0.118057479409395,-0.16885243520885,-0.0881331277044034));
#10286=CARTESIAN_POINT('',(-0.135653876360983,-0.158693150692083,-0.0657952586708691));
#10287=CARTESIAN_POINT('',(-0.135653876360983,-0.158693150692083,-0.0657952586708691));
#10288=CARTESIAN_POINT('',(-0.137402641458845,-0.157683500692083,-0.0657952586708691));
#10289=CARTESIAN_POINT('',(-0.135653876360983,-0.158693150692083,-0.0342047413291309));
#10290=CARTESIAN_POINT('',(-0.135653876360983,-0.158693150692083,-0.0342047413291309));
#10291=CARTESIAN_POINT('',(-0.137402641458845,-0.157683500692083,-0.0342047413291309));
#10292=CARTESIAN_POINT('',(-0.116308714311533,-0.16986208520885,-0.0118668722955966));
#10293=CARTESIAN_POINT('',(-0.116308714311533,-0.16986208520885,-0.0118668722955966));
#10294=CARTESIAN_POINT('',(-0.118057479409395,-0.16885243520885,-0.0118668722955966));
#10295=CARTESIAN_POINT('',(-0.0889505237748946,-0.185657343879719,-0.0118668722955966));
#10296=CARTESIAN_POINT('',(-0.0889505237748946,-0.185657343879719,-0.0118668722955966));
#10297=CARTESIAN_POINT('',(-0.0906992888727565,-0.184647693879719,-0.0118668722955966));
#10298=CARTESIAN_POINT('',(-0.0526296190432136,-0.0911571741658403,-0.05));
#10299=CARTESIAN_POINT('',(-0.0729576564639856,-0.175715782033411,-0.0450596708434574));
#10300=CARTESIAN_POINT('',(-0.0725036476005541,-0.17590264082773,-0.0500097194527427));
#10301=CARTESIAN_POINT('',(-0.0729527144530433,-0.175717835948099,-0.0549014513455717));
#10302=CARTESIAN_POINT('',(-0.0742963055120056,-0.175156446157989,-0.0596514484193009));
#10303=CARTESIAN_POINT('',(-0.0764292722480617,-0.174240276331663,-0.0639640958428933));
#10304=CARTESIAN_POINT('',(-0.0793213662764994,-0.172947218717994,-0.0678031961516576));
#10305=CARTESIAN_POINT('',(-0.0821771915252718,-0.171606649002895,-0.0703842434215729));
#10306=CARTESIAN_POINT('',(-0.0847284519981107,-0.170356255967242,-0.0720854481082043));
#10307=CARTESIAN_POINT('',(-0.0867025822742703,-0.169360330822923,-0.0731284668812181));
#10308=CARTESIAN_POINT('',(-0.0887447743801976,-0.168299767594254,-0.073954684360631));
#10309=CARTESIAN_POINT('',(-0.0915775145528113,-0.166783345507305,-0.0747601080779183));
#10310=CARTESIAN_POINT('',(-0.0951147271507469,-0.164802685762538,-0.0751615856446702));
#10311=CARTESIAN_POINT('',(-0.0993762743008216,-0.162267611287508,-0.0746738215228331));
#10312=CARTESIAN_POINT('',(-0.102671103606329,-0.160191221605776,-0.0734931435669092));
#10313=CARTESIAN_POINT('',(-0.105177829597109,-0.158549038312928,-0.0720797521205115));
#10314=CARTESIAN_POINT('',(-0.106923792737413,-0.157376142703965,-0.0708198055581117));
#10315=CARTESIAN_POINT('',(-0.108543943895717,-0.156262598379203,-0.0693683293439826));
#10316=CARTESIAN_POINT('',(-0.110047374068485,-0.155206897375721,-0.0677125093618187));
#10317=CARTESIAN_POINT('',(-0.11139878037697,-0.154239102850454,-0.0658870254582605));
#10318=CARTESIAN_POINT('',(-0.112579770258477,-0.153378586450738,-0.0639289065338581));
#10319=CARTESIAN_POINT('',(-0.113601145344744,-0.152623124003022,-0.0618305478473011));
#10320=CARTESIAN_POINT('',(-0.114742070508476,-0.151768169075095,-0.0588403714812278));
#10321=CARTESIAN_POINT('',(-0.115690934816012,-0.151044501913311,-0.054951940924226));
#10322=CARTESIAN_POINT('',(-0.116084634907252,-0.150741105541315,-0.0499941609093078));
#10323=CARTESIAN_POINT('',(-0.11576668869334,-0.15098623741805,-0.0459390916567692));
#10324=CARTESIAN_POINT('',(-0.11512354588583,-0.151477130824477,-0.0427273044389554));
#10325=CARTESIAN_POINT('',(-0.114461344877234,-0.151978503726874,-0.0404274267667924));
#10326=CARTESIAN_POINT('',(-0.113621736911669,-0.152607790020594,-0.0382173802543627));
#10327=CARTESIAN_POINT('',(-0.112246450009643,-0.153625226865708,-0.0353802287402449));
#10328=CARTESIAN_POINT('',(-0.110148978921596,-0.155144678732764,-0.032236668479514));
#10329=CARTESIAN_POINT('',(-0.106985468581124,-0.157347639363437,-0.0290795612496154));
#10330=CARTESIAN_POINT('',(-0.103998154654178,-0.159333185965245,-0.0271615250104566));
#10331=CARTESIAN_POINT('',(-0.101369481388885,-0.161011428202169,-0.0260415752748623));
#10332=CARTESIAN_POINT('',(-0.0993495640387073,-0.162265669626525,-0.0254459195558422));
#10333=CARTESIAN_POINT('',(-0.0972812635107185,-0.163514299509784,-0.0250840369862248));
#10334=CARTESIAN_POINT('',(-0.0951515065694373,-0.164762930317896,-0.0249590170851265));
#10335=CARTESIAN_POINT('',(-0.0930061333236759,-0.165983166577307,-0.0250799541819186));
#10336=CARTESIAN_POINT('',(-0.090188833953082,-0.167538351052582,-0.0255538739333883));
#10337=CARTESIAN_POINT('',(-0.0866739200272388,-0.169390630236044,-0.0267562597597769));
#10338=CARTESIAN_POINT('',(-0.0828042722817299,-0.171311513586466,-0.0290572617433383));
#10339=CARTESIAN_POINT('',(-0.079313978477799,-0.172950779653667,-0.0322048508559026));
#10340=CARTESIAN_POINT('',(-0.0769419723519817,-0.174011256374987,-0.0353468189728501));
#10341=CARTESIAN_POINT('',(-0.0753699995654255,-0.174695167608828,-0.0381802982940481));
#10342=CARTESIAN_POINT('',(-0.0740808160069626,-0.175246488492564,-0.0411174104694799));
#10343=CARTESIAN_POINT('',(-0.0729576564639856,-0.175715782033411,-0.0450596708434574));
#10344=CARTESIAN_POINT('',(-0.0725036476005541,-0.17590264082773,-0.0500097194527427));
#10345=CARTESIAN_POINT('',(-0.0729527144530433,-0.175717835948099,-0.0549014513455717));
#10346=CARTESIAN_POINT('',(-0.0726541602198743,-0.175840696882071,-0.05));
#10347=CARTESIAN_POINT('',(-0.101296119043214,-0.175450024792391,-0.05));
#10348=CARTESIAN_POINT('',(-0.0796454839486027,-0.187950024792391,-0.05));
#10349=CARTESIAN_POINT('',(-0.101296119043214,-0.175450024792391,-0.05));
#10350=CARTESIAN_POINT('',(-0.101296119043214,-0.175450024792391,-0.05));
#10351=CARTESIAN_POINT('',(-0.0785291772031245,-0.188594524792391,-0.05));
#10352=CARTESIAN_POINT('',(-0.101296119043214,-0.175450024792391,-0.05));
#10353=CARTESIAN_POINT('',(-0.102629619043214,-0.177759714544284,-0.05));
#10354=CARTESIAN_POINT('',(-0.0798626772031245,-0.190904214544284,-0.05));
#10355=CARTESIAN_POINT('',(-0.150032896654238,-0.130653876360983,-0.0342047413291309));
#10356=CARTESIAN_POINT('',(-0.148982132575003,-0.130047217436982,-0.0342047413291309));
#10357=CARTESIAN_POINT('',(-0.150032896654238,-0.130653876360983,-0.0342047413291309));
#10358=CARTESIAN_POINT('',(-0.151042546654238,-0.128905111263121,-0.0342047413291309));
#10359=CARTESIAN_POINT('',(-0.150032896654238,-0.130653876360983,-0.0657952586708691));
#10360=CARTESIAN_POINT('',(-0.148982132575003,-0.130047217436982,-0.0657952586708691));
#10361=CARTESIAN_POINT('',(-0.150032896654238,-0.130653876360983,-0.0657952586708691));
#10362=CARTESIAN_POINT('',(-0.151042546654238,-0.128905111263121,-0.0657952586708691));
#10363=CARTESIAN_POINT('',(-0.161201831171006,-0.111308714311532,-0.0881331277044034));
#10364=CARTESIAN_POINT('',(-0.160151067091771,-0.110702055387531,-0.0881331277044034));
#10365=CARTESIAN_POINT('',(-0.161201831171006,-0.111308714311532,-0.0881331277044034));
#10366=CARTESIAN_POINT('',(-0.162211481171006,-0.10955994921367,-0.0881331277044034));
#10367=CARTESIAN_POINT('',(-0.176997089841875,-0.0839505237748943,-0.0881331277044034));
#10368=CARTESIAN_POINT('',(-0.175946325762639,-0.0833438648508931,-0.0881331277044034));
#10369=CARTESIAN_POINT('',(-0.176997089841875,-0.0839505237748943,-0.0881331277044034));
#10370=CARTESIAN_POINT('',(-0.178006739841875,-0.0822017586770324,-0.0881331277044034));
#10371=CARTESIAN_POINT('',(-0.188166024358642,-0.0646053617254438,-0.0657952586708691));
#10372=CARTESIAN_POINT('',(-0.187115260279407,-0.0639987028014427,-0.0657952586708691));
#10373=CARTESIAN_POINT('',(-0.188166024358642,-0.0646053617254438,-0.0657952586708691));
#10374=CARTESIAN_POINT('',(-0.189175674358642,-0.0628565966275819,-0.0657952586708691));
#10375=CARTESIAN_POINT('',(-0.188166024358642,-0.0646053617254438,-0.0342047413291309));
#10376=CARTESIAN_POINT('',(-0.187115260279407,-0.0639987028014427,-0.0342047413291309));
#10377=CARTESIAN_POINT('',(-0.188166024358642,-0.0646053617254438,-0.0342047413291309));
#10378=CARTESIAN_POINT('',(-0.189175674358642,-0.0628565966275819,-0.0342047413291309));
#10379=CARTESIAN_POINT('',(-0.176997089841875,-0.0839505237748943,-0.0118668722955966));
#10380=CARTESIAN_POINT('',(-0.175946325762639,-0.0833438648508931,-0.0118668722955966));
#10381=CARTESIAN_POINT('',(-0.176997089841875,-0.0839505237748943,-0.0118668722955966));
#10382=CARTESIAN_POINT('',(-0.178006739841875,-0.0822017586770324,-0.0118668722955966));
#10383=CARTESIAN_POINT('',(-0.161201831171006,-0.111308714311532,-0.0118668722955966));
#10384=CARTESIAN_POINT('',(-0.160151067091771,-0.110702055387531,-0.0118668722955966));
#10385=CARTESIAN_POINT('',(-0.161201831171006,-0.111308714311532,-0.0118668722955966));
#10386=CARTESIAN_POINT('',(-0.162211481171006,-0.10955994921367,-0.0118668722955966));
#10387=CARTESIAN_POINT('',(-0.158693150692083,-0.135653876360983,-0.0342047413291309));
#10388=CARTESIAN_POINT('',(-0.158693150692083,-0.135653876360983,-0.0342047413291309));
#10389=CARTESIAN_POINT('',(-0.159702800692083,-0.133905111263121,-0.0342047413291309));
#10390=CARTESIAN_POINT('',(-0.158693150692083,-0.135653876360983,-0.0657952586708691));
#10391=CARTESIAN_POINT('',(-0.158693150692083,-0.135653876360983,-0.0657952586708691));
#10392=CARTESIAN_POINT('',(-0.159702800692083,-0.133905111263121,-0.0657952586708691));
#10393=CARTESIAN_POINT('',(-0.16986208520885,-0.116308714311532,-0.0881331277044034));
#10394=CARTESIAN_POINT('',(-0.16986208520885,-0.116308714311532,-0.0881331277044034));
#10395=CARTESIAN_POINT('',(-0.17087173520885,-0.11455994921367,-0.0881331277044034));
#10396=CARTESIAN_POINT('',(-0.185657343879719,-0.0889505237748943,-0.0881331277044034));
#10397=CARTESIAN_POINT('',(-0.185657343879719,-0.0889505237748943,-0.0881331277044034));
#10398=CARTESIAN_POINT('',(-0.186666993879719,-0.0872017586770324,-0.0881331277044034));
#10399=CARTESIAN_POINT('',(-0.196826278396486,-0.0696053617254438,-0.0657952586708691));
#10400=CARTESIAN_POINT('',(-0.196826278396486,-0.0696053617254438,-0.0657952586708691));
#10401=CARTESIAN_POINT('',(-0.197835928396486,-0.0678565966275819,-0.0657952586708691));
#10402=CARTESIAN_POINT('',(-0.196826278396486,-0.0696053617254438,-0.0342047413291309));
#10403=CARTESIAN_POINT('',(-0.196826278396486,-0.0696053617254438,-0.0342047413291309));
#10404=CARTESIAN_POINT('',(-0.197835928396486,-0.0678565966275819,-0.0342047413291309));
#10405=CARTESIAN_POINT('',(-0.185657343879719,-0.0889505237748943,-0.0118668722955966));
#10406=CARTESIAN_POINT('',(-0.185657343879719,-0.0889505237748943,-0.0118668722955966));
#10407=CARTESIAN_POINT('',(-0.186666993879719,-0.0872017586770324,-0.0118668722955966));
#10408=CARTESIAN_POINT('',(-0.16986208520885,-0.116308714311532,-0.0118668722955966));
#10409=CARTESIAN_POINT('',(-0.16986208520885,-0.116308714311532,-0.0118668722955966));
#10410=CARTESIAN_POINT('',(-0.17087173520885,-0.11455994921367,-0.0118668722955966));
#10411=CARTESIAN_POINT('',(-0.0911571741658403,-0.0526296190432134,-0.05));
#10412=CARTESIAN_POINT('',(-0.151041074915095,-0.11569550285479,-0.0450596708434574));
#10413=CARTESIAN_POINT('',(-0.150741321102979,-0.116084331749307,-0.0500097194527427));
#10414=CARTESIAN_POINT('',(-0.151037821965417,-0.115699752602559,-0.0549014513455717));
#10415=CARTESIAN_POINT('',(-0.151920711059721,-0.114541779253417,-0.0596514484193009));
#10416=CARTESIAN_POINT('',(-0.15330982952541,-0.11268186954161,-0.0639640958428933));
#10417=CARTESIAN_POINT('',(-0.155167927617336,-0.110116001785397,-0.0678031961516576));
#10418=CARTESIAN_POINT('',(-0.156970859973992,-0.107527121732191,-0.0703842434215729));
#10419=CARTESIAN_POINT('',(-0.158555119837315,-0.105168619362181,-0.0720854481082043));
#10420=CARTESIAN_POINT('',(-0.15976680423469,-0.103319057748853,-0.0731284668812181));
#10421=CARTESIAN_POINT('',(-0.161005112863496,-0.101379486997542,-0.073954684360631));
#10422=CARTESIAN_POINT('',(-0.162700126771826,-0.0986498568610773,-0.0747601080779183));
#10423=CARTESIAN_POINT('',(-0.164773112867842,-0.0951659489068888,-0.0751615856446702));
#10424=CARTESIAN_POINT('',(-0.167196183721716,-0.0908397364359895,-0.0746738215228332));
#10425=CARTESIAN_POINT('',(-0.169011394760553,-0.0873941155707,-0.0734931435669091));
#10426=CARTESIAN_POINT('',(-0.170361191502471,-0.0847185801260339,-0.0720797521205115));
#10427=CARTESIAN_POINT('',(-0.171286792131564,-0.0828298411625319,-0.0708198055581116));
#10428=CARTESIAN_POINT('',(-0.172133112030245,-0.0810554079098966,-0.0693683293439825));
#10429=CARTESIAN_POINT('',(-0.172907270250938,-0.0793894289356957,-0.0677125093618186));
#10430=CARTESIAN_POINT('',(-0.173593725182286,-0.0778755911369293,-0.0658870254582604));
#10431=CARTESIAN_POINT('',(-0.174186234221427,-0.0765398671336485,-0.063928906533858));
#10432=CARTESIAN_POINT('',(-0.174693039769068,-0.0753749299191873,-0.061830547847301));
#10433=CARTESIAN_POINT('',(-0.175253632480713,-0.0740640546506464,-0.0588403714812277));
#10434=CARTESIAN_POINT('',(-0.175713539494891,-0.0729629083508884,-0.0549519409242259));
#10435=CARTESIAN_POINT('',(-0.17590279558938,-0.072503309339704,-0.0499941609093076));
#10436=CARTESIAN_POINT('',(-0.175750012029462,-0.0728745728791903,-0.0459390916567691));
#10437=CARTESIAN_POINT('',(-0.175438480723111,-0.0736212704434607,-0.0427273044389553));
#10438=CARTESIAN_POINT('',(-0.175115684278453,-0.0743865726180037,-0.0404274267667922));
#10439=CARTESIAN_POINT('',(-0.174703205597915,-0.0753513545174008,-0.0382173802543626));
#10440=CARTESIAN_POINT('',(-0.174020890625825,-0.0769201241230297,-0.0353802287402449));
#10441=CARTESIAN_POINT('',(-0.172964153313401,-0.0792847435837513,-0.0322366684795139));
#10442=CARTESIAN_POINT('',(-0.171325953308754,-0.0827743186236867,-0.0290795612496154));
#10443=CARTESIAN_POINT('',(-0.169731636859843,-0.0859875093847233,-0.0271615250104566));
#10444=CARTESIAN_POINT('',(-0.168294260152313,-0.0887552464282501,-0.0260415752748623));
#10445=CARTESIAN_POINT('',(-0.167172081125692,-0.0908514100393103,-0.0254459195558422));
#10446=CARTESIAN_POINT('',(-0.166005195267422,-0.0929669055021309,-0.0250840369862248));
#10447=CARTESIAN_POINT('',(-0.164785087056443,-0.0951131299725446,-0.0249590170851265));
#10448=CARTESIAN_POINT('',(-0.163537257454719,-0.0972425721946942,-0.0250799541819186));
#10449=CARTESIAN_POINT('',(-0.161874996867357,-0.0999980511431505,-0.0255538739333883));
#10450=CARTESIAN_POINT('',(-0.159757131707191,-0.103359628933851,-0.0267562597597769));
#10451=CARTESIAN_POINT('',(-0.157366360131095,-0.106957986585778,-0.0290572617433383));
#10452=CARTESIAN_POINT('',(-0.15516331006382,-0.110122779545501,-0.0322048508559027));
#10453=CARTESIAN_POINT('',(-0.15363933086159,-0.112227182389195,-0.0353468189728501));
#10454=CARTESIAN_POINT('',(-0.152619918111295,-0.113605453284913,-0.0381802982940481));
#10455=CARTESIAN_POINT('',(-0.151779112841392,-0.114727502955096,-0.0411174104694798));
#10456=CARTESIAN_POINT('',(-0.151041074915095,-0.11569550285479,-0.0450596708434574));
#10457=CARTESIAN_POINT('',(-0.150741321102979,-0.116084331749307,-0.0500097194527427));
#10458=CARTESIAN_POINT('',(-0.151037821965417,-0.115699752602559,-0.0549014513455717));
#10459=CARTESIAN_POINT('',(-0.150840696882071,-0.115955430409096,-0.05));
#10460=CARTESIAN_POINT('',(-0.175450024792391,-0.101296119043213,-0.05));
#10461=CARTESIAN_POINT('',(-0.162950024792391,-0.122946754137824,-0.05));
#10462=CARTESIAN_POINT('',(-0.175450024792391,-0.101296119043213,-0.05));
#10463=CARTESIAN_POINT('',(-0.175450024792391,-0.101296119043213,-0.05));
#10464=CARTESIAN_POINT('',(-0.162305524792391,-0.124063060883302,-0.05));
#10465=CARTESIAN_POINT('',(-0.175450024792391,-0.101296119043213,-0.05));
#10466=CARTESIAN_POINT('',(-0.177759714544284,-0.102629619043213,-0.05));
#10467=CARTESIAN_POINT('',(-0.164615214544284,-0.125396560883302,-0.05));
#10468=CARTESIAN_POINT('',(-0.195259238086427,-0.0381331277044032,-0.0342047413291309));
#10469=CARTESIAN_POINT('',(-0.194045920238425,-0.0381331277044032,-0.0342047413291309));
#10470=CARTESIAN_POINT('',(-0.195259238086427,-0.0381331277044032,-0.0342047413291309));
#10471=CARTESIAN_POINT('',(-0.195259238086427,-0.0361138277044032,-0.0342047413291309));
#10472=CARTESIAN_POINT('',(-0.195259238086427,-0.0381331277044032,-0.0657952586708691));
#10473=CARTESIAN_POINT('',(-0.194045920238425,-0.0381331277044032,-0.0657952586708691));
#10474=CARTESIAN_POINT('',(-0.195259238086427,-0.0381331277044032,-0.0657952586708691));
#10475=CARTESIAN_POINT('',(-0.195259238086427,-0.0361138277044032,-0.0657952586708691));
#10476=CARTESIAN_POINT('',(-0.195259238086427,-0.015795258670869,-0.0881331277044034));
#10477=CARTESIAN_POINT('',(-0.194045920238425,-0.015795258670869,-0.0881331277044034));
#10478=CARTESIAN_POINT('',(-0.195259238086427,-0.015795258670869,-0.0881331277044034));
#10479=CARTESIAN_POINT('',(-0.195259238086427,-0.013775958670869,-0.0881331277044034));
#10480=CARTESIAN_POINT('',(-0.195259238086427,0.0157952586708691,-0.0881331277044034));
#10481=CARTESIAN_POINT('',(-0.194045920238425,0.0157952586708691,-0.0881331277044034));
#10482=CARTESIAN_POINT('',(-0.195259238086427,0.0157952586708691,-0.0881331277044034));
#10483=CARTESIAN_POINT('',(-0.195259238086427,0.0178145586708691,-0.0881331277044034));
#10484=CARTESIAN_POINT('',(-0.195259238086427,0.0381331277044034,-0.0657952586708691));
#10485=CARTESIAN_POINT('',(-0.194045920238425,0.0381331277044034,-0.0657952586708691));
#10486=CARTESIAN_POINT('',(-0.195259238086427,0.0381331277044034,-0.0657952586708691));
#10487=CARTESIAN_POINT('',(-0.195259238086427,0.0401524277044034,-0.0657952586708691));
#10488=CARTESIAN_POINT('',(-0.195259238086427,0.0381331277044034,-0.0342047413291309));
#10489=CARTESIAN_POINT('',(-0.194045920238425,0.0381331277044034,-0.0342047413291309));
#10490=CARTESIAN_POINT('',(-0.195259238086427,0.0381331277044034,-0.0342047413291309));
#10491=CARTESIAN_POINT('',(-0.195259238086427,0.0401524277044034,-0.0342047413291309));
#10492=CARTESIAN_POINT('',(-0.195259238086427,0.0157952586708691,-0.0118668722955966));
#10493=CARTESIAN_POINT('',(-0.194045920238425,0.0157952586708691,-0.0118668722955966));
#10494=CARTESIAN_POINT('',(-0.195259238086427,0.0157952586708691,-0.0118668722955966));
#10495=CARTESIAN_POINT('',(-0.195259238086427,0.0178145586708691,-0.0118668722955966));
#10496=CARTESIAN_POINT('',(-0.195259238086427,-0.015795258670869,-0.0118668722955966));
#10497=CARTESIAN_POINT('',(-0.194045920238425,-0.015795258670869,-0.0118668722955966));
#10498=CARTESIAN_POINT('',(-0.195259238086427,-0.015795258670869,-0.0118668722955966));
#10499=CARTESIAN_POINT('',(-0.195259238086427,-0.013775958670869,-0.0118668722955966));
#10500=CARTESIAN_POINT('',(-0.205259238086427,-0.0381331277044032,-0.0342047413291309));
#10501=CARTESIAN_POINT('',(-0.205259238086427,-0.0381331277044032,-0.0342047413291309));
#10502=CARTESIAN_POINT('',(-0.205259238086427,-0.0361138277044032,-0.0342047413291309));
#10503=CARTESIAN_POINT('',(-0.205259238086427,-0.0381331277044032,-0.0657952586708691));
#10504=CARTESIAN_POINT('',(-0.205259238086427,-0.0381331277044032,-0.0657952586708691));
#10505=CARTESIAN_POINT('',(-0.205259238086427,-0.0361138277044032,-0.0657952586708691));
#10506=CARTESIAN_POINT('',(-0.205259238086427,-0.015795258670869,-0.0881331277044034));
#10507=CARTESIAN_POINT('',(-0.205259238086427,-0.015795258670869,-0.0881331277044034));
#10508=CARTESIAN_POINT('',(-0.205259238086427,-0.013775958670869,-0.0881331277044034));
#10509=CARTESIAN_POINT('',(-0.205259238086427,0.0157952586708691,-0.0881331277044034));
#10510=CARTESIAN_POINT('',(-0.205259238086427,0.0157952586708691,-0.0881331277044034));
#10511=CARTESIAN_POINT('',(-0.205259238086427,0.0178145586708691,-0.0881331277044034));
#10512=CARTESIAN_POINT('',(-0.205259238086427,0.0381331277044034,-0.0657952586708691));
#10513=CARTESIAN_POINT('',(-0.205259238086427,0.0381331277044034,-0.0657952586708691));
#10514=CARTESIAN_POINT('',(-0.205259238086427,0.0401524277044034,-0.0657952586708691));
#10515=CARTESIAN_POINT('',(-0.205259238086427,0.0381331277044034,-0.0342047413291309));
#10516=CARTESIAN_POINT('',(-0.205259238086427,0.0381331277044034,-0.0342047413291309));
#10517=CARTESIAN_POINT('',(-0.205259238086427,0.0401524277044034,-0.0342047413291309));
#10518=CARTESIAN_POINT('',(-0.205259238086427,0.0157952586708691,-0.0118668722955966));
#10519=CARTESIAN_POINT('',(-0.205259238086427,0.0157952586708691,-0.0118668722955966));
#10520=CARTESIAN_POINT('',(-0.205259238086427,0.0178145586708691,-0.0118668722955966));
#10521=CARTESIAN_POINT('',(-0.205259238086427,-0.015795258670869,-0.0118668722955966));
#10522=CARTESIAN_POINT('',(-0.205259238086427,-0.015795258670869,-0.0118668722955966));
#10523=CARTESIAN_POINT('',(-0.205259238086427,-0.013775958670869,-0.0118668722955966));
#10524=CARTESIAN_POINT('',(-0.105259238086427,4.61447339844666E-17,-0.05));
#10525=CARTESIAN_POINT('',(-0.188653159318776,-0.0246747071183159,-0.0450596708434574));
#10526=CARTESIAN_POINT('',(-0.18858797934986,-0.0251613197247505,-0.0500097194527427));
#10527=CARTESIAN_POINT('',(-0.188652467055602,-0.0246800139826821,-0.0549014513455717));
#10528=CARTESIAN_POINT('',(-0.188838084765422,-0.0232357350982678,-0.0596514484193009));
#10529=CARTESIAN_POINT('',(-0.189111141789672,-0.0209304468062531,-0.0639640958428934));
#10530=CARTESIAN_POINT('',(-0.189437368061896,-0.0177792911006586,-0.0678031961516576));
#10531=CARTESIAN_POINT('',(-0.189704313257463,-0.014635789028903,-0.0703842434215729));
#10532=CARTESIAN_POINT('',(-0.189897071360291,-0.0118011361299268,-0.0720854481082043));
#10533=CARTESIAN_POINT('',(-0.190021640023123,-0.00959352658823295,-0.0731284668812181));
#10534=CARTESIAN_POINT('',(-0.19012426137774,-0.00729465473075756,-0.073954684360631));
#10535=CARTESIAN_POINT('',(-0.190227371413889,-0.00408321873547859,-0.0747601080779183));
#10536=CARTESIAN_POINT('',(-0.190280676057636,-2.95728946969241E-5,-0.0751615856446702));
#10537=CARTESIAN_POINT('',(-0.190216010736811,0.00492857243420815,-0.0746738215228331));
#10538=CARTESIAN_POINT('',(-0.190065219177029,0.00882017315477708,-0.0734931435669092));
#10539=CARTESIAN_POINT('',(-0.189896409723142,0.0118121531895427,-0.0720797521205115));
#10540=CARTESIAN_POINT('',(-0.189753633899945,0.0139106494275994,-0.0708198055581117));
#10541=CARTESIAN_POINT('',(-0.189599351805613,0.015870513651042,-0.0693683293439826));
#10542=CARTESIAN_POINT('',(-0.189436803004181,0.0177003728752169,-0.0677125093618186));
#10543=CARTESIAN_POINT('',(-0.189274371513899,0.019354622331832,-0.0658870254582604));
#10544=CARTESIAN_POINT('',(-0.189119637392126,0.020807647770688,-0.063928906533858));
#10545=CARTESIAN_POINT('',(-0.188976075263931,0.0220699157660458,-0.0618305478473011));
#10546=CARTESIAN_POINT('',(-0.188806125159123,0.0234854634056179,-0.0588403714812278));
#10547=CARTESIAN_POINT('',(-0.1886538431669,0.0246690375815805,-0.054951940924226));
#10548=CARTESIAN_POINT('',(-0.188587944246956,0.0251616900480647,-0.0499941609093077));
#10549=CARTESIAN_POINT('',(-0.18864126157253,0.0247637746114118,-0.045939091656769));
#10550=CARTESIAN_POINT('',(-0.188744816329291,0.0239613498986339,-0.0427273044389553));
#10551=CARTESIAN_POINT('',(-0.188847917495237,0.0231371805515793,-0.0404274267667922));
#10552=CARTESIAN_POINT('',(-0.18897309142907,0.0220954155773209,-0.0382173802543627));
#10553=CARTESIAN_POINT('',(-0.189166574132672,0.0203956637601165,-0.0353802287402449));
#10554=CARTESIAN_POINT('',(-0.189433722505347,0.0178194745806366,-0.0322366684795139));
#10555=CARTESIAN_POINT('',(-0.189759787204811,0.0139783139453168,-0.0290795612496154));
#10556=CARTESIAN_POINT('',(-0.189985664038901,0.0103984508945983,-0.0271615250104567));
#10557=CARTESIAN_POINT('',(-0.190124727817135,0.00728283195014388,-0.0260415752748622));
#10558=CARTESIAN_POINT('',(-0.190200974078017,0.00490641149916669,-0.0254459195558422));
#10559=CARTESIAN_POINT('',(-0.190248169012849,0.00249089575763845,-0.0250840369862248));
#10560=CARTESIAN_POINT('',(-0.190264636541982,2.21567385465145E-5,-0.0249590170851265));
#10561=CARTESIAN_POINT('',(-0.19024870551837,-0.00244590912258784,-0.0250799541819186));
#10562=CARTESIAN_POINT('',(-0.190186885096232,-0.00566335418522557,-0.0255538739333883));
#10563=CARTESIAN_POINT('',(-0.19003354896109,-0.00963349852885212,-0.0267562597597769));
#10564=CARTESIAN_POINT('',(-0.189762258867508,-0.0139451534553715,-0.0290572617433383));
#10565=CARTESIAN_POINT('',(-0.1894367580233,-0.0177874695898476,-0.0322048508559027));
#10566=CARTESIAN_POINT('',(-0.189169154741176,-0.0203719255133975,-0.0353468189728501));
#10567=CARTESIAN_POINT('',(-0.188975452850339,-0.0220752494975337,-0.0381802982940481));
#10568=CARTESIAN_POINT('',(-0.188808318962059,-0.0234673756511715,-0.0411174104694798));
#10569=CARTESIAN_POINT('',(-0.188653159318776,-0.0246747071183159,-0.0450596708434574));
#10570=CARTESIAN_POINT('',(-0.18858797934986,-0.0251613197247505,-0.0500097194527427));
#10571=CARTESIAN_POINT('',(-0.188652467055602,-0.0246800139826821,-0.0549014513455717));
#10572=CARTESIAN_POINT('',(-0.18860959062897,-0.025,-0.05));
#10573=CARTESIAN_POINT('',(-0.202592238086427,8.85843364585297E-17,-0.05));
#10574=CARTESIAN_POINT('',(-0.202592238086427,-0.0249999999999999,-0.05));
#10575=CARTESIAN_POINT('',(-0.202592238086427,1.99357543837164E-16,-0.05));
#10576=CARTESIAN_POINT('',(-0.202592238086427,8.85843364585297E-17,-0.05));
#10577=CARTESIAN_POINT('',(-0.202592238086427,-0.0262889999999999,-0.05));
#10578=CARTESIAN_POINT('',(-0.202592238086427,8.85843364585297E-17,-0.05));
#10579=CARTESIAN_POINT('',(-0.205259238086427,8.97472146169993E-17,-0.05));
#10580=CARTESIAN_POINT('',(-0.205259238086427,-0.0262889999999999,-0.05));
#10581=CARTESIAN_POINT('',(-0.188166024358642,0.0646053617254442,-0.0342047413291309));
#10582=CARTESIAN_POINT('',(-0.187115260279407,0.063998702801443,-0.0342047413291309));
#10583=CARTESIAN_POINT('',(-0.188166024358642,0.0646053617254442,-0.0342047413291309));
#10584=CARTESIAN_POINT('',(-0.187156374358642,0.0663541268233061,-0.0342047413291309));
#10585=CARTESIAN_POINT('',(-0.188166024358642,0.0646053617254442,-0.0657952586708691));
#10586=CARTESIAN_POINT('',(-0.187115260279407,0.063998702801443,-0.0657952586708691));
#10587=CARTESIAN_POINT('',(-0.188166024358642,0.0646053617254442,-0.0657952586708691));
#10588=CARTESIAN_POINT('',(-0.187156374358642,0.0663541268233061,-0.0657952586708691));
#10589=CARTESIAN_POINT('',(-0.176997089841874,0.0839505237748946,-0.0881331277044034));
#10590=CARTESIAN_POINT('',(-0.175946325762639,0.0833438648508934,-0.0881331277044034));
#10591=CARTESIAN_POINT('',(-0.176997089841874,0.0839505237748946,-0.0881331277044034));
#10592=CARTESIAN_POINT('',(-0.175987439841874,0.0856992888727565,-0.0881331277044034));
#10593=CARTESIAN_POINT('',(-0.161201831171005,0.111308714311533,-0.0881331277044034));
#10594=CARTESIAN_POINT('',(-0.16015106709177,0.110702055387531,-0.0881331277044034));
#10595=CARTESIAN_POINT('',(-0.161201831171005,0.111308714311533,-0.0881331277044034));
#10596=CARTESIAN_POINT('',(-0.160192181171005,0.113057479409395,-0.0881331277044034));
#10597=CARTESIAN_POINT('',(-0.150032896654238,0.130653876360983,-0.0657952586708691));
#10598=CARTESIAN_POINT('',(-0.148982132575003,0.130047217436982,-0.0657952586708691));
#10599=CARTESIAN_POINT('',(-0.150032896654238,0.130653876360983,-0.0657952586708691));
#10600=CARTESIAN_POINT('',(-0.149023246654238,0.132402641458845,-0.0657952586708691));
#10601=CARTESIAN_POINT('',(-0.150032896654238,0.130653876360983,-0.0342047413291309));
#10602=CARTESIAN_POINT('',(-0.148982132575003,0.130047217436982,-0.0342047413291309));
#10603=CARTESIAN_POINT('',(-0.150032896654238,0.130653876360983,-0.0342047413291309));
#10604=CARTESIAN_POINT('',(-0.149023246654238,0.132402641458845,-0.0342047413291309));
#10605=CARTESIAN_POINT('',(-0.161201831171005,0.111308714311533,-0.0118668722955966));
#10606=CARTESIAN_POINT('',(-0.16015106709177,0.110702055387531,-0.0118668722955966));
#10607=CARTESIAN_POINT('',(-0.161201831171005,0.111308714311533,-0.0118668722955966));
#10608=CARTESIAN_POINT('',(-0.160192181171005,0.113057479409395,-0.0118668722955966));
#10609=CARTESIAN_POINT('',(-0.176997089841874,0.0839505237748946,-0.0118668722955966));
#10610=CARTESIAN_POINT('',(-0.175946325762639,0.0833438648508934,-0.0118668722955966));
#10611=CARTESIAN_POINT('',(-0.176997089841874,0.0839505237748946,-0.0118668722955966));
#10612=CARTESIAN_POINT('',(-0.175987439841874,0.0856992888727565,-0.0118668722955966));
#10613=CARTESIAN_POINT('',(-0.196826278396486,0.0696053617254442,-0.0342047413291309));
#10614=CARTESIAN_POINT('',(-0.196826278396486,0.0696053617254442,-0.0342047413291309));
#10615=CARTESIAN_POINT('',(-0.195816628396486,0.0713541268233061,-0.0342047413291309));
#10616=CARTESIAN_POINT('',(-0.196826278396486,0.0696053617254442,-0.0657952586708691));
#10617=CARTESIAN_POINT('',(-0.196826278396486,0.0696053617254442,-0.0657952586708691));
#10618=CARTESIAN_POINT('',(-0.195816628396486,0.0713541268233061,-0.0657952586708691));
#10619=CARTESIAN_POINT('',(-0.185657343879719,0.0889505237748946,-0.0881331277044034));
#10620=CARTESIAN_POINT('',(-0.185657343879719,0.0889505237748946,-0.0881331277044034));
#10621=CARTESIAN_POINT('',(-0.184647693879719,0.0906992888727565,-0.0881331277044034));
#10622=CARTESIAN_POINT('',(-0.16986208520885,0.116308714311533,-0.0881331277044034));
#10623=CARTESIAN_POINT('',(-0.16986208520885,0.116308714311533,-0.0881331277044034));
#10624=CARTESIAN_POINT('',(-0.16885243520885,0.118057479409395,-0.0881331277044034));
#10625=CARTESIAN_POINT('',(-0.158693150692083,0.135653876360983,-0.0657952586708691));
#10626=CARTESIAN_POINT('',(-0.158693150692083,0.135653876360983,-0.0657952586708691));
#10627=CARTESIAN_POINT('',(-0.157683500692083,0.137402641458845,-0.0657952586708691));
#10628=CARTESIAN_POINT('',(-0.158693150692083,0.135653876360983,-0.0342047413291309));
#10629=CARTESIAN_POINT('',(-0.158693150692083,0.135653876360983,-0.0342047413291309));
#10630=CARTESIAN_POINT('',(-0.157683500692083,0.137402641458845,-0.0342047413291309));
#10631=CARTESIAN_POINT('',(-0.16986208520885,0.116308714311533,-0.0118668722955966));
#10632=CARTESIAN_POINT('',(-0.16986208520885,0.116308714311533,-0.0118668722955966));
#10633=CARTESIAN_POINT('',(-0.16885243520885,0.118057479409395,-0.0118668722955966));
#10634=CARTESIAN_POINT('',(-0.185657343879719,0.0889505237748946,-0.0118668722955966));
#10635=CARTESIAN_POINT('',(-0.185657343879719,0.0889505237748946,-0.0118668722955966));
#10636=CARTESIAN_POINT('',(-0.184647693879719,0.0906992888727565,-0.0118668722955966));
#10637=CARTESIAN_POINT('',(-0.0911571741658403,0.0526296190432136,-0.05));
#10638=CARTESIAN_POINT('',(-0.175715782033411,0.0729576564639857,-0.0450596708434574));
#10639=CARTESIAN_POINT('',(-0.17590264082773,0.0725036476005541,-0.0500097194527427));
#10640=CARTESIAN_POINT('',(-0.175717835948099,0.0729527144530433,-0.0549014513455717));
#10641=CARTESIAN_POINT('',(-0.175156446157989,0.0742963055120056,-0.0596514484193009));
#10642=CARTESIAN_POINT('',(-0.174240276331663,0.0764292722480617,-0.0639640958428934));
#10643=CARTESIAN_POINT('',(-0.172947218717994,0.0793213662764993,-0.0678031961516576));
#10644=CARTESIAN_POINT('',(-0.171606649002895,0.0821771915252718,-0.0703842434215729));
#10645=CARTESIAN_POINT('',(-0.170356255967242,0.0847284519981107,-0.0720854481082043));
#10646=CARTESIAN_POINT('',(-0.169360330822923,0.0867025822742702,-0.0731284668812181));
#10647=CARTESIAN_POINT('',(-0.168299767594254,0.0887447743801975,-0.073954684360631));
#10648=CARTESIAN_POINT('',(-0.166783345507305,0.0915775145528113,-0.0747601080779183));
#10649=CARTESIAN_POINT('',(-0.164802685762538,0.0951147271507469,-0.0751615856446702));
#10650=CARTESIAN_POINT('',(-0.162267611287508,0.0993762743008216,-0.0746738215228331));
#10651=CARTESIAN_POINT('',(-0.160191221605776,0.102671103606329,-0.0734931435669092));
#10652=CARTESIAN_POINT('',(-0.158549038312928,0.105177829597109,-0.0720797521205115));
#10653=CARTESIAN_POINT('',(-0.157376142703965,0.106923792737413,-0.0708198055581117));
#10654=CARTESIAN_POINT('',(-0.156262598379203,0.108543943895717,-0.0693683293439826));
#10655=CARTESIAN_POINT('',(-0.155206897375721,0.110047374068485,-0.0677125093618187));
#10656=CARTESIAN_POINT('',(-0.154239102850454,0.11139878037697,-0.0658870254582604));
#10657=CARTESIAN_POINT('',(-0.153378586450738,0.112579770258477,-0.063928906533858));
#10658=CARTESIAN_POINT('',(-0.152623124003022,0.113601145344744,-0.0618305478473011));
#10659=CARTESIAN_POINT('',(-0.151768169075095,0.114742070508476,-0.0588403714812278));
#10660=CARTESIAN_POINT('',(-0.151044501913311,0.115690934816012,-0.054951940924226));
#10661=CARTESIAN_POINT('',(-0.150741105541315,0.116084634907252,-0.0499941609093078));
#10662=CARTESIAN_POINT('',(-0.15098623741805,0.11576668869334,-0.0459390916567692));
#10663=CARTESIAN_POINT('',(-0.151477130824477,0.11512354588583,-0.0427273044389554));
#10664=CARTESIAN_POINT('',(-0.151978503726874,0.114461344877234,-0.0404274267667922));
#10665=CARTESIAN_POINT('',(-0.152607790020594,0.113621736911669,-0.0382173802543627));
#10666=CARTESIAN_POINT('',(-0.153625226865708,0.112246450009643,-0.0353802287402449));
#10667=CARTESIAN_POINT('',(-0.155144678732764,0.110148978921596,-0.032236668479514));
#10668=CARTESIAN_POINT('',(-0.157347639363437,0.106985468581124,-0.0290795612496154));
#10669=CARTESIAN_POINT('',(-0.159333185965244,0.103998154654178,-0.0271615250104567));
#10670=CARTESIAN_POINT('',(-0.161011428202169,0.101369481388885,-0.0260415752748622));
#10671=CARTESIAN_POINT('',(-0.162265669626525,0.0993495640387072,-0.0254459195558422));
#10672=CARTESIAN_POINT('',(-0.163514299509784,0.0972812635107185,-0.0250840369862248));
#10673=CARTESIAN_POINT('',(-0.164762930317896,0.0951515065694373,-0.0249590170851265));
#10674=CARTESIAN_POINT('',(-0.165983166577307,0.0930061333236759,-0.0250799541819186));
#10675=CARTESIAN_POINT('',(-0.167538351052582,0.090188833953082,-0.0255538739333883));
#10676=CARTESIAN_POINT('',(-0.169390630236044,0.0866739200272388,-0.0267562597597769));
#10677=CARTESIAN_POINT('',(-0.171311513586466,0.0828042722817299,-0.0290572617433383));
#10678=CARTESIAN_POINT('',(-0.172950779653667,0.079313978477799,-0.0322048508559027));
#10679=CARTESIAN_POINT('',(-0.174011256374987,0.0769419723519816,-0.0353468189728501));
#10680=CARTESIAN_POINT('',(-0.174695167608828,0.0753699995654255,-0.0381802982940481));
#10681=CARTESIAN_POINT('',(-0.175246488492564,0.0740808160069626,-0.0411174104694798));
#10682=CARTESIAN_POINT('',(-0.175715782033411,0.0729576564639857,-0.0450596708434574));
#10683=CARTESIAN_POINT('',(-0.17590264082773,0.0725036476005541,-0.0500097194527427));
#10684=CARTESIAN_POINT('',(-0.175717835948099,0.0729527144530433,-0.0549014513455717));
#10685=CARTESIAN_POINT('',(-0.175840696882071,0.0726541602198743,-0.05));
#10686=CARTESIAN_POINT('',(-0.175450024792391,0.101296119043214,-0.05));
#10687=CARTESIAN_POINT('',(-0.187950024792391,0.0796454839486027,-0.05));
#10688=CARTESIAN_POINT('',(-0.175450024792391,0.101296119043214,-0.05));
#10689=CARTESIAN_POINT('',(-0.175450024792391,0.101296119043214,-0.05));
#10690=CARTESIAN_POINT('',(-0.188594524792391,0.0785291772031245,-0.05));
#10691=CARTESIAN_POINT('',(-0.175450024792391,0.101296119043214,-0.05));
#10692=CARTESIAN_POINT('',(-0.177759714544284,0.102629619043214,-0.05));
#10693=CARTESIAN_POINT('',(-0.190904214544284,0.0798626772031245,-0.05));
#10694=CARTESIAN_POINT('',(-0.130653876360983,0.150032896654238,-0.0342047413291309));
#10695=CARTESIAN_POINT('',(-0.130047217436982,0.148982132575003,-0.0342047413291309));
#10696=CARTESIAN_POINT('',(-0.130653876360983,0.150032896654238,-0.0342047413291309));
#10697=CARTESIAN_POINT('',(-0.128905111263121,0.151042546654238,-0.0342047413291309));
#10698=CARTESIAN_POINT('',(-0.130653876360983,0.150032896654238,-0.0657952586708691));
#10699=CARTESIAN_POINT('',(-0.130047217436982,0.148982132575003,-0.0657952586708691));
#10700=CARTESIAN_POINT('',(-0.130653876360983,0.150032896654238,-0.0657952586708691));
#10701=CARTESIAN_POINT('',(-0.128905111263121,0.151042546654238,-0.0657952586708691));
#10702=CARTESIAN_POINT('',(-0.111308714311532,0.161201831171006,-0.0881331277044034));
#10703=CARTESIAN_POINT('',(-0.110702055387531,0.16015106709177,-0.0881331277044034));
#10704=CARTESIAN_POINT('',(-0.111308714311532,0.161201831171006,-0.0881331277044034));
#10705=CARTESIAN_POINT('',(-0.10955994921367,0.162211481171006,-0.0881331277044034));
#10706=CARTESIAN_POINT('',(-0.0839505237748944,0.176997089841875,-0.0881331277044034));
#10707=CARTESIAN_POINT('',(-0.0833438648508932,0.175946325762639,-0.0881331277044034));
#10708=CARTESIAN_POINT('',(-0.0839505237748944,0.176997089841875,-0.0881331277044034));
#10709=CARTESIAN_POINT('',(-0.0822017586770325,0.178006739841875,-0.0881331277044034));
#10710=CARTESIAN_POINT('',(-0.0646053617254439,0.188166024358642,-0.0657952586708691));
#10711=CARTESIAN_POINT('',(-0.0639987028014427,0.187115260279407,-0.0657952586708691));
#10712=CARTESIAN_POINT('',(-0.0646053617254439,0.188166024358642,-0.0657952586708691));
#10713=CARTESIAN_POINT('',(-0.062856596627582,0.189175674358642,-0.0657952586708691));
#10714=CARTESIAN_POINT('',(-0.0646053617254439,0.188166024358642,-0.0342047413291309));
#10715=CARTESIAN_POINT('',(-0.0639987028014427,0.187115260279407,-0.0342047413291309));
#10716=CARTESIAN_POINT('',(-0.0646053617254439,0.188166024358642,-0.0342047413291309));
#10717=CARTESIAN_POINT('',(-0.062856596627582,0.189175674358642,-0.0342047413291309));
#10718=CARTESIAN_POINT('',(-0.0839505237748943,0.176997089841875,-0.0118668722955966));
#10719=CARTESIAN_POINT('',(-0.0833438648508932,0.175946325762639,-0.0118668722955966));
#10720=CARTESIAN_POINT('',(-0.0839505237748943,0.176997089841875,-0.0118668722955966));
#10721=CARTESIAN_POINT('',(-0.0822017586770324,0.178006739841875,-0.0118668722955966));
#10722=CARTESIAN_POINT('',(-0.111308714311532,0.161201831171006,-0.0118668722955966));
#10723=CARTESIAN_POINT('',(-0.110702055387531,0.16015106709177,-0.0118668722955966));
#10724=CARTESIAN_POINT('',(-0.111308714311532,0.161201831171006,-0.0118668722955966));
#10725=CARTESIAN_POINT('',(-0.10955994921367,0.162211481171006,-0.0118668722955966));
#10726=CARTESIAN_POINT('',(-0.135653876360983,0.158693150692083,-0.0342047413291309));
#10727=CARTESIAN_POINT('',(-0.135653876360983,0.158693150692083,-0.0342047413291309));
#10728=CARTESIAN_POINT('',(-0.133905111263121,0.159702800692083,-0.0342047413291309));
#10729=CARTESIAN_POINT('',(-0.135653876360983,0.158693150692083,-0.0657952586708691));
#10730=CARTESIAN_POINT('',(-0.135653876360983,0.158693150692083,-0.0657952586708691));
#10731=CARTESIAN_POINT('',(-0.133905111263121,0.159702800692083,-0.0657952586708691));
#10732=CARTESIAN_POINT('',(-0.116308714311532,0.16986208520885,-0.0881331277044034));
#10733=CARTESIAN_POINT('',(-0.116308714311532,0.16986208520885,-0.0881331277044034));
#10734=CARTESIAN_POINT('',(-0.11455994921367,0.17087173520885,-0.0881331277044034));
#10735=CARTESIAN_POINT('',(-0.0889505237748944,0.185657343879719,-0.0881331277044034));
#10736=CARTESIAN_POINT('',(-0.0889505237748944,0.185657343879719,-0.0881331277044034));
#10737=CARTESIAN_POINT('',(-0.0872017586770325,0.186666993879719,-0.0881331277044034));
#10738=CARTESIAN_POINT('',(-0.0696053617254439,0.196826278396486,-0.0657952586708691));
#10739=CARTESIAN_POINT('',(-0.0696053617254439,0.196826278396486,-0.0657952586708691));
#10740=CARTESIAN_POINT('',(-0.067856596627582,0.197835928396486,-0.0657952586708691));
#10741=CARTESIAN_POINT('',(-0.0696053617254439,0.196826278396486,-0.0342047413291309));
#10742=CARTESIAN_POINT('',(-0.0696053617254439,0.196826278396486,-0.0342047413291309));
#10743=CARTESIAN_POINT('',(-0.067856596627582,0.197835928396486,-0.0342047413291309));
#10744=CARTESIAN_POINT('',(-0.0889505237748944,0.185657343879719,-0.0118668722955966));
#10745=CARTESIAN_POINT('',(-0.0889505237748944,0.185657343879719,-0.0118668722955966));
#10746=CARTESIAN_POINT('',(-0.0872017586770325,0.186666993879719,-0.0118668722955966));
#10747=CARTESIAN_POINT('',(-0.116308714311532,0.16986208520885,-0.0118668722955966));
#10748=CARTESIAN_POINT('',(-0.116308714311532,0.16986208520885,-0.0118668722955966));
#10749=CARTESIAN_POINT('',(-0.11455994921367,0.17087173520885,-0.0118668722955966));
#10750=CARTESIAN_POINT('',(-0.0526296190432134,0.0911571741658403,-0.05));
#10751=CARTESIAN_POINT('',(-0.11569550285479,0.151041074915095,-0.0450596708434574));
#10752=CARTESIAN_POINT('',(-0.116084331749307,0.150741321102979,-0.0500097194527427));
#10753=CARTESIAN_POINT('',(-0.115699752602559,0.151037821965417,-0.0549014513455717));
#10754=CARTESIAN_POINT('',(-0.114541779253417,0.151920711059721,-0.0596514484193009));
#10755=CARTESIAN_POINT('',(-0.11268186954161,0.15330982952541,-0.0639640958428934));
#10756=CARTESIAN_POINT('',(-0.110116001785397,0.155167927617336,-0.0678031961516576));
#10757=CARTESIAN_POINT('',(-0.107527121732191,0.156970859973992,-0.0703842434215729));
#10758=CARTESIAN_POINT('',(-0.10516861936218,0.158555119837315,-0.0720854481082043));
#10759=CARTESIAN_POINT('',(-0.103319057748853,0.15976680423469,-0.0731284668812181));
#10760=CARTESIAN_POINT('',(-0.101379486997542,0.161005112863496,-0.073954684360631));
#10761=CARTESIAN_POINT('',(-0.0986498568610773,0.162700126771826,-0.0747601080779183));
#10762=CARTESIAN_POINT('',(-0.0951659489068888,0.164773112867841,-0.0751615856446702));
#10763=CARTESIAN_POINT('',(-0.0908397364359895,0.167196183721716,-0.0746738215228332));
#10764=CARTESIAN_POINT('',(-0.0873941155707,0.169011394760553,-0.0734931435669091));
#10765=CARTESIAN_POINT('',(-0.0847185801260339,0.170361191502471,-0.0720797521205115));
#10766=CARTESIAN_POINT('',(-0.0828298411625319,0.171286792131564,-0.0708198055581117));
#10767=CARTESIAN_POINT('',(-0.0810554079098965,0.172133112030245,-0.0693683293439825));
#10768=CARTESIAN_POINT('',(-0.0793894289356957,0.172907270250938,-0.0677125093618187));
#10769=CARTESIAN_POINT('',(-0.0778755911369292,0.173593725182286,-0.0658870254582604));
#10770=CARTESIAN_POINT('',(-0.0765398671336485,0.174186234221427,-0.063928906533858));
#10771=CARTESIAN_POINT('',(-0.0753749299191873,0.174693039769068,-0.061830547847301));
#10772=CARTESIAN_POINT('',(-0.0740640546506464,0.175253632480713,-0.0588403714812277));
#10773=CARTESIAN_POINT('',(-0.0729629083508884,0.175713539494891,-0.054951940924226));
#10774=CARTESIAN_POINT('',(-0.072503309339704,0.17590279558938,-0.0499941609093076));
#10775=CARTESIAN_POINT('',(-0.0728745728791903,0.175750012029462,-0.0459390916567691));
#10776=CARTESIAN_POINT('',(-0.0736212704434607,0.175438480723111,-0.0427273044389553));
#10777=CARTESIAN_POINT('',(-0.0743865726180038,0.175115684278453,-0.0404274267667922));
#10778=CARTESIAN_POINT('',(-0.0753513545174007,0.174703205597915,-0.0382173802543626));
#10779=CARTESIAN_POINT('',(-0.0769201241230297,0.174020890625825,-0.0353802287402449));
#10780=CARTESIAN_POINT('',(-0.0792847435837512,0.172964153313401,-0.0322366684795139));
#10781=CARTESIAN_POINT('',(-0.0827743186236868,0.171325953308754,-0.0290795612496154));
#10782=CARTESIAN_POINT('',(-0.0859875093847233,0.169731636859843,-0.0271615250104566));
#10783=CARTESIAN_POINT('',(-0.0887552464282501,0.168294260152313,-0.0260415752748623));
#10784=CARTESIAN_POINT('',(-0.0908514100393103,0.167172081125692,-0.0254459195558422));
#10785=CARTESIAN_POINT('',(-0.0929669055021309,0.166005195267422,-0.0250840369862248));
#10786=CARTESIAN_POINT('',(-0.0951131299725446,0.164785087056443,-0.0249590170851265));
#10787=CARTESIAN_POINT('',(-0.0972425721946942,0.163537257454719,-0.0250799541819186));
#10788=CARTESIAN_POINT('',(-0.0999980511431505,0.161874996867357,-0.0255538739333883));
#10789=CARTESIAN_POINT('',(-0.103359628933851,0.159757131707191,-0.0267562597597769));
#10790=CARTESIAN_POINT('',(-0.106957986585778,0.157366360131095,-0.0290572617433383));
#10791=CARTESIAN_POINT('',(-0.110122779545501,0.15516331006382,-0.0322048508559027));
#10792=CARTESIAN_POINT('',(-0.112227182389195,0.153639330861589,-0.0353468189728501));
#10793=CARTESIAN_POINT('',(-0.113605453284913,0.152619918111295,-0.0381802982940481));
#10794=CARTESIAN_POINT('',(-0.114727502955096,0.151779112841392,-0.0411174104694798));
#10795=CARTESIAN_POINT('',(-0.11569550285479,0.151041074915095,-0.0450596708434574));
#10796=CARTESIAN_POINT('',(-0.116084331749307,0.150741321102979,-0.0500097194527427));
#10797=CARTESIAN_POINT('',(-0.115699752602559,0.151037821965417,-0.0549014513455717));
#10798=CARTESIAN_POINT('',(-0.115955430409096,0.150840696882071,-0.05));
#10799=CARTESIAN_POINT('',(-0.101296119043213,0.175450024792391,-0.05));
#10800=CARTESIAN_POINT('',(-0.122946754137824,0.162950024792391,-0.05));
#10801=CARTESIAN_POINT('',(-0.101296119043213,0.175450024792391,-0.05));
#10802=CARTESIAN_POINT('',(-0.101296119043213,0.175450024792391,-0.05));
#10803=CARTESIAN_POINT('',(-0.124063060883303,0.162305524792391,-0.05));
#10804=CARTESIAN_POINT('',(-0.101296119043213,0.175450024792391,-0.05));
#10805=CARTESIAN_POINT('',(-0.102629619043213,0.177759714544284,-0.05));
#10806=CARTESIAN_POINT('',(-0.125396560883303,0.164615214544284,-0.05));
#10807=CARTESIAN_POINT('',(-0.0381331277044033,0.195259238086427,-0.0342047413291309));
#10808=CARTESIAN_POINT('',(-0.0381331277044033,0.194045920238425,-0.0342047413291309));
#10809=CARTESIAN_POINT('',(-0.0381331277044033,0.195259238086427,-0.0342047413291309));
#10810=CARTESIAN_POINT('',(-0.0361138277044033,0.195259238086427,-0.0342047413291309));
#10811=CARTESIAN_POINT('',(-0.0381331277044033,0.195259238086427,-0.0657952586708691));
#10812=CARTESIAN_POINT('',(-0.0381331277044033,0.194045920238425,-0.0657952586708691));
#10813=CARTESIAN_POINT('',(-0.0381331277044033,0.195259238086427,-0.0657952586708691));
#10814=CARTESIAN_POINT('',(-0.0361138277044033,0.195259238086427,-0.0657952586708691));
#10815=CARTESIAN_POINT('',(-0.015795258670869,0.195259238086427,-0.0881331277044034));
#10816=CARTESIAN_POINT('',(-0.015795258670869,0.194045920238425,-0.0881331277044034));
#10817=CARTESIAN_POINT('',(-0.015795258670869,0.195259238086427,-0.0881331277044034));
#10818=CARTESIAN_POINT('',(-0.013775958670869,0.195259238086427,-0.0881331277044034));
#10819=CARTESIAN_POINT('',(0.0157952586708691,0.195259238086427,-0.0881331277044034));
#10820=CARTESIAN_POINT('',(0.0157952586708691,0.194045920238425,-0.0881331277044034));
#10821=CARTESIAN_POINT('',(0.0157952586708691,0.195259238086427,-0.0881331277044034));
#10822=CARTESIAN_POINT('',(0.0178145586708691,0.195259238086427,-0.0881331277044034));
#10823=CARTESIAN_POINT('',(0.0381331277044034,0.195259238086427,-0.0657952586708691));
#10824=CARTESIAN_POINT('',(0.0381331277044034,0.194045920238425,-0.0657952586708691));
#10825=CARTESIAN_POINT('',(0.0381331277044034,0.195259238086427,-0.0657952586708691));
#10826=CARTESIAN_POINT('',(0.0401524277044034,0.195259238086427,-0.0657952586708691));
#10827=CARTESIAN_POINT('',(0.0381331277044034,0.195259238086427,-0.0342047413291309));
#10828=CARTESIAN_POINT('',(0.0381331277044034,0.194045920238425,-0.0342047413291309));
#10829=CARTESIAN_POINT('',(0.0381331277044034,0.195259238086427,-0.0342047413291309));
#10830=CARTESIAN_POINT('',(0.0401524277044034,0.195259238086427,-0.0342047413291309));
#10831=CARTESIAN_POINT('',(0.0157952586708691,0.195259238086427,-0.0118668722955966));
#10832=CARTESIAN_POINT('',(0.0157952586708691,0.194045920238425,-0.0118668722955966));
#10833=CARTESIAN_POINT('',(0.0157952586708691,0.195259238086427,-0.0118668722955966));
#10834=CARTESIAN_POINT('',(0.0178145586708691,0.195259238086427,-0.0118668722955966));
#10835=CARTESIAN_POINT('',(-0.015795258670869,0.195259238086427,-0.0118668722955966));
#10836=CARTESIAN_POINT('',(-0.015795258670869,0.194045920238425,-0.0118668722955966));
#10837=CARTESIAN_POINT('',(-0.015795258670869,0.195259238086427,-0.0118668722955966));
#10838=CARTESIAN_POINT('',(-0.013775958670869,0.195259238086427,-0.0118668722955966));
#10839=CARTESIAN_POINT('',(-0.0381331277044033,0.205259238086427,-0.0342047413291309));
#10840=CARTESIAN_POINT('',(-0.0381331277044033,0.205259238086427,-0.0342047413291309));
#10841=CARTESIAN_POINT('',(-0.0361138277044033,0.205259238086427,-0.0342047413291309));
#10842=CARTESIAN_POINT('',(-0.0381331277044032,0.205259238086427,-0.0657952586708691));
#10843=CARTESIAN_POINT('',(-0.0381331277044032,0.205259238086427,-0.0657952586708691));
#10844=CARTESIAN_POINT('',(-0.0361138277044032,0.205259238086427,-0.0657952586708691));
#10845=CARTESIAN_POINT('',(-0.015795258670869,0.205259238086427,-0.0881331277044034));
#10846=CARTESIAN_POINT('',(-0.015795258670869,0.205259238086427,-0.0881331277044034));
#10847=CARTESIAN_POINT('',(-0.013775958670869,0.205259238086427,-0.0881331277044034));
#10848=CARTESIAN_POINT('',(0.0157952586708691,0.205259238086427,-0.0881331277044034));
#10849=CARTESIAN_POINT('',(0.0157952586708691,0.205259238086427,-0.0881331277044034));
#10850=CARTESIAN_POINT('',(0.0178145586708691,0.205259238086427,-0.0881331277044034));
#10851=CARTESIAN_POINT('',(0.0381331277044034,0.205259238086427,-0.0657952586708691));
#10852=CARTESIAN_POINT('',(0.0381331277044034,0.205259238086427,-0.0657952586708691));
#10853=CARTESIAN_POINT('',(0.0401524277044034,0.205259238086427,-0.0657952586708691));
#10854=CARTESIAN_POINT('',(0.0381331277044034,0.205259238086427,-0.0342047413291309));
#10855=CARTESIAN_POINT('',(0.0381331277044034,0.205259238086427,-0.0342047413291309));
#10856=CARTESIAN_POINT('',(0.0401524277044034,0.205259238086427,-0.0342047413291309));
#10857=CARTESIAN_POINT('',(0.0157952586708691,0.205259238086427,-0.0118668722955966));
#10858=CARTESIAN_POINT('',(0.0157952586708691,0.205259238086427,-0.0118668722955966));
#10859=CARTESIAN_POINT('',(0.0178145586708691,0.205259238086427,-0.0118668722955966));
#10860=CARTESIAN_POINT('',(-0.015795258670869,0.205259238086427,-0.0118668722955966));
#10861=CARTESIAN_POINT('',(-0.015795258670869,0.205259238086427,-0.0118668722955966));
#10862=CARTESIAN_POINT('',(-0.013775958670869,0.205259238086427,-0.0118668722955966));
#10863=CARTESIAN_POINT('',(3.9699464534305E-17,0.105259238086427,-0.05));
#10864=CARTESIAN_POINT('',(-0.024674707118316,0.188653159318776,-0.0450596708434574));
#10865=CARTESIAN_POINT('',(-0.0251613197247505,0.18858797934986,-0.0500097194527427));
#10866=CARTESIAN_POINT('',(-0.0246800139826821,0.188652467055602,-0.0549014513455717));
#10867=CARTESIAN_POINT('',(-0.0232357350982678,0.188838084765422,-0.0596514484193009));
#10868=CARTESIAN_POINT('',(-0.0209304468062531,0.189111141789672,-0.0639640958428934));
#10869=CARTESIAN_POINT('',(-0.0177792911006586,0.189437368061896,-0.0678031961516576));
#10870=CARTESIAN_POINT('',(-0.014635789028903,0.189704313257463,-0.0703842434215729));
#10871=CARTESIAN_POINT('',(-0.0118011361299268,0.189897071360291,-0.0720854481082043));
#10872=CARTESIAN_POINT('',(-0.00959352658823297,0.190021640023123,-0.0731284668812181));
#10873=CARTESIAN_POINT('',(-0.00729465473075756,0.19012426137774,-0.073954684360631));
#10874=CARTESIAN_POINT('',(-0.00408321873547862,0.190227371413889,-0.0747601080779183));
#10875=CARTESIAN_POINT('',(-2.95728946969453E-5,0.190280676057636,-0.0751615856446701));
#10876=CARTESIAN_POINT('',(0.00492857243420814,0.190216010736811,-0.0746738215228332));
#10877=CARTESIAN_POINT('',(0.00882017315477707,0.190065219177029,-0.0734931435669091));
#10878=CARTESIAN_POINT('',(0.0118121531895426,0.189896409723142,-0.0720797521205115));
#10879=CARTESIAN_POINT('',(0.0139106494275994,0.189753633899945,-0.0708198055581117));
#10880=CARTESIAN_POINT('',(0.015870513651042,0.189599351805613,-0.0693683293439826));
#10881=CARTESIAN_POINT('',(0.0177003728752169,0.189436803004181,-0.0677125093618186));
#10882=CARTESIAN_POINT('',(0.019354622331832,0.189274371513899,-0.0658870254582604));
#10883=CARTESIAN_POINT('',(0.020807647770688,0.189119637392126,-0.063928906533858));
#10884=CARTESIAN_POINT('',(0.0220699157660457,0.188976075263931,-0.0618305478473011));
#10885=CARTESIAN_POINT('',(0.0234854634056179,0.188806125159123,-0.0588403714812278));
#10886=CARTESIAN_POINT('',(0.0246690375815805,0.1886538431669,-0.054951940924226));
#10887=CARTESIAN_POINT('',(0.0251616900480646,0.188587944246956,-0.0499941609093077));
#10888=CARTESIAN_POINT('',(0.0247637746114118,0.18864126157253,-0.0459390916567692));
#10889=CARTESIAN_POINT('',(0.0239613498986339,0.188744816329291,-0.0427273044389553));
#10890=CARTESIAN_POINT('',(0.0231371805515792,0.188847917495237,-0.0404274267667922));
#10891=CARTESIAN_POINT('',(0.0220954155773209,0.18897309142907,-0.0382173802543627));
#10892=CARTESIAN_POINT('',(0.0203956637601165,0.189166574132673,-0.0353802287402449));
#10893=CARTESIAN_POINT('',(0.0178194745806365,0.189433722505347,-0.0322366684795139));
#10894=CARTESIAN_POINT('',(0.0139783139453168,0.189759787204811,-0.0290795612496154));
#10895=CARTESIAN_POINT('',(0.0103984508945983,0.189985664038901,-0.0271615250104566));
#10896=CARTESIAN_POINT('',(0.00728283195014387,0.190124727817135,-0.0260415752748623));
#10897=CARTESIAN_POINT('',(0.00490641149916667,0.190200974078017,-0.0254459195558422));
#10898=CARTESIAN_POINT('',(0.00249089575763845,0.190248169012849,-0.0250840369862248));
#10899=CARTESIAN_POINT('',(2.21567385464397E-5,0.190264636541982,-0.0249590170851265));
#10900=CARTESIAN_POINT('',(-0.00244590912258786,0.19024870551837,-0.0250799541819186));
#10901=CARTESIAN_POINT('',(-0.0056633541852256,0.190186885096232,-0.0255538739333883));
#10902=CARTESIAN_POINT('',(-0.0096334985288522,0.19003354896109,-0.0267562597597769));
#10903=CARTESIAN_POINT('',(-0.0139451534553715,0.189762258867508,-0.0290572617433383));
#10904=CARTESIAN_POINT('',(-0.0177874695898476,0.1894367580233,-0.0322048508559027));
#10905=CARTESIAN_POINT('',(-0.0203719255133975,0.189169154741176,-0.0353468189728501));
#10906=CARTESIAN_POINT('',(-0.0220752494975337,0.188975452850339,-0.0381802982940482));
#10907=CARTESIAN_POINT('',(-0.0234673756511715,0.188808318962059,-0.0411174104694798));
#10908=CARTESIAN_POINT('',(-0.024674707118316,0.188653159318776,-0.0450596708434574));
#10909=CARTESIAN_POINT('',(-0.0251613197247505,0.18858797934986,-0.0500097194527427));
#10910=CARTESIAN_POINT('',(-0.0246800139826821,0.188652467055602,-0.0549014513455717));
#10911=CARTESIAN_POINT('',(-0.025,0.18860959062897,-0.05));
#10912=CARTESIAN_POINT('',(7.61791396632976E-17,0.202592238086427,-0.05));
#10913=CARTESIAN_POINT('',(-0.0249999999999999,0.202592238086427,-0.05));
#10914=CARTESIAN_POINT('',(1.86952347041932E-16,0.202592238086427,-0.05));
#10915=CARTESIAN_POINT('',(7.61791396632976E-17,0.202592238086427,-0.05));
#10916=CARTESIAN_POINT('',(-0.0262889999999999,0.202592238086427,-0.05));
#10917=CARTESIAN_POINT('',(7.61791396632976E-17,0.202592238086427,-0.05));
#10918=CARTESIAN_POINT('',(7.7178711171101E-17,0.205259238086427,-0.05));
#10919=CARTESIAN_POINT('',(-0.0262889999999999,0.205259238086427,-0.05));
#10920=CARTESIAN_POINT('',(0.0646053617254441,0.188166024358642,-0.0342047413291309));
#10921=CARTESIAN_POINT('',(0.063998702801443,0.187115260279407,-0.0342047413291309));
#10922=CARTESIAN_POINT('',(0.0646053617254441,0.188166024358642,-0.0342047413291309));
#10923=CARTESIAN_POINT('',(0.066354126823306,0.187156374358642,-0.0342047413291309));
#10924=CARTESIAN_POINT('',(0.0646053617254441,0.188166024358642,-0.0657952586708691));
#10925=CARTESIAN_POINT('',(0.063998702801443,0.187115260279407,-0.0657952586708691));
#10926=CARTESIAN_POINT('',(0.0646053617254441,0.188166024358642,-0.0657952586708691));
#10927=CARTESIAN_POINT('',(0.066354126823306,0.187156374358642,-0.0657952586708691));
#10928=CARTESIAN_POINT('',(0.0839505237748946,0.176997089841875,-0.0881331277044034));
#10929=CARTESIAN_POINT('',(0.0833438648508934,0.175946325762639,-0.0881331277044034));
#10930=CARTESIAN_POINT('',(0.0839505237748946,0.176997089841875,-0.0881331277044034));
#10931=CARTESIAN_POINT('',(0.0856992888727565,0.175987439841875,-0.0881331277044034));
#10932=CARTESIAN_POINT('',(0.111308714311533,0.161201831171005,-0.0881331277044034));
#10933=CARTESIAN_POINT('',(0.110702055387531,0.16015106709177,-0.0881331277044034));
#10934=CARTESIAN_POINT('',(0.111308714311533,0.161201831171005,-0.0881331277044034));
#10935=CARTESIAN_POINT('',(0.113057479409395,0.160192181171005,-0.0881331277044034));
#10936=CARTESIAN_POINT('',(0.130653876360983,0.150032896654238,-0.0657952586708691));
#10937=CARTESIAN_POINT('',(0.130047217436982,0.148982132575003,-0.0657952586708691));
#10938=CARTESIAN_POINT('',(0.130653876360983,0.150032896654238,-0.0657952586708691));
#10939=CARTESIAN_POINT('',(0.132402641458845,0.149023246654238,-0.0657952586708691));
#10940=CARTESIAN_POINT('',(0.130653876360983,0.150032896654238,-0.0342047413291309));
#10941=CARTESIAN_POINT('',(0.130047217436982,0.148982132575003,-0.0342047413291309));
#10942=CARTESIAN_POINT('',(0.130653876360983,0.150032896654238,-0.0342047413291309));
#10943=CARTESIAN_POINT('',(0.132402641458845,0.149023246654238,-0.0342047413291309));
#10944=CARTESIAN_POINT('',(0.111308714311533,0.161201831171005,-0.0118668722955966));
#10945=CARTESIAN_POINT('',(0.110702055387531,0.16015106709177,-0.0118668722955966));
#10946=CARTESIAN_POINT('',(0.111308714311533,0.161201831171005,-0.0118668722955966));
#10947=CARTESIAN_POINT('',(0.113057479409395,0.160192181171005,-0.0118668722955966));
#10948=CARTESIAN_POINT('',(0.0839505237748946,0.176997089841874,-0.0118668722955966));
#10949=CARTESIAN_POINT('',(0.0833438648508934,0.175946325762639,-0.0118668722955966));
#10950=CARTESIAN_POINT('',(0.0839505237748946,0.176997089841874,-0.0118668722955966));
#10951=CARTESIAN_POINT('',(0.0856992888727565,0.175987439841874,-0.0118668722955966));
#10952=CARTESIAN_POINT('',(0.0696053617254441,0.196826278396486,-0.0342047413291309));
#10953=CARTESIAN_POINT('',(0.0696053617254441,0.196826278396486,-0.0342047413291309));
#10954=CARTESIAN_POINT('',(0.071354126823306,0.195816628396486,-0.0342047413291309));
#10955=CARTESIAN_POINT('',(0.0696053617254441,0.196826278396486,-0.0657952586708691));
#10956=CARTESIAN_POINT('',(0.0696053617254441,0.196826278396486,-0.0657952586708691));
#10957=CARTESIAN_POINT('',(0.071354126823306,0.195816628396486,-0.0657952586708691));
#10958=CARTESIAN_POINT('',(0.0889505237748946,0.185657343879719,-0.0881331277044034));
#10959=CARTESIAN_POINT('',(0.0889505237748946,0.185657343879719,-0.0881331277044034));
#10960=CARTESIAN_POINT('',(0.0906992888727565,0.184647693879719,-0.0881331277044034));
#10961=CARTESIAN_POINT('',(0.116308714311533,0.16986208520885,-0.0881331277044034));
#10962=CARTESIAN_POINT('',(0.116308714311533,0.16986208520885,-0.0881331277044034));
#10963=CARTESIAN_POINT('',(0.118057479409395,0.16885243520885,-0.0881331277044034));
#10964=CARTESIAN_POINT('',(0.135653876360983,0.158693150692083,-0.0657952586708691));
#10965=CARTESIAN_POINT('',(0.135653876360983,0.158693150692083,-0.0657952586708691));
#10966=CARTESIAN_POINT('',(0.137402641458845,0.157683500692083,-0.0657952586708691));
#10967=CARTESIAN_POINT('',(0.135653876360983,0.158693150692083,-0.0342047413291309));
#10968=CARTESIAN_POINT('',(0.135653876360983,0.158693150692083,-0.0342047413291309));
#10969=CARTESIAN_POINT('',(0.137402641458845,0.157683500692083,-0.0342047413291309));
#10970=CARTESIAN_POINT('',(0.116308714311533,0.16986208520885,-0.0118668722955966));
#10971=CARTESIAN_POINT('',(0.116308714311533,0.16986208520885,-0.0118668722955966));
#10972=CARTESIAN_POINT('',(0.118057479409395,0.16885243520885,-0.0118668722955966));
#10973=CARTESIAN_POINT('',(0.0889505237748946,0.185657343879719,-0.0118668722955966));
#10974=CARTESIAN_POINT('',(0.0889505237748946,0.185657343879719,-0.0118668722955966));
#10975=CARTESIAN_POINT('',(0.0906992888727565,0.184647693879719,-0.0118668722955966));
#10976=CARTESIAN_POINT('',(0.0526296190432136,0.0911571741658403,-0.05));
#10977=CARTESIAN_POINT('',(0.0729576564639857,0.175715782033411,-0.0450596708434573));
#10978=CARTESIAN_POINT('',(0.0725036476005541,0.17590264082773,-0.0500097194527428));
#10979=CARTESIAN_POINT('',(0.0729527144530432,0.175717835948099,-0.0549014513455717));
#10980=CARTESIAN_POINT('',(0.0742963055120056,0.175156446157989,-0.0596514484193008));
#10981=CARTESIAN_POINT('',(0.0764292722480617,0.174240276331663,-0.0639640958428934));
#10982=CARTESIAN_POINT('',(0.0793213662764993,0.172947218717994,-0.0678031961516576));
#10983=CARTESIAN_POINT('',(0.0821771915252718,0.171606649002895,-0.0703842434215728));
#10984=CARTESIAN_POINT('',(0.0847284519981107,0.170356255967242,-0.0720854481082043));
#10985=CARTESIAN_POINT('',(0.0867025822742703,0.169360330822923,-0.0731284668812181));
#10986=CARTESIAN_POINT('',(0.0887447743801975,0.168299767594254,-0.0739546843606309));
#10987=CARTESIAN_POINT('',(0.0915775145528113,0.166783345507305,-0.0747601080779183));
#10988=CARTESIAN_POINT('',(0.0951147271507469,0.164802685762538,-0.0751615856446702));
#10989=CARTESIAN_POINT('',(0.0993762743008216,0.162267611287508,-0.0746738215228331));
#10990=CARTESIAN_POINT('',(0.102671103606329,0.160191221605776,-0.0734931435669092));
#10991=CARTESIAN_POINT('',(0.105177829597109,0.158549038312928,-0.0720797521205115));
#10992=CARTESIAN_POINT('',(0.106923792737413,0.157376142703965,-0.0708198055581117));
#10993=CARTESIAN_POINT('',(0.108543943895717,0.156262598379203,-0.0693683293439826));
#10994=CARTESIAN_POINT('',(0.110047374068485,0.155206897375721,-0.0677125093618187));
#10995=CARTESIAN_POINT('',(0.11139878037697,0.154239102850454,-0.0658870254582605));
#10996=CARTESIAN_POINT('',(0.112579770258477,0.153378586450738,-0.0639289065338581));
#10997=CARTESIAN_POINT('',(0.113601145344744,0.152623124003022,-0.0618305478473011));
#10998=CARTESIAN_POINT('',(0.114742070508476,0.151768169075095,-0.0588403714812279));
#10999=CARTESIAN_POINT('',(0.115690934816012,0.151044501913311,-0.054951940924226));
#11000=CARTESIAN_POINT('',(0.116084634907252,0.150741105541315,-0.0499941609093078));
#11001=CARTESIAN_POINT('',(0.11576668869334,0.15098623741805,-0.0459390916567692));
#11002=CARTESIAN_POINT('',(0.11512354588583,0.151477130824477,-0.0427273044389554));
#11003=CARTESIAN_POINT('',(0.114461344877234,0.151978503726874,-0.0404274267667922));
#11004=CARTESIAN_POINT('',(0.113621736911669,0.152607790020594,-0.0382173802543627));
#11005=CARTESIAN_POINT('',(0.112246450009643,0.153625226865708,-0.0353802287402449));
#11006=CARTESIAN_POINT('',(0.110148978921596,0.155144678732764,-0.032236668479514));
#11007=CARTESIAN_POINT('',(0.106985468581124,0.157347639363437,-0.0290795612496154));
#11008=CARTESIAN_POINT('',(0.103998154654178,0.159333185965244,-0.0271615250104567));
#11009=CARTESIAN_POINT('',(0.101369481388885,0.161011428202169,-0.0260415752748623));
#11010=CARTESIAN_POINT('',(0.0993495640387073,0.162265669626525,-0.0254459195558422));
#11011=CARTESIAN_POINT('',(0.0972812635107185,0.163514299509784,-0.0250840369862248));
#11012=CARTESIAN_POINT('',(0.0951515065694373,0.164762930317896,-0.0249590170851265));
#11013=CARTESIAN_POINT('',(0.0930061333236759,0.165983166577307,-0.0250799541819186));
#11014=CARTESIAN_POINT('',(0.090188833953082,0.167538351052582,-0.0255538739333883));
#11015=CARTESIAN_POINT('',(0.0866739200272389,0.169390630236043,-0.0267562597597768));
#11016=CARTESIAN_POINT('',(0.0828042722817299,0.171311513586466,-0.0290572617433383));
#11017=CARTESIAN_POINT('',(0.0793139784777991,0.172950779653667,-0.0322048508559025));
#11018=CARTESIAN_POINT('',(0.0769419723519817,0.174011256374987,-0.0353468189728501));
#11019=CARTESIAN_POINT('',(0.0753699995654255,0.174695167608828,-0.0381802982940481));
#11020=CARTESIAN_POINT('',(0.0740808160069626,0.175246488492564,-0.0411174104694799));
#11021=CARTESIAN_POINT('',(0.0729576564639857,0.175715782033411,-0.0450596708434573));
#11022=CARTESIAN_POINT('',(0.0725036476005541,0.17590264082773,-0.0500097194527428));
#11023=CARTESIAN_POINT('',(0.0729527144530432,0.175717835948099,-0.0549014513455717));
#11024=CARTESIAN_POINT('',(0.0726541602198742,0.175840696882071,-0.05));
#11025=CARTESIAN_POINT('',(0.101296119043214,0.175450024792391,-0.05));
#11026=CARTESIAN_POINT('',(0.0796454839486027,0.187950024792391,-0.05));
#11027=CARTESIAN_POINT('',(0.101296119043214,0.175450024792391,-0.05));
#11028=CARTESIAN_POINT('',(0.101296119043214,0.175450024792391,-0.05));
#11029=CARTESIAN_POINT('',(0.0785291772031245,0.188594524792391,-0.05));
#11030=CARTESIAN_POINT('',(0.101296119043214,0.175450024792391,-0.05));
#11031=CARTESIAN_POINT('',(0.102629619043214,0.177759714544284,-0.05));
#11032=CARTESIAN_POINT('',(0.0798626772031245,0.190904214544284,-0.05));
#11033=CARTESIAN_POINT('',(0.150032896654238,0.130653876360983,-0.0342047413291309));
#11034=CARTESIAN_POINT('',(0.148982132575003,0.130047217436982,-0.0342047413291309));
#11035=CARTESIAN_POINT('',(0.150032896654238,0.130653876360983,-0.0342047413291309));
#11036=CARTESIAN_POINT('',(0.151042546654238,0.128905111263121,-0.0342047413291309));
#11037=CARTESIAN_POINT('',(0.150032896654238,0.130653876360983,-0.0657952586708691));
#11038=CARTESIAN_POINT('',(0.148982132575003,0.130047217436982,-0.0657952586708691));
#11039=CARTESIAN_POINT('',(0.150032896654238,0.130653876360983,-0.0657952586708691));
#11040=CARTESIAN_POINT('',(0.151042546654238,0.128905111263121,-0.0657952586708691));
#11041=CARTESIAN_POINT('',(0.161201831171006,0.111308714311532,-0.0881331277044034));
#11042=CARTESIAN_POINT('',(0.16015106709177,0.110702055387531,-0.0881331277044034));
#11043=CARTESIAN_POINT('',(0.161201831171006,0.111308714311532,-0.0881331277044034));
#11044=CARTESIAN_POINT('',(0.162211481171006,0.10955994921367,-0.0881331277044034));
#11045=CARTESIAN_POINT('',(0.176997089841875,0.0839505237748944,-0.0881331277044034));
#11046=CARTESIAN_POINT('',(0.175946325762639,0.0833438648508932,-0.0881331277044034));
#11047=CARTESIAN_POINT('',(0.176997089841875,0.0839505237748944,-0.0881331277044034));
#11048=CARTESIAN_POINT('',(0.178006739841875,0.0822017586770325,-0.0881331277044034));
#11049=CARTESIAN_POINT('',(0.188166024358642,0.0646053617254439,-0.0657952586708691));
#11050=CARTESIAN_POINT('',(0.187115260279407,0.0639987028014428,-0.0657952586708691));
#11051=CARTESIAN_POINT('',(0.188166024358642,0.0646053617254439,-0.0657952586708691));
#11052=CARTESIAN_POINT('',(0.189175674358642,0.062856596627582,-0.0657952586708691));
#11053=CARTESIAN_POINT('',(0.188166024358642,0.0646053617254439,-0.0342047413291309));
#11054=CARTESIAN_POINT('',(0.187115260279407,0.0639987028014428,-0.0342047413291309));
#11055=CARTESIAN_POINT('',(0.188166024358642,0.0646053617254439,-0.0342047413291309));
#11056=CARTESIAN_POINT('',(0.189175674358642,0.062856596627582,-0.0342047413291309));
#11057=CARTESIAN_POINT('',(0.176997089841875,0.0839505237748944,-0.0118668722955966));
#11058=CARTESIAN_POINT('',(0.175946325762639,0.0833438648508932,-0.0118668722955966));
#11059=CARTESIAN_POINT('',(0.176997089841875,0.0839505237748944,-0.0118668722955966));
#11060=CARTESIAN_POINT('',(0.178006739841875,0.0822017586770325,-0.0118668722955966));
#11061=CARTESIAN_POINT('',(0.161201831171006,0.111308714311532,-0.0118668722955966));
#11062=CARTESIAN_POINT('',(0.16015106709177,0.110702055387531,-0.0118668722955966));
#11063=CARTESIAN_POINT('',(0.161201831171006,0.111308714311532,-0.0118668722955966));
#11064=CARTESIAN_POINT('',(0.162211481171006,0.10955994921367,-0.0118668722955966));
#11065=CARTESIAN_POINT('',(0.158693150692083,0.135653876360983,-0.0342047413291309));
#11066=CARTESIAN_POINT('',(0.158693150692083,0.135653876360983,-0.0342047413291309));
#11067=CARTESIAN_POINT('',(0.159702800692083,0.133905111263121,-0.0342047413291309));
#11068=CARTESIAN_POINT('',(0.158693150692083,0.135653876360983,-0.0657952586708691));
#11069=CARTESIAN_POINT('',(0.158693150692083,0.135653876360983,-0.0657952586708691));
#11070=CARTESIAN_POINT('',(0.159702800692083,0.133905111263121,-0.0657952586708691));
#11071=CARTESIAN_POINT('',(0.16986208520885,0.116308714311532,-0.0881331277044034));
#11072=CARTESIAN_POINT('',(0.16986208520885,0.116308714311532,-0.0881331277044034));
#11073=CARTESIAN_POINT('',(0.17087173520885,0.11455994921367,-0.0881331277044034));
#11074=CARTESIAN_POINT('',(0.185657343879719,0.0889505237748944,-0.0881331277044034));
#11075=CARTESIAN_POINT('',(0.185657343879719,0.0889505237748944,-0.0881331277044034));
#11076=CARTESIAN_POINT('',(0.186666993879719,0.0872017586770325,-0.0881331277044034));
#11077=CARTESIAN_POINT('',(0.196826278396486,0.0696053617254439,-0.0657952586708691));
#11078=CARTESIAN_POINT('',(0.196826278396486,0.0696053617254439,-0.0657952586708691));
#11079=CARTESIAN_POINT('',(0.197835928396486,0.067856596627582,-0.0657952586708691));
#11080=CARTESIAN_POINT('',(0.196826278396486,0.0696053617254439,-0.0342047413291309));
#11081=CARTESIAN_POINT('',(0.196826278396486,0.0696053617254439,-0.0342047413291309));
#11082=CARTESIAN_POINT('',(0.197835928396486,0.067856596627582,-0.0342047413291309));
#11083=CARTESIAN_POINT('',(0.185657343879719,0.0889505237748944,-0.0118668722955966));
#11084=CARTESIAN_POINT('',(0.185657343879719,0.0889505237748944,-0.0118668722955966));
#11085=CARTESIAN_POINT('',(0.186666993879719,0.0872017586770325,-0.0118668722955966));
#11086=CARTESIAN_POINT('',(0.16986208520885,0.116308714311532,-0.0118668722955966));
#11087=CARTESIAN_POINT('',(0.16986208520885,0.116308714311532,-0.0118668722955966));
#11088=CARTESIAN_POINT('',(0.17087173520885,0.11455994921367,-0.0118668722955966));
#11089=CARTESIAN_POINT('',(0.0911571741658403,0.0526296190432135,-0.05));
#11090=CARTESIAN_POINT('',(0.151041074915095,0.11569550285479,-0.0450596708434574));
#11091=CARTESIAN_POINT('',(0.150741321102979,0.116084331749307,-0.0500097194527427));
#11092=CARTESIAN_POINT('',(0.151037821965417,0.115699752602559,-0.0549014513455717));
#11093=CARTESIAN_POINT('',(0.151920711059721,0.114541779253417,-0.059651448419301));
#11094=CARTESIAN_POINT('',(0.15330982952541,0.11268186954161,-0.0639640958428933));
#11095=CARTESIAN_POINT('',(0.155167927617336,0.110116001785397,-0.0678031961516576));
#11096=CARTESIAN_POINT('',(0.156970859973992,0.107527121732191,-0.0703842434215729));
#11097=CARTESIAN_POINT('',(0.158555119837315,0.105168619362181,-0.0720854481082043));
#11098=CARTESIAN_POINT('',(0.15976680423469,0.103319057748853,-0.0731284668812181));
#11099=CARTESIAN_POINT('',(0.161005112863496,0.101379486997542,-0.073954684360631));
#11100=CARTESIAN_POINT('',(0.162700126771826,0.0986498568610774,-0.0747601080779183));
#11101=CARTESIAN_POINT('',(0.164773112867842,0.0951659489068889,-0.0751615856446702));
#11102=CARTESIAN_POINT('',(0.167196183721716,0.0908397364359896,-0.0746738215228331));
#11103=CARTESIAN_POINT('',(0.169011394760553,0.0873941155707001,-0.0734931435669092));
#11104=CARTESIAN_POINT('',(0.170361191502471,0.0847185801260339,-0.0720797521205115));
#11105=CARTESIAN_POINT('',(0.171286792131564,0.082829841162532,-0.0708198055581117));
#11106=CARTESIAN_POINT('',(0.172133112030245,0.0810554079098966,-0.0693683293439825));
#11107=CARTESIAN_POINT('',(0.172907270250937,0.0793894289356958,-0.0677125093618186));
#11108=CARTESIAN_POINT('',(0.173593725182286,0.0778755911369293,-0.0658870254582603));
#11109=CARTESIAN_POINT('',(0.174186234221426,0.0765398671336486,-0.063928906533858));
#11110=CARTESIAN_POINT('',(0.174693039769067,0.0753749299191874,-0.061830547847301));
#11111=CARTESIAN_POINT('',(0.175253632480713,0.0740640546506465,-0.0588403714812278));
#11112=CARTESIAN_POINT('',(0.175713539494891,0.0729629083508884,-0.0549519409242258));
#11113=CARTESIAN_POINT('',(0.17590279558938,0.0725033093397041,-0.0499941609093076));
#11114=CARTESIAN_POINT('',(0.175750012029462,0.0728745728791904,-0.0459390916567691));
#11115=CARTESIAN_POINT('',(0.175438480723111,0.0736212704434608,-0.0427273044389553));
#11116=CARTESIAN_POINT('',(0.175115684278453,0.0743865726180039,-0.0404274267667921));
#11117=CARTESIAN_POINT('',(0.174703205597914,0.0753513545174008,-0.0382173802543626));
#11118=CARTESIAN_POINT('',(0.174020890625825,0.0769201241230298,-0.0353802287402448));
#11119=CARTESIAN_POINT('',(0.172964153313401,0.0792847435837513,-0.0322366684795139));
#11120=CARTESIAN_POINT('',(0.171325953308754,0.0827743186236869,-0.0290795612496153));
#11121=CARTESIAN_POINT('',(0.169731636859843,0.0859875093847233,-0.0271615250104567));
#11122=CARTESIAN_POINT('',(0.168294260152313,0.0887552464282502,-0.0260415752748622));
#11123=CARTESIAN_POINT('',(0.167172081125692,0.0908514100393104,-0.0254459195558422));
#11124=CARTESIAN_POINT('',(0.166005195267422,0.092966905502131,-0.0250840369862248));
#11125=CARTESIAN_POINT('',(0.164785087056443,0.0951131299725448,-0.0249590170851265));
#11126=CARTESIAN_POINT('',(0.163537257454719,0.0972425721946943,-0.0250799541819186));
#11127=CARTESIAN_POINT('',(0.161874996867357,0.0999980511431506,-0.0255538739333883));
#11128=CARTESIAN_POINT('',(0.159757131707191,0.103359628933851,-0.0267562597597769));
#11129=CARTESIAN_POINT('',(0.157366360131095,0.106957986585778,-0.0290572617433384));
#11130=CARTESIAN_POINT('',(0.15516331006382,0.110122779545501,-0.0322048508559026));
#11131=CARTESIAN_POINT('',(0.153639330861589,0.112227182389195,-0.0353468189728501));
#11132=CARTESIAN_POINT('',(0.152619918111295,0.113605453284913,-0.0381802982940482));
#11133=CARTESIAN_POINT('',(0.151779112841392,0.114727502955097,-0.0411174104694798));
#11134=CARTESIAN_POINT('',(0.151041074915095,0.11569550285479,-0.0450596708434574));
#11135=CARTESIAN_POINT('',(0.150741321102979,0.116084331749307,-0.0500097194527427));
#11136=CARTESIAN_POINT('',(0.151037821965417,0.115699752602559,-0.0549014513455717));
#11137=CARTESIAN_POINT('',(0.150840696882071,0.115955430409096,-0.05));
#11138=CARTESIAN_POINT('',(0.175450024792391,0.101296119043213,-0.05));
#11139=CARTESIAN_POINT('',(0.162950024792391,0.122946754137824,-0.05));
#11140=CARTESIAN_POINT('',(0.175450024792391,0.101296119043213,-0.05));
#11141=CARTESIAN_POINT('',(0.175450024792391,0.101296119043213,-0.05));
#11142=CARTESIAN_POINT('',(0.162305524792391,0.124063060883303,-0.05));
#11143=CARTESIAN_POINT('',(0.175450024792391,0.101296119043213,-0.05));
#11144=CARTESIAN_POINT('',(0.177759714544284,0.102629619043213,-0.05));
#11145=CARTESIAN_POINT('',(0.164615214544284,0.125396560883303,-0.05));
#11146=CARTESIAN_POINT('',(0.195259238086427,0.0381331277044033,-0.0342047413291309));
#11147=CARTESIAN_POINT('',(0.194045920238425,0.0381331277044033,-0.0342047413291309));
#11148=CARTESIAN_POINT('',(0.195259238086427,0.0381331277044033,-0.0342047413291309));
#11149=CARTESIAN_POINT('',(0.195259238086427,0.0361138277044033,-0.0342047413291309));
#11150=CARTESIAN_POINT('',(0.195259238086427,0.0381331277044033,-0.0657952586708691));
#11151=CARTESIAN_POINT('',(0.194045920238425,0.0381331277044033,-0.0657952586708691));
#11152=CARTESIAN_POINT('',(0.195259238086427,0.0381331277044033,-0.0657952586708691));
#11153=CARTESIAN_POINT('',(0.195259238086427,0.0361138277044033,-0.0657952586708691));
#11154=CARTESIAN_POINT('',(0.195259238086427,0.015795258670869,-0.0881331277044034));
#11155=CARTESIAN_POINT('',(0.194045920238425,0.015795258670869,-0.0881331277044034));
#11156=CARTESIAN_POINT('',(0.195259238086427,0.015795258670869,-0.0881331277044034));
#11157=CARTESIAN_POINT('',(0.195259238086427,0.013775958670869,-0.0881331277044034));
#11158=CARTESIAN_POINT('',(0.195259238086427,-0.0157952586708691,-0.0881331277044034));
#11159=CARTESIAN_POINT('',(0.194045920238425,-0.0157952586708691,-0.0881331277044034));
#11160=CARTESIAN_POINT('',(0.195259238086427,-0.0157952586708691,-0.0881331277044034));
#11161=CARTESIAN_POINT('',(0.195259238086427,-0.0178145586708691,-0.0881331277044034));
#11162=CARTESIAN_POINT('',(0.195259238086427,-0.0381331277044034,-0.0657952586708691));
#11163=CARTESIAN_POINT('',(0.194045920238425,-0.0381331277044034,-0.0657952586708691));
#11164=CARTESIAN_POINT('',(0.195259238086427,-0.0381331277044034,-0.0657952586708691));
#11165=CARTESIAN_POINT('',(0.195259238086427,-0.0401524277044034,-0.0657952586708691));
#11166=CARTESIAN_POINT('',(0.195259238086427,-0.0381331277044034,-0.0342047413291309));
#11167=CARTESIAN_POINT('',(0.194045920238425,-0.0381331277044034,-0.0342047413291309));
#11168=CARTESIAN_POINT('',(0.195259238086427,-0.0381331277044034,-0.0342047413291309));
#11169=CARTESIAN_POINT('',(0.195259238086427,-0.0401524277044034,-0.0342047413291309));
#11170=CARTESIAN_POINT('',(0.195259238086427,-0.0157952586708691,-0.0118668722955966));
#11171=CARTESIAN_POINT('',(0.194045920238425,-0.0157952586708691,-0.0118668722955966));
#11172=CARTESIAN_POINT('',(0.195259238086427,-0.0157952586708691,-0.0118668722955966));
#11173=CARTESIAN_POINT('',(0.195259238086427,-0.0178145586708691,-0.0118668722955966));
#11174=CARTESIAN_POINT('',(0.195259238086427,0.015795258670869,-0.0118668722955966));
#11175=CARTESIAN_POINT('',(0.194045920238425,0.015795258670869,-0.0118668722955966));
#11176=CARTESIAN_POINT('',(0.195259238086427,0.015795258670869,-0.0118668722955966));
#11177=CARTESIAN_POINT('',(0.195259238086427,0.013775958670869,-0.0118668722955966));
#11178=CARTESIAN_POINT('',(0.205259238086427,0.0381331277044033,-0.0342047413291309));
#11179=CARTESIAN_POINT('',(0.205259238086427,0.0381331277044033,-0.0342047413291309));
#11180=CARTESIAN_POINT('',(0.205259238086427,0.0361138277044033,-0.0342047413291309));
#11181=CARTESIAN_POINT('',(0.205259238086427,0.0381331277044033,-0.0657952586708691));
#11182=CARTESIAN_POINT('',(0.205259238086427,0.0381331277044033,-0.0657952586708691));
#11183=CARTESIAN_POINT('',(0.205259238086427,0.0361138277044033,-0.0657952586708691));
#11184=CARTESIAN_POINT('',(0.205259238086427,0.015795258670869,-0.0881331277044034));
#11185=CARTESIAN_POINT('',(0.205259238086427,0.015795258670869,-0.0881331277044034));
#11186=CARTESIAN_POINT('',(0.205259238086427,0.013775958670869,-0.0881331277044034));
#11187=CARTESIAN_POINT('',(0.205259238086427,-0.0157952586708691,-0.0881331277044034));
#11188=CARTESIAN_POINT('',(0.205259238086427,-0.0157952586708691,-0.0881331277044034));
#11189=CARTESIAN_POINT('',(0.205259238086427,-0.0178145586708691,-0.0881331277044034));
#11190=CARTESIAN_POINT('',(0.205259238086427,-0.0381331277044034,-0.0657952586708691));
#11191=CARTESIAN_POINT('',(0.205259238086427,-0.0381331277044034,-0.0657952586708691));
#11192=CARTESIAN_POINT('',(0.205259238086427,-0.0401524277044034,-0.0657952586708691));
#11193=CARTESIAN_POINT('',(0.205259238086427,-0.0381331277044034,-0.0342047413291309));
#11194=CARTESIAN_POINT('',(0.205259238086427,-0.0381331277044034,-0.0342047413291309));
#11195=CARTESIAN_POINT('',(0.205259238086427,-0.0401524277044034,-0.0342047413291309));
#11196=CARTESIAN_POINT('',(0.205259238086427,-0.0157952586708691,-0.0118668722955966));
#11197=CARTESIAN_POINT('',(0.205259238086427,-0.0157952586708691,-0.0118668722955966));
#11198=CARTESIAN_POINT('',(0.205259238086427,-0.0178145586708691,-0.0118668722955966));
#11199=CARTESIAN_POINT('',(0.205259238086427,0.015795258670869,-0.0118668722955966));
#11200=CARTESIAN_POINT('',(0.205259238086427,0.015795258670869,-0.0118668722955966));
#11201=CARTESIAN_POINT('',(0.205259238086427,0.013775958670869,-0.0118668722955966));
#11202=CARTESIAN_POINT('',(0.105259238086427,-3.32541950841434E-17,-0.05));
#11203=CARTESIAN_POINT('',(0.188653159318776,0.024674707118316,-0.0450596708434574));
#11204=CARTESIAN_POINT('',(0.18858797934986,0.0251613197247505,-0.0500097194527427));
#11205=CARTESIAN_POINT('',(0.188652467055602,0.0246800139826821,-0.0549014513455717));
#11206=CARTESIAN_POINT('',(0.188838084765422,0.0232357350982678,-0.0596514484193008));
#11207=CARTESIAN_POINT('',(0.189111141789672,0.0209304468062531,-0.0639640958428934));
#11208=CARTESIAN_POINT('',(0.189437368061896,0.0177792911006586,-0.0678031961516575));
#11209=CARTESIAN_POINT('',(0.189704313257463,0.0146357890289031,-0.0703842434215729));
#11210=CARTESIAN_POINT('',(0.189897071360291,0.0118011361299268,-0.0720854481082043));
#11211=CARTESIAN_POINT('',(0.190021640023123,0.00959352658823299,-0.0731284668812181));
#11212=CARTESIAN_POINT('',(0.19012426137774,0.0072946547307576,-0.0739546843606309));
#11213=CARTESIAN_POINT('',(0.190227371413889,0.00408321873547865,-0.0747601080779183));
#11214=CARTESIAN_POINT('',(0.190280676057636,2.95728946969765E-5,-0.0751615856446701));
#11215=CARTESIAN_POINT('',(0.190216010736811,-0.00492857243420811,-0.0746738215228332));
#11216=CARTESIAN_POINT('',(0.190065219177029,-0.00882017315477706,-0.0734931435669091));
#11217=CARTESIAN_POINT('',(0.189896409723142,-0.0118121531895426,-0.0720797521205116));
#11218=CARTESIAN_POINT('',(0.189753633899945,-0.0139106494275994,-0.0708198055581117));
#11219=CARTESIAN_POINT('',(0.189599351805614,-0.015870513651042,-0.0693683293439826));
#11220=CARTESIAN_POINT('',(0.189436803004181,-0.0177003728752169,-0.0677125093618186));
#11221=CARTESIAN_POINT('',(0.189274371513899,-0.019354622331832,-0.0658870254582604));
#11222=CARTESIAN_POINT('',(0.189119637392126,-0.020807647770688,-0.063928906533858));
#11223=CARTESIAN_POINT('',(0.188976075263931,-0.0220699157660457,-0.0618305478473011));
#11224=CARTESIAN_POINT('',(0.188806125159123,-0.0234854634056178,-0.0588403714812278));
#11225=CARTESIAN_POINT('',(0.1886538431669,-0.0246690375815805,-0.054951940924226));
#11226=CARTESIAN_POINT('',(0.188587944246956,-0.0251616900480646,-0.0499941609093077));
#11227=CARTESIAN_POINT('',(0.18864126157253,-0.0247637746114118,-0.0459390916567693));
#11228=CARTESIAN_POINT('',(0.188744816329291,-0.0239613498986339,-0.0427273044389553));
#11229=CARTESIAN_POINT('',(0.188847917495237,-0.0231371805515792,-0.0404274267667923));
#11230=CARTESIAN_POINT('',(0.18897309142907,-0.0220954155773209,-0.0382173802543627));
#11231=CARTESIAN_POINT('',(0.189166574132673,-0.0203956637601165,-0.0353802287402449));
#11232=CARTESIAN_POINT('',(0.189433722505347,-0.0178194745806366,-0.0322366684795139));
#11233=CARTESIAN_POINT('',(0.189759787204811,-0.0139783139453168,-0.0290795612496154));
#11234=CARTESIAN_POINT('',(0.189985664038901,-0.0103984508945983,-0.0271615250104567));
#11235=CARTESIAN_POINT('',(0.190124727817135,-0.00728283195014388,-0.0260415752748623));
#11236=CARTESIAN_POINT('',(0.190200974078017,-0.00490641149916668,-0.0254459195558422));
#11237=CARTESIAN_POINT('',(0.190248169012849,-0.00249089575763849,-0.0250840369862248));
#11238=CARTESIAN_POINT('',(0.190264636541982,-2.21567385464204E-5,-0.0249590170851265));
#11239=CARTESIAN_POINT('',(0.19024870551837,0.00244590912258781,-0.0250799541819186));
#11240=CARTESIAN_POINT('',(0.190186885096232,0.00566335418522557,-0.0255538739333883));
#11241=CARTESIAN_POINT('',(0.19003354896109,0.00963349852885216,-0.0267562597597769));
#11242=CARTESIAN_POINT('',(0.189762258867508,0.0139451534553715,-0.0290572617433383));
#11243=CARTESIAN_POINT('',(0.1894367580233,0.0177874695898476,-0.0322048508559026));
#11244=CARTESIAN_POINT('',(0.189169154741176,0.0203719255133975,-0.0353468189728501));
#11245=CARTESIAN_POINT('',(0.188975452850339,0.0220752494975337,-0.0381802982940481));
#11246=CARTESIAN_POINT('',(0.188808318962059,0.0234673756511715,-0.0411174104694798));
#11247=CARTESIAN_POINT('',(0.188653159318776,0.024674707118316,-0.0450596708434574));
#11248=CARTESIAN_POINT('',(0.18858797934986,0.0251613197247505,-0.0500097194527427));
#11249=CARTESIAN_POINT('',(0.188652467055602,0.0246800139826821,-0.0549014513455717));
#11250=CARTESIAN_POINT('',(0.18860959062897,0.025,-0.05));
#11251=CARTESIAN_POINT('',(0.202592238086427,-6.37739428680655E-17,-0.05));
#11252=CARTESIAN_POINT('',(0.202592238086427,0.0249999999999999,-0.05));
#11253=CARTESIAN_POINT('',(0.202592238086427,-1.745471502467E-16,-0.05));
#11254=CARTESIAN_POINT('',(0.202592238086427,-6.37739428680655E-17,-0.05));
#11255=CARTESIAN_POINT('',(0.202592238086427,0.0262889999999999,-0.05));
#11256=CARTESIAN_POINT('',(0.202592238086427,-6.37739428680655E-17,-0.05));
#11257=CARTESIAN_POINT('',(0.205259238086427,-6.46102077252026E-17,-0.05));
#11258=CARTESIAN_POINT('',(0.205259238086427,0.0262889999999999,-0.05));
#11259=CARTESIAN_POINT('',(0.188166024358642,-0.0646053617254441,-0.0342047413291309));
#11260=CARTESIAN_POINT('',(0.187115260279407,-0.0639987028014429,-0.0342047413291309));
#11261=CARTESIAN_POINT('',(0.188166024358642,-0.0646053617254441,-0.0342047413291309));
#11262=CARTESIAN_POINT('',(0.187156374358642,-0.066354126823306,-0.0342047413291309));
#11263=CARTESIAN_POINT('',(0.188166024358642,-0.0646053617254441,-0.0657952586708691));
#11264=CARTESIAN_POINT('',(0.187115260279407,-0.0639987028014429,-0.0657952586708691));
#11265=CARTESIAN_POINT('',(0.188166024358642,-0.0646053617254441,-0.0657952586708691));
#11266=CARTESIAN_POINT('',(0.187156374358642,-0.066354126823306,-0.0657952586708691));
#11267=CARTESIAN_POINT('',(0.176997089841875,-0.0839505237748945,-0.0881331277044034));
#11268=CARTESIAN_POINT('',(0.175946325762639,-0.0833438648508933,-0.0881331277044034));
#11269=CARTESIAN_POINT('',(0.176997089841875,-0.0839505237748945,-0.0881331277044034));
#11270=CARTESIAN_POINT('',(0.175987439841875,-0.0856992888727564,-0.0881331277044034));
#11271=CARTESIAN_POINT('',(0.161201831171005,-0.111308714311533,-0.0881331277044034));
#11272=CARTESIAN_POINT('',(0.16015106709177,-0.110702055387531,-0.0881331277044034));
#11273=CARTESIAN_POINT('',(0.161201831171005,-0.111308714311533,-0.0881331277044034));
#11274=CARTESIAN_POINT('',(0.160192181171005,-0.113057479409395,-0.0881331277044034));
#11275=CARTESIAN_POINT('',(0.150032896654238,-0.130653876360983,-0.0657952586708691));
#11276=CARTESIAN_POINT('',(0.148982132575003,-0.130047217436982,-0.0657952586708691));
#11277=CARTESIAN_POINT('',(0.150032896654238,-0.130653876360983,-0.0657952586708691));
#11278=CARTESIAN_POINT('',(0.149023246654238,-0.132402641458845,-0.0657952586708691));
#11279=CARTESIAN_POINT('',(0.150032896654238,-0.130653876360983,-0.0342047413291309));
#11280=CARTESIAN_POINT('',(0.148982132575003,-0.130047217436982,-0.0342047413291309));
#11281=CARTESIAN_POINT('',(0.150032896654238,-0.130653876360983,-0.0342047413291309));
#11282=CARTESIAN_POINT('',(0.149023246654238,-0.132402641458845,-0.0342047413291309));
#11283=CARTESIAN_POINT('',(0.161201831171005,-0.111308714311533,-0.0118668722955966));
#11284=CARTESIAN_POINT('',(0.16015106709177,-0.110702055387531,-0.0118668722955966));
#11285=CARTESIAN_POINT('',(0.161201831171005,-0.111308714311533,-0.0118668722955966));
#11286=CARTESIAN_POINT('',(0.160192181171005,-0.113057479409395,-0.0118668722955966));
#11287=CARTESIAN_POINT('',(0.176997089841875,-0.0839505237748945,-0.0118668722955966));
#11288=CARTESIAN_POINT('',(0.175946325762639,-0.0833438648508934,-0.0118668722955966));
#11289=CARTESIAN_POINT('',(0.176997089841875,-0.0839505237748945,-0.0118668722955966));
#11290=CARTESIAN_POINT('',(0.175987439841875,-0.0856992888727564,-0.0118668722955966));
#11291=CARTESIAN_POINT('',(0.196826278396486,-0.0696053617254441,-0.0342047413291309));
#11292=CARTESIAN_POINT('',(0.196826278396486,-0.0696053617254441,-0.0342047413291309));
#11293=CARTESIAN_POINT('',(0.195816628396486,-0.071354126823306,-0.0342047413291309));
#11294=CARTESIAN_POINT('',(0.196826278396486,-0.0696053617254441,-0.0657952586708691));
#11295=CARTESIAN_POINT('',(0.196826278396486,-0.0696053617254441,-0.0657952586708691));
#11296=CARTESIAN_POINT('',(0.195816628396486,-0.071354126823306,-0.0657952586708691));
#11297=CARTESIAN_POINT('',(0.185657343879719,-0.0889505237748945,-0.0881331277044034));
#11298=CARTESIAN_POINT('',(0.185657343879719,-0.0889505237748945,-0.0881331277044034));
#11299=CARTESIAN_POINT('',(0.184647693879719,-0.0906992888727564,-0.0881331277044034));
#11300=CARTESIAN_POINT('',(0.16986208520885,-0.116308714311533,-0.0881331277044034));
#11301=CARTESIAN_POINT('',(0.16986208520885,-0.116308714311533,-0.0881331277044034));
#11302=CARTESIAN_POINT('',(0.16885243520885,-0.118057479409395,-0.0881331277044034));
#11303=CARTESIAN_POINT('',(0.158693150692083,-0.135653876360983,-0.0657952586708691));
#11304=CARTESIAN_POINT('',(0.158693150692083,-0.135653876360983,-0.0657952586708691));
#11305=CARTESIAN_POINT('',(0.157683500692083,-0.137402641458845,-0.0657952586708691));
#11306=CARTESIAN_POINT('',(0.158693150692083,-0.135653876360983,-0.0342047413291309));
#11307=CARTESIAN_POINT('',(0.158693150692083,-0.135653876360983,-0.0342047413291309));
#11308=CARTESIAN_POINT('',(0.157683500692083,-0.137402641458845,-0.0342047413291309));
#11309=CARTESIAN_POINT('',(0.16986208520885,-0.116308714311533,-0.0118668722955966));
#11310=CARTESIAN_POINT('',(0.16986208520885,-0.116308714311533,-0.0118668722955966));
#11311=CARTESIAN_POINT('',(0.16885243520885,-0.118057479409395,-0.0118668722955966));
#11312=CARTESIAN_POINT('',(0.185657343879719,-0.0889505237748945,-0.0118668722955966));
#11313=CARTESIAN_POINT('',(0.185657343879719,-0.0889505237748945,-0.0118668722955966));
#11314=CARTESIAN_POINT('',(0.184647693879719,-0.0906992888727564,-0.0118668722955966));
#11315=CARTESIAN_POINT('',(0.0911571741658403,-0.0526296190432135,-0.05));
#11316=CARTESIAN_POINT('',(0.175715782033411,-0.0729576564639855,-0.0450596708434574));
#11317=CARTESIAN_POINT('',(0.17590264082773,-0.0725036476005542,-0.0500097194527427));
#11318=CARTESIAN_POINT('',(0.1757178359481,-0.0729527144530431,-0.0549014513455717));
#11319=CARTESIAN_POINT('',(0.175156446157989,-0.0742963055120055,-0.0596514484193009));
#11320=CARTESIAN_POINT('',(0.174240276331663,-0.0764292722480616,-0.0639640958428934));
#11321=CARTESIAN_POINT('',(0.172947218717995,-0.0793213662764992,-0.0678031961516575));
#11322=CARTESIAN_POINT('',(0.171606649002895,-0.0821771915252717,-0.0703842434215729));
#11323=CARTESIAN_POINT('',(0.170356255967242,-0.0847284519981105,-0.0720854481082043));
#11324=CARTESIAN_POINT('',(0.169360330822923,-0.0867025822742702,-0.0731284668812181));
#11325=CARTESIAN_POINT('',(0.168299767594254,-0.0887447743801974,-0.0739546843606309));
#11326=CARTESIAN_POINT('',(0.166783345507305,-0.0915775145528112,-0.0747601080779183));
#11327=CARTESIAN_POINT('',(0.164802685762538,-0.0951147271507468,-0.0751615856446702));
#11328=CARTESIAN_POINT('',(0.162267611287508,-0.0993762743008214,-0.0746738215228332));
#11329=CARTESIAN_POINT('',(0.160191221605776,-0.102671103606329,-0.0734931435669092));
#11330=CARTESIAN_POINT('',(0.158549038312928,-0.105177829597108,-0.0720797521205115));
#11331=CARTESIAN_POINT('',(0.157376142703965,-0.106923792737413,-0.0708198055581117));
#11332=CARTESIAN_POINT('',(0.156262598379203,-0.108543943895717,-0.0693683293439826));
#11333=CARTESIAN_POINT('',(0.155206897375721,-0.110047374068485,-0.0677125093618187));
#11334=CARTESIAN_POINT('',(0.154239102850454,-0.11139878037697,-0.0658870254582604));
#11335=CARTESIAN_POINT('',(0.153378586450739,-0.112579770258477,-0.0639289065338581));
#11336=CARTESIAN_POINT('',(0.152623124003022,-0.113601145344744,-0.0618305478473011));
#11337=CARTESIAN_POINT('',(0.151768169075096,-0.114742070508476,-0.0588403714812279));
#11338=CARTESIAN_POINT('',(0.151044501913311,-0.115690934816012,-0.0549519409242259));
#11339=CARTESIAN_POINT('',(0.150741105541315,-0.116084634907252,-0.0499941609093078));
#11340=CARTESIAN_POINT('',(0.15098623741805,-0.11576668869334,-0.0459390916567692));
#11341=CARTESIAN_POINT('',(0.151477130824477,-0.11512354588583,-0.0427273044389553));
#11342=CARTESIAN_POINT('',(0.151978503726874,-0.114461344877233,-0.0404274267667924));
#11343=CARTESIAN_POINT('',(0.152607790020594,-0.113621736911669,-0.0382173802543627));
#11344=CARTESIAN_POINT('',(0.153625226865708,-0.112246450009643,-0.0353802287402449));
#11345=CARTESIAN_POINT('',(0.155144678732764,-0.110148978921596,-0.032236668479514));
#11346=CARTESIAN_POINT('',(0.157347639363437,-0.106985468581124,-0.0290795612496154));
#11347=CARTESIAN_POINT('',(0.159333185965245,-0.103998154654178,-0.0271615250104567));
#11348=CARTESIAN_POINT('',(0.161011428202169,-0.101369481388885,-0.0260415752748623));
#11349=CARTESIAN_POINT('',(0.162265669626525,-0.0993495640387071,-0.0254459195558422));
#11350=CARTESIAN_POINT('',(0.163514299509784,-0.0972812635107184,-0.0250840369862248));
#11351=CARTESIAN_POINT('',(0.164762930317896,-0.0951515065694372,-0.0249590170851265));
#11352=CARTESIAN_POINT('',(0.165983166577307,-0.0930061333236758,-0.0250799541819186));
#11353=CARTESIAN_POINT('',(0.167538351052582,-0.0901888339530819,-0.0255538739333883));
#11354=CARTESIAN_POINT('',(0.169390630236044,-0.0866739200272389,-0.0267562597597769));
#11355=CARTESIAN_POINT('',(0.171311513586467,-0.0828042722817297,-0.0290572617433384));
#11356=CARTESIAN_POINT('',(0.172950779653667,-0.079313978477799,-0.0322048508559025));
#11357=CARTESIAN_POINT('',(0.174011256374987,-0.0769419723519815,-0.0353468189728501));
#11358=CARTESIAN_POINT('',(0.174695167608829,-0.0753699995654254,-0.0381802982940481));
#11359=CARTESIAN_POINT('',(0.175246488492564,-0.0740808160069625,-0.0411174104694798));
#11360=CARTESIAN_POINT('',(0.175715782033411,-0.0729576564639855,-0.0450596708434574));
#11361=CARTESIAN_POINT('',(0.17590264082773,-0.0725036476005542,-0.0500097194527427));
#11362=CARTESIAN_POINT('',(0.1757178359481,-0.0729527144530431,-0.0549014513455717));
#11363=CARTESIAN_POINT('',(0.175840696882071,-0.0726541602198742,-0.05));
#11364=CARTESIAN_POINT('',(0.175450024792391,-0.101296119043214,-0.05));
#11365=CARTESIAN_POINT('',(0.187950024792391,-0.0796454839486026,-0.05));
#11366=CARTESIAN_POINT('',(0.175450024792391,-0.101296119043214,-0.05));
#11367=CARTESIAN_POINT('',(0.175450024792391,-0.101296119043214,-0.05));
#11368=CARTESIAN_POINT('',(0.188594524792391,-0.0785291772031245,-0.05));
#11369=CARTESIAN_POINT('',(0.175450024792391,-0.101296119043214,-0.05));
#11370=CARTESIAN_POINT('',(0.177759714544284,-0.102629619043214,-0.05));
#11371=CARTESIAN_POINT('',(0.190904214544284,-0.0798626772031245,-0.05));
#11372=CARTESIAN_POINT('',(0.130653876360983,-0.150032896654238,-0.0342047413291309));
#11373=CARTESIAN_POINT('',(0.130047217436982,-0.148982132575003,-0.0342047413291309));
#11374=CARTESIAN_POINT('',(0.130653876360983,-0.150032896654238,-0.0342047413291309));
#11375=CARTESIAN_POINT('',(0.128905111263121,-0.151042546654238,-0.0342047413291309));
#11376=CARTESIAN_POINT('',(0.130653876360983,-0.150032896654238,-0.0657952586708691));
#11377=CARTESIAN_POINT('',(0.130047217436982,-0.148982132575003,-0.0657952586708691));
#11378=CARTESIAN_POINT('',(0.130653876360983,-0.150032896654238,-0.0657952586708691));
#11379=CARTESIAN_POINT('',(0.128905111263121,-0.151042546654238,-0.0657952586708691));
#11380=CARTESIAN_POINT('',(0.111308714311532,-0.161201831171006,-0.0881331277044034));
#11381=CARTESIAN_POINT('',(0.110702055387531,-0.16015106709177,-0.0881331277044034));
#11382=CARTESIAN_POINT('',(0.111308714311532,-0.161201831171006,-0.0881331277044034));
#11383=CARTESIAN_POINT('',(0.10955994921367,-0.162211481171006,-0.0881331277044034));
#11384=CARTESIAN_POINT('',(0.0839505237748944,-0.176997089841875,-0.0881331277044034));
#11385=CARTESIAN_POINT('',(0.0833438648508932,-0.175946325762639,-0.0881331277044034));
#11386=CARTESIAN_POINT('',(0.0839505237748944,-0.176997089841875,-0.0881331277044034));
#11387=CARTESIAN_POINT('',(0.0822017586770325,-0.178006739841875,-0.0881331277044034));
#11388=CARTESIAN_POINT('',(0.064605361725444,-0.188166024358642,-0.0657952586708691));
#11389=CARTESIAN_POINT('',(0.0639987028014428,-0.187115260279407,-0.0657952586708691));
#11390=CARTESIAN_POINT('',(0.064605361725444,-0.188166024358642,-0.0657952586708691));
#11391=CARTESIAN_POINT('',(0.0628565966275821,-0.189175674358642,-0.0657952586708691));
#11392=CARTESIAN_POINT('',(0.064605361725444,-0.188166024358642,-0.0342047413291309));
#11393=CARTESIAN_POINT('',(0.0639987028014428,-0.187115260279407,-0.0342047413291309));
#11394=CARTESIAN_POINT('',(0.064605361725444,-0.188166024358642,-0.0342047413291309));
#11395=CARTESIAN_POINT('',(0.0628565966275821,-0.189175674358642,-0.0342047413291309));
#11396=CARTESIAN_POINT('',(0.0839505237748944,-0.176997089841875,-0.0118668722955966));
#11397=CARTESIAN_POINT('',(0.0833438648508932,-0.175946325762639,-0.0118668722955966));
#11398=CARTESIAN_POINT('',(0.0839505237748944,-0.176997089841875,-0.0118668722955966));
#11399=CARTESIAN_POINT('',(0.0822017586770325,-0.178006739841875,-0.0118668722955966));
#11400=CARTESIAN_POINT('',(0.111308714311532,-0.161201831171006,-0.0118668722955966));
#11401=CARTESIAN_POINT('',(0.110702055387531,-0.16015106709177,-0.0118668722955966));
#11402=CARTESIAN_POINT('',(0.111308714311532,-0.161201831171006,-0.0118668722955966));
#11403=CARTESIAN_POINT('',(0.10955994921367,-0.162211481171006,-0.0118668722955966));
#11404=CARTESIAN_POINT('',(0.135653876360983,-0.158693150692083,-0.0342047413291309));
#11405=CARTESIAN_POINT('',(0.135653876360983,-0.158693150692083,-0.0342047413291309));
#11406=CARTESIAN_POINT('',(0.133905111263121,-0.159702800692083,-0.0342047413291309));
#11407=CARTESIAN_POINT('',(0.135653876360983,-0.158693150692083,-0.0657952586708691));
#11408=CARTESIAN_POINT('',(0.135653876360983,-0.158693150692083,-0.0657952586708691));
#11409=CARTESIAN_POINT('',(0.133905111263121,-0.159702800692083,-0.0657952586708691));
#11410=CARTESIAN_POINT('',(0.116308714311532,-0.16986208520885,-0.0881331277044034));
#11411=CARTESIAN_POINT('',(0.116308714311532,-0.16986208520885,-0.0881331277044034));
#11412=CARTESIAN_POINT('',(0.11455994921367,-0.17087173520885,-0.0881331277044034));
#11413=CARTESIAN_POINT('',(0.0889505237748944,-0.185657343879719,-0.0881331277044034));
#11414=CARTESIAN_POINT('',(0.0889505237748944,-0.185657343879719,-0.0881331277044034));
#11415=CARTESIAN_POINT('',(0.0872017586770325,-0.186666993879719,-0.0881331277044034));
#11416=CARTESIAN_POINT('',(0.069605361725444,-0.196826278396486,-0.0657952586708691));
#11417=CARTESIAN_POINT('',(0.069605361725444,-0.196826278396486,-0.0657952586708691));
#11418=CARTESIAN_POINT('',(0.0678565966275821,-0.197835928396486,-0.0657952586708691));
#11419=CARTESIAN_POINT('',(0.069605361725444,-0.196826278396486,-0.0342047413291309));
#11420=CARTESIAN_POINT('',(0.069605361725444,-0.196826278396486,-0.0342047413291309));
#11421=CARTESIAN_POINT('',(0.0678565966275821,-0.197835928396486,-0.0342047413291309));
#11422=CARTESIAN_POINT('',(0.0889505237748944,-0.185657343879719,-0.0118668722955966));
#11423=CARTESIAN_POINT('',(0.0889505237748944,-0.185657343879719,-0.0118668722955966));
#11424=CARTESIAN_POINT('',(0.0872017586770325,-0.186666993879719,-0.0118668722955966));
#11425=CARTESIAN_POINT('',(0.116308714311532,-0.16986208520885,-0.0118668722955966));
#11426=CARTESIAN_POINT('',(0.116308714311532,-0.16986208520885,-0.0118668722955966));
#11427=CARTESIAN_POINT('',(0.11455994921367,-0.17087173520885,-0.0118668722955966));
#11428=CARTESIAN_POINT('',(0.0526296190432135,-0.0911571741658403,-0.05));
#11429=CARTESIAN_POINT('',(0.11569550285479,-0.151041074915095,-0.0450596708434574));
#11430=CARTESIAN_POINT('',(0.116084331749307,-0.150741321102979,-0.0500097194527427));
#11431=CARTESIAN_POINT('',(0.115699752602559,-0.151037821965417,-0.0549014513455717));
#11432=CARTESIAN_POINT('',(0.114541779253417,-0.151920711059721,-0.0596514484193009));
#11433=CARTESIAN_POINT('',(0.11268186954161,-0.15330982952541,-0.0639640958428934));
#11434=CARTESIAN_POINT('',(0.110116001785397,-0.155167927617336,-0.0678031961516576));
#11435=CARTESIAN_POINT('',(0.107527121732191,-0.156970859973992,-0.0703842434215729));
#11436=CARTESIAN_POINT('',(0.105168619362181,-0.158555119837315,-0.0720854481082043));
#11437=CARTESIAN_POINT('',(0.103319057748853,-0.15976680423469,-0.0731284668812181));
#11438=CARTESIAN_POINT('',(0.101379486997542,-0.161005112863497,-0.073954684360631));
#11439=CARTESIAN_POINT('',(0.0986498568610774,-0.162700126771826,-0.0747601080779183));
#11440=CARTESIAN_POINT('',(0.0951659489068889,-0.164773112867842,-0.0751615856446701));
#11441=CARTESIAN_POINT('',(0.0908397364359896,-0.167196183721716,-0.0746738215228332));
#11442=CARTESIAN_POINT('',(0.0873941155707001,-0.169011394760553,-0.0734931435669091));
#11443=CARTESIAN_POINT('',(0.0847185801260339,-0.170361191502471,-0.0720797521205115));
#11444=CARTESIAN_POINT('',(0.082829841162532,-0.171286792131564,-0.0708198055581117));
#11445=CARTESIAN_POINT('',(0.0810554079098966,-0.172133112030245,-0.0693683293439826));
#11446=CARTESIAN_POINT('',(0.0793894289356958,-0.172907270250937,-0.0677125093618186));
#11447=CARTESIAN_POINT('',(0.0778755911369293,-0.173593725182286,-0.0658870254582604));
#11448=CARTESIAN_POINT('',(0.0765398671336485,-0.174186234221426,-0.063928906533858));
#11449=CARTESIAN_POINT('',(0.0753749299191874,-0.174693039769067,-0.061830547847301));
#11450=CARTESIAN_POINT('',(0.0740640546506464,-0.175253632480713,-0.0588403714812277));
#11451=CARTESIAN_POINT('',(0.0729629083508885,-0.175713539494891,-0.0549519409242259));
#11452=CARTESIAN_POINT('',(0.0725033093397041,-0.17590279558938,-0.0499941609093076));
#11453=CARTESIAN_POINT('',(0.0728745728791904,-0.175750012029462,-0.0459390916567691));
#11454=CARTESIAN_POINT('',(0.0736212704434608,-0.175438480723111,-0.0427273044389553));
#11455=CARTESIAN_POINT('',(0.0743865726180039,-0.175115684278453,-0.0404274267667921));
#11456=CARTESIAN_POINT('',(0.0753513545174008,-0.174703205597915,-0.0382173802543626));
#11457=CARTESIAN_POINT('',(0.0769201241230298,-0.174020890625825,-0.0353802287402449));
#11458=CARTESIAN_POINT('',(0.0792847435837514,-0.172964153313401,-0.0322366684795138));
#11459=CARTESIAN_POINT('',(0.0827743186236868,-0.171325953308754,-0.0290795612496154));
#11460=CARTESIAN_POINT('',(0.0859875093847234,-0.169731636859843,-0.0271615250104566));
#11461=CARTESIAN_POINT('',(0.0887552464282502,-0.168294260152313,-0.0260415752748622));
#11462=CARTESIAN_POINT('',(0.0908514100393104,-0.167172081125692,-0.0254459195558422));
#11463=CARTESIAN_POINT('',(0.092966905502131,-0.166005195267422,-0.0250840369862248));
#11464=CARTESIAN_POINT('',(0.0951131299725447,-0.164785087056442,-0.0249590170851265));
#11465=CARTESIAN_POINT('',(0.0972425721946943,-0.163537257454719,-0.0250799541819186));
#11466=CARTESIAN_POINT('',(0.0999980511431506,-0.161874996867357,-0.0255538739333883));
#11467=CARTESIAN_POINT('',(0.103359628933851,-0.159757131707191,-0.0267562597597769));
#11468=CARTESIAN_POINT('',(0.106957986585778,-0.157366360131095,-0.0290572617433383));
#11469=CARTESIAN_POINT('',(0.110122779545501,-0.15516331006382,-0.0322048508559027));
#11470=CARTESIAN_POINT('',(0.112227182389195,-0.153639330861589,-0.03534681897285));
#11471=CARTESIAN_POINT('',(0.113605453284913,-0.152619918111295,-0.0381802982940482));
#11472=CARTESIAN_POINT('',(0.114727502955097,-0.151779112841392,-0.0411174104694797));
#11473=CARTESIAN_POINT('',(0.11569550285479,-0.151041074915095,-0.0450596708434574));
#11474=CARTESIAN_POINT('',(0.116084331749307,-0.150741321102979,-0.0500097194527427));
#11475=CARTESIAN_POINT('',(0.115699752602559,-0.151037821965417,-0.0549014513455717));
#11476=CARTESIAN_POINT('',(0.115955430409096,-0.150840696882071,-0.05));
#11477=CARTESIAN_POINT('',(0.101296119043213,-0.175450024792391,-0.05));
#11478=CARTESIAN_POINT('',(0.122946754137824,-0.162950024792391,-0.05));
#11479=CARTESIAN_POINT('',(0.101296119043213,-0.175450024792391,-0.05));
#11480=CARTESIAN_POINT('',(0.101296119043213,-0.175450024792391,-0.05));
#11481=CARTESIAN_POINT('',(0.124063060883303,-0.162305524792391,-0.05));
#11482=CARTESIAN_POINT('',(0.101296119043213,-0.175450024792391,-0.05));
#11483=CARTESIAN_POINT('',(0.102629619043213,-0.177759714544284,-0.05));
#11484=CARTESIAN_POINT('',(0.125396560883303,-0.164615214544284,-0.05));
#11485=CARTESIAN_POINT('',(0.,9.5409782827972E-18,-0.601620209178694));
#11486=CARTESIAN_POINT('',(0.,9.5409782827972E-18,-0.095));
#11487=CARTESIAN_POINT('',(-0.155816,9.5409782827972E-18,-0.095));
#11488=CARTESIAN_POINT('',(0.,9.5409782827972E-18,-0.085));
#11489=CARTESIAN_POINT('',(0.155816,9.5409782827972E-18,-0.085));
#11490=CARTESIAN_POINT('',(0.102629619043214,0.177759714544284,-0.1));
#11491=CARTESIAN_POINT('',(0.102629619043214,0.177759714544284,-0.001));
#11492=CARTESIAN_POINT('',(0.0552310978918547,0.205125263490212,-0.001));
#11493=CARTESIAN_POINT('',(0.150028140194573,0.150394165598357,-0.001));
#11494=CARTESIAN_POINT('',(0.150028140194573,0.150394165598357,-0.1));
#11495=CARTESIAN_POINT('',(0.150028140194573,0.150394165598357,-0.099));
#11496=CARTESIAN_POINT('',(0.0549990470842857,0.205259238086427,-0.099));
#11497=CARTESIAN_POINT('',(0.0552310978918547,0.205125263490212,-0.099));
#11498=CARTESIAN_POINT('',(0.0552310978918547,0.205125263490212,-0.1));
#11499=CARTESIAN_POINT('',(5.55111512312578E-17,0.205259238086427,-0.1));
#11500=CARTESIAN_POINT('',(0.0547310978918547,0.205259238086427,-0.1));
#11501=CARTESIAN_POINT('',(0.0547310978918547,0.205259238086427,-0.001));
#11502=CARTESIAN_POINT('',(0.0547310978918547,0.205259238086427,-0.099));
#11503=CARTESIAN_POINT('',(-0.0549990470842856,0.205259238086427,-0.099));
#11504=CARTESIAN_POINT('',(-0.0547310978918545,0.205259238086427,-0.099));
#11505=CARTESIAN_POINT('',(-0.0547310978918545,0.205259238086427,-0.1));
#11506=CARTESIAN_POINT('',(-0.0547310978918545,0.205259238086427,-0.001));
#11507=CARTESIAN_POINT('',(5.55111512312578E-17,0.205259238086427,-0.001));
#11508=CARTESIAN_POINT('',(-0.102629619043213,0.177759714544284,-0.1));
#11509=CARTESIAN_POINT('',(-0.0552310978918545,0.205125263490212,-0.1));
#11510=CARTESIAN_POINT('',(-0.0552310978918545,0.205125263490212,-0.001));
#11511=CARTESIAN_POINT('',(-0.0552310978918545,0.205125263490212,-0.099));
#11512=CARTESIAN_POINT('',(-0.150260191002141,0.150260191002141,-0.099));
#11513=CARTESIAN_POINT('',(-0.150028140194573,0.150394165598357,-0.099));
#11514=CARTESIAN_POINT('',(-0.150028140194573,0.150394165598357,-0.1));
#11515=CARTESIAN_POINT('',(-0.150028140194573,0.150394165598357,-0.001));
#11516=CARTESIAN_POINT('',(-0.102629619043213,0.177759714544284,-0.001));
#11517=CARTESIAN_POINT('',(-0.177759714544284,0.102629619043214,-0.1));
#11518=CARTESIAN_POINT('',(-0.177759714544284,0.102629619043214,-0.001));
#11519=CARTESIAN_POINT('',(-0.205125263490212,0.0552310978918546,-0.001));
#11520=CARTESIAN_POINT('',(-0.150394165598357,0.150028140194573,-0.001));
#11521=CARTESIAN_POINT('',(-0.150394165598357,0.150028140194573,-0.1));
#11522=CARTESIAN_POINT('',(-0.150394165598357,0.150028140194573,-0.099));
#11523=CARTESIAN_POINT('',(-0.205259238086427,0.0549990470842857,-0.099));
#11524=CARTESIAN_POINT('',(-0.205125263490212,0.0552310978918546,-0.099));
#11525=CARTESIAN_POINT('',(-0.205125263490212,0.0552310978918546,-0.1));
#11526=CARTESIAN_POINT('',(-0.205259238086427,3.81639164714897E-17,-0.1));
#11527=CARTESIAN_POINT('',(-0.205259238086427,-0.0549990470842856,-0.099));
#11528=CARTESIAN_POINT('',(-0.205259238086427,0.0547310978918546,-0.099));
#11529=CARTESIAN_POINT('',(-0.205259238086427,-0.0547310978918545,-0.099));
#11530=CARTESIAN_POINT('',(-0.205259238086427,-0.0547310978918545,-0.1));
#11531=CARTESIAN_POINT('',(-0.205259238086427,-0.0547310978918545,-0.001));
#11532=CARTESIAN_POINT('',(-0.205259238086427,3.81639164714897E-17,-0.001));
#11533=CARTESIAN_POINT('',(-0.205259238086427,0.0547310978918546,-0.001));
#11534=CARTESIAN_POINT('',(-0.205259238086427,0.0547310978918546,-0.1));
#11535=CARTESIAN_POINT('',(-0.177759714544284,-0.102629619043213,-0.1));
#11536=CARTESIAN_POINT('',(-0.177759714544284,-0.102629619043213,-0.001));
#11537=CARTESIAN_POINT('',(-0.150394165598357,-0.150028140194573,-0.001));
#11538=CARTESIAN_POINT('',(-0.205125263490212,-0.0552310978918545,-0.001));
#11539=CARTESIAN_POINT('',(-0.205125263490212,-0.0552310978918545,-0.1));
#11540=CARTESIAN_POINT('',(-0.205125263490212,-0.0552310978918545,-0.099));
#11541=CARTESIAN_POINT('',(-0.150260191002141,-0.150260191002141,-0.099));
#11542=CARTESIAN_POINT('',(-0.150394165598357,-0.150028140194573,-0.099));
#11543=CARTESIAN_POINT('',(-0.150394165598357,-0.150028140194573,-0.1));
#11544=CARTESIAN_POINT('',(-0.102629619043214,-0.177759714544284,-0.1));
#11545=CARTESIAN_POINT('',(-0.0549990470842858,-0.205259238086427,-0.099));
#11546=CARTESIAN_POINT('',(-0.150028140194573,-0.150394165598357,-0.099));
#11547=CARTESIAN_POINT('',(-0.0552310978918548,-0.205125263490212,-0.099));
#11548=CARTESIAN_POINT('',(-0.0552310978918548,-0.205125263490212,-0.1));
#11549=CARTESIAN_POINT('',(-0.0552310978918548,-0.205125263490212,-0.001));
#11550=CARTESIAN_POINT('',(-0.102629619043214,-0.177759714544284,-0.001));
#11551=CARTESIAN_POINT('',(-0.150028140194573,-0.150394165598357,-0.001));
#11552=CARTESIAN_POINT('',(-0.150028140194573,-0.150394165598357,-0.1));
#11553=CARTESIAN_POINT('',(-7.63278329429795E-17,-0.205259238086427,-0.1));
#11554=CARTESIAN_POINT('',(0.0381331277044033,-0.205259238086427,-0.0342047413291309));
#11555=CARTESIAN_POINT('',(0.0361138277044033,-0.205259238086427,-0.0342047413291309));
#11556=CARTESIAN_POINT('',(0.0381331277044033,-0.205259238086427,-0.0657952586708691));
#11557=CARTESIAN_POINT('',(0.0361138277044033,-0.205259238086427,-0.0657952586708691));
#11558=CARTESIAN_POINT('',(0.0157952586708691,-0.205259238086427,-0.0881331277044034));
#11559=CARTESIAN_POINT('',(0.0137759586708691,-0.205259238086427,-0.0881331277044034));
#11560=CARTESIAN_POINT('',(-0.0157952586708691,-0.205259238086427,-0.0881331277044034));
#11561=CARTESIAN_POINT('',(-0.0178145586708691,-0.205259238086427,-0.0881331277044034));
#11562=CARTESIAN_POINT('',(-0.0381331277044034,-0.205259238086427,-0.0657952586708691));
#11563=CARTESIAN_POINT('',(-0.0401524277044034,-0.205259238086427,-0.0657952586708691));
#11564=CARTESIAN_POINT('',(-0.0381331277044034,-0.205259238086427,-0.0342047413291309));
#11565=CARTESIAN_POINT('',(-0.0401524277044034,-0.205259238086427,-0.0342047413291309));
#11566=CARTESIAN_POINT('',(-0.0157952586708691,-0.205259238086427,-0.0118668722955966));
#11567=CARTESIAN_POINT('',(-0.0178145586708691,-0.205259238086427,-0.0118668722955966));
#11568=CARTESIAN_POINT('',(0.015795258670869,-0.205259238086427,-0.0118668722955966));
#11569=CARTESIAN_POINT('',(0.013775958670869,-0.205259238086427,-0.0118668722955966));
#11570=CARTESIAN_POINT('',(-5.20417042793042E-17,-0.205259238086427,-0.05));
#11571=CARTESIAN_POINT('',(0.0262889999999999,-0.205259238086427,-0.05));
#11572=CARTESIAN_POINT('',(-7.63278329429795E-17,-0.205259238086427,-0.001));
#11573=CARTESIAN_POINT('',(0.0547310978918545,-0.205259238086427,-0.001));
#11574=CARTESIAN_POINT('',(-0.0547310978918548,-0.205259238086427,-0.001));
#11575=CARTESIAN_POINT('',(-0.0547310978918548,-0.205259238086427,-0.1));
#11576=CARTESIAN_POINT('',(-0.0547310978918548,-0.205259238086427,-0.099));
#11577=CARTESIAN_POINT('',(0.0549990470842856,-0.205259238086427,-0.099));
#11578=CARTESIAN_POINT('',(0.0547310978918545,-0.205259238086427,-0.099));
#11579=CARTESIAN_POINT('',(0.0547310978918545,-0.205259238086427,-0.1));
#11580=CARTESIAN_POINT('',(0.102629619043213,-0.177759714544284,-0.1));
#11581=CARTESIAN_POINT('',(0.150260191002141,-0.150260191002141,-0.099));
#11582=CARTESIAN_POINT('',(0.0552310978918545,-0.205125263490212,-0.099));
#11583=CARTESIAN_POINT('',(0.150028140194573,-0.150394165598357,-0.099));
#11584=CARTESIAN_POINT('',(0.150028140194573,-0.150394165598357,-0.1));
#11585=CARTESIAN_POINT('',(0.150028140194573,-0.150394165598357,-0.001));
#11586=CARTESIAN_POINT('',(0.102629619043213,-0.177759714544284,-0.001));
#11587=CARTESIAN_POINT('',(0.0552310978918545,-0.205125263490212,-0.001));
#11588=CARTESIAN_POINT('',(0.0552310978918545,-0.205125263490212,-0.1));
#11589=CARTESIAN_POINT('',(0.177759714544284,-0.102629619043214,-0.1));
#11590=CARTESIAN_POINT('',(0.205259238086427,-0.0549990470842858,-0.099));
#11591=CARTESIAN_POINT('',(0.150394165598357,-0.150028140194573,-0.099));
#11592=CARTESIAN_POINT('',(0.205125263490212,-0.0552310978918546,-0.099));
#11593=CARTESIAN_POINT('',(0.205125263490212,-0.0552310978918547,-0.1));
#11594=CARTESIAN_POINT('',(0.205125263490212,-0.0552310978918546,-0.001));
#11595=CARTESIAN_POINT('',(0.177759714544284,-0.102629619043214,-0.001));
#11596=CARTESIAN_POINT('',(0.150394165598357,-0.150028140194573,-0.001));
#11597=CARTESIAN_POINT('',(0.150394165598357,-0.150028140194573,-0.1));
#11598=CARTESIAN_POINT('',(0.205259238086427,-1.2490009027033E-16,-0.1));
#11599=CARTESIAN_POINT('',(0.205259238086427,-0.0547310978918547,-0.1));
#11600=CARTESIAN_POINT('',(0.205259238086427,-0.0547310978918547,-0.001));
#11601=CARTESIAN_POINT('',(0.205259238086427,-0.0547310978918547,-0.099));
#11602=CARTESIAN_POINT('',(0.205259238086427,0.0549990470842854,-0.099));
#11603=CARTESIAN_POINT('',(0.205259238086427,0.0547310978918544,-0.099));
#11604=CARTESIAN_POINT('',(0.205259238086427,0.0547310978918544,-0.1));
#11605=CARTESIAN_POINT('',(0.205259238086427,0.0547310978918544,-0.001));
#11606=CARTESIAN_POINT('',(0.205259238086427,-1.2490009027033E-16,-0.001));
#11607=CARTESIAN_POINT('',(0.177759714544284,0.102629619043213,-0.1));
#11608=CARTESIAN_POINT('',(0.205125263490212,0.0552310978918544,-0.1));
#11609=CARTESIAN_POINT('',(0.205125263490212,0.0552310978918544,-0.001));
#11610=CARTESIAN_POINT('',(0.205125263490212,0.0552310978918544,-0.099));
#11611=CARTESIAN_POINT('',(0.150260191002141,0.150260191002141,-0.099));
#11612=CARTESIAN_POINT('',(0.150394165598357,0.150028140194573,-0.099));
#11613=CARTESIAN_POINT('',(0.150394165598357,0.150028140194573,-0.1));
#11614=CARTESIAN_POINT('',(0.150394165598357,0.150028140194573,-0.001));
#11615=CARTESIAN_POINT('',(0.177759714544284,0.102629619043213,-0.001));
#11616=CARTESIAN_POINT('',(0.,0.,-0.1));
#11617=CARTESIAN_POINT('',(-0.025,-0.19,-0.1));
#11618=CARTESIAN_POINT('',(-0.0224473,-0.19,-0.1));
#11619=CARTESIAN_POINT('',(0.025,0.19,-0.1));
#11620=CARTESIAN_POINT('',(0.0275527,0.19,-0.1));
#11621=CARTESIAN_POINT('',(-0.025,0.19,-0.1));
#11622=CARTESIAN_POINT('',(-0.0224473,0.19,-0.1));
#11623=CARTESIAN_POINT('',(0.025,-0.19,-0.1));
#11624=CARTESIAN_POINT('',(0.0275527,-0.19,-0.1));
#11625=CARTESIAN_POINT('',(-0.0511167614077478,-0.190770350692091,-0.1));
#11626=CARTESIAN_POINT('',(-0.0459667614077478,-0.190770350692091,-0.1));
#11627=CARTESIAN_POINT('',(-0.139653589284343,-0.139653589284343,-0.1));
#11628=CARTESIAN_POINT('',(-0.134503589284343,-0.139653589284343,-0.1));
#11629=CARTESIAN_POINT('',(-0.190770350692091,-0.0511167614077478,-0.1));
#11630=CARTESIAN_POINT('',(-0.185620350692091,-0.0511167614077478,-0.1));
#11631=CARTESIAN_POINT('',(-0.190770350692091,0.0511167614077478,-0.1));
#11632=CARTESIAN_POINT('',(-0.185620350692091,0.0511167614077478,-0.1));
#11633=CARTESIAN_POINT('',(-0.139653589284343,0.139653589284343,-0.1));
#11634=CARTESIAN_POINT('',(-0.134503589284343,0.139653589284343,-0.1));
#11635=CARTESIAN_POINT('',(-0.0511167614077479,0.190770350692091,-0.1));
#11636=CARTESIAN_POINT('',(-0.0459667614077479,0.190770350692091,-0.1));
#11637=CARTESIAN_POINT('',(0.0511167614077478,0.190770350692091,-0.1));
#11638=CARTESIAN_POINT('',(0.0562667614077478,0.190770350692091,-0.1));
#11639=CARTESIAN_POINT('',(0.139653589284343,0.139653589284343,-0.1));
#11640=CARTESIAN_POINT('',(0.144803589284343,0.139653589284343,-0.1));
#11641=CARTESIAN_POINT('',(0.190770350692091,0.0511167614077479,-0.1));
#11642=CARTESIAN_POINT('',(0.195920350692091,0.0511167614077479,-0.1));
#11643=CARTESIAN_POINT('',(0.190770350692091,-0.0511167614077478,-0.1));
#11644=CARTESIAN_POINT('',(0.195920350692091,-0.0511167614077478,-0.1));
#11645=CARTESIAN_POINT('',(0.139653589284343,-0.139653589284343,-0.1));
#11646=CARTESIAN_POINT('',(0.144803589284343,-0.139653589284343,-0.1));
#11647=CARTESIAN_POINT('',(0.0511167614077479,-0.190770350692091,-0.1));
#11648=CARTESIAN_POINT('',(0.0562667614077479,-0.190770350692091,-0.1));
#11649=CARTESIAN_POINT('',(0.,-9.7512501382108E-18,-0.1));
#11650=CARTESIAN_POINT('',(-0.15925,-9.7512501382108E-18,-0.1));
#11651=CARTESIAN_POINT('',(-0.0544990470842856,0.204393212682643,-0.1));
#11652=CARTESIAN_POINT('',(-0.149528140194572,0.149528140194572,-0.1));
#11653=CARTESIAN_POINT('',(-0.0547310978918546,0.204259238086427,-0.1));
#11654=CARTESIAN_POINT('',(0.0549990470842857,0.204259238086427,-0.1));
#11655=CARTESIAN_POINT('',(0.0547310978918547,0.204259238086427,-0.1));
#11656=CARTESIAN_POINT('',(0.149760191002141,0.149394165598357,-0.1));
#11657=CARTESIAN_POINT('',(0.149528140194572,0.149528140194572,-0.1));
#11658=CARTESIAN_POINT('',(0.204393212682643,0.0544990470842853,-0.1));
#11659=CARTESIAN_POINT('',(0.204259238086427,0.0547310978918544,-0.1));
#11660=CARTESIAN_POINT('',(0.204259238086427,-0.0549990470842858,-0.1));
#11661=CARTESIAN_POINT('',(0.204259238086427,-0.0547310978918546,-0.1));
#11662=CARTESIAN_POINT('',(0.149394165598357,-0.149760191002141,-0.1));
#11663=CARTESIAN_POINT('',(0.149528140194572,-0.149528140194573,-0.1));
#11664=CARTESIAN_POINT('',(0.0544990470842855,-0.204393212682643,-0.1));
#11665=CARTESIAN_POINT('',(0.0547310978918545,-0.204259238086427,-0.1));
#11666=CARTESIAN_POINT('',(-0.0549990470842857,-0.204259238086427,-0.1));
#11667=CARTESIAN_POINT('',(-0.0547310978918548,-0.204259238086427,-0.1));
#11668=CARTESIAN_POINT('',(-0.149760191002142,-0.149394165598357,-0.1));
#11669=CARTESIAN_POINT('',(-0.149528140194572,-0.149528140194572,-0.1));
#11670=CARTESIAN_POINT('',(-0.204393212682643,-0.0544990470842856,-0.1));
#11671=CARTESIAN_POINT('',(-0.204259238086427,-0.0547310978918545,-0.1));
#11672=CARTESIAN_POINT('',(-0.204259238086427,0.0549990470842857,-0.1));
#11673=CARTESIAN_POINT('',(-0.204259238086427,0.0547310978918546,-0.1));
#11674=CARTESIAN_POINT('',(-0.149394165598357,0.149760191002141,-0.1));
#11675=CARTESIAN_POINT('',(0.,0.,0.));
#11676=CARTESIAN_POINT('',(-0.135,0.135,0.));
#11677=CARTESIAN_POINT('',(-0.1375527,0.135,0.));
#11678=CARTESIAN_POINT('',(0.135,-0.135,0.));
#11679=CARTESIAN_POINT('',(0.1324473,-0.135,0.));
#11680=CARTESIAN_POINT('',(-0.135,-0.135,0.));
#11681=CARTESIAN_POINT('',(-0.1375527,-0.135,0.));
#11682=CARTESIAN_POINT('',(0.135,0.135,0.));
#11683=CARTESIAN_POINT('',(0.1324473,0.135,0.));
#11684=CARTESIAN_POINT('',(-2.08166817117217E-17,-0.19,0.));
#11685=CARTESIAN_POINT('',(-0.00255270000000002,-0.19,0.));
#11686=CARTESIAN_POINT('',(-0.05,-0.19,0.));
#11687=CARTESIAN_POINT('',(-0.0525527,-0.19,0.));
#11688=CARTESIAN_POINT('',(0.05,-0.19,0.));
#11689=CARTESIAN_POINT('',(0.0474473,-0.19,0.));
#11690=CARTESIAN_POINT('',(-0.05,0.19,0.));
#11691=CARTESIAN_POINT('',(-0.0525527,0.19,0.));
#11692=CARTESIAN_POINT('',(6.93889390390723E-18,0.19,0.));
#11693=CARTESIAN_POINT('',(-0.00255269999999999,0.19,0.));
#11694=CARTESIAN_POINT('',(0.05,0.19,0.));
#11695=CARTESIAN_POINT('',(0.0474473,0.19,0.));
#11696=CARTESIAN_POINT('',(-0.0676011398812806,-0.100389847648318,0.));
#11697=CARTESIAN_POINT('',(-0.0696204398812806,-0.100389847648318,0.));
#11698=CARTESIAN_POINT('',(-0.0883883476483184,-0.112391347648318,0.));
#11699=CARTESIAN_POINT('',(-0.0904076476483184,-0.112391347648318,0.));
#11700=CARTESIAN_POINT('',(-0.109175555415356,-0.100389847648318,0.));
#11701=CARTESIAN_POINT('',(-0.111194855415356,-0.100389847648318,0.));
#11702=CARTESIAN_POINT('',(-0.109175555415356,-0.0763868476483184,0.));
#11703=CARTESIAN_POINT('',(-0.111194855415356,-0.0763868476483184,0.));
#11704=CARTESIAN_POINT('',(-0.0883883476483184,-0.0643853476483184,0.));
#11705=CARTESIAN_POINT('',(-0.0904076476483184,-0.0643853476483184,0.));
#11706=CARTESIAN_POINT('',(-0.0676011398812806,-0.0763868476483184,0.));
#11707=CARTESIAN_POINT('',(-0.0696204398812806,-0.0763868476483184,0.));
#11708=CARTESIAN_POINT('',(-0.0883883476483184,-0.0883883476483184,0.));
#11709=CARTESIAN_POINT('',(-0.0751803476483184,-0.0883883476483184,0.));
#11710=CARTESIAN_POINT('',(0.030988,-0.125,0.));
#11711=CARTESIAN_POINT('',(0.0289687,-0.125,0.));
#11712=CARTESIAN_POINT('',(0.015494,-0.151836395212472,0.));
#11713=CARTESIAN_POINT('',(0.0134747,-0.151836395212472,0.));
#11714=CARTESIAN_POINT('',(-0.015494,-0.151836395212472,0.));
#11715=CARTESIAN_POINT('',(-0.0175133,-0.151836395212472,0.));
#11716=CARTESIAN_POINT('',(-0.030988,-0.125,0.));
#11717=CARTESIAN_POINT('',(-0.0330073,-0.125,0.));
#11718=CARTESIAN_POINT('',(-0.015494,-0.0981636047875278,0.));
#11719=CARTESIAN_POINT('',(-0.0175133,-0.0981636047875278,0.));
#11720=CARTESIAN_POINT('',(0.015494,-0.0981636047875278,0.));
#11721=CARTESIAN_POINT('',(0.0134747,-0.0981636047875278,0.));
#11722=CARTESIAN_POINT('',(0.,-0.125,0.));
#11723=CARTESIAN_POINT('',(0.020701,-0.125,0.));
#11724=CARTESIAN_POINT('',(-0.022961,0.130433,0.));
#11725=CARTESIAN_POINT('',(-0.025061,0.130433,0.));
#11726=CARTESIAN_POINT('',(-0.022961,0.019567,0.));
#11727=CARTESIAN_POINT('',(-0.025061,0.019567,0.));
#11728=CARTESIAN_POINT('',(0.022961,0.019567,0.));
#11729=CARTESIAN_POINT('',(0.020861,0.019567,0.));
#11730=CARTESIAN_POINT('',(0.055433,0.097961,0.));
#11731=CARTESIAN_POINT('',(0.053333,0.097961,0.));
#11732=CARTESIAN_POINT('',(0.055433,0.052039,0.));
#11733=CARTESIAN_POINT('',(0.053333,0.052039,0.));
#11734=CARTESIAN_POINT('',(-0.055433,0.052039,0.));
#11735=CARTESIAN_POINT('',(-0.057533,0.052039,0.));
#11736=CARTESIAN_POINT('',(-0.055433,0.097961,0.));
#11737=CARTESIAN_POINT('',(-0.057533,0.097961,0.));
#11738=CARTESIAN_POINT('',(0.022961,0.130433,0.));
#11739=CARTESIAN_POINT('',(0.020861,0.130433,0.));
#11740=CARTESIAN_POINT('',(6.93889390390723E-18,0.075,0.));
#11741=CARTESIAN_POINT('',(0.050635,0.075,0.));
#11742=CARTESIAN_POINT('',(0.102129619043213,-0.1768936891405,0.));
#11743=CARTESIAN_POINT('',(0.0547310978918545,-0.204259238086427,0.));
#11744=CARTESIAN_POINT('',(0.149528140194572,-0.149528140194572,0.));
#11745=CARTESIAN_POINT('',(0.176893689140499,-0.102129619043214,0.));
#11746=CARTESIAN_POINT('',(0.204259238086427,-0.0547310978918547,0.));
#11747=CARTESIAN_POINT('',(0.204259238086427,-5.15402814089703E-17,0.));
#11748=CARTESIAN_POINT('',(0.204259238086427,0.0547310978918544,0.));
#11749=CARTESIAN_POINT('',(0.1768936891405,0.102129619043213,0.));
#11750=CARTESIAN_POINT('',(0.149528140194572,0.149528140194572,0.));
#11751=CARTESIAN_POINT('',(0.102129619043213,0.1768936891405,0.));
#11752=CARTESIAN_POINT('',(0.0547310978918547,0.204259238086427,0.));
#11753=CARTESIAN_POINT('',(5.15402814089703E-17,0.204259238086427,0.));
#11754=CARTESIAN_POINT('',(-0.0547310978918546,0.204259238086427,0.));
#11755=CARTESIAN_POINT('',(-0.102129619043213,0.1768936891405,0.));
#11756=CARTESIAN_POINT('',(-0.149528140194572,0.149528140194572,0.));
#11757=CARTESIAN_POINT('',(-0.1768936891405,0.102129619043213,0.));
#11758=CARTESIAN_POINT('',(-0.204259238086427,0.0547310978918547,0.));
#11759=CARTESIAN_POINT('',(-0.204259238086427,5.15402814089702E-17,0.));
#11760=CARTESIAN_POINT('',(-0.204259238086427,-0.0547310978918546,0.));
#11761=CARTESIAN_POINT('',(-0.1768936891405,-0.102129619043213,0.));
#11762=CARTESIAN_POINT('',(-0.149528140194572,-0.149528140194572,0.));
#11763=CARTESIAN_POINT('',(-0.102129619043214,-0.1768936891405,0.));
#11764=CARTESIAN_POINT('',(-0.0547310978918548,-0.204259238086427,0.));
#11765=CARTESIAN_POINT('',(-5.15402814089703E-17,-0.204259238086427,0.));
#11766=CARTESIAN_POINT('',(-0.176893689140499,0.102129619043214,-0.099));
#11767=CARTESIAN_POINT('',(-0.204259238086427,0.0547310978918546,-0.099));
#11768=CARTESIAN_POINT('',(-0.149528140194572,0.149528140194572,-0.099));
#11769=CARTESIAN_POINT('',(-0.204259238086427,0.0547310978918546,-0.099));
#11770=CARTESIAN_POINT('',(-0.204259238086427,0.0547310978918546,-0.099));
#11771=CARTESIAN_POINT('',(-0.204259238086427,0.0547310978918546,-0.099));
#11772=CARTESIAN_POINT('',(-0.149528140194572,0.149528140194572,-0.099));
#11773=CARTESIAN_POINT('',(-0.149528140194572,0.149528140194572,-0.099));
#11774=CARTESIAN_POINT('',(-0.149528140194572,0.149528140194572,-0.099));
#11775=CARTESIAN_POINT('',(-0.204259238086427,3.79115886850365E-17,-0.099));
#11776=CARTESIAN_POINT('',(-0.204259238086427,-0.0547310978918545,-0.099));
#11777=CARTESIAN_POINT('',(-0.204259238086427,0.0547310978918546,-0.1));
#11778=CARTESIAN_POINT('',(-0.204259238086427,0.0547310978918546,-0.001));
#11779=CARTESIAN_POINT('',(-0.1768936891405,0.102129619043213,-0.001));
#11780=CARTESIAN_POINT('',(-0.149528140194572,0.149528140194572,-0.001));
#11781=CARTESIAN_POINT('',(-0.204259238086427,0.0547310978918547,-0.001));
#11782=CARTESIAN_POINT('',(-0.149528140194572,0.149528140194572,-0.1));
#11783=CARTESIAN_POINT('',(-0.149528140194572,0.149528140194572,-0.001));
#11784=CARTESIAN_POINT('',(-0.102129619043213,0.176893689140499,-0.099));
#11785=CARTESIAN_POINT('',(-0.0547310978918546,0.204259238086427,-0.099));
#11786=CARTESIAN_POINT('',(-0.204259238086427,-0.0547310978918545,-0.099));
#11787=CARTESIAN_POINT('',(-0.204259238086427,-0.0547310978918545,-0.099));
#11788=CARTESIAN_POINT('',(-0.204259238086427,-0.0547310978918545,-0.099));
#11789=CARTESIAN_POINT('',(-0.204259238086427,0.0547310978918546,-0.001));
#11790=CARTESIAN_POINT('',(-0.204259238086427,0.0547310978918546,-0.001));
#11791=CARTESIAN_POINT('',(-0.149528140194572,0.149528140194572,-0.001));
#11792=CARTESIAN_POINT('',(-0.149528140194572,0.149528140194572,-0.001));
#11793=CARTESIAN_POINT('',(-0.0547310978918545,0.204259238086427,-0.099));
#11794=CARTESIAN_POINT('',(-0.0547310978918545,0.204259238086427,-0.099));
#11795=CARTESIAN_POINT('',(-0.0547310978918545,0.204259238086427,-0.099));
#11796=CARTESIAN_POINT('',(-0.1768936891405,-0.102129619043213,-0.099));
#11797=CARTESIAN_POINT('',(-0.149528140194572,-0.149528140194572,-0.099));
#11798=CARTESIAN_POINT('',(-0.204259238086427,-0.0547310978918545,-0.1));
#11799=CARTESIAN_POINT('',(-0.204259238086427,-0.0547310978918545,-0.001));
#11800=CARTESIAN_POINT('',(-0.204259238086427,5.15402814089702E-17,-0.001));
#11801=CARTESIAN_POINT('',(-0.204259238086427,-0.0547310978918546,-0.001));
#11802=CARTESIAN_POINT('',(-0.102129619043213,0.1768936891405,-0.001));
#11803=CARTESIAN_POINT('',(-0.0547310978918545,0.204259238086427,-0.001));
#11804=CARTESIAN_POINT('',(-0.0547310978918545,0.204259238086427,-0.1));
#11805=CARTESIAN_POINT('',(-0.0547310978918545,0.204259238086427,-0.001));
#11806=CARTESIAN_POINT('',(5.52588234448046E-17,0.204259238086427,-0.099));
#11807=CARTESIAN_POINT('',(0.0547310978918547,0.204259238086427,-0.099));
#11808=CARTESIAN_POINT('',(-0.149528140194572,-0.149528140194572,-0.099));
#11809=CARTESIAN_POINT('',(-0.149528140194572,-0.149528140194572,-0.099));
#11810=CARTESIAN_POINT('',(-0.149528140194572,-0.149528140194572,-0.099));
#11811=CARTESIAN_POINT('',(-0.204259238086427,-0.0547310978918545,-0.001));
#11812=CARTESIAN_POINT('',(-0.204259238086427,-0.0547310978918545,-0.001));
#11813=CARTESIAN_POINT('',(-0.0547310978918545,0.204259238086427,-0.001));
#11814=CARTESIAN_POINT('',(-0.0547310978918546,0.204259238086427,-0.001));
#11815=CARTESIAN_POINT('',(0.0547310978918547,0.204259238086427,-0.099));
#11816=CARTESIAN_POINT('',(0.0547310978918547,0.204259238086427,-0.099));
#11817=CARTESIAN_POINT('',(0.0547310978918547,0.204259238086427,-0.099));
#11818=CARTESIAN_POINT('',(-0.102129619043214,-0.176893689140499,-0.099));
#11819=CARTESIAN_POINT('',(-0.0547310978918548,-0.204259238086427,-0.099));
#11820=CARTESIAN_POINT('',(-0.149528140194572,-0.149528140194572,-0.1));
#11821=CARTESIAN_POINT('',(-0.149528140194572,-0.149528140194572,-0.001));
#11822=CARTESIAN_POINT('',(-0.1768936891405,-0.102129619043213,-0.001));
#11823=CARTESIAN_POINT('',(-0.149528140194572,-0.149528140194572,-0.001));
#11824=CARTESIAN_POINT('',(5.15402814089702E-17,0.204259238086427,-0.001));
#11825=CARTESIAN_POINT('',(0.0547310978918547,0.204259238086427,-0.001));
#11826=CARTESIAN_POINT('',(0.0547310978918547,0.204259238086427,-0.1));
#11827=CARTESIAN_POINT('',(0.0547310978918547,0.204259238086427,-0.001));
#11828=CARTESIAN_POINT('',(0.102129619043214,0.176893689140499,-0.099));
#11829=CARTESIAN_POINT('',(0.149528140194572,0.149528140194572,-0.099));
#11830=CARTESIAN_POINT('',(-0.0547310978918548,-0.204259238086427,-0.099));
#11831=CARTESIAN_POINT('',(-0.0547310978918548,-0.204259238086427,-0.099));
#11832=CARTESIAN_POINT('',(-0.0547310978918548,-0.204259238086427,-0.099));
#11833=CARTESIAN_POINT('',(-0.149528140194572,-0.149528140194572,-0.001));
#11834=CARTESIAN_POINT('',(-0.149528140194572,-0.149528140194572,-0.001));
#11835=CARTESIAN_POINT('',(0.0547310978918547,0.204259238086427,-0.001));
#11836=CARTESIAN_POINT('',(0.0547310978918547,0.204259238086427,-0.001));
#11837=CARTESIAN_POINT('',(0.149528140194572,0.149528140194572,-0.099));
#11838=CARTESIAN_POINT('',(0.149528140194572,0.149528140194572,-0.099));
#11839=CARTESIAN_POINT('',(0.149528140194572,0.149528140194572,-0.099));
#11840=CARTESIAN_POINT('',(-7.60755051565263E-17,-0.204259238086427,-0.099));
#11841=CARTESIAN_POINT('',(0.0547310978918545,-0.204259238086427,-0.099));
#11842=CARTESIAN_POINT('',(-0.0547310978918548,-0.204259238086427,-0.1));
#11843=CARTESIAN_POINT('',(-0.0547310978918548,-0.204259238086427,-0.001));
#11844=CARTESIAN_POINT('',(-0.102129619043214,-0.1768936891405,-0.001));
#11845=CARTESIAN_POINT('',(-0.0547310978918548,-0.204259238086427,-0.001));
#11846=CARTESIAN_POINT('',(0.102129619043213,0.1768936891405,-0.001));
#11847=CARTESIAN_POINT('',(0.149528140194572,0.149528140194572,-0.001));
#11848=CARTESIAN_POINT('',(0.149528140194572,0.149528140194572,-0.1));
#11849=CARTESIAN_POINT('',(0.149528140194572,0.149528140194572,-0.001));
#11850=CARTESIAN_POINT('',(0.1768936891405,0.102129619043213,-0.099));
#11851=CARTESIAN_POINT('',(0.204259238086427,0.0547310978918544,-0.099));
#11852=CARTESIAN_POINT('',(0.0547310978918545,-0.204259238086427,-0.099));
#11853=CARTESIAN_POINT('',(0.0547310978918545,-0.204259238086427,-0.099));
#11854=CARTESIAN_POINT('',(0.0547310978918545,-0.204259238086427,-0.099));
#11855=CARTESIAN_POINT('',(-0.0547310978918548,-0.204259238086427,-0.001));
#11856=CARTESIAN_POINT('',(-0.0547310978918548,-0.204259238086427,-0.001));
#11857=CARTESIAN_POINT('',(0.149528140194572,0.149528140194572,-0.001));
#11858=CARTESIAN_POINT('',(0.149528140194572,0.149528140194572,-0.001));
#11859=CARTESIAN_POINT('',(0.204259238086427,0.0547310978918544,-0.099));
#11860=CARTESIAN_POINT('',(0.204259238086427,0.0547310978918544,-0.099));
#11861=CARTESIAN_POINT('',(0.204259238086427,0.0547310978918544,-0.099));
#11862=CARTESIAN_POINT('',(0.102129619043213,-0.1768936891405,-0.099));
#11863=CARTESIAN_POINT('',(0.149528140194572,-0.149528140194573,-0.099));
#11864=CARTESIAN_POINT('',(0.0547310978918545,-0.204259238086427,-0.1));
#11865=CARTESIAN_POINT('',(0.0547310978918545,-0.204259238086427,-0.001));
#11866=CARTESIAN_POINT('',(-5.15402814089703E-17,-0.204259238086427,-0.001));
#11867=CARTESIAN_POINT('',(0.0547310978918545,-0.204259238086427,-0.001));
#11868=CARTESIAN_POINT('',(0.1768936891405,0.102129619043213,-0.001));
#11869=CARTESIAN_POINT('',(0.204259238086427,0.0547310978918544,-0.001));
#11870=CARTESIAN_POINT('',(0.204259238086427,0.0547310978918544,-0.1));
#11871=CARTESIAN_POINT('',(0.204259238086427,0.0547310978918544,-0.001));
#11872=CARTESIAN_POINT('',(0.204259238086427,-1.24647762483877E-16,-0.099));
#11873=CARTESIAN_POINT('',(0.204259238086427,-0.0547310978918547,-0.099));
#11874=CARTESIAN_POINT('',(0.176893689140499,-0.102129619043214,-0.099));
#11875=CARTESIAN_POINT('',(0.149528140194572,-0.149528140194573,-0.099));
#11876=CARTESIAN_POINT('',(0.204259238086427,-0.0547310978918546,-0.099));
#11877=CARTESIAN_POINT('',(0.149528140194572,-0.149528140194573,-0.099));
#11878=CARTESIAN_POINT('',(0.149528140194572,-0.149528140194573,-0.099));
#11879=CARTESIAN_POINT('',(0.0547310978918545,-0.204259238086427,-0.001));
#11880=CARTESIAN_POINT('',(0.0547310978918545,-0.204259238086427,-0.001));
#11881=CARTESIAN_POINT('',(0.204259238086427,0.0547310978918544,-0.001));
#11882=CARTESIAN_POINT('',(0.204259238086427,0.0547310978918544,-0.001));
#11883=CARTESIAN_POINT('',(0.204259238086427,-0.0547310978918547,-0.099));
#11884=CARTESIAN_POINT('',(0.204259238086427,-0.0547310978918547,-0.099));
#11885=CARTESIAN_POINT('',(0.149528140194572,-0.149528140194573,-0.1));
#11886=CARTESIAN_POINT('',(0.149528140194572,-0.149528140194573,-0.001));
#11887=CARTESIAN_POINT('',(0.102129619043213,-0.1768936891405,-0.001));
#11888=CARTESIAN_POINT('',(0.149528140194572,-0.149528140194572,-0.001));
#11889=CARTESIAN_POINT('',(0.204259238086427,-5.15402814089703E-17,-0.001));
#11890=CARTESIAN_POINT('',(0.204259238086427,-0.0547310978918547,-0.001));
#11891=CARTESIAN_POINT('',(0.204259238086427,-0.0547310978918547,-0.1));
#11892=CARTESIAN_POINT('',(0.204259238086427,-0.0547310978918547,-0.001));
#11893=CARTESIAN_POINT('',(0.149528140194572,-0.149528140194573,-0.001));
#11894=CARTESIAN_POINT('',(0.149528140194572,-0.149528140194573,-0.001));
#11895=CARTESIAN_POINT('',(0.204259238086427,-0.0547310978918547,-0.001));
#11896=CARTESIAN_POINT('',(0.204259238086427,-0.0547310978918547,-0.001));
#11897=CARTESIAN_POINT('',(0.176893689140499,-0.102129619043214,-0.001));
#11898=CARTESIAN_POINT('',(6.93889390390723E-18,0.075,-0.00188));
#11899=CARTESIAN_POINT('',(6.93889390390723E-18,0.075,-0.00188));
#11900=CARTESIAN_POINT('',(0.04746,0.075,-0.00188));
#11901=CARTESIAN_POINT('',(6.93889390390723E-18,0.075,0.));
#11902=CARTESIAN_POINT('',(0.04746,0.075,0.));
#11903=CARTESIAN_POINT('',(6.93889390390723E-18,0.075,-0.00188));
#11904=CARTESIAN_POINT('',(6.93889390390723E-18,0.075,-0.00188));
#11905=CARTESIAN_POINT('',(0.050635,0.075,-0.00188));
#11906=CARTESIAN_POINT('',(6.93889390390723E-18,0.075,-0.00188));
#11907=CARTESIAN_POINT('',(0.,0.,0.));
#11908=CARTESIAN_POINT('',(6.93889390390723E-18,0.075,0.));
#11909=CARTESIAN_POINT('',(0.04445,0.075,0.));
#11910=CARTESIAN_POINT('',(6.93889390390723E-18,0.075,-0.100002));
#11911=CARTESIAN_POINT('',(6.93889390390723E-18,0.075,-0.0125));
#11912=CARTESIAN_POINT('',(0.04445,0.075,-0.0125));
#11913=CARTESIAN_POINT('',(0.022961,0.130433,-0.008));
#11914=CARTESIAN_POINT('',(0.022961,0.130433,-0.00926180729995788));
#11915=CARTESIAN_POINT('',(0.022961,0.130433,-0.008));
#11916=CARTESIAN_POINT('',(0.020861,0.130433,-0.008));
#11917=CARTESIAN_POINT('',(0.022961,0.130433,0.));
#11918=CARTESIAN_POINT('',(-0.055433,0.097961,-0.008));
#11919=CARTESIAN_POINT('',(-0.055433,0.097961,-0.00926180729995788));
#11920=CARTESIAN_POINT('',(-0.055433,0.097961,-0.008));
#11921=CARTESIAN_POINT('',(-0.057533,0.097961,-0.008));
#11922=CARTESIAN_POINT('',(-0.055433,0.097961,0.));
#11923=CARTESIAN_POINT('',(-0.055433,0.052039,-0.008));
#11924=CARTESIAN_POINT('',(-0.055433,0.052039,-0.00926180729995788));
#11925=CARTESIAN_POINT('',(-0.055433,0.052039,-0.008));
#11926=CARTESIAN_POINT('',(-0.057533,0.052039,-0.008));
#11927=CARTESIAN_POINT('',(-0.055433,0.052039,0.));
#11928=CARTESIAN_POINT('',(0.055433,0.052039,-0.008));
#11929=CARTESIAN_POINT('',(0.055433,0.052039,-0.00926180729995788));
#11930=CARTESIAN_POINT('',(0.055433,0.052039,-0.008));
#11931=CARTESIAN_POINT('',(0.053333,0.052039,-0.008));
#11932=CARTESIAN_POINT('',(0.055433,0.052039,0.));
#11933=CARTESIAN_POINT('',(0.055433,0.097961,-0.008));
#11934=CARTESIAN_POINT('',(0.055433,0.097961,-0.00926180729995788));
#11935=CARTESIAN_POINT('',(0.055433,0.097961,-0.008));
#11936=CARTESIAN_POINT('',(0.053333,0.097961,-0.008));
#11937=CARTESIAN_POINT('',(0.055433,0.097961,0.));
#11938=CARTESIAN_POINT('',(0.022961,0.019567,-0.008));
#11939=CARTESIAN_POINT('',(0.022961,0.019567,-0.00926180729995788));
#11940=CARTESIAN_POINT('',(0.022961,0.019567,-0.008));
#11941=CARTESIAN_POINT('',(0.020861,0.019567,-0.008));
#11942=CARTESIAN_POINT('',(0.022961,0.019567,0.));
#11943=CARTESIAN_POINT('',(-0.022961,0.019567,-0.008));
#11944=CARTESIAN_POINT('',(-0.022961,0.019567,-0.00926180729995788));
#11945=CARTESIAN_POINT('',(-0.022961,0.019567,-0.008));
#11946=CARTESIAN_POINT('',(-0.025061,0.019567,-0.008));
#11947=CARTESIAN_POINT('',(-0.022961,0.019567,0.));
#11948=CARTESIAN_POINT('',(-0.022961,0.130433,-0.008));
#11949=CARTESIAN_POINT('',(-0.022961,0.130433,-0.00926180729995788));
#11950=CARTESIAN_POINT('',(-0.022961,0.130433,-0.008));
#11951=CARTESIAN_POINT('',(-0.025061,0.130433,-0.008));
#11952=CARTESIAN_POINT('',(-0.022961,0.130433,0.));
#11953=CARTESIAN_POINT('',(0.,0.,-0.0125));
#11954=CARTESIAN_POINT('',(1.38777878078145E-17,1.38777878078145E-17,-0.0125));
#11955=CARTESIAN_POINT('',(0.00113030000000001,1.38777878078145E-17,-0.0125));
#11956=CARTESIAN_POINT('',(1.38777878078145E-17,-0.025,-0.0125));
#11957=CARTESIAN_POINT('',(0.00113030000000001,-0.025,-0.0125));
#11958=CARTESIAN_POINT('',(1.38777878078145E-17,-0.05,-0.0125));
#11959=CARTESIAN_POINT('',(0.00113030000000001,-0.05,-0.0125));
#11960=CARTESIAN_POINT('',(0.025,1.38777878078145E-17,-0.0125));
#11961=CARTESIAN_POINT('',(0.0261303,1.38777878078145E-17,-0.0125));
#11962=CARTESIAN_POINT('',(-0.05,-0.05,-0.0125));
#11963=CARTESIAN_POINT('',(-0.0488697,-0.05,-0.0125));
#11964=CARTESIAN_POINT('',(-0.025,1.38777878078145E-17,-0.0125));
#11965=CARTESIAN_POINT('',(-0.0238697,1.38777878078145E-17,-0.0125));
#11966=CARTESIAN_POINT('',(-0.025,-0.025,-0.0125));
#11967=CARTESIAN_POINT('',(-0.0238697,-0.025,-0.0125));
#11968=CARTESIAN_POINT('',(-0.025,-0.05,-0.0125));
#11969=CARTESIAN_POINT('',(-0.0238697,-0.05,-0.0125));
#11970=CARTESIAN_POINT('',(-0.0573576436351046,-0.0819152044288992,-0.0125));
#11971=CARTESIAN_POINT('',(-0.0562273436351046,-0.0819152044288992,-0.0125));
#11972=CARTESIAN_POINT('',(0.0573576436351047,-0.0819152044288991,-0.0125));
#11973=CARTESIAN_POINT('',(0.0584879436351047,-0.0819152044288991,-0.0125));
#11974=CARTESIAN_POINT('',(0.0516218792715942,-0.0737236839860092,-0.0125));
#11975=CARTESIAN_POINT('',(0.0527521792715942,-0.0737236839860092,-0.0125));
#11976=CARTESIAN_POINT('',(-0.075,1.38777878078145E-17,-0.0125));
#11977=CARTESIAN_POINT('',(-0.0738697,1.38777878078145E-17,-0.0125));
#11978=CARTESIAN_POINT('',(-0.05,-0.025,-0.0125));
#11979=CARTESIAN_POINT('',(-0.0488697,-0.025,-0.0125));
#11980=CARTESIAN_POINT('',(-0.075,-0.05,-0.0125));
#11981=CARTESIAN_POINT('',(-0.0738697,-0.05,-0.0125));
#11982=CARTESIAN_POINT('',(-0.075,-0.025,-0.0125));
#11983=CARTESIAN_POINT('',(-0.0738697,-0.025,-0.0125));
#11984=CARTESIAN_POINT('',(-0.05,1.38777878078145E-17,-0.0125));
#11985=CARTESIAN_POINT('',(-0.0488697,1.38777878078145E-17,-0.0125));
#11986=CARTESIAN_POINT('',(0.05,-0.05,-0.0125));
#11987=CARTESIAN_POINT('',(0.0511303,-0.05,-0.0125));
#11988=CARTESIAN_POINT('',(0.075,1.38777878078145E-17,-0.0125));
#11989=CARTESIAN_POINT('',(0.0761303,1.38777878078145E-17,-0.0125));
#11990=CARTESIAN_POINT('',(0.075,-0.025,-0.0125));
#11991=CARTESIAN_POINT('',(0.0761303,-0.025,-0.0125));
#11992=CARTESIAN_POINT('',(0.075,-0.05,-0.0125));
#11993=CARTESIAN_POINT('',(0.0761303,-0.05,-0.0125));
#11994=CARTESIAN_POINT('',(0.05,-0.025,-0.0125));
#11995=CARTESIAN_POINT('',(0.0511303,-0.025,-0.0125));
#11996=CARTESIAN_POINT('',(0.05,1.38777878078145E-17,-0.0125));
#11997=CARTESIAN_POINT('',(0.0511303,1.38777878078145E-17,-0.0125));
#11998=CARTESIAN_POINT('',(0.025,-0.05,-0.0125));
#11999=CARTESIAN_POINT('',(0.0261303,-0.05,-0.0125));
#12000=CARTESIAN_POINT('',(0.025,-0.025,-0.0125));
#12001=CARTESIAN_POINT('',(0.0261303,-0.025,-0.0125));
#12002=CARTESIAN_POINT('',(-0.0516218792715942,-0.0737236839860092,-0.0125));
#12003=CARTESIAN_POINT('',(-0.0504915792715942,-0.0737236839860092,-0.0125));
#12004=CARTESIAN_POINT('',(0.,-1.16500183465378E-17,-0.0125));
#12005=CARTESIAN_POINT('',(-0.190259238086427,-1.16500183465378E-17,-0.0125));
#12006=CARTESIAN_POINT('',(0.,-5.55111512312578E-17,-0.095));
#12007=CARTESIAN_POINT('',(0.,-9.7512501382108E-18,-0.095));
#12008=CARTESIAN_POINT('',(-0.15925,-9.7512501382108E-18,-0.095));
#12009=CARTESIAN_POINT('',(0.,-9.7512501382108E-18,-0.095));
#12010=CARTESIAN_POINT('',(0.,0.,-0.085));
#12011=CARTESIAN_POINT('',(0.,-1.16500183465378E-17,-0.085));
#12012=CARTESIAN_POINT('',(0.190259238086427,-1.16500183465378E-17,-0.085));
#12013=CARTESIAN_POINT('',(0.,-1.16500183465378E-17,-0.603872794503888));
#12014=CARTESIAN_POINT('',(0.024674707118316,-0.188653159318776,-0.0450596708434574));
#12015=CARTESIAN_POINT('',(0.0251613197247505,-0.18858797934986,-0.0500097194527427));
#12016=CARTESIAN_POINT('',(0.0246800139826821,-0.188652467055602,-0.0549014513455717));
#12017=CARTESIAN_POINT('',(0.0232357350982678,-0.188838084765422,-0.0596514484193008));
#12018=CARTESIAN_POINT('',(0.0209304468062531,-0.189111141789672,-0.0639640958428934));
#12019=CARTESIAN_POINT('',(0.0177792911006586,-0.189437368061896,-0.0678031961516576));
#12020=CARTESIAN_POINT('',(0.014635789028903,-0.189704313257463,-0.0703842434215729));
#12021=CARTESIAN_POINT('',(0.0118011361299268,-0.189897071360291,-0.0720854481082043));
#12022=CARTESIAN_POINT('',(0.00959352658823299,-0.190021640023123,-0.0731284668812181));
#12023=CARTESIAN_POINT('',(0.00729465473075758,-0.19012426137774,-0.073954684360631));
#12024=CARTESIAN_POINT('',(0.00408321873547863,-0.190227371413889,-0.0747601080779183));
#12025=CARTESIAN_POINT('',(2.95728946969501E-5,-0.190280676057636,-0.0751615856446702));
#12026=CARTESIAN_POINT('',(-0.00492857243420811,-0.190216010736811,-0.0746738215228331));
#12027=CARTESIAN_POINT('',(-0.00882017315477707,-0.190065219177029,-0.0734931435669092));
#12028=CARTESIAN_POINT('',(-0.0118121531895426,-0.189896409723142,-0.0720797521205115));
#12029=CARTESIAN_POINT('',(-0.0139106494275994,-0.189753633899945,-0.0708198055581117));
#12030=CARTESIAN_POINT('',(-0.015870513651042,-0.189599351805613,-0.0693683293439826));
#12031=CARTESIAN_POINT('',(-0.0177003728752169,-0.189436803004181,-0.0677125093618186));
#12032=CARTESIAN_POINT('',(-0.019354622331832,-0.189274371513899,-0.0658870254582604));
#12033=CARTESIAN_POINT('',(-0.020807647770688,-0.189119637392126,-0.063928906533858));
#12034=CARTESIAN_POINT('',(-0.0220699157660457,-0.188976075263931,-0.0618305478473011));
#12035=CARTESIAN_POINT('',(-0.0234854634056178,-0.188806125159123,-0.0588403714812278));
#12036=CARTESIAN_POINT('',(-0.0246690375815805,-0.1886538431669,-0.054951940924226));
#12037=CARTESIAN_POINT('',(-0.0251616900480646,-0.188587944246956,-0.0499941609093076));
#12038=CARTESIAN_POINT('',(-0.0247637746114118,-0.18864126157253,-0.0459390916567692));
#12039=CARTESIAN_POINT('',(-0.0239613498986339,-0.188744816329291,-0.0427273044389553));
#12040=CARTESIAN_POINT('',(-0.0231371805515792,-0.188847917495237,-0.0404274267667922));
#12041=CARTESIAN_POINT('',(-0.0220954155773209,-0.18897309142907,-0.0382173802543627));
#12042=CARTESIAN_POINT('',(-0.0203956637601165,-0.189166574132673,-0.0353802287402449));
#12043=CARTESIAN_POINT('',(-0.0178194745806366,-0.189433722505347,-0.0322366684795139));
#12044=CARTESIAN_POINT('',(-0.0139783139453167,-0.189759787204811,-0.0290795612496154));
#12045=CARTESIAN_POINT('',(-0.0103984508945983,-0.189985664038901,-0.0271615250104566));
#12046=CARTESIAN_POINT('',(-0.00728283195014383,-0.190124727817135,-0.0260415752748623));
#12047=CARTESIAN_POINT('',(-0.00490641149916664,-0.190200974078017,-0.0254459195558422));
#12048=CARTESIAN_POINT('',(-0.00249089575763841,-0.190248169012849,-0.0250840369862248));
#12049=CARTESIAN_POINT('',(-2.21567385464418E-5,-0.190264636541982,-0.0249590170851265));
#12050=CARTESIAN_POINT('',(0.00244590912258789,-0.19024870551837,-0.0250799541819186));
#12051=CARTESIAN_POINT('',(0.00566335418522562,-0.190186885096232,-0.0255538739333883));
#12052=CARTESIAN_POINT('',(0.00963349852885222,-0.19003354896109,-0.0267562597597769));
#12053=CARTESIAN_POINT('',(0.0139451534553716,-0.189762258867508,-0.0290572617433383));
#12054=CARTESIAN_POINT('',(0.0177874695898476,-0.1894367580233,-0.0322048508559027));
#12055=CARTESIAN_POINT('',(0.0203719255133975,-0.189169154741176,-0.0353468189728501));
#12056=CARTESIAN_POINT('',(0.0220752494975337,-0.188975452850339,-0.0381802982940481));
#12057=CARTESIAN_POINT('',(0.0234673756511715,-0.188808318962059,-0.0411174104694798));
#12058=CARTESIAN_POINT('',(0.024674707118316,-0.188653159318776,-0.0450596708434574));
#12059=CARTESIAN_POINT('',(0.0251613197247505,-0.18858797934986,-0.0500097194527427));
#12060=CARTESIAN_POINT('',(0.0246800139826821,-0.188652467055602,-0.0549014513455717));
#12061=CARTESIAN_POINT('',(0.025,-0.18860959062897,-0.05));
#12062=CARTESIAN_POINT('',(-5.13687460728335E-17,-0.202592238086427,-0.05));
#12063=CARTESIAN_POINT('',(-5.13687460728335E-17,-0.202592238086427,-0.05));
#12064=CARTESIAN_POINT('',(0.0262889999999999,-0.202592238086427,-0.05));
#12065=CARTESIAN_POINT('',(-1.62141953451468E-16,-0.202592238086427,-0.05));
#12066=CARTESIAN_POINT('',(-5.13687460728335E-17,-0.202592238086427,-0.05));
#12067=CARTESIAN_POINT('',(0.0249999999999999,-0.202592238086427,-0.05));
#12068=CARTESIAN_POINT('',(-2.68089256339818E-17,-0.105259238086427,-0.05));
#12069=CARTESIAN_POINT('',(0.015795258670869,-0.195259238086427,-0.0118668722955966));
#12070=CARTESIAN_POINT('',(0.015795258670869,-0.194045920238425,-0.0118668722955966));
#12071=CARTESIAN_POINT('',(0.015795258670869,-0.195259238086427,-0.0118668722955966));
#12072=CARTESIAN_POINT('',(0.013775958670869,-0.195259238086427,-0.0118668722955966));
#12073=CARTESIAN_POINT('',(0.015795258670869,-0.205259238086427,-0.0118668722955966));
#12074=CARTESIAN_POINT('',(-0.0157952586708691,-0.195259238086427,-0.0118668722955966));
#12075=CARTESIAN_POINT('',(-0.0157952586708691,-0.194045920238425,-0.0118668722955966));
#12076=CARTESIAN_POINT('',(-0.0157952586708691,-0.195259238086427,-0.0118668722955966));
#12077=CARTESIAN_POINT('',(-0.0178145586708691,-0.195259238086427,-0.0118668722955966));
#12078=CARTESIAN_POINT('',(-0.0157952586708691,-0.205259238086427,-0.0118668722955966));
#12079=CARTESIAN_POINT('',(-0.0381331277044034,-0.195259238086427,-0.0342047413291309));
#12080=CARTESIAN_POINT('',(-0.0381331277044034,-0.194045920238425,-0.0342047413291309));
#12081=CARTESIAN_POINT('',(-0.0381331277044034,-0.195259238086427,-0.0342047413291309));
#12082=CARTESIAN_POINT('',(-0.0401524277044034,-0.195259238086427,-0.0342047413291309));
#12083=CARTESIAN_POINT('',(-0.0381331277044034,-0.205259238086427,-0.0342047413291309));
#12084=CARTESIAN_POINT('',(-0.0381331277044034,-0.195259238086427,-0.0657952586708691));
#12085=CARTESIAN_POINT('',(-0.0381331277044034,-0.194045920238425,-0.0657952586708691));
#12086=CARTESIAN_POINT('',(-0.0381331277044034,-0.195259238086427,-0.0657952586708691));
#12087=CARTESIAN_POINT('',(-0.0401524277044034,-0.195259238086427,-0.0657952586708691));
#12088=CARTESIAN_POINT('',(-0.0381331277044034,-0.205259238086427,-0.0657952586708691));
#12089=CARTESIAN_POINT('',(-0.0157952586708691,-0.195259238086427,-0.0881331277044034));
#12090=CARTESIAN_POINT('',(-0.0157952586708691,-0.194045920238425,-0.0881331277044034));
#12091=CARTESIAN_POINT('',(-0.0157952586708691,-0.195259238086427,-0.0881331277044034));
#12092=CARTESIAN_POINT('',(-0.0178145586708691,-0.195259238086427,-0.0881331277044034));
#12093=CARTESIAN_POINT('',(-0.0157952586708691,-0.205259238086427,-0.0881331277044034));
#12094=CARTESIAN_POINT('',(0.0157952586708691,-0.195259238086427,-0.0881331277044034));
#12095=CARTESIAN_POINT('',(0.0157952586708691,-0.194045920238425,-0.0881331277044034));
#12096=CARTESIAN_POINT('',(0.0157952586708691,-0.195259238086427,-0.0881331277044034));
#12097=CARTESIAN_POINT('',(0.0137759586708691,-0.195259238086427,-0.0881331277044034));
#12098=CARTESIAN_POINT('',(0.0157952586708691,-0.205259238086427,-0.0881331277044034));
#12099=CARTESIAN_POINT('',(0.0381331277044033,-0.195259238086427,-0.0657952586708691));
#12100=CARTESIAN_POINT('',(0.0381331277044033,-0.194045920238425,-0.0657952586708691));
#12101=CARTESIAN_POINT('',(0.0381331277044033,-0.195259238086427,-0.0657952586708691));
#12102=CARTESIAN_POINT('',(0.0361138277044033,-0.195259238086427,-0.0657952586708691));
#12103=CARTESIAN_POINT('',(0.0381331277044033,-0.205259238086427,-0.0657952586708691));
#12104=CARTESIAN_POINT('',(0.0381331277044033,-0.195259238086427,-0.0342047413291309));
#12105=CARTESIAN_POINT('',(0.0381331277044033,-0.194045920238425,-0.0342047413291309));
#12106=CARTESIAN_POINT('',(0.0381331277044033,-0.195259238086427,-0.0342047413291309));
#12107=CARTESIAN_POINT('',(0.0361138277044033,-0.195259238086427,-0.0342047413291309));
#12108=CARTESIAN_POINT('',(0.0381331277044033,-0.205259238086427,-0.0342047413291309));
#12109=CARTESIAN_POINT('',(0.0511167614077479,-0.190770350692091,-0.081));
#12110=CARTESIAN_POINT('',(0.0511167614077479,-0.190770350692091,-0.0779055678120081));
#12111=CARTESIAN_POINT('',(0.0511167614077479,-0.190770350692091,-0.081));
#12112=CARTESIAN_POINT('',(0.0562667614077479,-0.190770350692091,-0.081));
#12113=CARTESIAN_POINT('',(0.0511167614077479,-0.190770350692091,-0.1));
#12114=CARTESIAN_POINT('',(0.139653589284343,-0.139653589284343,-0.081));
#12115=CARTESIAN_POINT('',(0.139653589284343,-0.139653589284343,-0.0779055678120081));
#12116=CARTESIAN_POINT('',(0.139653589284343,-0.139653589284343,-0.081));
#12117=CARTESIAN_POINT('',(0.144803589284343,-0.139653589284343,-0.081));
#12118=CARTESIAN_POINT('',(0.139653589284343,-0.139653589284343,-0.1));
#12119=CARTESIAN_POINT('',(0.190770350692091,-0.0511167614077478,-0.081));
#12120=CARTESIAN_POINT('',(0.190770350692091,-0.0511167614077478,-0.0779055678120081));
#12121=CARTESIAN_POINT('',(0.190770350692091,-0.0511167614077478,-0.081));
#12122=CARTESIAN_POINT('',(0.195920350692091,-0.0511167614077478,-0.081));
#12123=CARTESIAN_POINT('',(0.190770350692091,-0.0511167614077478,-0.1));
#12124=CARTESIAN_POINT('',(0.190770350692091,0.0511167614077479,-0.081));
#12125=CARTESIAN_POINT('',(0.190770350692091,0.0511167614077479,-0.0779055678120081));
#12126=CARTESIAN_POINT('',(0.190770350692091,0.0511167614077479,-0.081));
#12127=CARTESIAN_POINT('',(0.195920350692091,0.0511167614077479,-0.081));
#12128=CARTESIAN_POINT('',(0.190770350692091,0.0511167614077479,-0.1));
#12129=CARTESIAN_POINT('',(0.139653589284343,0.139653589284343,-0.081));
#12130=CARTESIAN_POINT('',(0.139653589284343,0.139653589284343,-0.0779055678120081));
#12131=CARTESIAN_POINT('',(0.139653589284343,0.139653589284343,-0.081));
#12132=CARTESIAN_POINT('',(0.144803589284343,0.139653589284343,-0.081));
#12133=CARTESIAN_POINT('',(0.139653589284343,0.139653589284343,-0.1));
#12134=CARTESIAN_POINT('',(0.0511167614077478,0.190770350692091,-0.081));
#12135=CARTESIAN_POINT('',(0.0511167614077478,0.190770350692091,-0.0779055678120081));
#12136=CARTESIAN_POINT('',(0.0511167614077478,0.190770350692091,-0.081));
#12137=CARTESIAN_POINT('',(0.0562667614077478,0.190770350692091,-0.081));
#12138=CARTESIAN_POINT('',(0.0511167614077478,0.190770350692091,-0.1));
#12139=CARTESIAN_POINT('',(-0.0511167614077479,0.190770350692091,-0.081));
#12140=CARTESIAN_POINT('',(-0.0511167614077479,0.190770350692091,-0.0779055678120081));
#12141=CARTESIAN_POINT('',(-0.0511167614077479,0.190770350692091,-0.081));
#12142=CARTESIAN_POINT('',(-0.0459667614077479,0.190770350692091,-0.081));
#12143=CARTESIAN_POINT('',(-0.0511167614077479,0.190770350692091,-0.1));
#12144=CARTESIAN_POINT('',(-0.139653589284343,0.139653589284343,-0.081));
#12145=CARTESIAN_POINT('',(-0.139653589284343,0.139653589284343,-0.0779055678120081));
#12146=CARTESIAN_POINT('',(-0.139653589284343,0.139653589284343,-0.081));
#12147=CARTESIAN_POINT('',(-0.134503589284343,0.139653589284343,-0.081));
#12148=CARTESIAN_POINT('',(-0.139653589284343,0.139653589284343,-0.1));
#12149=CARTESIAN_POINT('',(-0.190770350692091,0.0511167614077478,-0.081));
#12150=CARTESIAN_POINT('',(-0.190770350692091,0.0511167614077478,-0.0779055678120081));
#12151=CARTESIAN_POINT('',(-0.190770350692091,0.0511167614077478,-0.081));
#12152=CARTESIAN_POINT('',(-0.185620350692091,0.0511167614077478,-0.081));
#12153=CARTESIAN_POINT('',(-0.190770350692091,0.0511167614077478,-0.1));
#12154=CARTESIAN_POINT('',(-0.190770350692091,-0.0511167614077478,-0.081));
#12155=CARTESIAN_POINT('',(-0.190770350692091,-0.0511167614077478,-0.0779055678120081));
#12156=CARTESIAN_POINT('',(-0.190770350692091,-0.0511167614077478,-0.081));
#12157=CARTESIAN_POINT('',(-0.185620350692091,-0.0511167614077478,-0.081));
#12158=CARTESIAN_POINT('',(-0.190770350692091,-0.0511167614077478,-0.1));
#12159=CARTESIAN_POINT('',(-0.139653589284343,-0.139653589284343,-0.081));
#12160=CARTESIAN_POINT('',(-0.139653589284343,-0.139653589284343,-0.0779055678120081));
#12161=CARTESIAN_POINT('',(-0.139653589284343,-0.139653589284343,-0.081));
#12162=CARTESIAN_POINT('',(-0.134503589284343,-0.139653589284343,-0.081));
#12163=CARTESIAN_POINT('',(-0.139653589284343,-0.139653589284343,-0.1));
#12164=CARTESIAN_POINT('',(-0.0511167614077478,-0.190770350692091,-0.081));
#12165=CARTESIAN_POINT('',(-0.0511167614077478,-0.190770350692091,-0.0779055678120081));
#12166=CARTESIAN_POINT('',(-0.0511167614077478,-0.190770350692091,-0.081));
#12167=CARTESIAN_POINT('',(-0.0459667614077478,-0.190770350692091,-0.081));
#12168=CARTESIAN_POINT('',(-0.0511167614077478,-0.190770350692091,-0.1));
#12169=CARTESIAN_POINT('',(0.,0.,-0.003));
#12170=CARTESIAN_POINT('',(0.,-0.125,-0.003));
#12171=CARTESIAN_POINT('',(0.020701,-0.125,-0.003));
#12172=CARTESIAN_POINT('',(0.,-0.125,-0.003));
#12173=CARTESIAN_POINT('',(0.015494,-0.0981636047875278,-0.009));
#12174=CARTESIAN_POINT('',(0.015494,-0.0981636047875278,-0.0102133178480023));
#12175=CARTESIAN_POINT('',(0.015494,-0.0981636047875278,-0.009));
#12176=CARTESIAN_POINT('',(0.0134747,-0.0981636047875278,-0.009));
#12177=CARTESIAN_POINT('',(0.015494,-0.0981636047875278,0.));
#12178=CARTESIAN_POINT('',(-0.015494,-0.0981636047875278,-0.009));
#12179=CARTESIAN_POINT('',(-0.015494,-0.0981636047875278,-0.0102133178480023));
#12180=CARTESIAN_POINT('',(-0.015494,-0.0981636047875278,-0.009));
#12181=CARTESIAN_POINT('',(-0.0175133,-0.0981636047875278,-0.009));
#12182=CARTESIAN_POINT('',(-0.015494,-0.0981636047875278,0.));
#12183=CARTESIAN_POINT('',(-0.030988,-0.125,-0.009));
#12184=CARTESIAN_POINT('',(-0.030988,-0.125,-0.0102133178480023));
#12185=CARTESIAN_POINT('',(-0.030988,-0.125,-0.009));
#12186=CARTESIAN_POINT('',(-0.0330073,-0.125,-0.009));
#12187=CARTESIAN_POINT('',(-0.030988,-0.125,0.));
#12188=CARTESIAN_POINT('',(-0.015494,-0.151836395212472,-0.009));
#12189=CARTESIAN_POINT('',(-0.015494,-0.151836395212472,-0.0102133178480023));
#12190=CARTESIAN_POINT('',(-0.015494,-0.151836395212472,-0.009));
#12191=CARTESIAN_POINT('',(-0.0175133,-0.151836395212472,-0.009));
#12192=CARTESIAN_POINT('',(-0.015494,-0.151836395212472,0.));
#12193=CARTESIAN_POINT('',(0.015494,-0.151836395212472,-0.009));
#12194=CARTESIAN_POINT('',(0.015494,-0.151836395212472,-0.0102133178480023));
#12195=CARTESIAN_POINT('',(0.015494,-0.151836395212472,-0.009));
#12196=CARTESIAN_POINT('',(0.0134747,-0.151836395212472,-0.009));
#12197=CARTESIAN_POINT('',(0.015494,-0.151836395212472,0.));
#12198=CARTESIAN_POINT('',(0.030988,-0.125,-0.009));
#12199=CARTESIAN_POINT('',(0.030988,-0.125,-0.0102133178480023));
#12200=CARTESIAN_POINT('',(0.030988,-0.125,-0.009));
#12201=CARTESIAN_POINT('',(0.0289687,-0.125,-0.009));
#12202=CARTESIAN_POINT('',(0.030988,-0.125,0.));
#12203=CARTESIAN_POINT('',(0.,0.,-0.003));
#12204=CARTESIAN_POINT('',(-0.0883883476483184,-0.0883883476483184,-0.003));
#12205=CARTESIAN_POINT('',(-0.0751803476483184,-0.0883883476483184,-0.003));
#12206=CARTESIAN_POINT('',(-0.0883883476483184,-0.0883883476483184,-0.003));
#12207=CARTESIAN_POINT('',(-0.0676011398812806,-0.0763868476483184,-0.009));
#12208=CARTESIAN_POINT('',(-0.0676011398812806,-0.0763868476483184,-0.0102133178480023));
#12209=CARTESIAN_POINT('',(-0.0676011398812806,-0.0763868476483184,-0.009));
#12210=CARTESIAN_POINT('',(-0.0696204398812806,-0.0763868476483184,-0.009));
#12211=CARTESIAN_POINT('',(-0.0676011398812806,-0.0763868476483184,0.));
#12212=CARTESIAN_POINT('',(-0.0883883476483184,-0.0643853476483184,-0.009));
#12213=CARTESIAN_POINT('',(-0.0883883476483184,-0.0643853476483184,-0.0102133178480023));
#12214=CARTESIAN_POINT('',(-0.0883883476483184,-0.0643853476483184,-0.009));
#12215=CARTESIAN_POINT('',(-0.0904076476483184,-0.0643853476483184,-0.009));
#12216=CARTESIAN_POINT('',(-0.0883883476483184,-0.0643853476483184,0.));
#12217=CARTESIAN_POINT('',(-0.109175555415356,-0.0763868476483184,-0.009));
#12218=CARTESIAN_POINT('',(-0.109175555415356,-0.0763868476483184,-0.0102133178480023));
#12219=CARTESIAN_POINT('',(-0.109175555415356,-0.0763868476483184,-0.009));
#12220=CARTESIAN_POINT('',(-0.111194855415356,-0.0763868476483184,-0.009));
#12221=CARTESIAN_POINT('',(-0.109175555415356,-0.0763868476483184,0.));
#12222=CARTESIAN_POINT('',(-0.109175555415356,-0.100389847648318,-0.009));
#12223=CARTESIAN_POINT('',(-0.109175555415356,-0.100389847648318,-0.0102133178480023));
#12224=CARTESIAN_POINT('',(-0.109175555415356,-0.100389847648318,-0.009));
#12225=CARTESIAN_POINT('',(-0.111194855415356,-0.100389847648318,-0.009));
#12226=CARTESIAN_POINT('',(-0.109175555415356,-0.100389847648318,0.));
#12227=CARTESIAN_POINT('',(-0.0883883476483184,-0.112391347648318,-0.009));
#12228=CARTESIAN_POINT('',(-0.0883883476483184,-0.112391347648318,-0.0102133178480023));
#12229=CARTESIAN_POINT('',(-0.0883883476483184,-0.112391347648318,-0.009));
#12230=CARTESIAN_POINT('',(-0.0904076476483184,-0.112391347648318,-0.009));
#12231=CARTESIAN_POINT('',(-0.0883883476483184,-0.112391347648318,0.));
#12232=CARTESIAN_POINT('',(-0.0676011398812806,-0.100389847648318,-0.009));
#12233=CARTESIAN_POINT('',(-0.0676011398812806,-0.100389847648318,-0.0102133178480023));
#12234=CARTESIAN_POINT('',(-0.0676011398812806,-0.100389847648318,-0.009));
#12235=CARTESIAN_POINT('',(-0.0696204398812806,-0.100389847648318,-0.009));
#12236=CARTESIAN_POINT('',(-0.0676011398812806,-0.100389847648318,0.));
#12237=CARTESIAN_POINT('',(0.05,0.19,-0.009));
#12238=CARTESIAN_POINT('',(0.05,0.19,-0.0105338169021917));
#12239=CARTESIAN_POINT('',(0.05,0.19,-0.009));
#12240=CARTESIAN_POINT('',(0.0474473,0.19,-0.009));
#12241=CARTESIAN_POINT('',(0.05,0.19,0.));
#12242=CARTESIAN_POINT('',(6.93889390390723E-18,0.19,-0.009));
#12243=CARTESIAN_POINT('',(6.93889390390723E-18,0.19,-0.0105338169021917));
#12244=CARTESIAN_POINT('',(6.93889390390723E-18,0.19,-0.009));
#12245=CARTESIAN_POINT('',(-0.00255269999999999,0.19,-0.009));
#12246=CARTESIAN_POINT('',(6.93889390390723E-18,0.19,0.));
#12247=CARTESIAN_POINT('',(-0.05,0.19,-0.009));
#12248=CARTESIAN_POINT('',(-0.05,0.19,-0.0105338169021917));
#12249=CARTESIAN_POINT('',(-0.05,0.19,-0.009));
#12250=CARTESIAN_POINT('',(-0.0525527,0.19,-0.009));
#12251=CARTESIAN_POINT('',(-0.05,0.19,0.));
#12252=CARTESIAN_POINT('',(0.05,-0.19,-0.009));
#12253=CARTESIAN_POINT('',(0.05,-0.19,-0.0105338169021917));
#12254=CARTESIAN_POINT('',(0.05,-0.19,-0.009));
#12255=CARTESIAN_POINT('',(0.0474473,-0.19,-0.009));
#12256=CARTESIAN_POINT('',(0.05,-0.19,0.));
#12257=CARTESIAN_POINT('',(-0.05,-0.19,-0.009));
#12258=CARTESIAN_POINT('',(-0.05,-0.19,-0.0105338169021917));
#12259=CARTESIAN_POINT('',(-0.05,-0.19,-0.009));
#12260=CARTESIAN_POINT('',(-0.0525527,-0.19,-0.009));
#12261=CARTESIAN_POINT('',(-0.05,-0.19,0.));
#12262=CARTESIAN_POINT('',(-2.08166817117217E-17,-0.19,-0.009));
#12263=CARTESIAN_POINT('',(-2.08166817117217E-17,-0.19,-0.0105338169021917));
#12264=CARTESIAN_POINT('',(-2.08166817117217E-17,-0.19,-0.009));
#12265=CARTESIAN_POINT('',(-0.00255270000000002,-0.19,-0.009));
#12266=CARTESIAN_POINT('',(-2.08166817117217E-17,-0.19,0.));
#12267=CARTESIAN_POINT('',(0.025,-0.19,-0.091));
#12268=CARTESIAN_POINT('',(0.025,-0.19,-0.0894661830978084));
#12269=CARTESIAN_POINT('',(0.025,-0.19,-0.091));
#12270=CARTESIAN_POINT('',(0.0275527,-0.19,-0.091));
#12271=CARTESIAN_POINT('',(0.025,-0.19,-0.1));
#12272=CARTESIAN_POINT('',(-0.025,0.19,-0.091));
#12273=CARTESIAN_POINT('',(-0.025,0.19,-0.0894661830978084));
#12274=CARTESIAN_POINT('',(-0.025,0.19,-0.091));
#12275=CARTESIAN_POINT('',(-0.0224473,0.19,-0.091));
#12276=CARTESIAN_POINT('',(-0.025,0.19,-0.1));
#12277=CARTESIAN_POINT('',(0.025,0.19,-0.091));
#12278=CARTESIAN_POINT('',(0.025,0.19,-0.0894661830978084));
#12279=CARTESIAN_POINT('',(0.025,0.19,-0.091));
#12280=CARTESIAN_POINT('',(0.0275527,0.19,-0.091));
#12281=CARTESIAN_POINT('',(0.025,0.19,-0.1));
#12282=CARTESIAN_POINT('',(-0.025,-0.19,-0.091));
#12283=CARTESIAN_POINT('',(-0.025,-0.19,-0.0894661830978084));
#12284=CARTESIAN_POINT('',(-0.025,-0.19,-0.091));
#12285=CARTESIAN_POINT('',(-0.0224473,-0.19,-0.091));
#12286=CARTESIAN_POINT('',(-0.025,-0.19,-0.1));
#12287=CARTESIAN_POINT('',(0.135,0.135,-0.009));
#12288=CARTESIAN_POINT('',(0.135,0.135,-0.0105338169021917));
#12289=CARTESIAN_POINT('',(0.135,0.135,-0.009));
#12290=CARTESIAN_POINT('',(0.1324473,0.135,-0.009));
#12291=CARTESIAN_POINT('',(0.135,0.135,0.));
#12292=CARTESIAN_POINT('',(-0.135,-0.135,-0.009));
#12293=CARTESIAN_POINT('',(-0.135,-0.135,-0.0105338169021917));
#12294=CARTESIAN_POINT('',(-0.135,-0.135,-0.009));
#12295=CARTESIAN_POINT('',(-0.1375527,-0.135,-0.009));
#12296=CARTESIAN_POINT('',(-0.135,-0.135,0.));
#12297=CARTESIAN_POINT('',(0.135,-0.135,-0.009));
#12298=CARTESIAN_POINT('',(0.135,-0.135,-0.0105338169021917));
#12299=CARTESIAN_POINT('',(0.135,-0.135,-0.009));
#12300=CARTESIAN_POINT('',(0.1324473,-0.135,-0.009));
#12301=CARTESIAN_POINT('',(0.135,-0.135,0.));
#12302=CARTESIAN_POINT('',(-0.135,0.135,-0.009));
#12303=CARTESIAN_POINT('',(-0.135,0.135,-0.0105338169021917));
#12304=CARTESIAN_POINT('',(-0.135,0.135,-0.009));
#12305=CARTESIAN_POINT('',(-0.1375527,0.135,-0.009));
#12306=CARTESIAN_POINT('',(-0.135,0.135,0.));
#12307=CARTESIAN_POINT('',(-0.0516218792715942,-0.0737236839860092,-0.0055));
#12308=CARTESIAN_POINT('',(-0.0516218792715942,-0.0737236839860092,-0.00482084724231315));
#12309=CARTESIAN_POINT('',(-0.0516218792715942,-0.0737236839860092,-0.0055));
#12310=CARTESIAN_POINT('',(-0.0504915792715942,-0.0737236839860092,-0.0055));
#12311=CARTESIAN_POINT('',(-0.0516218792715942,-0.0737236839860092,-0.0125));
#12312=CARTESIAN_POINT('',(0.025,-0.025,-0.0055));
#12313=CARTESIAN_POINT('',(0.025,-0.025,-0.00482084724231315));
#12314=CARTESIAN_POINT('',(0.025,-0.025,-0.0055));
#12315=CARTESIAN_POINT('',(0.0261303,-0.025,-0.0055));
#12316=CARTESIAN_POINT('',(0.025,-0.025,-0.0125));
#12317=CARTESIAN_POINT('',(0.025,-0.05,-0.0055));
#12318=CARTESIAN_POINT('',(0.025,-0.05,-0.00482084724231315));
#12319=CARTESIAN_POINT('',(0.025,-0.05,-0.0055));
#12320=CARTESIAN_POINT('',(0.0261303,-0.05,-0.0055));
#12321=CARTESIAN_POINT('',(0.025,-0.05,-0.0125));
#12322=CARTESIAN_POINT('',(0.05,1.38777878078145E-17,-0.0055));
#12323=CARTESIAN_POINT('',(0.05,1.38777878078145E-17,-0.00482084724231315));
#12324=CARTESIAN_POINT('',(0.05,1.38777878078145E-17,-0.0055));
#12325=CARTESIAN_POINT('',(0.0511303,1.38777878078145E-17,-0.0055));
#12326=CARTESIAN_POINT('',(0.05,1.38777878078145E-17,-0.0125));
#12327=CARTESIAN_POINT('',(0.05,-0.025,-0.0055));
#12328=CARTESIAN_POINT('',(0.05,-0.025,-0.00482084724231315));
#12329=CARTESIAN_POINT('',(0.05,-0.025,-0.0055));
#12330=CARTESIAN_POINT('',(0.0511303,-0.025,-0.0055));
#12331=CARTESIAN_POINT('',(0.05,-0.025,-0.0125));
#12332=CARTESIAN_POINT('',(0.075,-0.05,-0.0055));
#12333=CARTESIAN_POINT('',(0.075,-0.05,-0.00482084724231315));
#12334=CARTESIAN_POINT('',(0.075,-0.05,-0.0055));
#12335=CARTESIAN_POINT('',(0.0761303,-0.05,-0.0055));
#12336=CARTESIAN_POINT('',(0.075,-0.05,-0.0125));
#12337=CARTESIAN_POINT('',(0.075,-0.025,-0.0055));
#12338=CARTESIAN_POINT('',(0.075,-0.025,-0.00482084724231315));
#12339=CARTESIAN_POINT('',(0.075,-0.025,-0.0055));
#12340=CARTESIAN_POINT('',(0.0761303,-0.025,-0.0055));
#12341=CARTESIAN_POINT('',(0.075,-0.025,-0.0125));
#12342=CARTESIAN_POINT('',(0.075,1.38777878078145E-17,-0.0055));
#12343=CARTESIAN_POINT('',(0.075,1.38777878078145E-17,-0.00482084724231315));
#12344=CARTESIAN_POINT('',(0.075,1.38777878078145E-17,-0.0055));
#12345=CARTESIAN_POINT('',(0.0761303,1.38777878078145E-17,-0.0055));
#12346=CARTESIAN_POINT('',(0.075,1.38777878078145E-17,-0.0125));
#12347=CARTESIAN_POINT('',(0.05,-0.05,-0.0055));
#12348=CARTESIAN_POINT('',(0.05,-0.05,-0.00482084724231315));
#12349=CARTESIAN_POINT('',(0.05,-0.05,-0.0055));
#12350=CARTESIAN_POINT('',(0.0511303,-0.05,-0.0055));
#12351=CARTESIAN_POINT('',(0.05,-0.05,-0.0125));
#12352=CARTESIAN_POINT('',(-0.05,1.38777878078145E-17,-0.0055));
#12353=CARTESIAN_POINT('',(-0.05,1.38777878078145E-17,-0.00482084724231315));
#12354=CARTESIAN_POINT('',(-0.05,1.38777878078145E-17,-0.0055));
#12355=CARTESIAN_POINT('',(-0.0488697,1.38777878078145E-17,-0.0055));
#12356=CARTESIAN_POINT('',(-0.05,1.38777878078145E-17,-0.0125));
#12357=CARTESIAN_POINT('',(-0.075,-0.025,-0.0055));
#12358=CARTESIAN_POINT('',(-0.075,-0.025,-0.00482084724231315));
#12359=CARTESIAN_POINT('',(-0.075,-0.025,-0.0055));
#12360=CARTESIAN_POINT('',(-0.0738697,-0.025,-0.0055));
#12361=CARTESIAN_POINT('',(-0.075,-0.025,-0.0125));
#12362=CARTESIAN_POINT('',(-0.075,-0.05,-0.0055));
#12363=CARTESIAN_POINT('',(-0.075,-0.05,-0.00482084724231315));
#12364=CARTESIAN_POINT('',(-0.075,-0.05,-0.0055));
#12365=CARTESIAN_POINT('',(-0.0738697,-0.05,-0.0055));
#12366=CARTESIAN_POINT('',(-0.075,-0.05,-0.0125));
#12367=CARTESIAN_POINT('',(-0.05,-0.025,-0.0055));
#12368=CARTESIAN_POINT('',(-0.05,-0.025,-0.00482084724231315));
#12369=CARTESIAN_POINT('',(-0.05,-0.025,-0.0055));
#12370=CARTESIAN_POINT('',(-0.0488697,-0.025,-0.0055));
#12371=CARTESIAN_POINT('',(-0.05,-0.025,-0.0125));
#12372=CARTESIAN_POINT('',(-0.075,1.38777878078145E-17,-0.0055));
#12373=CARTESIAN_POINT('',(-0.075,1.38777878078145E-17,-0.00482084724231315));
#12374=CARTESIAN_POINT('',(-0.075,1.38777878078145E-17,-0.0055));
#12375=CARTESIAN_POINT('',(-0.0738697,1.38777878078145E-17,-0.0055));
#12376=CARTESIAN_POINT('',(-0.075,1.38777878078145E-17,-0.0125));
#12377=CARTESIAN_POINT('',(0.0516218792715942,-0.0737236839860092,-0.0055));
#12378=CARTESIAN_POINT('',(0.0516218792715942,-0.0737236839860092,-0.00482084724231315));
#12379=CARTESIAN_POINT('',(0.0516218792715942,-0.0737236839860092,-0.0055));
#12380=CARTESIAN_POINT('',(0.0527521792715942,-0.0737236839860092,-0.0055));
#12381=CARTESIAN_POINT('',(0.0516218792715942,-0.0737236839860092,-0.0125));
#12382=CARTESIAN_POINT('',(0.0573576436351047,-0.0819152044288991,-0.0055));
#12383=CARTESIAN_POINT('',(0.0573576436351047,-0.0819152044288991,-0.00482084724231315));
#12384=CARTESIAN_POINT('',(0.0573576436351047,-0.0819152044288991,-0.0055));
#12385=CARTESIAN_POINT('',(0.0584879436351047,-0.0819152044288991,-0.0055));
#12386=CARTESIAN_POINT('',(0.0573576436351047,-0.0819152044288991,-0.0125));
#12387=CARTESIAN_POINT('',(-0.0573576436351046,-0.0819152044288992,-0.0055));
#12388=CARTESIAN_POINT('',(-0.0573576436351046,-0.0819152044288992,-0.00482084724231315));
#12389=CARTESIAN_POINT('',(-0.0573576436351046,-0.0819152044288992,-0.0055));
#12390=CARTESIAN_POINT('',(-0.0562273436351046,-0.0819152044288992,-0.0055));
#12391=CARTESIAN_POINT('',(-0.0573576436351046,-0.0819152044288992,-0.0125));
#12392=CARTESIAN_POINT('',(-0.025,-0.05,-0.0055));
#12393=CARTESIAN_POINT('',(-0.025,-0.05,-0.00482084724231315));
#12394=CARTESIAN_POINT('',(-0.025,-0.05,-0.0055));
#12395=CARTESIAN_POINT('',(-0.0238697,-0.05,-0.0055));
#12396=CARTESIAN_POINT('',(-0.025,-0.05,-0.0125));
#12397=CARTESIAN_POINT('',(-0.025,-0.025,-0.0055));
#12398=CARTESIAN_POINT('',(-0.025,-0.025,-0.00482084724231315));
#12399=CARTESIAN_POINT('',(-0.025,-0.025,-0.0055));
#12400=CARTESIAN_POINT('',(-0.0238697,-0.025,-0.0055));
#12401=CARTESIAN_POINT('',(-0.025,-0.025,-0.0125));
#12402=CARTESIAN_POINT('',(-0.025,1.38777878078145E-17,-0.0055));
#12403=CARTESIAN_POINT('',(-0.025,1.38777878078145E-17,-0.00482084724231315));
#12404=CARTESIAN_POINT('',(-0.025,1.38777878078145E-17,-0.0055));
#12405=CARTESIAN_POINT('',(-0.0238697,1.38777878078145E-17,-0.0055));
#12406=CARTESIAN_POINT('',(-0.025,1.38777878078145E-17,-0.0125));
#12407=CARTESIAN_POINT('',(-0.05,-0.05,-0.0055));
#12408=CARTESIAN_POINT('',(-0.05,-0.05,-0.00482084724231315));
#12409=CARTESIAN_POINT('',(-0.05,-0.05,-0.0055));
#12410=CARTESIAN_POINT('',(-0.0488697,-0.05,-0.0055));
#12411=CARTESIAN_POINT('',(-0.05,-0.05,-0.0125));
#12412=CARTESIAN_POINT('',(0.025,1.38777878078145E-17,-0.0055));
#12413=CARTESIAN_POINT('',(0.025,1.38777878078145E-17,-0.00482084724231315));
#12414=CARTESIAN_POINT('',(0.025,1.38777878078145E-17,-0.0055));
#12415=CARTESIAN_POINT('',(0.0261303,1.38777878078145E-17,-0.0055));
#12416=CARTESIAN_POINT('',(0.025,1.38777878078145E-17,-0.0125));
#12417=CARTESIAN_POINT('',(1.38777878078145E-17,-0.05,-0.0055));
#12418=CARTESIAN_POINT('',(1.38777878078145E-17,-0.05,-0.00482084724231315));
#12419=CARTESIAN_POINT('',(1.38777878078145E-17,-0.05,-0.0055));
#12420=CARTESIAN_POINT('',(0.00113030000000001,-0.05,-0.0055));
#12421=CARTESIAN_POINT('',(1.38777878078145E-17,-0.05,-0.0125));
#12422=CARTESIAN_POINT('',(1.38777878078145E-17,-0.025,-0.0055));
#12423=CARTESIAN_POINT('',(1.38777878078145E-17,-0.025,-0.00482084724231315));
#12424=CARTESIAN_POINT('',(1.38777878078145E-17,-0.025,-0.0055));
#12425=CARTESIAN_POINT('',(0.00113030000000001,-0.025,-0.0055));
#12426=CARTESIAN_POINT('',(1.38777878078145E-17,-0.025,-0.0125));
#12427=CARTESIAN_POINT('',(1.38777878078145E-17,1.38777878078145E-17,-0.0055));
#12428=CARTESIAN_POINT('',(1.38777878078145E-17,1.38777878078145E-17,-0.00482084724231315));
#12429=CARTESIAN_POINT('',(1.38777878078145E-17,1.38777878078145E-17,-0.0055));
#12430=CARTESIAN_POINT('',(0.00113030000000001,1.38777878078145E-17,-0.0055));
#12431=CARTESIAN_POINT('',(1.38777878078145E-17,1.38777878078145E-17,-0.0125));
#12432=MECHANICAL_DESIGN_GEOMETRIC_PRESENTATION_REPRESENTATION('',(#6748),
#12433);
#12433=(
GEOMETRIC_REPRESENTATION_CONTEXT(3)
GLOBAL_UNCERTAINTY_ASSIGNED_CONTEXT((#12434))
GLOBAL_UNIT_ASSIGNED_CONTEXT((#12437,#12436,#12435))
REPRESENTATION_CONTEXT('300k-collar','TOP_LEVEL_ASSEMBLY_PART')
);
#12434=UNCERTAINTY_MEASURE_WITH_UNIT(LENGTH_MEASURE(2.E-5),#12437,
'DISTANCE_ACCURACY_VALUE','Maximum Tolerance applied to model');
#12435=(
NAMED_UNIT(*)
SI_UNIT($,.STERADIAN.)
SOLID_ANGLE_UNIT()
);
#12436=(
NAMED_UNIT(*)
PLANE_ANGLE_UNIT()
SI_UNIT($,.RADIAN.)
);
#12437=(
LENGTH_UNIT()
NAMED_UNIT(*)
SI_UNIT($,.METRE.)
);
#12438=PRODUCT_DEFINITION_SHAPE('','',#12439);
#12439=PRODUCT_DEFINITION('','',#12441,#12440);
#12440=PRODUCT_DEFINITION_CONTEXT('',#12447,'design');
#12441=PRODUCT_DEFINITION_FORMATION_WITH_SPECIFIED_SOURCE('','',#12443,
 .NOT_KNOWN.);
#12442=PRODUCT_RELATED_PRODUCT_CATEGORY('','',(#12443));
#12443=PRODUCT('300k-collar','300k-collar','300k-collar',(#12445));
#12444=PRODUCT_CATEGORY('','');
#12445=PRODUCT_CONTEXT('',#12447,'mechanical');
#12446=APPLICATION_PROTOCOL_DEFINITION('international standard',
'ap242_managed_model_based_3d_engineering',2020,#12447);
#12447=APPLICATION_CONTEXT('managed model based 3d engineering');
ENDSEC;
END-ISO-10303-21;
