  0
SECTION
  2
HEADER
  9
$ACADVER
  1
AC1014
  9
$ACADMAINTVER
 70
     9
  9
$DWGCODEPAGE
  3
ANSI_1252
  9
$INSBASE
 10
0.0
 20
0.0
 30
0.0
  9
$EXTMIN
 10
1.000000000000000E+20
 20
1.000000000000000E+20
 30
1.000000000000000E+20
  9
$EXTMAX
 10
-1.000000000000000E+20
 20
-1.000000000000000E+20
 30
-1.000000000000000E+20
  9
$LIMMIN
 10
0.0
 20
0.0
  9
$LIMMAX
 10
420.0
 20
297.0
  9
$ORTHOMODE
 70
     0
  9
$REGENMODE
 70
     1
  9
$FILLMODE
 70
     1
  9
$QTEXTMODE
 70
     0
  9
$MIRRTEXT
 70
     1
  9
$DRAGMODE
 70
     2
  9
$LTSCALE
 40
1.0
  9
$OSMODE
 70
    37
  9
$ATTMODE
 70
     1
  9
$TEXTSIZE
 40
2.5
  9
$TRACEWID
 40
1.0
  9
$TEXTSTYLE
  7
STANDARD
  9
$CLAYER
  8
0
  9
$CELTYPE
  6
BYLAYER
  9
$CECOLOR
 62
   256
  9
$CELTSCALE
 40
1.0
  9
$DELOBJ
 70
     1
  9
$DISPSILH
 70
     0
  9
$DIMSCALE
 40
1.0
  9
$DIMASZ
 40
2.5
  9
$DIMEXO
 40
0.625
  9
$DIMDLI
 40
3.75
  9
$DIMRND
 40
0.0
  9
$DIMDLE
 40
0.0
  9
$DIMEXE
 40
1.25
  9
$DIMTP
 40
0.0
  9
$DIMTM
 40
0.0
  9
$DIMTXT
 40
2.5
  9
$DIMCEN
 40
2.5
  9
$DIMTSZ
 40
0.0
  9
$DIMTOL
 70
     0
  9
$DIMLIM
 70
     0
  9
$DIMTIH
 70
     0
  9
$DIMTOH
 70
     0
  9
$DIMSE1
 70
     0
  9
$DIMSE2
 70
     0
  9
$DIMTAD
 70
     1
  9
$DIMZIN
 70
     8
  9
$DIMBLK
  1

  9
$DIMASO
 70
     1
  9
$DIMSHO
 70
     1
  9
$DIMPOST
  1

  9
$DIMAPOST
  1

  9
$DIMALT
 70
     0
  9
$DIMALTD
 70
     3
  9
$DIMALTF
 40
0.03937007874016
  9
$DIMLFAC
 40
1.0
  9
$DIMTOFL
 70
     1
  9
$DIMTVP
 40
0.0
  9
$DIMTIX
 70
     0
  9
$DIMSOXD
 70
     0
  9
$DIMSAH
 70
     0
  9
$DIMBLK1
  1

  9
$DIMBLK2
  1

  9
$DIMSTYLE
  2
ISO-25
  9
$DIMCLRD
 70
     0
  9
$DIMCLRE
 70
     0
  9
$DIMCLRT
 70
     0
  9
$DIMTFAC
 40
1.0
  9
$DIMGAP
 40
0.625
  9
$DIMJUST
 70
     0
  9
$DIMSD1
 70
     0
  9
$DIMSD2
 70
     0
  9
$DIMTOLJ
 70
     0
  9
$DIMTZIN
 70
     8
  9
$DIMALTZ
 70
     0
  9
$DIMALTTZ
 70
     0
  9
$DIMFIT
 70
     3
  9
$DIMUPT
 70
     0
  9
$DIMUNIT
 70
     2
  9
$DIMDEC
 70
     2
  9
$DIMTDEC
 70
     2
  9
$DIMALTU
 70
     2
  9
$DIMALTTD
 70
     3
  9
$DIMTXSTY
  7
STANDARD
  9
$DIMAUNIT
 70
     0
  9
$LUNITS
 70
     2
  9
$LUPREC
 70
     4
  9
$SKETCHINC
 40
1.0
  9
$FILLETRAD
 40
0.0
  9
$AUNITS
 70
     0
  9
$AUPREC
 70
     0
  9
$MENU
  1
.
  9
$ELEVATION
 40
0.0
  9
$PELEVATION
 40
0.0
  9
$THICKNESS
 40
0.0
  9
$LIMCHECK
 70
     0
  9
$CHAMFERA
 40
0.0
  9
$CHAMFERB
 40
0.0
  9
$CHAMFERC
 40
0.0
  9
$CHAMFERD
 40
0.0
  9
$SKPOLY
 70
     0
  9
$TDCREATE
 40
2461273.751899456
  9
$TDUPDATE
 40
2461273.751899549
  9
$TDINDWG
 40
0.0000000116
  9
$TDUSRTIMER
 40
0.0000000116
  9
$USRTIMER
 70
     1
  9
$ANGBASE
 50
0.0
  9
$ANGDIR
 70
     0
  9
$PDMODE
 70
     0
  9
$PDSIZE
 40
0.0
  9
$PLINEWID
 40
0.0
  9
$COORDS
 70
     1
  9
$SPLFRAME
 70
     0
  9
$SPLINETYPE
 70
     6
  9
$SPLINESEGS
 70
     8
  9
$ATTDIA
 70
     0
  9
$ATTREQ
 70
     1
  9
$HANDLING
 70
     1
  9
$HANDSEED
  5
1000045A
  9
$SURFTAB1
 70
     6
  9
$SURFTAB2
 70
     6
  9
$SURFTYPE
 70
     6
  9
$SURFU
 70
     6
  9
$SURFV
 70
     6
  9
$UCSNAME
  2

  9
$UCSORG
 10
0.0
 20
0.0
 30
0.0
  9
$UCSXDIR
 10
1.0
 20
0.0
 30
0.0
  9
$UCSYDIR
 10
0.0
 20
1.0
 30
0.0
  9
$PUCSNAME
  2

  9
$PUCSORG
 10
0.0
 20
0.0
 30
0.0
  9
$PUCSXDIR
 10
1.0
 20
0.0
 30
0.0
  9
$PUCSYDIR
 10
0.0
 20
1.0
 30
0.0
  9
$USERI1
 70
     0
  9
$USERI2
 70
     0
  9
$USERI3
 70
     0
  9
$USERI4
 70
     0
  9
$USERI5
 70
     0
  9
$USERR1
 40
0.0
  9
$USERR2
 40
0.0
  9
$USERR3
 40
0.0
  9
$USERR4
 40
0.0
  9
$USERR5
 40
0.0
  9
$WORLDVIEW
 70
     1
  9
$SHADEDGE
 70
     3
  9
$SHADEDIF
 70
    70
  9
$TILEMODE
 70
     1
  9
$MAXACTVP
 70
    64
  9
$PINSBASE
 10
0.0
 20
0.0
 30
0.0
  9
$PLIMCHECK
 70
     0
  9
$PEXTMIN
 10
1.000000000000000E+20
 20
1.000000000000000E+20
 30
1.000000000000000E+20
  9
$PEXTMAX
 10
-1.000000000000000E+20
 20
-1.000000000000000E+20
 30
-1.000000000000000E+20
  9
$PLIMMIN
 10
0.0
 20
0.0
  9
$PLIMMAX
 10
420.0
 20
297.0
  9
$UNITMODE
 70
     0
  9
$VISRETAIN
 70
     1
  9
$PLINEGEN
 70
     0
  9
$PSLTSCALE
 70
     1
  9
$TREEDEPTH
 70
  3020
  9
$PICKSTYLE
 70
     1
  9
$CMLSTYLE
  2
STANDARD
  9
$CMLJUST
 70
     0
  9
$CMLSCALE
 40
20.0
  9
$PROXYGRAPHICS
 70
     1
  9
$MEASUREMENT
 70
     1
  0
ENDSEC
  0
SECTION
  2
CLASSES
  0
CLASS
  1
ACDBDICTIONARYWDFLT
  2
AcDbDictionaryWithDefault
  3
ObjectDBX Classes
 90
        0
280
     0
281
     0
  0
CLASS
  1
VISUALSTYLE
  2
AcDbVisualStyle
  3
ObjectDBX Classes
 90
     4095
280
     0
281
     0
  0
CLASS
  1
MATERIAL
  2
AcDbMaterial
  3
ObjectDBX Classes
 90
     1153
280
     0
281
     0
  0
CLASS
  1
SCALE
  2
AcDbScale
  3
ObjectDBX Classes
 90
     1153
280
     0
281
     0
  0
CLASS
  1
TABLESTYLE
  2
AcDbTableStyle
  3
ObjectDBX Classes
 90
     4095
280
     0
281
     0
  0
CLASS
  1
MLEADERSTYLE
  2
AcDbMLeaderStyle
  3
ACDB_MLEADERSTYLE_CLASS
 90
     4095
280
     0
281
     0
  0
CLASS
  1
SUN
  2
AcDbSun
  3
SCENEOE
 90
     1153
280
     0
281
     0
  0
CLASS
  1
SORTENTSTABLE
  2
AcDbSortentsTable
  3
ObjectDBX Classes
 90
        0
280
     0
281
     0
  0
CLASS
  1
DICTIONARYVAR
  2
AcDbDictionaryVar
  3
ObjectDBX Classes
 90
        0
280
     0
281
     0
  0
CLASS
  1
XRECORD
  2
AcDbXrecord
  3
ObjectDBX Classes
 90
        0
280
     0
281
     0
  0
CLASS
  1
LWPOLYLINE
  2
AcDbPolyline
  3
ObjectDBX Classes
 90
        0
280
     0
281
     1
  0
CLASS
  1
HATCH
  2
AcDbHatch
  3
ObjectDBX Classes
 90
        0
280
     0
281
     1
  0
CLASS
  1
ACDBPLACEHOLDER
  2
AcDbPlaceHolder
  3
ObjectDBX Classes
 90
        0
280
     0
281
     0
  0
CLASS
  1
LAYOUT
  2
AcDbLayout
  3
ObjectDBX Classes
 90
        0
280
     0
281
     0
  0
ENDSEC
  0
SECTION
  2
TABLES
  0
TABLE
  2
VPORT
  5
8
102
{ACAD_XDICTIONARY
360
1000044F
102
}
330
0
100
AcDbSymbolTable
 70
     1
  0
VPORT
  5
29
330
8
100
AcDbSymbolTableRecord
100
AcDbViewportTableRecord
  2
*ACTIVE
 70
     0
 10
0.0
 20
0.0
 11
1.0
 21
1.0
 12
344.1869158878504
 22
148.5
 13
0.0
 23
0.0
 14
10.0
 24
10.0
 15
10.0
 25
10.0
 16
0.0
 26
0.0
 36
1.0
 17
0.0
 27
0.0
 37
0.0
 40
297.0
 41
1.972972972850329
 42
50.0
 43
0.0
 44
0.0
 50
0.0
 51
0.0
 71
     0
 72
   100
 73
     1
 74
     3
 75
     0
 76
     0
 77
     0
 78
     0
  0
ENDTAB
  0
TABLE
  2
LTYPE
  5
5
330
0
100
AcDbSymbolTable
 70
     7
  0
LTYPE
  5
14
330
5
100
AcDbSymbolTableRecord
100
AcDbLinetypeTableRecord
  2
BYBLOCK
 70
     0
  3

 72
    65
 73
     0
 40
0.0
  0
LTYPE
  5
15
330
5
100
AcDbSymbolTableRecord
100
AcDbLinetypeTableRecord
  2
BYLAYER
 70
     0
  3

 72
    65
 73
     0
 40
0.0
  0
LTYPE
  5
16
330
5
100
AcDbSymbolTableRecord
100
AcDbLinetypeTableRecord
  2
CONTINUOUS
 70
     0
  3
Solid line
 72
    65
 73
     0
 40
0.0
  0
LTYPE
  5
10000024
330
5
100
AcDbSymbolTableRecord
100
AcDbLinetypeTableRecord
  2
ONS_PHANTOM
 70
     0
  3
Onshape Phantom line ______ __ __ ______
 72
    65
 73
     6
 40
0.4999999999999999
 49
0.25
 74
     0
 49
-0.05
 74
     0
 49
0.05
 74
     0
 49
-0.05
 74
     0
 49
0.05
 74
     0
 49
-0.05
 74
     0
  0
LTYPE
  5
10000025
330
5
100
AcDbSymbolTableRecord
100
AcDbLinetypeTableRecord
  2
CENTER
 70
     0
  3
Center line ____ _ ____ _ ____ _
 72
    65
 73
     4
 40
0.7874015748031495
 49
0.4921259842519685
 74
     0
 49
-0.0984251968503937
 74
     0
 49
0.0984251968503937
 74
     0
 49
-0.0984251968503937
 74
     0
  0
LTYPE
  5
10000026
330
5
100
AcDbSymbolTableRecord
100
AcDbLinetypeTableRecord
  2
DASHED
 70
     0
  3
Dashed line __ __ __ __ __
 72
    65
 73
     2
 40
0.75
 49
0.5
 74
     0
 49
-0.25
 74
     0
  0
LTYPE
  5
10000027
330
5
100
AcDbSymbolTableRecord
100
AcDbLinetypeTableRecord
  2
ONS_DASHDOT
 70
     0
  3
Onshape Dashed with Dot _ . ____ . ____
 72
    65
 73
     4
 40
0.71
 49
0.5
 74
     0
 49
-0.1
 74
     0
 49
0.01
 74
     0
 49
-0.1
 74
     0
  0
LTYPE
  5
10000028
330
5
100
AcDbSymbolTableRecord
100
AcDbLinetypeTableRecord
  2
ONS_DOTTED
 70
     0
  3
Onshape Dotted line . . . . . . .
 72
    65
 73
     2
 40
0.11
 49
0.01
 74
     0
 49
-0.1
 74
     0
  0
LTYPE
  5
10000029
330
5
100
AcDbSymbolTableRecord
100
AcDbLinetypeTableRecord
  2
HIDDEN
 70
     0
  3
Hidden line ____ ____ ____ ____ 
 72
    65
 73
     2
 40
0.15
 49
0.1
 74
     0
 49
-0.05
 74
     0
  0
ENDTAB
  0
TABLE
  2
LAYER
  5
2
330
0
100
AcDbSymbolTable
 70
    48
  0
LAYER
  5
10
330
2
100
AcDbSymbolTableRecord
100
AcDbLayerTableRecord
  2
0
 70
     0
 62
     7
  6
CONTINUOUS
  0
LAYER
  5
1000002A
330
2
100
AcDbSymbolTableRecord
100
AcDbLayerTableRecord
  2
SECTION_CUTTING_LINE
 70
     0
 62
     7
  6
ONS_DASHDOT
  0
LAYER
  5
1000002B
330
2
100
AcDbSymbolTableRecord
100
AcDbLayerTableRecord
  2
DETAIL_VIEW_BORDER
 70
     0
 62
     7
  6
CONTINUOUS
  0
LAYER
  5
1000002C
330
2
100
AcDbSymbolTableRecord
100
AcDbLayerTableRecord
  2
DETAIL_VIEW_PARENT_BORDER
 70
     0
 62
     7
  6
ONS_PHANTOM
  0
LAYER
  5
1000002D
330
2
100
AcDbSymbolTableRecord
100
AcDbLayerTableRecord
  2
TEXT
 70
     0
 62
     7
  6
CONTINUOUS
  0
LAYER
  5
1000002E
330
2
100
AcDbSymbolTableRecord
100
AcDbLayerTableRecord
  2
SKETCHED_GEOMETRY
 70
     0
 62
    -7
  6
CONTINUOUS
  0
LAYER
  5
1000002F
330
2
100
AcDbSymbolTableRecord
100
AcDbLayerTableRecord
  2
VIRTUAL_SHARPS
 70
     0
 62
    -7
  6
CONTINUOUS
  0
LAYER
  5
10000030
330
2
100
AcDbSymbolTableRecord
100
AcDbLayerTableRecord
  2
CENTERLINES
 70
     0
 62
    -7
  6
CENTER
  0
LAYER
  5
10000031
330
2
100
AcDbSymbolTableRecord
100
AcDbLayerTableRecord
  2
CENTERMARKS
 70
     0
 62
    -7
  6
CONTINUOUS
  0
LAYER
  5
10000032
330
2
100
AcDbSymbolTableRecord
100
AcDbLayerTableRecord
  2
TABLES
 70
     0
 62
     7
  6
CONTINUOUS
  0
LAYER
  5
10000033
330
2
100
AcDbSymbolTableRecord
100
AcDbLayerTableRecord
  2
IMAGES
 70
     0
 62
    -7
  6
CONTINUOUS
  0
LAYER
  5
10000034
330
2
100
AcDbSymbolTableRecord
100
AcDbLayerTableRecord
  2
ANNOTATION_LINES
 70
     0
 62
    -7
  6
CONTINUOUS
  0
LAYER
  5
10000035
330
2
100
AcDbSymbolTableRecord
100
AcDbLayerTableRecord
  2
ANNOTATION_TEXT
 70
     0
 62
    -7
  6
CONTINUOUS
  0
LAYER
  5
10000036
330
2
100
AcDbSymbolTableRecord
100
AcDbLayerTableRecord
  2
SIDE_THREAD_SYMBOLS
 70
     0
 62
     7
  6
CONTINUOUS
  0
LAYER
  5
10000037
330
2
100
AcDbSymbolTableRecord
100
AcDbLayerTableRecord
  2
SIDE_THREAD_SYMBOLS_HIDDEN
 70
     0
 62
    -7
  6
HIDDEN
  0
LAYER
  5
10000038
330
2
100
AcDbSymbolTableRecord
100
AcDbLayerTableRecord
  2
SURFACE_THREAD_SYMBOLS
 70
     0
 62
     7
  6
CONTINUOUS
  0
LAYER
  5
10000039
330
2
100
AcDbSymbolTableRecord
100
AcDbLayerTableRecord
  2
SURFACE_THREAD_SYMBOLS_ON_
 70
     0
 62
     7
  6
CONTINUOUS
  0
LAYER
  5
1000003A
330
2
100
AcDbSymbolTableRecord
100
AcDbLayerTableRecord
  2
SURFACE_THREAD_SYMBOLS_HID
 70
     0
 62
    -7
  6
HIDDEN
  0
LAYER
  5
1000003B
330
2
100
AcDbSymbolTableRecord
100
AcDbLayerTableRecord
  2
BLIND_THREAD_SYMBOLS
 70
     0
 62
     7
  6
CONTINUOUS
  0
LAYER
  5
1000003C
330
2
100
AcDbSymbolTableRecord
100
AcDbLayerTableRecord
  2
BLIND_THREAD_SYMBOLS_HIDDE
 70
     0
 62
    -7
  6
HIDDEN
  0
LAYER
  5
1000003D
330
2
100
AcDbSymbolTableRecord
100
AcDbLayerTableRecord
  2
EXPLODE_LINES
 70
     0
 62
     7
  6
ONS_PHANTOM
  0
LAYER
  5
1000003E
330
2
100
AcDbSymbolTableRecord
100
AcDbLayerTableRecord
  2
HIDDEN_EXPLODE_LINES
 70
     0
 62
    -7
  6
ONS_PHANTOM
  0
LAYER
  5
1000003F
330
2
100
AcDbSymbolTableRecord
100
AcDbLayerTableRecord
  2
BREAK_LINES
 70
     0
 62
    -7
  6
CONTINUOUS
  0
LAYER
  5
10000040
330
2
100
AcDbSymbolTableRecord
100
AcDbLayerTableRecord
  2
SHEETMETAL_BEND_LINES_UP
 70
     0
 62
     7
  6
CENTER
  0
LAYER
  5
10000041
330
2
100
AcDbSymbolTableRecord
100
AcDbLayerTableRecord
  2
SHEETMETAL_BEND_LINES_DOWN
 70
     0
 62
     7
  6
CENTER
  0
LAYER
  5
10000042
330
2
100
AcDbSymbolTableRecord
100
AcDbLayerTableRecord
  2
SHEETMETAL_BEND_TANGENT_LI
 70
     0
 62
     7
  6
CONTINUOUS
  0
LAYER
  5
10000043
330
2
100
AcDbSymbolTableRecord
100
AcDbLayerTableRecord
  2
SHEETMETAL_CUT_LINES
 70
     0
 62
     7
  6
CONTINUOUS
  0
LAYER
  5
10000044
330
2
100
AcDbSymbolTableRecord
100
AcDbLayerTableRecord
  2
SHEETMETAL_CBORE_CSINK_UP
 70
     0
 62
     7
  6
CONTINUOUS
  0
LAYER
  5
10000045
330
2
100
AcDbSymbolTableRecord
100
AcDbLayerTableRecord
  2
SHEETMETAL_CBORE_CSINK_DOW
 70
     0
 62
     7
  6
CONTINUOUS
  0
LAYER
  5
10000046
330
2
100
AcDbSymbolTableRecord
100
AcDbLayerTableRecord
  2
SHEETMETAL_CBORE_CSINK_UP_
 70
     0
 62
    -7
  6
HIDDEN
  0
LAYER
  5
10000047
330
2
100
AcDbSymbolTableRecord
100
AcDbLayerTableRecord
  2
SHEETMETAL_CBORE_CSINK_DO0
 70
     0
 62
    -7
  6
HIDDEN
  0
LAYER
  5
10000048
330
2
100
AcDbSymbolTableRecord
100
AcDbLayerTableRecord
  2
SHEETMETAL_FORM_TEAR
 70
     0
 62
     7
  6
CONTINUOUS
  0
LAYER
  5
10000049
330
2
100
AcDbSymbolTableRecord
100
AcDbLayerTableRecord
  2
SHEETMETAL_FORM_UP
 70
     0
 62
     7
  6
CENTER
  0
LAYER
  5
1000004A
330
2
100
AcDbSymbolTableRecord
100
AcDbLayerTableRecord
  2
SHEETMETAL_FORM_DOWN
 70
     0
 62
     7
  6
CENTER
  0
LAYER
  5
1000004B
330
2
100
AcDbSymbolTableRecord
100
AcDbLayerTableRecord
  2
SHEETMETAL_FORM_CENTERMARK
 70
     0
 62
     7
  6
CENTER
  0
LAYER
  5
1000004C
330
2
100
AcDbSymbolTableRecord
100
AcDbLayerTableRecord
  2
REGION_ASSOC_POINTS
 70
     0
 62
    -7
  6
CONTINUOUS
  0
LAYER
  5
1000004D
330
2
100
AcDbSymbolTableRecord
100
AcDbLayerTableRecord
  2
PATTERN_CENTERLINES
 70
     1
 62
    -7
  6
CENTER
  0
LAYER
  5
1000004E
330
2
100
AcDbSymbolTableRecord
100
AcDbLayerTableRecord
  2
HIDDEN
 70
     0
 62
    -7
  6
HIDDEN
  0
LAYER
  5
1000004F
330
2
100
AcDbSymbolTableRecord
100
AcDbLayerTableRecord
  2
VISIBLE
 70
     0
 62
     7
  6
CONTINUOUS
  0
LAYER
  5
10000050
330
2
100
AcDbSymbolTableRecord
100
AcDbLayerTableRecord
  2
MODELSKETCH_VISIBLE
 70
     0
 62
     7
  6
CONTINUOUS
  0
LAYER
  5
10000051
330
2
100
AcDbSymbolTableRecord
100
AcDbLayerTableRecord
  2
MODELSKETCH_POINT
 70
     0
 62
     7
  6
CONTINUOUS
  0
LAYER
  5
10000052
330
2
100
AcDbSymbolTableRecord
100
AcDbLayerTableRecord
  2
MODELSKETCH_CONSTRUCTION
 70
     0
 62
    -7
  6
CENTER
  0
LAYER
  5
10000053
330
2
100
AcDbSymbolTableRecord
100
AcDbLayerTableRecord
  2
HIDDEN_BASE_VIEW
 70
     0
 62
     7
  6
CONTINUOUS
  0
LAYER
  5
10000054
330
2
100
AcDbSymbolTableRecord
100
AcDbLayerTableRecord
  2
TANGENT_LINES
 70
     0
 62
    -7
  6
CONTINUOUS
  0
LAYER
  5
10000055
330
2
100
AcDbSymbolTableRecord
100
AcDbLayerTableRecord
  2
TANGENT_HIDDEN
 70
     0
 62
    -7
  6
HIDDEN
  0
LAYER
  5
10000056
330
2
100
AcDbSymbolTableRecord
100
AcDbLayerTableRecord
  2
INVISIBLE_LINES
 70
     0
 62
    -7
  6
CONTINUOUS
  0
LAYER
  5
10000057
330
2
100
AcDbSymbolTableRecord
100
AcDbLayerTableRecord
  2
VIEW_HATCHES
 70
     0
 62
    -7
  6
CONTINUOUS
  0
LAYER
  5
10000058
330
2
100
AcDbSymbolTableRecord
100
AcDbLayerTableRecord
  2
SECTION_JOG_LINES
 70
     0
 62
    -7
  6
CONTINUOUS
  0
ENDTAB
  0
TABLE
  2
STYLE
  5
3
330
0
100
AcDbSymbolTable
 70
     2
  0
STYLE
  5
11
330
3
100
AcDbSymbolTableRecord
100
AcDbTextStyleTableRecord
  2
STANDARD
 70
     0
 40
0.0
 41
1.0
 50
0.0
 71
     0
 42
2.5
  3
txt
  4

  0
STYLE
  5
10000004
330
3
100
AcDbSymbolTableRecord
100
AcDbTextStyleTableRecord
  2
TTFSTYLE
 70
     0
 40
0.0
 41
1.0
 50
0.0
 71
     0
 42
2.5
  3

  4

1001
ACAD
1000
Verdana
1071
       34
  0
ENDTAB
  0
TABLE
  2
VIEW
  5
6
330
0
100
AcDbSymbolTable
 70
     0
  0
ENDTAB
  0
TABLE
  2
UCS
  5
7
330
0
100
AcDbSymbolTable
 70
     0
  0
ENDTAB
  0
TABLE
  2
APPID
  5
9
330
0
100
AcDbSymbolTable
 70
     2
  0
APPID
  5
12
330
9
100
AcDbSymbolTableRecord
100
AcDbRegAppTableRecord
  2
ACAD
 70
     0
  0
APPID
  5
10000459
330
9
100
AcDbSymbolTableRecord
100
AcDbRegAppTableRecord
  2
ACAD_MLEADERVER
 70
     0
  0
ENDTAB
  0
TABLE
  2
DIMSTYLE
  5
A
330
0
100
AcDbSymbolTable
 70
     1
  0
DIMSTYLE
105
27
330
A
100
AcDbSymbolTableRecord
100
AcDbDimStyleTableRecord
  2
ISO-25
 70
     0
  3

  4

  5

  6

  7

 40
1.0
 41
2.5
 42
0.625
 43
3.75
 44
1.25
 45
0.0
 46
0.0
 47
0.0
 48
0.0
140
2.5
141
2.5
142
0.0
143
0.03937007874016
144
1.0
145
0.0
146
1.0
147
0.625
 71
     0
 72
     0
 73
     0
 74
     0
 75
     0
 76
     0
 77
     1
 78
     8
170
     0
171
     3
172
     1
173
     0
174
     0
175
     0
176
     0
177
     0
178
     0
270
     2
271
     2
272
     2
273
     2
274
     3
340
11
275
     0
280
     0
281
     0
282
     0
283
     0
284
     8
285
     0
286
     0
287
     3
288
     0
  0
ENDTAB
  0
TABLE
  2
BLOCK_RECORD
  5
1
330
0
100
AcDbSymbolTable
 70
     0
  0
BLOCK_RECORD
  5
1F
102
{ACAD_XDICTIONARY
360
10000420
102
}
330
1
100
AcDbSymbolTableRecord
100
AcDbBlockTableRecord
  2
*MODEL_SPACE
  0
BLOCK_RECORD
  5
1B
330
1
100
AcDbSymbolTableRecord
100
AcDbBlockTableRecord
  2
*PAPER_SPACE
  0
ENDTAB
  0
ENDSEC
  0
SECTION
  2
BLOCKS
  0
BLOCK
  5
20
330
1F
100
AcDbEntity
  8
0
100
AcDbBlockBegin
  2
*MODEL_SPACE
 70
     0
 10
0.0
 20
0.0
 30
0.0
  3
*MODEL_SPACE
  1

  0
ENDBLK
  5
21
330
1F
100
AcDbEntity
  8
0
100
AcDbBlockEnd
  0
BLOCK
  5
1C
330
1B
100
AcDbEntity
 67
     1
  8
0
100
AcDbBlockBegin
  2
*PAPER_SPACE
 70
     0
 10
0.0
 20
0.0
 30
0.0
  3
*PAPER_SPACE
  1

  0
ENDBLK
  5
1D
330
1B
100
AcDbEntity
 67
     1
  8
0
100
AcDbBlockEnd
  0
ENDSEC
  0
SECTION
  2
ENTITIES
  0
LINE
  5
10000059
102
{ACAD_XDICTIONARY
360
1000005A
102
}
330
1F
100
AcDbEntity
  8
SHEETMETAL_BEND_LINES_DOWN
100
AcDbLine
 10
-30.7000485478796
 20
-2.911947012028224
 30
0.0
 11
30.70004854787953
 21
-2.911947012028182
 31
0.0
  0
LINE
  5
10000061
102
{ACAD_XDICTIONARY
360
10000062
102
}
330
1F
100
AcDbEntity
  8
SHEETMETAL_BEND_LINES_DOWN
100
AcDbLine
 10
-95.96067083982265
 20
31.02669046065165
 30
0.0
 11
-42.78662696006411
 21
0.3266419127721104
 31
0.0
  0
LINE
  5
10000069
102
{ACAD_XDICTIONARY
360
1000006A
102
}
330
1F
100
AcDbEntity
  8
SHEETMETAL_BEND_LINES_DOWN
100
AcDbLine
 10
-135.5087088750864
 20
93.0487238277943
 30
0.0
 11
-104.8086603272068
 21
39.87467994803583
 31
0.0
  0
LINE
  5
10000071
102
{ACAD_XDICTIONARY
360
10000072
102
}
330
1F
100
AcDbEntity
  8
SHEETMETAL_BEND_LINES_DOWN
100
AcDbLine
 10
-138.7472977998868
 20
166.535399335738
 30
0.0
 11
-138.7472977998868
 21
105.1353022399788
 31
0.0
  0
LINE
  5
10000079
102
{ACAD_XDICTIONARY
360
1000007A
102
}
330
1F
100
AcDbEntity
  8
SHEETMETAL_BEND_LINES_DOWN
100
AcDbLine
 10
-104.808660327207
 20
231.7960216276811
 30
0.0
 11
-135.5087088750865
 21
178.6219777479225
 31
0.0
  0
LINE
  5
10000081
102
{ACAD_XDICTIONARY
360
10000082
102
}
330
1F
100
AcDbEntity
  8
SHEETMETAL_BEND_LINES_DOWN
100
AcDbLine
 10
-42.78662696006428
 20
271.3440596629449
 30
0.0
 11
-95.96067083982275
 21
240.6440111150653
 31
0.0
  0
LINE
  5
10000089
102
{ACAD_XDICTIONARY
360
1000008A
102
}
330
1F
100
AcDbEntity
  8
SHEETMETAL_BEND_LINES_DOWN
100
AcDbLine
 10
30.7000485478794
 20
274.5826485877453
 30
0.0
 11
-30.70004854787972
 21
274.5826485877452
 31
0.0
  0
LINE
  5
10000091
102
{ACAD_XDICTIONARY
360
10000092
102
}
330
1F
100
AcDbEntity
  8
SHEETMETAL_BEND_LINES_DOWN
100
AcDbLine
 10
135.5087088750863
 20
178.6219777479227
 30
0.0
 11
104.8086603272067
 21
231.7960216276814
 31
0.0
  0
LINE
  5
10000099
102
{ACAD_XDICTIONARY
360
1000009A
102
}
330
1F
100
AcDbEntity
  8
SHEETMETAL_BEND_LINES_DOWN
100
AcDbLine
 10
104.8086603272069
 20
39.87467994803595
 30
0.0
 11
135.5087088750865
 21
93.04872382779469
 31
0.0
  0
LINE
  5
100000A1
102
{ACAD_XDICTIONARY
360
100000A2
102
}
330
1F
100
AcDbEntity
  8
SHEETMETAL_BEND_LINES_DOWN
100
AcDbLine
 10
138.7472977998868
 20
105.1353022399792
 30
0.0
 11
138.7472977998866
 21
166.5353993357382
 31
0.0
  0
LINE
  5
100000A9
102
{ACAD_XDICTIONARY
360
100000AA
102
}
330
1F
100
AcDbEntity
  8
SHEETMETAL_BEND_LINES_DOWN
100
AcDbLine
 10
42.78662696006405
 20
0.3266419127720965
 30
0.0
 11
95.96067083982268
 21
31.02669046065171
 31
0.0
  0
LINE
  5
100000B1
102
{ACAD_XDICTIONARY
360
100000B2
102
}
330
1F
100
AcDbEntity
  8
SHEETMETAL_BEND_LINES_DOWN
100
AcDbLine
 10
95.96067083982236
 20
240.6440111150656
 30
0.0
 11
42.78662696006391
 21
271.3440596629451
 31
0.0
  0
CIRCLE
  5
100000B9
102
{ACAD_XDICTIONARY
360
100000BA
102
}
330
1F
100
AcDbEntity
  8
SHEETMETAL_CUT_LINES
100
AcDbCircle
 10
85.19299294123469
 20
13.27675856478321
 30
0.0
 40
2.108199999999999
  0
CIRCLE
  5
100000C0
102
{ACAD_XDICTIONARY
360
100000C1
102
}
330
1F
100
AcDbEntity
  8
SHEETMETAL_CUT_LINES
100
AcDbCircle
 10
63.54235784662374
 20
0.7767585647832156
 30
0.0
 40
2.108199999999999
  0
CIRCLE
  5
100000C7
102
{ACAD_XDICTIONARY
360
100000C8
102
}
330
1F
100
AcDbEntity
  8
SHEETMETAL_CUT_LINES
100
AcDbCircle
 10
122.5585922230753
 20
50.6423578466238
 30
0.0
 40
2.108199999999999
  0
CIRCLE
  5
100000CE
102
{ACAD_XDICTIONARY
360
100000CF
102
}
330
1F
100
AcDbEntity
  8
SHEETMETAL_CUT_LINES
100
AcDbCircle
 10
-12.50000000000006
 20
284.5707015757171
 30
0.0
 40
2.108199999999999
  0
CIRCLE
  5
100000D5
102
{ACAD_XDICTIONARY
360
100000D6
102
}
330
1F
100
AcDbEntity
  8
SHEETMETAL_CUT_LINES
100
AcDbCircle
 10
12.49999999999994
 20
284.5707015757171
 30
0.0
 40
2.108199999999999
  0
CIRCLE
  5
100000DC
102
{ACAD_XDICTIONARY
360
100000DD
102
}
330
1F
100
AcDbEntity
  8
SHEETMETAL_CUT_LINES
100
AcDbCircle
 10
-85.19299294123478
 20
258.3939430109339
 30
0.0
 40
2.108199999999999
  0
CIRCLE
  5
100000E3
102
{ACAD_XDICTIONARY
360
100000E4
102
}
330
1F
100
AcDbEntity
  8
SHEETMETAL_CUT_LINES
100
AcDbCircle
 10
-63.54235784662382
 20
270.8939430109339
 30
0.0
 40
2.108199999999999
  0
CIRCLE
  5
100000EA
102
{ACAD_XDICTIONARY
360
100000EB
102
}
330
1F
100
AcDbEntity
  8
SHEETMETAL_CUT_LINES
100
AcDbCircle
 10
-135.0585922230754
 20
199.3777086344823
 30
0.0
 40
2.108199999999999
  0
CIRCLE
  5
100000F1
102
{ACAD_XDICTIONARY
360
100000F2
102
}
330
1F
100
AcDbEntity
  8
SHEETMETAL_CUT_LINES
100
AcDbCircle
 10
-122.5585922230754
 20
221.0283437290933
 30
0.0
 40
2.108199999999999
  0
CIRCLE
  5
100000F8
102
{ACAD_XDICTIONARY
360
100000F9
102
}
330
1F
100
AcDbEntity
  8
SHEETMETAL_CUT_LINES
100
AcDbCircle
 10
-148.7353507878586
 20
123.3353507878585
 30
0.0
 40
2.108199999999999
  0
CIRCLE
  5
100000FF
102
{ACAD_XDICTIONARY
360
10000100
102
}
330
1F
100
AcDbEntity
  8
SHEETMETAL_CUT_LINES
100
AcDbCircle
 10
-148.7353507878586
 20
148.3353507878585
 30
0.0
 40
2.108199999999999
  0
CIRCLE
  5
10000106
102
{ACAD_XDICTIONARY
360
10000107
102
}
330
1F
100
AcDbEntity
  8
SHEETMETAL_CUT_LINES
100
AcDbCircle
 10
-122.5585922230754
 20
50.64235784662384
 30
0.0
 40
2.108199999999999
  0
CIRCLE
  5
1000010D
102
{ACAD_XDICTIONARY
360
1000010E
102
}
330
1F
100
AcDbEntity
  8
SHEETMETAL_CUT_LINES
100
AcDbCircle
 10
-135.0585922230754
 20
72.2929929412348
 30
0.0
 40
2.108199999999999
  0
CIRCLE
  5
10000114
102
{ACAD_XDICTIONARY
360
10000115
102
}
330
1F
100
AcDbEntity
  8
SHEETMETAL_CUT_LINES
100
AcDbCircle
 10
-63.54235784662387
 20
0.7767585647832433
 30
0.0
 40
2.108199999999999
  0
CIRCLE
  5
1000011B
102
{ACAD_XDICTIONARY
360
1000011C
102
}
330
1F
100
AcDbEntity
  8
SHEETMETAL_CUT_LINES
100
AcDbCircle
 10
-85.19299294123483
 20
13.27675856478324
 30
0.0
 40
2.108199999999999
  0
CIRCLE
  5
10000122
102
{ACAD_XDICTIONARY
360
10000123
102
}
330
1F
100
AcDbEntity
  8
SHEETMETAL_CUT_LINES
100
AcDbCircle
 10
-34.4229329986353
 20
7.367215891412426
 30
0.0
 40
2.705100000000002
  0
CIRCLE
  5
10000129
102
{ACAD_XDICTIONARY
360
1000012A
102
}
330
1F
100
AcDbEntity
  8
SHEETMETAL_CUT_LINES
100
AcDbCircle
 10
-34.4229329986353
 20
7.367215891412426
 30
0.0
 40
2.705100000000002
  0
CIRCLE
  5
10000130
102
{ACAD_XDICTIONARY
360
10000131
102
}
330
1F
100
AcDbEntity
  8
SHEETMETAL_CUT_LINES
100
AcDbCircle
 10
-94.04520189781093
 20
41.79014889004772
 30
0.0
 40
2.705100000000002
  0
CIRCLE
  5
10000137
102
{ACAD_XDICTIONARY
360
10000138
102
}
330
1F
100
AcDbEntity
  8
SHEETMETAL_CUT_LINES
100
AcDbCircle
 10
-94.04520189781093
 20
41.79014889004772
 30
0.0
 40
2.705100000000002
  0
CIRCLE
  5
1000013E
102
{ACAD_XDICTIONARY
360
1000013F
102
}
330
1F
100
AcDbEntity
  8
SHEETMETAL_CUT_LINES
100
AcDbCircle
 10
-128.4681348964461
 20
101.4124177892232
 30
0.0
 40
2.705100000000002
  0
CIRCLE
  5
10000145
102
{ACAD_XDICTIONARY
360
10000146
102
}
330
1F
100
AcDbEntity
  8
SHEETMETAL_CUT_LINES
100
AcDbCircle
 10
-128.4681348964461
 20
101.4124177892232
 30
0.0
 40
2.705100000000002
  0
CIRCLE
  5
1000014C
102
{ACAD_XDICTIONARY
360
1000014D
102
}
330
1F
100
AcDbEntity
  8
SHEETMETAL_CUT_LINES
100
AcDbCircle
 10
-128.4681348964461
 20
170.2582837864938
 30
0.0
 40
2.705100000000002
  0
CIRCLE
  5
10000153
102
{ACAD_XDICTIONARY
360
10000154
102
}
330
1F
100
AcDbEntity
  8
SHEETMETAL_CUT_LINES
100
AcDbCircle
 10
-128.4681348964461
 20
170.2582837864938
 30
0.0
 40
2.705100000000002
  0
CIRCLE
  5
1000015A
102
{ACAD_XDICTIONARY
360
1000015B
102
}
330
1F
100
AcDbEntity
  8
SHEETMETAL_CUT_LINES
100
AcDbCircle
 10
-94.04520189781093
 20
229.8805526856693
 30
0.0
 40
2.705100000000002
  0
CIRCLE
  5
10000161
102
{ACAD_XDICTIONARY
360
10000162
102
}
330
1F
100
AcDbEntity
  8
SHEETMETAL_CUT_LINES
100
AcDbCircle
 10
-94.04520189781093
 20
229.8805526856693
 30
0.0
 40
2.705100000000002
  0
CIRCLE
  5
10000168
102
{ACAD_XDICTIONARY
360
10000169
102
}
330
1F
100
AcDbEntity
  8
SHEETMETAL_CUT_LINES
100
AcDbCircle
 10
-34.42293299863543
 20
264.3034856843046
 30
0.0
 40
2.705100000000002
  0
CIRCLE
  5
1000016F
102
{ACAD_XDICTIONARY
360
10000170
102
}
330
1F
100
AcDbEntity
  8
SHEETMETAL_CUT_LINES
100
AcDbCircle
 10
-34.42293299863543
 20
264.3034856843046
 30
0.0
 40
2.705100000000002
  0
CIRCLE
  5
10000176
102
{ACAD_XDICTIONARY
360
10000177
102
}
330
1F
100
AcDbEntity
  8
SHEETMETAL_CUT_LINES
100
AcDbCircle
 10
34.4229329986352
 20
264.3034856843046
 30
0.0
 40
2.705100000000002
  0
CIRCLE
  5
1000017D
102
{ACAD_XDICTIONARY
360
1000017E
102
}
330
1F
100
AcDbEntity
  8
SHEETMETAL_CUT_LINES
100
AcDbCircle
 10
34.4229329986352
 20
264.3034856843046
 30
0.0
 40
2.705100000000002
  0
CIRCLE
  5
10000184
102
{ACAD_XDICTIONARY
360
10000185
102
}
330
1F
100
AcDbEntity
  8
SHEETMETAL_CUT_LINES
100
AcDbCircle
 10
94.04520189781068
 20
229.8805526856694
 30
0.0
 40
2.705100000000002
  0
CIRCLE
  5
1000018B
102
{ACAD_XDICTIONARY
360
1000018C
102
}
330
1F
100
AcDbEntity
  8
SHEETMETAL_CUT_LINES
100
AcDbCircle
 10
94.04520189781068
 20
229.8805526856694
 30
0.0
 40
2.705100000000002
  0
CIRCLE
  5
10000192
102
{ACAD_XDICTIONARY
360
10000193
102
}
330
1F
100
AcDbEntity
  8
SHEETMETAL_CUT_LINES
100
AcDbCircle
 10
128.468134896446
 20
170.2582837864939
 30
0.0
 40
2.705100000000002
  0
CIRCLE
  5
10000199
102
{ACAD_XDICTIONARY
360
1000019A
102
}
330
1F
100
AcDbEntity
  8
SHEETMETAL_CUT_LINES
100
AcDbCircle
 10
128.468134896446
 20
170.2582837864939
 30
0.0
 40
2.705100000000002
  0
CIRCLE
  5
100001A0
102
{ACAD_XDICTIONARY
360
100001A1
102
}
330
1F
100
AcDbEntity
  8
SHEETMETAL_CUT_LINES
100
AcDbCircle
 10
128.468134896446
 20
101.4124177892233
 30
0.0
 40
2.705100000000002
  0
CIRCLE
  5
100001A7
102
{ACAD_XDICTIONARY
360
100001A8
102
}
330
1F
100
AcDbEntity
  8
SHEETMETAL_CUT_LINES
100
AcDbCircle
 10
128.468134896446
 20
101.4124177892233
 30
0.0
 40
2.705100000000002
  0
CIRCLE
  5
100001AE
102
{ACAD_XDICTIONARY
360
100001AF
102
}
330
1F
100
AcDbEntity
  8
SHEETMETAL_CUT_LINES
100
AcDbCircle
 10
94.04520189781087
 20
41.79014889004781
 30
0.0
 40
2.705100000000002
  0
CIRCLE
  5
100001B5
102
{ACAD_XDICTIONARY
360
100001B6
102
}
330
1F
100
AcDbEntity
  8
SHEETMETAL_CUT_LINES
100
AcDbCircle
 10
94.04520189781087
 20
41.79014889004781
 30
0.0
 40
2.705100000000002
  0
CIRCLE
  5
100001BC
102
{ACAD_XDICTIONARY
360
100001BD
102
}
330
1F
100
AcDbEntity
  8
SHEETMETAL_CUT_LINES
100
AcDbCircle
 10
34.42293299863521
 20
7.367215891412426
 30
0.0
 40
2.705100000000002
  0
CIRCLE
  5
100001C3
102
{ACAD_XDICTIONARY
360
100001C4
102
}
330
1F
100
AcDbEntity
  8
SHEETMETAL_CUT_LINES
100
AcDbCircle
 10
34.42293299863521
 20
7.367215891412426
 30
0.0
 40
2.705100000000002
  0
CIRCLE
  5
100001CA
102
{ACAD_XDICTIONARY
360
100001CB
102
}
330
1F
100
AcDbEntity
  8
SHEETMETAL_CUT_LINES
100
AcDbCircle
 10
12.49999999999997
 20
-12.9
 30
0.0
 40
2.108199999999999
  0
CIRCLE
  5
100001D1
102
{ACAD_XDICTIONARY
360
100001D2
102
}
330
1F
100
AcDbEntity
  8
SHEETMETAL_CUT_LINES
100
AcDbCircle
 10
-12.50000000000003
 20
-12.9
 30
0.0
 40
2.108199999999999
  0
CIRCLE
  5
100001D8
102
{ACAD_XDICTIONARY
360
100001D9
102
}
330
1F
100
AcDbEntity
  8
SHEETMETAL_CUT_LINES
100
AcDbCircle
 10
85.19299294123469
 20
13.2767585647832
 30
0.0
 40
2.108199999999999
  0
CIRCLE
  5
100001DF
102
{ACAD_XDICTIONARY
360
100001E0
102
}
330
1F
100
AcDbEntity
  8
SHEETMETAL_CUT_LINES
100
AcDbCircle
 10
63.54235784662372
 20
0.7767585647832121
 30
0.0
 40
2.108199999999999
  0
LINE
  5
100001E6
102
{ACAD_XDICTIONARY
360
100001E7
102
}
330
1F
100
AcDbEntity
  8
SHEETMETAL_CUT_LINES
100
AcDbLine
 10
105.2780355862579
 20
14.82696865867298
 30
0.0
 11
96.578035586258
 21
29.89581068452224
 31
0.0
  0
SPLINE
  5
100001EB
102
{ACAD_XDICTIONARY
360
100001EC
102
}
330
1F
100
AcDbEntity
  8
SHEETMETAL_CUT_LINES
100
AcDbSpline
210
0.0
220
0.0
230
1.0
 70
     8
 71
     2
 72
     8
 73
     5
 74
     0
 42
0.0000000001
 43
0.00000001
 40
0.0
 40
0.0
 40
0.0
 40
0.5
 40
0.5
 40
1.0
 40
1.0
 40
1.0
 10
96.578035586258
 20
29.89581068452222
 30
0.0
 10
96.28494665132281
 20
30.49137399982708
 30
0.0
 10
95.96067083982267
 20
31.02669046065168
 30
0.0
 10
95.65545363826146
 20
31.5305448535116
 30
0.0
 10
95.24769833936207
 20
32.102371074258
 30
0.0
  0
LINE
  5
100001F0
102
{ACAD_XDICTIONARY
360
100001F1
102
}
330
1F
100
AcDbEntity
  8
SHEETMETAL_CUT_LINES
100
AcDbLine
 10
95.247698339362
 20
32.10237107425797
 30
0.0
 11
103.7329797136006
 21
40.58765244849662
 31
0.0
  0
SPLINE
  5
100001F5
102
{ACAD_XDICTIONARY
360
100001F6
102
}
330
1F
100
AcDbEntity
  8
SHEETMETAL_CUT_LINES
100
AcDbSpline
210
0.0
220
0.0
230
1.0
 70
     8
 71
     2
 72
     8
 73
     5
 74
     0
 42
0.0000000001
 43
0.00000001
 40
0.0
 40
0.0
 40
0.0
 40
0.5
 40
0.5
 40
1.0
 40
1.0
 40
1.0
 10
103.7329797136006
 20
40.58765244849662
 30
0.0
 10
104.304805934347
 20
40.1798971495972
 30
0.0
 10
104.8086603272069
 20
39.87467994803597
 30
0.0
 10
105.3439767880315
 20
39.55040413653587
 30
0.0
 10
105.9395401033364
 20
39.25731520160068
 30
0.0
  0
LINE
  5
100001FA
102
{ACAD_XDICTIONARY
360
100001FB
102
}
330
1F
100
AcDbEntity
  8
SHEETMETAL_CUT_LINES
100
AcDbLine
 10
121.0083821291855
 20
30.55731520160063
 30
0.0
 11
105.9395401033363
 21
39.25731520160063
 31
0.0
  0
LINE
  5
100001FF
102
{ACAD_XDICTIONARY
360
10000200
102
}
330
1F
100
AcDbEntity
  8
SHEETMETAL_CUT_LINES
100
AcDbLine
 10
151.6776443428143
 20
83.67803558625816
 30
0.0
 11
121.0083821291855
 21
30.55731520160063
 31
0.0
  0
LINE
  5
10000204
102
{ACAD_XDICTIONARY
360
10000205
102
}
330
1F
100
AcDbEntity
  8
SHEETMETAL_CUT_LINES
100
AcDbLine
 10
151.6776443428143
 20
83.67803558625816
 30
0.0
 11
136.6088023169652
 21
92.37803558625815
 31
0.0
  0
SPLINE
  5
10000209
102
{ACAD_XDICTIONARY
360
1000020A
102
}
330
1F
100
AcDbEntity
  8
SHEETMETAL_CUT_LINES
100
AcDbSpline
210
0.0
220
0.0
230
1.0
 70
     8
 71
     2
 72
     8
 73
     5
 74
     0
 42
0.0000000001
 43
0.00000001
 40
0.0
 40
0.0
 40
0.0
 40
0.5
 40
0.5
 40
1.0
 40
1.0
 40
1.0
 10
136.6088023169652
 20
92.37803558625818
 30
0.0
 10
136.0571981960908
 20
92.74726407940665
 30
0.0
 10
135.5087088750865
 20
93.04872382779469
 30
0.0
 10
134.9924558284325
 20
93.33246593103917
 30
0.0
 10
134.3534162706847
 20
93.62380431530586
 30
0.0
  0
LINE
  5
1000020E
102
{ACAD_XDICTIONARY
360
1000020F
102
}
330
1F
100
AcDbEntity
  8
SHEETMETAL_CUT_LINES
100
AcDbLine
 10
134.3534162706848
 20
93.62380431530588
 30
0.0
 11
137.4592448119149
 21
105.2149142307746
 31
0.0
  0
SPLINE
  5
10000213
102
{ACAD_XDICTIONARY
360
10000214
102
}
330
1F
100
AcDbEntity
  8
SHEETMETAL_CUT_LINES
100
AcDbSpline
210
0.0
220
0.0
230
1.0
 70
     8
 71
     2
 72
     8
 73
     5
 74
     0
 42
0.0000000001
 43
0.00000001
 40
0.0
 40
0.0
 40
0.0
 40
0.5
 40
0.5
 40
1.0
 40
1.0
 40
1.0
 10
137.459244811915
 20
105.2149142307747
 30
0.0
 10
138.1583384950811
 20
105.1477008937733
 30
0.0
 10
138.7472977998868
 20
105.1353022399792
 30
0.0
 10
139.373033359775
 20
105.1221293797995
 30
0.0
 10
140.0353507878586
 20
105.16608857423
 30
0.0
  0
LINE
  5
10000218
102
{ACAD_XDICTIONARY
360
10000219
102
}
330
1F
100
AcDbEntity
  8
SHEETMETAL_CUT_LINES
100
AcDbLine
 10
157.4353507878586
 20
105.16608857423
 30
0.0
 11
140.0353507878586
 21
105.1660885742299
 31
0.0
  0
CIRCLE
  5
1000021D
102
{ACAD_XDICTIONARY
360
1000021E
102
}
330
1F
100
AcDbEntity
  8
SHEETMETAL_CUT_LINES
100
AcDbCircle
 10
122.5585922230753
 20
221.0283437290933
 30
0.0
 40
2.108199999999999
  0
CIRCLE
  5
10000224
102
{ACAD_XDICTIONARY
360
10000225
102
}
330
1F
100
AcDbEntity
  8
SHEETMETAL_CUT_LINES
100
AcDbCircle
 10
135.0585922230753
 20
199.3777086344823
 30
0.0
 40
2.108199999999999
  0
CIRCLE
  5
1000022B
102
{ACAD_XDICTIONARY
360
1000022C
102
}
330
1F
100
AcDbEntity
  8
SHEETMETAL_CUT_LINES
100
AcDbCircle
 10
63.54235784662375
 20
270.8939430109338
 30
0.0
 40
2.108199999999999
  0
CIRCLE
  5
10000232
102
{ACAD_XDICTIONARY
360
10000233
102
}
330
1F
100
AcDbEntity
  8
SHEETMETAL_CUT_LINES
100
AcDbCircle
 10
85.19299294123472
 20
258.3939430109339
 30
0.0
 40
2.108199999999999
  0
CIRCLE
  5
10000239
102
{ACAD_XDICTIONARY
360
1000023A
102
}
330
1F
100
AcDbEntity
  8
SHEETMETAL_CUT_LINES
100
AcDbCircle
 10
148.7353507878585
 20
148.3353507878586
 30
0.0
 40
2.108199999999999
  0
CIRCLE
  5
10000240
102
{ACAD_XDICTIONARY
360
10000241
102
}
330
1F
100
AcDbEntity
  8
SHEETMETAL_CUT_LINES
100
AcDbCircle
 10
148.7353507878585
 20
123.3353507878586
 30
0.0
 40
2.108199999999999
  0
LINE
  5
10000247
102
{ACAD_XDICTIONARY
360
10000248
102
}
330
1F
100
AcDbEntity
  8
SHEETMETAL_CUT_LINES
100
AcDbLine
 10
157.4353507878585
 20
166.5046130014875
 30
0.0
 11
157.4353507878586
 21
105.16608857423
 31
0.0
  0
CIRCLE
  5
1000024C
102
{ACAD_XDICTIONARY
360
1000024D
102
}
330
1F
100
AcDbEntity
  8
SHEETMETAL_CUT_LINES
100
AcDbCircle
 10
135.0585922230753
 20
72.2929929412348
 30
0.0
 40
2.108199999999999
  0
LINE
  5
10000253
102
{ACAD_XDICTIONARY
360
10000254
102
}
330
1F
100
AcDbEntity
  8
SHEETMETAL_CUT_LINES
100
AcDbLine
 10
157.4353507878585
 20
166.5046130014875
 30
0.0
 11
140.0353507878585
 21
166.5046130014875
 31
0.0
  0
SPLINE
  5
10000258
102
{ACAD_XDICTIONARY
360
10000259
102
}
330
1F
100
AcDbEntity
  8
SHEETMETAL_CUT_LINES
100
AcDbSpline
210
0.0
220
0.0
230
1.0
 70
     8
 71
     2
 72
     8
 73
     5
 74
     0
 42
0.0000000001
 43
0.00000001
 40
0.0
 40
0.0
 40
0.0
 40
0.5
 40
0.5
 40
1.0
 40
1.0
 40
1.0
 10
140.0353507878585
 20
166.5046130014874
 30
0.0
 10
139.3730333597749
 20
166.5485721959179
 30
0.0
 10
138.7472977998867
 20
166.5353993357382
 30
0.0
 10
138.158338495081
 20
166.5230006819442
 30
0.0
 10
137.4592448119148
 20
166.4557873449427
 30
0.0
  0
LINE
  5
1000025D
102
{ACAD_XDICTIONARY
360
1000025E
102
}
330
1F
100
AcDbEntity
  8
SHEETMETAL_CUT_LINES
100
AcDbLine
 10
137.4592448119148
 20
166.4557873449428
 30
0.0
 11
134.3534162706846
 21
178.0468972604115
 31
0.0
  0
SPLINE
  5
10000262
102
{ACAD_XDICTIONARY
360
10000263
102
}
330
1F
100
AcDbEntity
  8
SHEETMETAL_CUT_LINES
100
AcDbSpline
210
0.0
220
0.0
230
1.0
 70
     8
 71
     2
 72
     8
 73
     5
 74
     0
 42
0.0000000001
 43
0.00000001
 40
0.0
 40
0.0
 40
0.0
 40
0.5
 40
0.5
 40
1.0
 40
1.0
 40
1.0
 10
134.3534162706845
 20
178.0468972604115
 30
0.0
 10
134.9924558284324
 20
178.3382356446783
 30
0.0
 10
135.5087088750863
 20
178.6219777479227
 30
0.0
 10
136.0571981960905
 20
178.9234374963107
 30
0.0
 10
136.608802316965
 20
179.2926659894592
 30
0.0
  0
LINE
  5
10000267
102
{ACAD_XDICTIONARY
360
10000268
102
}
330
1F
100
AcDbEntity
  8
SHEETMETAL_CUT_LINES
100
AcDbLine
 10
151.6776443428142
 20
187.9926659894592
 30
0.0
 11
136.608802316965
 21
179.2926659894592
 31
0.0
  0
LINE
  5
1000026C
102
{ACAD_XDICTIONARY
360
1000026D
102
}
330
1F
100
AcDbEntity
  8
SHEETMETAL_CUT_LINES
100
AcDbLine
 10
121.0083821291854
 20
241.1133863741166
 30
0.0
 11
151.6776443428142
 21
187.9926659894592
 31
0.0
  0
LINE
  5
10000271
102
{ACAD_XDICTIONARY
360
10000272
102
}
330
1F
100
AcDbEntity
  8
SHEETMETAL_CUT_LINES
100
AcDbLine
 10
121.0083821291854
 20
241.1133863741166
 30
0.0
 11
105.9395401033361
 21
232.4133863741167
 31
0.0
  0
SPLINE
  5
10000276
102
{ACAD_XDICTIONARY
360
10000277
102
}
330
1F
100
AcDbEntity
  8
SHEETMETAL_CUT_LINES
100
AcDbSpline
210
0.0
220
0.0
230
1.0
 70
     8
 71
     2
 72
     8
 73
     5
 74
     0
 42
0.0000000001
 43
0.00000001
 40
0.0
 40
0.0
 40
0.0
 40
0.5
 40
0.5
 40
1.0
 40
1.0
 40
1.0
 10
105.9395401033361
 20
232.4133863741167
 30
0.0
 10
105.3439767880312
 20
232.1202974391815
 30
0.0
 10
104.8086603272067
 20
231.7960216276814
 30
0.0
 10
104.3048059343467
 20
231.4908044261201
 30
0.0
 10
103.7329797136003
 20
231.0830491272208
 30
0.0
  0
LINE
  5
1000027B
102
{ACAD_XDICTIONARY
360
1000027C
102
}
330
1F
100
AcDbEntity
  8
SHEETMETAL_CUT_LINES
100
AcDbLine
 10
103.7329797136003
 20
231.0830491272208
 30
0.0
 11
95.24769833936173
 21
239.5683305014593
 31
0.0
  0
SPLINE
  5
10000280
102
{ACAD_XDICTIONARY
360
10000281
102
}
330
1F
100
AcDbEntity
  8
SHEETMETAL_CUT_LINES
100
AcDbSpline
210
0.0
220
0.0
230
1.0
 70
     8
 71
     2
 72
     8
 73
     5
 74
     0
 42
0.0000000001
 43
0.00000001
 40
0.0
 40
0.0
 40
0.0
 40
0.5
 40
0.5
 40
1.0
 40
1.0
 40
1.0
 10
95.24769833936172
 20
239.5683305014593
 30
0.0
 10
95.65545363826111
 20
240.1401567222057
 30
0.0
 10
95.96067083982238
 20
240.6440111150656
 30
0.0
 10
96.28494665132261
 20
241.1793275758903
 30
0.0
 10
96.57803558625773
 20
241.7748908911951
 30
0.0
  0
LINE
  5
10000285
102
{ACAD_XDICTIONARY
360
10000286
102
}
330
1F
100
AcDbEntity
  8
SHEETMETAL_CUT_LINES
100
AcDbLine
 10
105.2780355862578
 20
256.8437329170442
 30
0.0
 11
96.57803558625778
 21
241.774890891195
 31
0.0
  0
LINE
  5
1000028A
102
{ACAD_XDICTIONARY
360
1000028B
102
}
330
1F
100
AcDbEntity
  8
SHEETMETAL_CUT_LINES
100
AcDbLine
 10
52.15731520160041
 20
287.5129951306729
 30
0.0
 11
105.2780355862578
 21
256.8437329170442
 31
0.0
  0
LINE
  5
1000028F
102
{ACAD_XDICTIONARY
360
10000290
102
}
330
1F
100
AcDbEntity
  8
SHEETMETAL_CUT_LINES
100
AcDbLine
 10
52.15731520160041
 20
287.5129951306729
 30
0.0
 11
43.45731520160037
 21
272.4441531048237
 31
0.0
  0
SPLINE
  5
10000294
102
{ACAD_XDICTIONARY
360
10000295
102
}
330
1F
100
AcDbEntity
  8
SHEETMETAL_CUT_LINES
100
AcDbSpline
210
0.0
220
0.0
230
1.0
 70
     8
 71
     2
 72
     8
 73
     5
 74
     0
 42
0.0000000001
 43
0.00000001
 40
0.0
 40
0.0
 40
0.0
 40
0.5
 40
0.5
 40
1.0
 40
1.0
 40
1.0
 10
43.45731520160045
 20
272.4441531048237
 30
0.0
 10
43.08808670845196
 20
271.8925489839493
 30
0.0
 10
42.78662696006391
 20
271.3440596629451
 30
0.0
 10
42.50288485681943
 20
270.827806616291
 30
0.0
 10
42.21154647255273
 20
270.1887670585433
 30
0.0
  0
LINE
  5
10000299
102
{ACAD_XDICTIONARY
360
1000029A
102
}
330
1F
100
AcDbEntity
  8
SHEETMETAL_CUT_LINES
100
AcDbLine
 10
42.21154647255263
 20
270.1887670585433
 30
0.0
 11
30.62043655708393
 21
273.2945955997735
 31
0.0
  0
SPLINE
  5
1000029E
102
{ACAD_XDICTIONARY
360
1000029F
102
}
330
1F
100
AcDbEntity
  8
SHEETMETAL_CUT_LINES
100
AcDbSpline
210
0.0
220
0.0
230
1.0
 70
     8
 71
     2
 72
     8
 73
     5
 74
     0
 42
0.0000000001
 43
0.00000001
 40
0.0
 40
0.0
 40
0.0
 40
0.5
 40
0.5
 40
1.0
 40
1.0
 40
1.0
 10
30.6204365570839
 20
273.2945955997734
 30
0.0
 10
30.68764989408531
 20
273.9936892829397
 30
0.0
 10
30.70004854787941
 20
274.5826485877453
 30
0.0
 10
30.71322140805906
 20
275.2083841476335
 30
0.0
 10
30.66926221362865
 20
275.8707015757171
 30
0.0
  0
LINE
  5
100002A3
102
{ACAD_XDICTIONARY
360
100002A4
102
}
330
1F
100
AcDbEntity
  8
SHEETMETAL_CUT_LINES
100
AcDbLine
 10
30.66926221362859
 20
293.2707015757171
 30
0.0
 11
30.66926221362861
 21
275.8707015757171
 31
0.0
  0
LINE
  5
100002A8
102
{ACAD_XDICTIONARY
360
100002A9
102
}
330
1F
100
AcDbEntity
  8
SHEETMETAL_CUT_LINES
100
AcDbLine
 10
-30.66926221362895
 20
293.2707015757171
 30
0.0
 11
30.66926221362859
 21
293.2707015757171
 31
0.0
  0
LINE
  5
100002AD
102
{ACAD_XDICTIONARY
360
100002AE
102
}
330
1F
100
AcDbEntity
  8
SHEETMETAL_CUT_LINES
100
AcDbLine
 10
-30.66926221362895
 20
293.2707015757171
 30
0.0
 11
-30.66926221362897
 21
275.870701575717
 31
0.0
  0
SPLINE
  5
100002B2
102
{ACAD_XDICTIONARY
360
100002B3
102
}
330
1F
100
AcDbEntity
  8
SHEETMETAL_CUT_LINES
100
AcDbSpline
210
0.0
220
0.0
230
1.0
 70
     8
 71
     2
 72
     8
 73
     5
 74
     0
 42
0.0000000001
 43
0.00000001
 40
0.0
 40
0.0
 40
0.0
 40
0.5
 40
0.5
 40
1.0
 40
1.0
 40
1.0
 10
-30.66926221362892
 20
275.870701575717
 30
0.0
 10
-30.71322140805935
 20
275.2083841476334
 30
0.0
 10
-30.70004854787972
 20
274.5826485877452
 30
0.0
 10
-30.68764989408564
 20
273.9936892829395
 30
0.0
 10
-30.62043655708423
 20
273.2945955997733
 30
0.0
  0
LINE
  5
100002B7
102
{ACAD_XDICTIONARY
360
100002B8
102
}
330
1F
100
AcDbEntity
  8
SHEETMETAL_CUT_LINES
100
AcDbLine
 10
-30.62043655708428
 20
273.2945955997734
 30
0.0
 11
-42.21154647255302
 21
270.1887670585431
 31
0.0
  0
SPLINE
  5
100002BC
102
{ACAD_XDICTIONARY
360
100002BD
102
}
330
1F
100
AcDbEntity
  8
SHEETMETAL_CUT_LINES
100
AcDbSpline
210
0.0
220
0.0
230
1.0
 70
     8
 71
     2
 72
     8
 73
     5
 74
     0
 42
0.0000000001
 43
0.00000001
 40
0.0
 40
0.0
 40
0.0
 40
0.5
 40
0.5
 40
1.0
 40
1.0
 40
1.0
 10
-42.21154647255304
 20
270.1887670585431
 30
0.0
 10
-42.50288485681976
 20
270.8278066162909
 30
0.0
 10
-42.78662696006423
 20
271.3440596629449
 30
0.0
 10
-43.08808670845227
 20
271.8925489839491
 30
0.0
 10
-43.45731520160075
 20
272.4441531048236
 30
0.0
  0
LINE
  5
100002C1
102
{ACAD_XDICTIONARY
360
100002C2
102
}
330
1F
100
AcDbEntity
  8
SHEETMETAL_CUT_LINES
100
AcDbLine
 10
-52.15731520160075
 20
287.5129951306728
 30
0.0
 11
-43.45731520160074
 21
272.4441531048236
 31
0.0
  0
LINE
  5
100002C6
102
{ACAD_XDICTIONARY
360
100002C7
102
}
330
1F
100
AcDbEntity
  8
SHEETMETAL_CUT_LINES
100
AcDbLine
 10
-105.2780355862581
 20
256.8437329170441
 30
0.0
 11
-52.15731520160075
 21
287.5129951306728
 31
0.0
  0
LINE
  5
100002CB
102
{ACAD_XDICTIONARY
360
100002CC
102
}
330
1F
100
AcDbEntity
  8
SHEETMETAL_CUT_LINES
100
AcDbLine
 10
-105.2780355862581
 20
256.8437329170441
 30
0.0
 11
-96.57803558625811
 21
241.7748908911948
 31
0.0
  0
SPLINE
  5
100002D0
102
{ACAD_XDICTIONARY
360
100002D1
102
}
330
1F
100
AcDbEntity
  8
SHEETMETAL_CUT_LINES
100
AcDbSpline
210
0.0
220
0.0
230
1.0
 70
     8
 71
     2
 72
     8
 73
     5
 74
     0
 42
0.0000000001
 43
0.00000001
 40
0.0
 40
0.0
 40
0.0
 40
0.5
 40
0.5
 40
1.0
 40
1.0
 40
1.0
 10
-96.57803558625807
 20
241.7748908911948
 30
0.0
 10
-96.2849466513229
 20
241.17932757589
 30
0.0
 10
-95.96067083982277
 20
240.6440111150653
 30
0.0
 10
-95.65545363826152
 20
240.1401567222054
 30
0.0
 10
-95.24769833936215
 20
239.568330501459
 30
0.0
  0
LINE
  5
100002D5
102
{ACAD_XDICTIONARY
360
100002D6
102
}
330
1F
100
AcDbEntity
  8
SHEETMETAL_CUT_LINES
100
AcDbLine
 10
-95.24769833936216
 20
239.568330501459
 30
0.0
 11
-103.7329797136007
 21
231.0830491272204
 31
0.0
  0
SPLINE
  5
100002DA
102
{ACAD_XDICTIONARY
360
100002DB
102
}
330
1F
100
AcDbEntity
  8
SHEETMETAL_CUT_LINES
100
AcDbSpline
210
0.0
220
0.0
230
1.0
 70
     8
 71
     2
 72
     8
 73
     5
 74
     0
 42
0.0000000001
 43
0.00000001
 40
0.0
 40
0.0
 40
0.0
 40
0.5
 40
0.5
 40
1.0
 40
1.0
 40
1.0
 10
-103.7329797136007
 20
231.0830491272204
 30
0.0
 10
-104.3048059343471
 20
231.4908044261199
 30
0.0
 10
-104.808660327207
 20
231.7960216276811
 30
0.0
 10
-105.3439767880316
 20
232.1202974391813
 30
0.0
 10
-105.9395401033365
 20
232.4133863741165
 30
0.0
  0
LINE
  5
100002DF
102
{ACAD_XDICTIONARY
360
100002E0
102
}
330
1F
100
AcDbEntity
  8
SHEETMETAL_CUT_LINES
100
AcDbLine
 10
-121.0083821291857
 20
241.1133863741164
 30
0.0
 11
-105.9395401033364
 21
232.4133863741164
 31
0.0
  0
LINE
  5
100002E4
102
{ACAD_XDICTIONARY
360
100002E5
102
}
330
1F
100
AcDbEntity
  8
SHEETMETAL_CUT_LINES
100
AcDbLine
 10
-151.6776443428144
 20
187.992665989459
 30
0.0
 11
-121.0083821291857
 21
241.1133863741164
 31
0.0
  0
LINE
  5
100002E9
102
{ACAD_XDICTIONARY
360
100002EA
102
}
330
1F
100
AcDbEntity
  8
SHEETMETAL_CUT_LINES
100
AcDbLine
 10
-151.6776443428144
 20
187.992665989459
 30
0.0
 11
-136.6088023169652
 21
179.292665989459
 31
0.0
  0
SPLINE
  5
100002EE
102
{ACAD_XDICTIONARY
360
100002EF
102
}
330
1F
100
AcDbEntity
  8
SHEETMETAL_CUT_LINES
100
AcDbSpline
210
0.0
220
0.0
230
1.0
 70
     8
 71
     2
 72
     8
 73
     5
 74
     0
 42
0.0000000001
 43
0.00000001
 40
0.0
 40
0.0
 40
0.0
 40
0.5
 40
0.5
 40
1.0
 40
1.0
 40
1.0
 10
-136.6088023169652
 20
179.292665989459
 30
0.0
 10
-136.0571981960908
 20
178.9234374963106
 30
0.0
 10
-135.5087088750866
 20
178.6219777479225
 30
0.0
 10
-134.9924558284325
 20
178.338235644678
 30
0.0
 10
-134.3534162706848
 20
178.0468972604113
 30
0.0
  0
LINE
  5
100002F3
102
{ACAD_XDICTIONARY
360
100002F4
102
}
330
1F
100
AcDbEntity
  8
SHEETMETAL_CUT_LINES
100
AcDbLine
 10
-134.3534162706848
 20
178.0468972604113
 30
0.0
 11
-137.459244811915
 21
166.4557873449425
 31
0.0
  0
SPLINE
  5
100002F8
102
{ACAD_XDICTIONARY
360
100002F9
102
}
330
1F
100
AcDbEntity
  8
SHEETMETAL_CUT_LINES
100
AcDbSpline
210
0.0
220
0.0
230
1.0
 70
     8
 71
     2
 72
     8
 73
     5
 74
     0
 42
0.0000000001
 43
0.00000001
 40
0.0
 40
0.0
 40
0.0
 40
0.5
 40
0.5
 40
1.0
 40
1.0
 40
1.0
 10
-137.459244811915
 20
166.4557873449425
 30
0.0
 10
-138.1583384950812
 20
166.5230006819439
 30
0.0
 10
-138.7472977998868
 20
166.535399335738
 30
0.0
 10
-139.373033359775
 20
166.5485721959176
 30
0.0
 10
-140.0353507878586
 20
166.5046130014872
 30
0.0
  0
LINE
  5
100002FD
102
{ACAD_XDICTIONARY
360
100002FE
102
}
330
1F
100
AcDbEntity
  8
SHEETMETAL_CUT_LINES
100
AcDbLine
 10
-157.4353507878586
 20
166.5046130014872
 30
0.0
 11
-140.0353507878586
 21
166.5046130014872
 31
0.0
  0
LINE
  5
10000302
102
{ACAD_XDICTIONARY
360
10000303
102
}
330
1F
100
AcDbEntity
  8
SHEETMETAL_CUT_LINES
100
AcDbLine
 10
-157.4353507878586
 20
105.1660885742296
 30
0.0
 11
-157.4353507878586
 21
166.5046130014872
 31
0.0
  0
LINE
  5
10000307
102
{ACAD_XDICTIONARY
360
10000308
102
}
330
1F
100
AcDbEntity
  8
SHEETMETAL_CUT_LINES
100
AcDbLine
 10
-157.4353507878586
 20
105.1660885742296
 30
0.0
 11
-140.0353507878586
 21
105.1660885742296
 31
0.0
  0
SPLINE
  5
1000030C
102
{ACAD_XDICTIONARY
360
1000030D
102
}
330
1F
100
AcDbEntity
  8
SHEETMETAL_CUT_LINES
100
AcDbSpline
210
0.0
220
0.0
230
1.0
 70
     8
 71
     2
 72
     8
 73
     5
 74
     0
 42
0.0000000001
 43
0.00000001
 40
0.0
 40
0.0
 40
0.0
 40
0.5
 40
0.5
 40
1.0
 40
1.0
 40
1.0
 10
-140.0353507878585
 20
105.1660885742296
 30
0.0
 10
-139.3730333597749
 20
105.1221293797992
 30
0.0
 10
-138.7472977998867
 20
105.1353022399788
 30
0.0
 10
-138.158338495081
 20
105.1477008937729
 30
0.0
 10
-137.4592448119149
 20
105.2149142307743
 30
0.0
  0
LINE
  5
10000311
102
{ACAD_XDICTIONARY
360
10000312
102
}
330
1F
100
AcDbEntity
  8
SHEETMETAL_CUT_LINES
100
AcDbLine
 10
-137.4592448119149
 20
105.2149142307743
 30
0.0
 11
-134.3534162706846
 21
93.62380431530548
 31
0.0
  0
SPLINE
  5
10000316
102
{ACAD_XDICTIONARY
360
10000317
102
}
330
1F
100
AcDbEntity
  8
SHEETMETAL_CUT_LINES
100
AcDbSpline
210
0.0
220
0.0
230
1.0
 70
     8
 71
     2
 72
     8
 73
     5
 74
     0
 42
0.0000000001
 43
0.00000001
 40
0.0
 40
0.0
 40
0.0
 40
0.5
 40
0.5
 40
1.0
 40
1.0
 40
1.0
 10
-134.3534162706846
 20
93.62380431530549
 30
0.0
 10
-134.9924558284324
 20
93.3324659310388
 30
0.0
 10
-135.5087088750864
 20
93.04872382779432
 30
0.0
 10
-136.0571981960906
 20
92.74726407940628
 30
0.0
 10
-136.608802316965
 20
92.37803558625784
 30
0.0
  0
LINE
  5
1000031B
102
{ACAD_XDICTIONARY
360
1000031C
102
}
330
1F
100
AcDbEntity
  8
SHEETMETAL_CUT_LINES
100
AcDbLine
 10
-151.6776443428143
 20
83.67803558625782
 30
0.0
 11
-136.6088023169651
 21
92.37803558625784
 31
0.0
  0
LINE
  5
10000320
102
{ACAD_XDICTIONARY
360
10000321
102
}
330
1F
100
AcDbEntity
  8
SHEETMETAL_CUT_LINES
100
AcDbLine
 10
-121.0083821291855
 20
30.55731520160052
 30
0.0
 11
-151.6776443428143
 21
83.67803558625782
 31
0.0
  0
LINE
  5
10000325
102
{ACAD_XDICTIONARY
360
10000326
102
}
330
1F
100
AcDbEntity
  8
SHEETMETAL_CUT_LINES
100
AcDbLine
 10
-121.0083821291855
 20
30.55731520160052
 30
0.0
 11
-105.9395401033363
 21
39.25731520160051
 31
0.0
  0
SPLINE
  5
1000032A
102
{ACAD_XDICTIONARY
360
1000032B
102
}
330
1F
100
AcDbEntity
  8
SHEETMETAL_CUT_LINES
100
AcDbSpline
210
0.0
220
0.0
230
1.0
 70
     8
 71
     2
 72
     8
 73
     5
 74
     0
 42
0.0000000001
 43
0.00000001
 40
0.0
 40
0.0
 40
0.0
 40
0.5
 40
0.5
 40
1.0
 40
1.0
 40
1.0
 10
-105.9395401033363
 20
39.25731520160054
 30
0.0
 10
-105.3439767880315
 20
39.5504041365357
 30
0.0
 10
-104.8086603272068
 20
39.87467994803585
 30
0.0
 10
-104.3048059343469
 20
40.1798971495971
 30
0.0
 10
-103.7329797136005
 20
40.58765244849648
 30
0.0
  0
LINE
  5
1000032F
102
{ACAD_XDICTIONARY
360
10000330
102
}
330
1F
100
AcDbEntity
  8
SHEETMETAL_CUT_LINES
100
AcDbLine
 10
-103.7329797136005
 20
40.58765244849645
 30
0.0
 11
-95.247698339362
 21
32.10237107425794
 31
0.0
  0
SPLINE
  5
10000334
102
{ACAD_XDICTIONARY
360
10000335
102
}
330
1F
100
AcDbEntity
  8
SHEETMETAL_CUT_LINES
100
AcDbSpline
210
0.0
220
0.0
230
1.0
 70
     8
 71
     2
 72
     8
 73
     5
 74
     0
 42
0.0000000001
 43
0.00000001
 40
0.0
 40
0.0
 40
0.0
 40
0.5
 40
0.5
 40
1.0
 40
1.0
 40
1.0
 10
-95.24769833936196
 20
32.10237107425792
 30
0.0
 10
-95.6554536382614
 20
31.53054485351146
 30
0.0
 10
-95.96067083982265
 20
31.02669046065162
 30
0.0
 10
-96.28494665132277
 20
30.49137399982702
 30
0.0
 10
-96.57803558625798
 20
29.8958106845222
 30
0.0
  0
LINE
  5
10000339
102
{ACAD_XDICTIONARY
360
1000033A
102
}
330
1F
100
AcDbEntity
  8
SHEETMETAL_CUT_LINES
100
AcDbLine
 10
-105.2780355862579
 20
14.82696865867294
 30
0.0
 11
-96.57803558625794
 21
29.89581068452218
 31
0.0
  0
LINE
  5
1000033E
102
{ACAD_XDICTIONARY
360
1000033F
102
}
330
1F
100
AcDbEntity
  8
SHEETMETAL_CUT_LINES
100
AcDbLine
 10
-52.15731520160062
 20
-15.84229355495578
 30
0.0
 11
-105.2780355862579
 21
14.82696865867294
 31
0.0
  0
LINE
  5
10000343
102
{ACAD_XDICTIONARY
360
10000344
102
}
330
1F
100
AcDbEntity
  8
SHEETMETAL_CUT_LINES
100
AcDbLine
 10
-52.15731520160062
 20
-15.84229355495578
 30
0.0
 11
-43.45731520160058
 21
-0.7734515291065724
 31
0.0
  0
SPLINE
  5
10000348
102
{ACAD_XDICTIONARY
360
10000349
102
}
330
1F
100
AcDbEntity
  8
SHEETMETAL_CUT_LINES
100
AcDbSpline
210
0.0
220
0.0
230
1.0
 70
     8
 71
     2
 72
     8
 73
     5
 74
     0
 42
0.0000000001
 43
0.00000001
 40
0.0
 40
0.0
 40
0.0
 40
0.5
 40
0.5
 40
1.0
 40
1.0
 40
1.0
 10
-43.45731520160065
 20
-0.7734515291065586
 30
0.0
 10
-43.08808670845217
 20
-0.2218474082321953
 30
0.0
 10
-42.78662696006413
 20
0.3266419127720827
 30
0.0
 10
-42.50288485681966
 20
0.8428949594261048
 30
0.0
 10
-42.21154647255295
 20
1.48193451717385
 30
0.0
  0
LINE
  5
1000034D
102
{ACAD_XDICTIONARY
360
1000034E
102
}
330
1F
100
AcDbEntity
  8
SHEETMETAL_CUT_LINES
100
AcDbLine
 10
-42.2115464725529
 20
1.481934517173864
 30
0.0
 11
-30.62043655708415
 21
-1.623894024056396
 31
0.0
  0
SPLINE
  5
10000352
102
{ACAD_XDICTIONARY
360
10000353
102
}
330
1F
100
AcDbEntity
  8
SHEETMETAL_CUT_LINES
100
AcDbSpline
210
0.0
220
0.0
230
1.0
 70
     8
 71
     2
 72
     8
 73
     5
 74
     0
 42
0.0000000001
 43
0.00000001
 40
0.0
 40
0.0
 40
0.0
 40
0.5
 40
0.5
 40
1.0
 40
1.0
 40
1.0
 10
-30.62043655708411
 20
-1.623894024056396
 30
0.0
 10
-30.68764989408552
 20
-2.322987707222529
 30
0.0
 10
-30.7000485478796
 20
-2.911947012028224
 30
0.0
 10
-30.71322140805924
 20
-3.53768257191639
 30
0.0
 10
-30.66926221362882
 20
-4.200000000000009
 30
0.0
  0
LINE
  5
10000357
102
{ACAD_XDICTIONARY
360
10000358
102
}
330
1F
100
AcDbEntity
  8
SHEETMETAL_CUT_LINES
100
AcDbLine
 10
-30.66926221362882
 20
-21.6
 30
0.0
 11
-30.66926221362882
 21
-4.2
 31
0.0
  0
LINE
  5
1000035C
102
{ACAD_XDICTIONARY
360
1000035D
102
}
330
1F
100
AcDbEntity
  8
SHEETMETAL_CUT_LINES
100
AcDbLine
 10
30.66926221362872
 20
-21.6
 30
0.0
 11
-30.66926221362882
 21
-21.6
 31
0.0
  0
LINE
  5
10000361
102
{ACAD_XDICTIONARY
360
10000362
102
}
330
1F
100
AcDbEntity
  8
SHEETMETAL_CUT_LINES
100
AcDbLine
 10
30.66926221362872
 20
-21.6
 30
0.0
 11
30.66926221362877
 21
-4.199999999999996
 31
0.0
  0
SPLINE
  5
10000366
102
{ACAD_XDICTIONARY
360
10000367
102
}
330
1F
100
AcDbEntity
  8
SHEETMETAL_CUT_LINES
100
AcDbSpline
210
0.0
220
0.0
230
1.0
 70
     8
 71
     2
 72
     8
 73
     5
 74
     0
 42
0.0000000001
 43
0.00000001
 40
0.0
 40
0.0
 40
0.0
 40
0.5
 40
0.5
 40
1.0
 40
1.0
 40
1.0
 10
30.66926221362872
 20
-4.199999999999982
 30
0.0
 10
30.71322140805916
 20
-3.537682571916334
 30
0.0
 10
30.70004854787953
 20
-2.911947012028182
 30
0.0
 10
30.68764989408546
 20
-2.32298770722246
 30
0.0
 10
30.62043655708406
 20
-1.623894024056355
 30
0.0
  0
LINE
  5
1000036B
102
{ACAD_XDICTIONARY
360
1000036C
102
}
330
1F
100
AcDbEntity
  8
SHEETMETAL_CUT_LINES
100
AcDbLine
 10
30.6204365570841
 20
-1.623894024056369
 30
0.0
 11
42.21154647255288
 21
1.48193451717385
 31
0.0
  0
SPLINE
  5
10000370
102
{ACAD_XDICTIONARY
360
10000371
102
}
330
1F
100
AcDbEntity
  8
SHEETMETAL_CUT_LINES
100
AcDbSpline
210
0.0
220
0.0
230
1.0
 70
     8
 71
     2
 72
     8
 73
     5
 74
     0
 42
0.0000000001
 43
0.00000001
 40
0.0
 40
0.0
 40
0.0
 40
0.5
 40
0.5
 40
1.0
 40
1.0
 40
1.0
 10
42.21154647255289
 20
1.481934517173864
 30
0.0
 10
42.50288485681963
 20
0.8428949594260216
 30
0.0
 10
42.78662696006406
 20
0.3266419127720965
 30
0.0
 10
43.08808670845206
 20
-0.2218474082321259
 30
0.0
 10
43.45731520160055
 20
-0.7734515291065447
 30
0.0
  0
LINE
  5
10000375
102
{ACAD_XDICTIONARY
360
10000376
102
}
330
1F
100
AcDbEntity
  8
SHEETMETAL_CUT_LINES
100
AcDbLine
 10
52.15731520160055
 20
-15.84229355495578
 30
0.0
 11
43.45731520160054
 21
-0.7734515291065516
 31
0.0
  0
LINE
  5
1000037A
102
{ACAD_XDICTIONARY
360
1000037B
102
}
330
1F
100
AcDbEntity
  8
SHEETMETAL_CUT_LINES
100
AcDbLine
 10
105.2780355862579
 20
14.82696865867298
 30
0.0
 11
52.15731520160055
 21
-15.84229355495578
 31
0.0
  0
CIRCLE
  5
1000037F
102
{ACAD_XDICTIONARY
360
10000380
102
}
330
1F
100
AcDbEntity
  8
SHEETMETAL_CUT_LINES
100
AcDbCircle
 10
148.7353507878585
 20
148.3353507878585
 30
0.0
 40
2.108199999999999
  0
CIRCLE
  5
10000386
102
{ACAD_XDICTIONARY
360
10000387
102
}
330
1F
100
AcDbEntity
  8
SHEETMETAL_CUT_LINES
100
AcDbCircle
 10
148.7353507878585
 20
123.3353507878585
 30
0.0
 40
2.108199999999999
  0
CIRCLE
  5
1000038D
102
{ACAD_XDICTIONARY
360
1000038E
102
}
330
1F
100
AcDbEntity
  8
SHEETMETAL_CUT_LINES
100
AcDbCircle
 10
122.5585922230753
 20
221.0283437290933
 30
0.0
 40
2.108199999999999
  0
CIRCLE
  5
10000394
102
{ACAD_XDICTIONARY
360
10000395
102
}
330
1F
100
AcDbEntity
  8
SHEETMETAL_CUT_LINES
100
AcDbCircle
 10
135.0585922230753
 20
199.3777086344823
 30
0.0
 40
2.108199999999999
  0
CIRCLE
  5
1000039B
102
{ACAD_XDICTIONARY
360
1000039C
102
}
330
1F
100
AcDbEntity
  8
SHEETMETAL_CUT_LINES
100
AcDbCircle
 10
63.54235784662375
 20
270.8939430109338
 30
0.0
 40
2.108199999999999
  0
CIRCLE
  5
100003A2
102
{ACAD_XDICTIONARY
360
100003A3
102
}
330
1F
100
AcDbEntity
  8
SHEETMETAL_CUT_LINES
100
AcDbCircle
 10
85.19299294123472
 20
258.3939430109339
 30
0.0
 40
2.108199999999999
  0
CIRCLE
  5
100003A9
102
{ACAD_XDICTIONARY
360
100003AA
102
}
330
1F
100
AcDbEntity
  8
SHEETMETAL_CUT_LINES
100
AcDbCircle
 10
-63.54235784662387
 20
0.7767585647832433
 30
0.0
 40
2.108199999999999
  0
CIRCLE
  5
100003B0
102
{ACAD_XDICTIONARY
360
100003B1
102
}
330
1F
100
AcDbEntity
  8
SHEETMETAL_CUT_LINES
100
AcDbCircle
 10
-85.19299294123483
 20
13.27675856478324
 30
0.0
 40
2.108199999999999
  0
CIRCLE
  5
100003B7
102
{ACAD_XDICTIONARY
360
100003B8
102
}
330
1F
100
AcDbEntity
  8
SHEETMETAL_CUT_LINES
100
AcDbCircle
 10
-0.0000000000000486
 20
135.8353507878585
 30
0.0
 40
125.0
  0
CIRCLE
  5
100003BE
102
{ACAD_XDICTIONARY
360
100003BF
102
}
330
1F
100
AcDbEntity
  8
SHEETMETAL_CUT_LINES
100
AcDbCircle
 10
-122.5585922230754
 20
50.64235784662384
 30
0.0
 40
2.108199999999999
  0
CIRCLE
  5
100003C5
102
{ACAD_XDICTIONARY
360
100003C6
102
}
330
1F
100
AcDbEntity
  8
SHEETMETAL_CUT_LINES
100
AcDbCircle
 10
-135.0585922230754
 20
72.2929929412348
 30
0.0
 40
2.108199999999999
  0
CIRCLE
  5
100003CC
102
{ACAD_XDICTIONARY
360
100003CD
102
}
330
1F
100
AcDbEntity
  8
SHEETMETAL_CUT_LINES
100
AcDbCircle
 10
-148.7353507878586
 20
123.3353507878585
 30
0.0
 40
2.108199999999999
  0
CIRCLE
  5
100003D3
102
{ACAD_XDICTIONARY
360
100003D4
102
}
330
1F
100
AcDbEntity
  8
SHEETMETAL_CUT_LINES
100
AcDbCircle
 10
-148.7353507878586
 20
148.3353507878585
 30
0.0
 40
2.108199999999999
  0
CIRCLE
  5
100003DA
102
{ACAD_XDICTIONARY
360
100003DB
102
}
330
1F
100
AcDbEntity
  8
SHEETMETAL_CUT_LINES
100
AcDbCircle
 10
-135.0585922230754
 20
199.3777086344823
 30
0.0
 40
2.108199999999999
  0
CIRCLE
  5
100003E1
102
{ACAD_XDICTIONARY
360
100003E2
102
}
330
1F
100
AcDbEntity
  8
SHEETMETAL_CUT_LINES
100
AcDbCircle
 10
-122.5585922230754
 20
221.0283437290933
 30
0.0
 40
2.108199999999999
  0
CIRCLE
  5
100003E8
102
{ACAD_XDICTIONARY
360
100003E9
102
}
330
1F
100
AcDbEntity
  8
SHEETMETAL_CUT_LINES
100
AcDbCircle
 10
-85.19299294123478
 20
258.3939430109339
 30
0.0
 40
2.108199999999999
  0
CIRCLE
  5
100003EF
102
{ACAD_XDICTIONARY
360
100003F0
102
}
330
1F
100
AcDbEntity
  8
SHEETMETAL_CUT_LINES
100
AcDbCircle
 10
-63.54235784662382
 20
270.8939430109339
 30
0.0
 40
2.108199999999999
  0
CIRCLE
  5
100003F6
102
{ACAD_XDICTIONARY
360
100003F7
102
}
330
1F
100
AcDbEntity
  8
SHEETMETAL_CUT_LINES
100
AcDbCircle
 10
-12.50000000000006
 20
284.5707015757171
 30
0.0
 40
2.108199999999999
  0
CIRCLE
  5
100003FD
102
{ACAD_XDICTIONARY
360
100003FE
102
}
330
1F
100
AcDbEntity
  8
SHEETMETAL_CUT_LINES
100
AcDbCircle
 10
12.49999999999994
 20
284.5707015757171
 30
0.0
 40
2.108199999999999
  0
CIRCLE
  5
10000404
102
{ACAD_XDICTIONARY
360
10000405
102
}
330
1F
100
AcDbEntity
  8
SHEETMETAL_CUT_LINES
100
AcDbCircle
 10
135.0585922230753
 20
72.29299294123479
 30
0.0
 40
2.108199999999999
  0
CIRCLE
  5
1000040B
102
{ACAD_XDICTIONARY
360
1000040C
102
}
330
1F
100
AcDbEntity
  8
SHEETMETAL_CUT_LINES
100
AcDbCircle
 10
122.5585922230753
 20
50.6423578466238
 30
0.0
 40
2.108199999999999
  0
CIRCLE
  5
10000412
102
{ACAD_XDICTIONARY
360
10000413
102
}
330
1F
100
AcDbEntity
  8
SHEETMETAL_CUT_LINES
100
AcDbCircle
 10
12.49999999999997
 20
-12.9
 30
0.0
 40
2.108199999999999
  0
CIRCLE
  5
10000419
102
{ACAD_XDICTIONARY
360
1000041A
102
}
330
1F
100
AcDbEntity
  8
SHEETMETAL_CUT_LINES
100
AcDbCircle
 10
-12.50000000000003
 20
-12.9
 30
0.0
 40
2.108199999999999
  0
ENDSEC
  0
SECTION
  2
OBJECTS
  0
DICTIONARY
  5
C
330
0
100
AcDbDictionary
  3
ACAD_GROUP
350
D
  3
ACAD_LAYOUT
350
1A
  3
ACAD_MATERIAL
350
43
  3
ACAD_MLEADERSTYLE
350
5B
  3
ACAD_MLINESTYLE
350
17
  3
ACAD_PLOTSETTINGS
350
19
  3
ACAD_SCALELIST
350
47
  3
ACAD_VISUALSTYLE
350
2A
  3
ACDBHEADERROUNDTRIPXREC
350
10000422
  3
ACDBVARIABLEDICTIONARY
350
10000443
  3
DWGPROPS
350
1000044E
  3
ONSHAPE_DATA
350
10000001
  0
DICTIONARY
  5
1000044F
330
8
100
AcDbDictionary
280
     1
  3
ACAD_XREC_ROUNDTRIP
360
10000450
  0
DICTIONARY
  5
10000420
330
1F
100
AcDbDictionary
280
     1
  3
ACAD_SORTENTS
360
10000421
  0
DICTIONARY
  5
1000005A
330
10000059
100
AcDbDictionary
280
     1
  3
BTBENDANGLE
360
1000005E
  3
BTBENDISUP
360
1000005F
  3
BTBENDRADIUS
360
1000005D
  3
BTDETID
360
1000005B
  3
BTISBEND
360
1000005C
  3
BTPARTID
360
10000060
  0
DICTIONARY
  5
10000062
330
10000061
100
AcDbDictionary
280
     1
  3
BTBENDANGLE
360
10000066
  3
BTBENDISUP
360
10000067
  3
BTBENDRADIUS
360
10000065
  3
BTDETID
360
10000063
  3
BTISBEND
360
10000064
  3
BTPARTID
360
10000068
  0
DICTIONARY
  5
1000006A
330
10000069
100
AcDbDictionary
280
     1
  3
BTBENDANGLE
360
1000006E
  3
BTBENDISUP
360
1000006F
  3
BTBENDRADIUS
360
1000006D
  3
BTDETID
360
1000006B
  3
BTISBEND
360
1000006C
  3
BTPARTID
360
10000070
  0
DICTIONARY
  5
10000072
330
10000071
100
AcDbDictionary
280
     1
  3
BTBENDANGLE
360
10000076
  3
BTBENDISUP
360
10000077
  3
BTBENDRADIUS
360
10000075
  3
BTDETID
360
10000073
  3
BTISBEND
360
10000074
  3
BTPARTID
360
10000078
  0
DICTIONARY
  5
1000007A
330
10000079
100
AcDbDictionary
280
     1
  3
BTBENDANGLE
360
1000007E
  3
BTBENDISUP
360
1000007F
  3
BTBENDRADIUS
360
1000007D
  3
BTDETID
360
1000007B
  3
BTISBEND
360
1000007C
  3
BTPARTID
360
10000080
  0
DICTIONARY
  5
10000082
330
10000081
100
AcDbDictionary
280
     1
  3
BTBENDANGLE
360
10000086
  3
BTBENDISUP
360
10000087
  3
BTBENDRADIUS
360
10000085
  3
BTDETID
360
10000083
  3
BTISBEND
360
10000084
  3
BTPARTID
360
10000088
  0
DICTIONARY
  5
1000008A
330
10000089
100
AcDbDictionary
280
     1
  3
BTBENDANGLE
360
1000008E
  3
BTBENDISUP
360
1000008F
  3
BTBENDRADIUS
360
1000008D
  3
BTDETID
360
1000008B
  3
BTISBEND
360
1000008C
  3
BTPARTID
360
10000090
  0
DICTIONARY
  5
10000092
330
10000091
100
AcDbDictionary
280
     1
  3
BTBENDANGLE
360
10000096
  3
BTBENDISUP
360
10000097
  3
BTBENDRADIUS
360
10000095
  3
BTDETID
360
10000093
  3
BTISBEND
360
10000094
  3
BTPARTID
360
10000098
  0
DICTIONARY
  5
1000009A
330
10000099
100
AcDbDictionary
280
     1
  3
BTBENDANGLE
360
1000009E
  3
BTBENDISUP
360
1000009F
  3
BTBENDRADIUS
360
1000009D
  3
BTDETID
360
1000009B
  3
BTISBEND
360
1000009C
  3
BTPARTID
360
100000A0
  0
DICTIONARY
  5
100000A2
330
100000A1
100
AcDbDictionary
280
     1
  3
BTBENDANGLE
360
100000A6
  3
BTBENDISUP
360
100000A7
  3
BTBENDRADIUS
360
100000A5
  3
BTDETID
360
100000A3
  3
BTISBEND
360
100000A4
  3
BTPARTID
360
100000A8
  0
DICTIONARY
  5
100000AA
330
100000A9
100
AcDbDictionary
280
     1
  3
BTBENDANGLE
360
100000AE
  3
BTBENDISUP
360
100000AF
  3
BTBENDRADIUS
360
100000AD
  3
BTDETID
360
100000AB
  3
BTISBEND
360
100000AC
  3
BTPARTID
360
100000B0
  0
DICTIONARY
  5
100000B2
330
100000B1
100
AcDbDictionary
280
     1
  3
BTBENDANGLE
360
100000B6
  3
BTBENDISUP
360
100000B7
  3
BTBENDRADIUS
360
100000B5
  3
BTDETID
360
100000B3
  3
BTISBEND
360
100000B4
  3
BTPARTID
360
100000B8
  0
DICTIONARY
  5
100000BA
330
100000B9
100
AcDbDictionary
280
     1
  3
BTARCONSURFACERADIUS
360
100000BD
  3
BTDETID
360
100000BB
  3
BTOWNERFACEID_
360
100000BC
  3
BTPARTID
360
100000BE
  3
BTUNFLATTENEDPARTID
360
100000BF
  0
DICTIONARY
  5
100000C1
330
100000C0
100
AcDbDictionary
280
     1
  3
BTARCONSURFACERADIUS
360
100000C4
  3
BTDETID
360
100000C2
  3
BTOWNERFACEID_
360
100000C3
  3
BTPARTID
360
100000C5
  3
BTUNFLATTENEDPARTID
360
100000C6
  0
DICTIONARY
  5
100000C8
330
100000C7
100
AcDbDictionary
280
     1
  3
BTARCONSURFACERADIUS
360
100000CB
  3
BTDETID
360
100000C9
  3
BTOWNERFACEID_
360
100000CA
  3
BTPARTID
360
100000CC
  3
BTUNFLATTENEDPARTID
360
100000CD
  0
DICTIONARY
  5
100000CF
330
100000CE
100
AcDbDictionary
280
     1
  3
BTARCONSURFACERADIUS
360
100000D2
  3
BTDETID
360
100000D0
  3
BTOWNERFACEID_
360
100000D1
  3
BTPARTID
360
100000D3
  3
BTUNFLATTENEDPARTID
360
100000D4
  0
DICTIONARY
  5
100000D6
330
100000D5
100
AcDbDictionary
280
     1
  3
BTARCONSURFACERADIUS
360
100000D9
  3
BTDETID
360
100000D7
  3
BTOWNERFACEID_
360
100000D8
  3
BTPARTID
360
100000DA
  3
BTUNFLATTENEDPARTID
360
100000DB
  0
DICTIONARY
  5
100000DD
330
100000DC
100
AcDbDictionary
280
     1
  3
BTARCONSURFACERADIUS
360
100000E0
  3
BTDETID
360
100000DE
  3
BTOWNERFACEID_
360
100000DF
  3
BTPARTID
360
100000E1
  3
BTUNFLATTENEDPARTID
360
100000E2
  0
DICTIONARY
  5
100000E4
330
100000E3
100
AcDbDictionary
280
     1
  3
BTARCONSURFACERADIUS
360
100000E7
  3
BTDETID
360
100000E5
  3
BTOWNERFACEID_
360
100000E6
  3
BTPARTID
360
100000E8
  3
BTUNFLATTENEDPARTID
360
100000E9
  0
DICTIONARY
  5
100000EB
330
100000EA
100
AcDbDictionary
280
     1
  3
BTARCONSURFACERADIUS
360
100000EE
  3
BTDETID
360
100000EC
  3
BTOWNERFACEID_
360
100000ED
  3
BTPARTID
360
100000EF
  3
BTUNFLATTENEDPARTID
360
100000F0
  0
DICTIONARY
  5
100000F2
330
100000F1
100
AcDbDictionary
280
     1
  3
BTARCONSURFACERADIUS
360
100000F5
  3
BTDETID
360
100000F3
  3
BTOWNERFACEID_
360
100000F4
  3
BTPARTID
360
100000F6
  3
BTUNFLATTENEDPARTID
360
100000F7
  0
DICTIONARY
  5
100000F9
330
100000F8
100
AcDbDictionary
280
     1
  3
BTARCONSURFACERADIUS
360
100000FC
  3
BTDETID
360
100000FA
  3
BTOWNERFACEID_
360
100000FB
  3
BTPARTID
360
100000FD
  3
BTUNFLATTENEDPARTID
360
100000FE
  0
DICTIONARY
  5
10000100
330
100000FF
100
AcDbDictionary
280
     1
  3
BTARCONSURFACERADIUS
360
10000103
  3
BTDETID
360
10000101
  3
BTOWNERFACEID_
360
10000102
  3
BTPARTID
360
10000104
  3
BTUNFLATTENEDPARTID
360
10000105
  0
DICTIONARY
  5
10000107
330
10000106
100
AcDbDictionary
280
     1
  3
BTARCONSURFACERADIUS
360
1000010A
  3
BTDETID
360
10000108
  3
BTOWNERFACEID_
360
10000109
  3
BTPARTID
360
1000010B
  3
BTUNFLATTENEDPARTID
360
1000010C
  0
DICTIONARY
  5
1000010E
330
1000010D
100
AcDbDictionary
280
     1
  3
BTARCONSURFACERADIUS
360
10000111
  3
BTDETID
360
1000010F
  3
BTOWNERFACEID_
360
10000110
  3
BTPARTID
360
10000112
  3
BTUNFLATTENEDPARTID
360
10000113
  0
DICTIONARY
  5
10000115
330
10000114
100
AcDbDictionary
280
     1
  3
BTARCONSURFACERADIUS
360
10000118
  3
BTDETID
360
10000116
  3
BTOWNERFACEID_
360
10000117
  3
BTPARTID
360
10000119
  3
BTUNFLATTENEDPARTID
360
1000011A
  0
DICTIONARY
  5
1000011C
330
1000011B
100
AcDbDictionary
280
     1
  3
BTARCONSURFACERADIUS
360
1000011F
  3
BTDETID
360
1000011D
  3
BTOWNERFACEID_
360
1000011E
  3
BTPARTID
360
10000120
  3
BTUNFLATTENEDPARTID
360
10000121
  0
DICTIONARY
  5
10000123
330
10000122
100
AcDbDictionary
280
     1
  3
BTARCONSURFACERADIUS
360
10000126
  3
BTDETID
360
10000124
  3
BTOWNERFACEID_
360
10000125
  3
BTPARTID
360
10000127
  3
BTUNFLATTENEDPARTID
360
10000128
  0
DICTIONARY
  5
1000012A
330
10000129
100
AcDbDictionary
280
     1
  3
BTARCONSURFACERADIUS
360
1000012D
  3
BTDETID
360
1000012B
  3
BTOWNERFACEID_
360
1000012C
  3
BTPARTID
360
1000012E
  3
BTUNFLATTENEDPARTID
360
1000012F
  0
DICTIONARY
  5
10000131
330
10000130
100
AcDbDictionary
280
     1
  3
BTARCONSURFACERADIUS
360
10000134
  3
BTDETID
360
10000132
  3
BTOWNERFACEID_
360
10000133
  3
BTPARTID
360
10000135
  3
BTUNFLATTENEDPARTID
360
10000136
  0
DICTIONARY
  5
10000138
330
10000137
100
AcDbDictionary
280
     1
  3
BTARCONSURFACERADIUS
360
1000013B
  3
BTDETID
360
10000139
  3
BTOWNERFACEID_
360
1000013A
  3
BTPARTID
360
1000013C
  3
BTUNFLATTENEDPARTID
360
1000013D
  0
DICTIONARY
  5
1000013F
330
1000013E
100
AcDbDictionary
280
     1
  3
BTARCONSURFACERADIUS
360
10000142
  3
BTDETID
360
10000140
  3
BTOWNERFACEID_
360
10000141
  3
BTPARTID
360
10000143
  3
BTUNFLATTENEDPARTID
360
10000144
  0
DICTIONARY
  5
10000146
330
10000145
100
AcDbDictionary
280
     1
  3
BTARCONSURFACERADIUS
360
10000149
  3
BTDETID
360
10000147
  3
BTOWNERFACEID_
360
10000148
  3
BTPARTID
360
1000014A
  3
BTUNFLATTENEDPARTID
360
1000014B
  0
DICTIONARY
  5
1000014D
330
1000014C
100
AcDbDictionary
280
     1
  3
BTARCONSURFACERADIUS
360
10000150
  3
BTDETID
360
1000014E
  3
BTOWNERFACEID_
360
1000014F
  3
BTPARTID
360
10000151
  3
BTUNFLATTENEDPARTID
360
10000152
  0
DICTIONARY
  5
10000154
330
10000153
100
AcDbDictionary
280
     1
  3
BTARCONSURFACERADIUS
360
10000157
  3
BTDETID
360
10000155
  3
BTOWNERFACEID_
360
10000156
  3
BTPARTID
360
10000158
  3
BTUNFLATTENEDPARTID
360
10000159
  0
DICTIONARY
  5
1000015B
330
1000015A
100
AcDbDictionary
280
     1
  3
BTARCONSURFACERADIUS
360
1000015E
  3
BTDETID
360
1000015C
  3
BTOWNERFACEID_
360
1000015D
  3
BTPARTID
360
1000015F
  3
BTUNFLATTENEDPARTID
360
10000160
  0
DICTIONARY
  5
10000162
330
10000161
100
AcDbDictionary
280
     1
  3
BTARCONSURFACERADIUS
360
10000165
  3
BTDETID
360
10000163
  3
BTOWNERFACEID_
360
10000164
  3
BTPARTID
360
10000166
  3
BTUNFLATTENEDPARTID
360
10000167
  0
DICTIONARY
  5
10000169
330
10000168
100
AcDbDictionary
280
     1
  3
BTARCONSURFACERADIUS
360
1000016C
  3
BTDETID
360
1000016A
  3
BTOWNERFACEID_
360
1000016B
  3
BTPARTID
360
1000016D
  3
BTUNFLATTENEDPARTID
360
1000016E
  0
DICTIONARY
  5
10000170
330
1000016F
100
AcDbDictionary
280
     1
  3
BTARCONSURFACERADIUS
360
10000173
  3
BTDETID
360
10000171
  3
BTOWNERFACEID_
360
10000172
  3
BTPARTID
360
10000174
  3
BTUNFLATTENEDPARTID
360
10000175
  0
DICTIONARY
  5
10000177
330
10000176
100
AcDbDictionary
280
     1
  3
BTARCONSURFACERADIUS
360
1000017A
  3
BTDETID
360
10000178
  3
BTOWNERFACEID_
360
10000179
  3
BTPARTID
360
1000017B
  3
BTUNFLATTENEDPARTID
360
1000017C
  0
DICTIONARY
  5
1000017E
330
1000017D
100
AcDbDictionary
280
     1
  3
BTARCONSURFACERADIUS
360
10000181
  3
BTDETID
360
1000017F
  3
BTOWNERFACEID_
360
10000180
  3
BTPARTID
360
10000182
  3
BTUNFLATTENEDPARTID
360
10000183
  0
DICTIONARY
  5
10000185
330
10000184
100
AcDbDictionary
280
     1
  3
BTARCONSURFACERADIUS
360
10000188
  3
BTDETID
360
10000186
  3
BTOWNERFACEID_
360
10000187
  3
BTPARTID
360
10000189
  3
BTUNFLATTENEDPARTID
360
1000018A
  0
DICTIONARY
  5
1000018C
330
1000018B
100
AcDbDictionary
280
     1
  3
BTARCONSURFACERADIUS
360
1000018F
  3
BTDETID
360
1000018D
  3
BTOWNERFACEID_
360
1000018E
  3
BTPARTID
360
10000190
  3
BTUNFLATTENEDPARTID
360
10000191
  0
DICTIONARY
  5
10000193
330
10000192
100
AcDbDictionary
280
     1
  3
BTARCONSURFACERADIUS
360
10000196
  3
BTDETID
360
10000194
  3
BTOWNERFACEID_
360
10000195
  3
BTPARTID
360
10000197
  3
BTUNFLATTENEDPARTID
360
10000198
  0
DICTIONARY
  5
1000019A
330
10000199
100
AcDbDictionary
280
     1
  3
BTARCONSURFACERADIUS
360
1000019D
  3
BTDETID
360
1000019B
  3
BTOWNERFACEID_
360
1000019C
  3
BTPARTID
360
1000019E
  3
BTUNFLATTENEDPARTID
360
1000019F
  0
DICTIONARY
  5
100001A1
330
100001A0
100
AcDbDictionary
280
     1
  3
BTARCONSURFACERADIUS
360
100001A4
  3
BTDETID
360
100001A2
  3
BTOWNERFACEID_
360
100001A3
  3
BTPARTID
360
100001A5
  3
BTUNFLATTENEDPARTID
360
100001A6
  0
DICTIONARY
  5
100001A8
330
100001A7
100
AcDbDictionary
280
     1
  3
BTARCONSURFACERADIUS
360
100001AB
  3
BTDETID
360
100001A9
  3
BTOWNERFACEID_
360
100001AA
  3
BTPARTID
360
100001AC
  3
BTUNFLATTENEDPARTID
360
100001AD
  0
DICTIONARY
  5
100001AF
330
100001AE
100
AcDbDictionary
280
     1
  3
BTARCONSURFACERADIUS
360
100001B2
  3
BTDETID
360
100001B0
  3
BTOWNERFACEID_
360
100001B1
  3
BTPARTID
360
100001B3
  3
BTUNFLATTENEDPARTID
360
100001B4
  0
DICTIONARY
  5
100001B6
330
100001B5
100
AcDbDictionary
280
     1
  3
BTARCONSURFACERADIUS
360
100001B9
  3
BTDETID
360
100001B7
  3
BTOWNERFACEID_
360
100001B8
  3
BTPARTID
360
100001BA
  3
BTUNFLATTENEDPARTID
360
100001BB
  0
DICTIONARY
  5
100001BD
330
100001BC
100
AcDbDictionary
280
     1
  3
BTARCONSURFACERADIUS
360
100001C0
  3
BTDETID
360
100001BE
  3
BTOWNERFACEID_
360
100001BF
  3
BTPARTID
360
100001C1
  3
BTUNFLATTENEDPARTID
360
100001C2
  0
DICTIONARY
  5
100001C4
330
100001C3
100
AcDbDictionary
280
     1
  3
BTARCONSURFACERADIUS
360
100001C7
  3
BTDETID
360
100001C5
  3
BTOWNERFACEID_
360
100001C6
  3
BTPARTID
360
100001C8
  3
BTUNFLATTENEDPARTID
360
100001C9
  0
DICTIONARY
  5
100001CB
330
100001CA
100
AcDbDictionary
280
     1
  3
BTARCONSURFACERADIUS
360
100001CE
  3
BTDETID
360
100001CC
  3
BTOWNERFACEID_
360
100001CD
  3
BTPARTID
360
100001CF
  3
BTUNFLATTENEDPARTID
360
100001D0
  0
DICTIONARY
  5
100001D2
330
100001D1
100
AcDbDictionary
280
     1
  3
BTARCONSURFACERADIUS
360
100001D5
  3
BTDETID
360
100001D3
  3
BTOWNERFACEID_
360
100001D4
  3
BTPARTID
360
100001D6
  3
BTUNFLATTENEDPARTID
360
100001D7
  0
DICTIONARY
  5
100001D9
330
100001D8
100
AcDbDictionary
280
     1
  3
BTARCONSURFACERADIUS
360
100001DC
  3
BTDETID
360
100001DA
  3
BTOWNERFACEID_
360
100001DB
  3
BTPARTID
360
100001DD
  3
BTUNFLATTENEDPARTID
360
100001DE
  0
DICTIONARY
  5
100001E0
330
100001DF
100
AcDbDictionary
280
     1
  3
BTARCONSURFACERADIUS
360
100001E3
  3
BTDETID
360
100001E1
  3
BTOWNERFACEID_
360
100001E2
  3
BTPARTID
360
100001E4
  3
BTUNFLATTENEDPARTID
360
100001E5
  0
DICTIONARY
  5
100001E7
330
100001E6
100
AcDbDictionary
280
     1
  3
BTDETID
360
100001E8
  3
BTPARTID
360
100001E9
  3
BTUNFLATTENEDPARTID
360
100001EA
  0
DICTIONARY
  5
100001EC
330
100001EB
100
AcDbDictionary
280
     1
  3
BTDETID
360
100001ED
  3
BTPARTID
360
100001EE
  3
BTUNFLATTENEDPARTID
360
100001EF
  0
DICTIONARY
  5
100001F1
330
100001F0
100
AcDbDictionary
280
     1
  3
BTDETID
360
100001F2
  3
BTPARTID
360
100001F3
  3
BTUNFLATTENEDPARTID
360
100001F4
  0
DICTIONARY
  5
100001F6
330
100001F5
100
AcDbDictionary
280
     1
  3
BTDETID
360
100001F7
  3
BTPARTID
360
100001F8
  3
BTUNFLATTENEDPARTID
360
100001F9
  0
DICTIONARY
  5
100001FB
330
100001FA
100
AcDbDictionary
280
     1
  3
BTDETID
360
100001FC
  3
BTPARTID
360
100001FD
  3
BTUNFLATTENEDPARTID
360
100001FE
  0
DICTIONARY
  5
10000200
330
100001FF
100
AcDbDictionary
280
     1
  3
BTDETID
360
10000201
  3
BTPARTID
360
10000202
  3
BTUNFLATTENEDPARTID
360
10000203
  0
DICTIONARY
  5
10000205
330
10000204
100
AcDbDictionary
280
     1
  3
BTDETID
360
10000206
  3
BTPARTID
360
10000207
  3
BTUNFLATTENEDPARTID
360
10000208
  0
DICTIONARY
  5
1000020A
330
10000209
100
AcDbDictionary
280
     1
  3
BTDETID
360
1000020B
  3
BTPARTID
360
1000020C
  3
BTUNFLATTENEDPARTID
360
1000020D
  0
DICTIONARY
  5
1000020F
330
1000020E
100
AcDbDictionary
280
     1
  3
BTDETID
360
10000210
  3
BTPARTID
360
10000211
  3
BTUNFLATTENEDPARTID
360
10000212
  0
DICTIONARY
  5
10000214
330
10000213
100
AcDbDictionary
280
     1
  3
BTDETID
360
10000215
  3
BTPARTID
360
10000216
  3
BTUNFLATTENEDPARTID
360
10000217
  0
DICTIONARY
  5
10000219
330
10000218
100
AcDbDictionary
280
     1
  3
BTDETID
360
1000021A
  3
BTPARTID
360
1000021B
  3
BTUNFLATTENEDPARTID
360
1000021C
  0
DICTIONARY
  5
1000021E
330
1000021D
100
AcDbDictionary
280
     1
  3
BTARCONSURFACERADIUS
360
10000221
  3
BTDETID
360
1000021F
  3
BTOWNERFACEID_
360
10000220
  3
BTPARTID
360
10000222
  3
BTUNFLATTENEDPARTID
360
10000223
  0
DICTIONARY
  5
10000225
330
10000224
100
AcDbDictionary
280
     1
  3
BTARCONSURFACERADIUS
360
10000228
  3
BTDETID
360
10000226
  3
BTOWNERFACEID_
360
10000227
  3
BTPARTID
360
10000229
  3
BTUNFLATTENEDPARTID
360
1000022A
  0
DICTIONARY
  5
1000022C
330
1000022B
100
AcDbDictionary
280
     1
  3
BTARCONSURFACERADIUS
360
1000022F
  3
BTDETID
360
1000022D
  3
BTOWNERFACEID_
360
1000022E
  3
BTPARTID
360
10000230
  3
BTUNFLATTENEDPARTID
360
10000231
  0
DICTIONARY
  5
10000233
330
10000232
100
AcDbDictionary
280
     1
  3
BTARCONSURFACERADIUS
360
10000236
  3
BTDETID
360
10000234
  3
BTOWNERFACEID_
360
10000235
  3
BTPARTID
360
10000237
  3
BTUNFLATTENEDPARTID
360
10000238
  0
DICTIONARY
  5
1000023A
330
10000239
100
AcDbDictionary
280
     1
  3
BTARCONSURFACERADIUS
360
1000023D
  3
BTDETID
360
1000023B
  3
BTOWNERFACEID_
360
1000023C
  3
BTPARTID
360
1000023E
  3
BTUNFLATTENEDPARTID
360
1000023F
  0
DICTIONARY
  5
10000241
330
10000240
100
AcDbDictionary
280
     1
  3
BTARCONSURFACERADIUS
360
10000244
  3
BTDETID
360
10000242
  3
BTOWNERFACEID_
360
10000243
  3
BTPARTID
360
10000245
  3
BTUNFLATTENEDPARTID
360
10000246
  0
DICTIONARY
  5
10000248
330
10000247
100
AcDbDictionary
280
     1
  3
BTDETID
360
10000249
  3
BTPARTID
360
1000024A
  3
BTUNFLATTENEDPARTID
360
1000024B
  0
DICTIONARY
  5
1000024D
330
1000024C
100
AcDbDictionary
280
     1
  3
BTARCONSURFACERADIUS
360
10000250
  3
BTDETID
360
1000024E
  3
BTOWNERFACEID_
360
1000024F
  3
BTPARTID
360
10000251
  3
BTUNFLATTENEDPARTID
360
10000252
  0
DICTIONARY
  5
10000254
330
10000253
100
AcDbDictionary
280
     1
  3
BTDETID
360
10000255
  3
BTPARTID
360
10000256
  3
BTUNFLATTENEDPARTID
360
10000257
  0
DICTIONARY
  5
10000259
330
10000258
100
AcDbDictionary
280
     1
  3
BTDETID
360
1000025A
  3
BTPARTID
360
1000025B
  3
BTUNFLATTENEDPARTID
360
1000025C
  0
DICTIONARY
  5
1000025E
330
1000025D
100
AcDbDictionary
280
     1
  3
BTDETID
360
1000025F
  3
BTPARTID
360
10000260
  3
BTUNFLATTENEDPARTID
360
10000261
  0
DICTIONARY
  5
10000263
330
10000262
100
AcDbDictionary
280
     1
  3
BTDETID
360
10000264
  3
BTPARTID
360
10000265
  3
BTUNFLATTENEDPARTID
360
10000266
  0
DICTIONARY
  5
10000268
330
10000267
100
AcDbDictionary
280
     1
  3
BTDETID
360
10000269
  3
BTPARTID
360
1000026A
  3
BTUNFLATTENEDPARTID
360
1000026B
  0
DICTIONARY
  5
1000026D
330
1000026C
100
AcDbDictionary
280
     1
  3
BTDETID
360
1000026E
  3
BTPARTID
360
1000026F
  3
BTUNFLATTENEDPARTID
360
10000270
  0
DICTIONARY
  5
10000272
330
10000271
100
AcDbDictionary
280
     1
  3
BTDETID
360
10000273
  3
BTPARTID
360
10000274
  3
BTUNFLATTENEDPARTID
360
10000275
  0
DICTIONARY
  5
10000277
330
10000276
100
AcDbDictionary
280
     1
  3
BTDETID
360
10000278
  3
BTPARTID
360
10000279
  3
BTUNFLATTENEDPARTID
360
1000027A
  0
DICTIONARY
  5
1000027C
330
1000027B
100
AcDbDictionary
280
     1
  3
BTDETID
360
1000027D
  3
BTPARTID
360
1000027E
  3
BTUNFLATTENEDPARTID
360
1000027F
  0
DICTIONARY
  5
10000281
330
10000280
100
AcDbDictionary
280
     1
  3
BTDETID
360
10000282
  3
BTPARTID
360
10000283
  3
BTUNFLATTENEDPARTID
360
10000284
  0
DICTIONARY
  5
10000286
330
10000285
100
AcDbDictionary
280
     1
  3
BTDETID
360
10000287
  3
BTPARTID
360
10000288
  3
BTUNFLATTENEDPARTID
360
10000289
  0
DICTIONARY
  5
1000028B
330
1000028A
100
AcDbDictionary
280
     1
  3
BTDETID
360
1000028C
  3
BTPARTID
360
1000028D
  3
BTUNFLATTENEDPARTID
360
1000028E
  0
DICTIONARY
  5
10000290
330
1000028F
100
AcDbDictionary
280
     1
  3
BTDETID
360
10000291
  3
BTPARTID
360
10000292
  3
BTUNFLATTENEDPARTID
360
10000293
  0
DICTIONARY
  5
10000295
330
10000294
100
AcDbDictionary
280
     1
  3
BTDETID
360
10000296
  3
BTPARTID
360
10000297
  3
BTUNFLATTENEDPARTID
360
10000298
  0
DICTIONARY
  5
1000029A
330
10000299
100
AcDbDictionary
280
     1
  3
BTDETID
360
1000029B
  3
BTPARTID
360
1000029C
  3
BTUNFLATTENEDPARTID
360
1000029D
  0
DICTIONARY
  5
1000029F
330
1000029E
100
AcDbDictionary
280
     1
  3
BTDETID
360
100002A0
  3
BTPARTID
360
100002A1
  3
BTUNFLATTENEDPARTID
360
100002A2
  0
DICTIONARY
  5
100002A4
330
100002A3
100
AcDbDictionary
280
     1
  3
BTDETID
360
100002A5
  3
BTPARTID
360
100002A6
  3
BTUNFLATTENEDPARTID
360
100002A7
  0
DICTIONARY
  5
100002A9
330
100002A8
100
AcDbDictionary
280
     1
  3
BTDETID
360
100002AA
  3
BTPARTID
360
100002AB
  3
BTUNFLATTENEDPARTID
360
100002AC
  0
DICTIONARY
  5
100002AE
330
100002AD
100
AcDbDictionary
280
     1
  3
BTDETID
360
100002AF
  3
BTPARTID
360
100002B0
  3
BTUNFLATTENEDPARTID
360
100002B1
  0
DICTIONARY
  5
100002B3
330
100002B2
100
AcDbDictionary
280
     1
  3
BTDETID
360
100002B4
  3
BTPARTID
360
100002B5
  3
BTUNFLATTENEDPARTID
360
100002B6
  0
DICTIONARY
  5
100002B8
330
100002B7
100
AcDbDictionary
280
     1
  3
BTDETID
360
100002B9
  3
BTPARTID
360
100002BA
  3
BTUNFLATTENEDPARTID
360
100002BB
  0
DICTIONARY
  5
100002BD
330
100002BC
100
AcDbDictionary
280
     1
  3
BTDETID
360
100002BE
  3
BTPARTID
360
100002BF
  3
BTUNFLATTENEDPARTID
360
100002C0
  0
DICTIONARY
  5
100002C2
330
100002C1
100
AcDbDictionary
280
     1
  3
BTDETID
360
100002C3
  3
BTPARTID
360
100002C4
  3
BTUNFLATTENEDPARTID
360
100002C5
  0
DICTIONARY
  5
100002C7
330
100002C6
100
AcDbDictionary
280
     1
  3
BTDETID
360
100002C8
  3
BTPARTID
360
100002C9
  3
BTUNFLATTENEDPARTID
360
100002CA
  0
DICTIONARY
  5
100002CC
330
100002CB
100
AcDbDictionary
280
     1
  3
BTDETID
360
100002CD
  3
BTPARTID
360
100002CE
  3
BTUNFLATTENEDPARTID
360
100002CF
  0
DICTIONARY
  5
100002D1
330
100002D0
100
AcDbDictionary
280
     1
  3
BTDETID
360
100002D2
  3
BTPARTID
360
100002D3
  3
BTUNFLATTENEDPARTID
360
100002D4
  0
DICTIONARY
  5
100002D6
330
100002D5
100
AcDbDictionary
280
     1
  3
BTDETID
360
100002D7
  3
BTPARTID
360
100002D8
  3
BTUNFLATTENEDPARTID
360
100002D9
  0
DICTIONARY
  5
100002DB
330
100002DA
100
AcDbDictionary
280
     1
  3
BTDETID
360
100002DC
  3
BTPARTID
360
100002DD
  3
BTUNFLATTENEDPARTID
360
100002DE
  0
DICTIONARY
  5
100002E0
330
100002DF
100
AcDbDictionary
280
     1
  3
BTDETID
360
100002E1
  3
BTPARTID
360
100002E2
  3
BTUNFLATTENEDPARTID
360
100002E3
  0
DICTIONARY
  5
100002E5
330
100002E4
100
AcDbDictionary
280
     1
  3
BTDETID
360
100002E6
  3
BTPARTID
360
100002E7
  3
BTUNFLATTENEDPARTID
360
100002E8
  0
DICTIONARY
  5
100002EA
330
100002E9
100
AcDbDictionary
280
     1
  3
BTDETID
360
100002EB
  3
BTPARTID
360
100002EC
  3
BTUNFLATTENEDPARTID
360
100002ED
  0
DICTIONARY
  5
100002EF
330
100002EE
100
AcDbDictionary
280
     1
  3
BTDETID
360
100002F0
  3
BTPARTID
360
100002F1
  3
BTUNFLATTENEDPARTID
360
100002F2
  0
DICTIONARY
  5
100002F4
330
100002F3
100
AcDbDictionary
280
     1
  3
BTDETID
360
100002F5
  3
BTPARTID
360
100002F6
  3
BTUNFLATTENEDPARTID
360
100002F7
  0
DICTIONARY
  5
100002F9
330
100002F8
100
AcDbDictionary
280
     1
  3
BTDETID
360
100002FA
  3
BTPARTID
360
100002FB
  3
BTUNFLATTENEDPARTID
360
100002FC
  0
DICTIONARY
  5
100002FE
330
100002FD
100
AcDbDictionary
280
     1
  3
BTDETID
360
100002FF
  3
BTPARTID
360
10000300
  3
BTUNFLATTENEDPARTID
360
10000301
  0
DICTIONARY
  5
10000303
330
10000302
100
AcDbDictionary
280
     1
  3
BTDETID
360
10000304
  3
BTPARTID
360
10000305
  3
BTUNFLATTENEDPARTID
360
10000306
  0
DICTIONARY
  5
10000308
330
10000307
100
AcDbDictionary
280
     1
  3
BTDETID
360
10000309
  3
BTPARTID
360
1000030A
  3
BTUNFLATTENEDPARTID
360
1000030B
  0
DICTIONARY
  5
1000030D
330
1000030C
100
AcDbDictionary
280
     1
  3
BTDETID
360
1000030E
  3
BTPARTID
360
1000030F
  3
BTUNFLATTENEDPARTID
360
10000310
  0
DICTIONARY
  5
10000312
330
10000311
100
AcDbDictionary
280
     1
  3
BTDETID
360
10000313
  3
BTPARTID
360
10000314
  3
BTUNFLATTENEDPARTID
360
10000315
  0
DICTIONARY
  5
10000317
330
10000316
100
AcDbDictionary
280
     1
  3
BTDETID
360
10000318
  3
BTPARTID
360
10000319
  3
BTUNFLATTENEDPARTID
360
1000031A
  0
DICTIONARY
  5
1000031C
330
1000031B
100
AcDbDictionary
280
     1
  3
BTDETID
360
1000031D
  3
BTPARTID
360
1000031E
  3
BTUNFLATTENEDPARTID
360
1000031F
  0
DICTIONARY
  5
10000321
330
10000320
100
AcDbDictionary
280
     1
  3
BTDETID
360
10000322
  3
BTPARTID
360
10000323
  3
BTUNFLATTENEDPARTID
360
10000324
  0
DICTIONARY
  5
10000326
330
10000325
100
AcDbDictionary
280
     1
  3
BTDETID
360
10000327
  3
BTPARTID
360
10000328
  3
BTUNFLATTENEDPARTID
360
10000329
  0
DICTIONARY
  5
1000032B
330
1000032A
100
AcDbDictionary
280
     1
  3
BTDETID
360
1000032C
  3
BTPARTID
360
1000032D
  3
BTUNFLATTENEDPARTID
360
1000032E
  0
DICTIONARY
  5
10000330
330
1000032F
100
AcDbDictionary
280
     1
  3
BTDETID
360
10000331
  3
BTPARTID
360
10000332
  3
BTUNFLATTENEDPARTID
360
10000333
  0
DICTIONARY
  5
10000335
330
10000334
100
AcDbDictionary
280
     1
  3
BTDETID
360
10000336
  3
BTPARTID
360
10000337
  3
BTUNFLATTENEDPARTID
360
10000338
  0
DICTIONARY
  5
1000033A
330
10000339
100
AcDbDictionary
280
     1
  3
BTDETID
360
1000033B
  3
BTPARTID
360
1000033C
  3
BTUNFLATTENEDPARTID
360
1000033D
  0
DICTIONARY
  5
1000033F
330
1000033E
100
AcDbDictionary
280
     1
  3
BTDETID
360
10000340
  3
BTPARTID
360
10000341
  3
BTUNFLATTENEDPARTID
360
10000342
  0
DICTIONARY
  5
10000344
330
10000343
100
AcDbDictionary
280
     1
  3
BTDETID
360
10000345
  3
BTPARTID
360
10000346
  3
BTUNFLATTENEDPARTID
360
10000347
  0
DICTIONARY
  5
10000349
330
10000348
100
AcDbDictionary
280
     1
  3
BTDETID
360
1000034A
  3
BTPARTID
360
1000034B
  3
BTUNFLATTENEDPARTID
360
1000034C
  0
DICTIONARY
  5
1000034E
330
1000034D
100
AcDbDictionary
280
     1
  3
BTDETID
360
1000034F
  3
BTPARTID
360
10000350
  3
BTUNFLATTENEDPARTID
360
10000351
  0
DICTIONARY
  5
10000353
330
10000352
100
AcDbDictionary
280
     1
  3
BTDETID
360
10000354
  3
BTPARTID
360
10000355
  3
BTUNFLATTENEDPARTID
360
10000356
  0
DICTIONARY
  5
10000358
330
10000357
100
AcDbDictionary
280
     1
  3
BTDETID
360
10000359
  3
BTPARTID
360
1000035A
  3
BTUNFLATTENEDPARTID
360
1000035B
  0
DICTIONARY
  5
1000035D
330
1000035C
100
AcDbDictionary
280
     1
  3
BTDETID
360
1000035E
  3
BTPARTID
360
1000035F
  3
BTUNFLATTENEDPARTID
360
10000360
  0
DICTIONARY
  5
10000362
330
10000361
100
AcDbDictionary
280
     1
  3
BTDETID
360
10000363
  3
BTPARTID
360
10000364
  3
BTUNFLATTENEDPARTID
360
10000365
  0
DICTIONARY
  5
10000367
330
10000366
100
AcDbDictionary
280
     1
  3
BTDETID
360
10000368
  3
BTPARTID
360
10000369
  3
BTUNFLATTENEDPARTID
360
1000036A
  0
DICTIONARY
  5
1000036C
330
1000036B
100
AcDbDictionary
280
     1
  3
BTDETID
360
1000036D
  3
BTPARTID
360
1000036E
  3
BTUNFLATTENEDPARTID
360
1000036F
  0
DICTIONARY
  5
10000371
330
10000370
100
AcDbDictionary
280
     1
  3
BTDETID
360
10000372
  3
BTPARTID
360
10000373
  3
BTUNFLATTENEDPARTID
360
10000374
  0
DICTIONARY
  5
10000376
330
10000375
100
AcDbDictionary
280
     1
  3
BTDETID
360
10000377
  3
BTPARTID
360
10000378
  3
BTUNFLATTENEDPARTID
360
10000379
  0
DICTIONARY
  5
1000037B
330
1000037A
100
AcDbDictionary
280
     1
  3
BTDETID
360
1000037C
  3
BTPARTID
360
1000037D
  3
BTUNFLATTENEDPARTID
360
1000037E
  0
DICTIONARY
  5
10000380
330
1000037F
100
AcDbDictionary
280
     1
  3
BTARCONSURFACERADIUS
360
10000383
  3
BTDETID
360
10000381
  3
BTOWNERFACEID_
360
10000382
  3
BTPARTID
360
10000384
  3
BTUNFLATTENEDPARTID
360
10000385
  0
DICTIONARY
  5
10000387
330
10000386
100
AcDbDictionary
280
     1
  3
BTARCONSURFACERADIUS
360
1000038A
  3
BTDETID
360
10000388
  3
BTOWNERFACEID_
360
10000389
  3
BTPARTID
360
1000038B
  3
BTUNFLATTENEDPARTID
360
1000038C
  0
DICTIONARY
  5
1000038E
330
1000038D
100
AcDbDictionary
280
     1
  3
BTARCONSURFACERADIUS
360
10000391
  3
BTDETID
360
1000038F
  3
BTOWNERFACEID_
360
10000390
  3
BTPARTID
360
10000392
  3
BTUNFLATTENEDPARTID
360
10000393
  0
DICTIONARY
  5
10000395
330
10000394
100
AcDbDictionary
280
     1
  3
BTARCONSURFACERADIUS
360
10000398
  3
BTDETID
360
10000396
  3
BTOWNERFACEID_
360
10000397
  3
BTPARTID
360
10000399
  3
BTUNFLATTENEDPARTID
360
1000039A
  0
DICTIONARY
  5
1000039C
330
1000039B
100
AcDbDictionary
280
     1
  3
BTARCONSURFACERADIUS
360
1000039F
  3
BTDETID
360
1000039D
  3
BTOWNERFACEID_
360
1000039E
  3
BTPARTID
360
100003A0
  3
BTUNFLATTENEDPARTID
360
100003A1
  0
DICTIONARY
  5
100003A3
330
100003A2
100
AcDbDictionary
280
     1
  3
BTARCONSURFACERADIUS
360
100003A6
  3
BTDETID
360
100003A4
  3
BTOWNERFACEID_
360
100003A5
  3
BTPARTID
360
100003A7
  3
BTUNFLATTENEDPARTID
360
100003A8
  0
DICTIONARY
  5
100003AA
330
100003A9
100
AcDbDictionary
280
     1
  3
BTARCONSURFACERADIUS
360
100003AD
  3
BTDETID
360
100003AB
  3
BTOWNERFACEID_
360
100003AC
  3
BTPARTID
360
100003AE
  3
BTUNFLATTENEDPARTID
360
100003AF
  0
DICTIONARY
  5
100003B1
330
100003B0
100
AcDbDictionary
280
     1
  3
BTARCONSURFACERADIUS
360
100003B4
  3
BTDETID
360
100003B2
  3
BTOWNERFACEID_
360
100003B3
  3
BTPARTID
360
100003B5
  3
BTUNFLATTENEDPARTID
360
100003B6
  0
DICTIONARY
  5
100003B8
330
100003B7
100
AcDbDictionary
280
     1
  3
BTARCONSURFACERADIUS
360
100003BB
  3
BTDETID
360
100003B9
  3
BTOWNERFACEID_
360
100003BA
  3
BTPARTID
360
100003BC
  3
BTUNFLATTENEDPARTID
360
100003BD
  0
DICTIONARY
  5
100003BF
330
100003BE
100
AcDbDictionary
280
     1
  3
BTARCONSURFACERADIUS
360
100003C2
  3
BTDETID
360
100003C0
  3
BTOWNERFACEID_
360
100003C1
  3
BTPARTID
360
100003C3
  3
BTUNFLATTENEDPARTID
360
100003C4
  0
DICTIONARY
  5
100003C6
330
100003C5
100
AcDbDictionary
280
     1
  3
BTARCONSURFACERADIUS
360
100003C9
  3
BTDETID
360
100003C7
  3
BTOWNERFACEID_
360
100003C8
  3
BTPARTID
360
100003CA
  3
BTUNFLATTENEDPARTID
360
100003CB
  0
DICTIONARY
  5
100003CD
330
100003CC
100
AcDbDictionary
280
     1
  3
BTARCONSURFACERADIUS
360
100003D0
  3
BTDETID
360
100003CE
  3
BTOWNERFACEID_
360
100003CF
  3
BTPARTID
360
100003D1
  3
BTUNFLATTENEDPARTID
360
100003D2
  0
DICTIONARY
  5
100003D4
330
100003D3
100
AcDbDictionary
280
     1
  3
BTARCONSURFACERADIUS
360
100003D7
  3
BTDETID
360
100003D5
  3
BTOWNERFACEID_
360
100003D6
  3
BTPARTID
360
100003D8
  3
BTUNFLATTENEDPARTID
360
100003D9
  0
DICTIONARY
  5
100003DB
330
100003DA
100
AcDbDictionary
280
     1
  3
BTARCONSURFACERADIUS
360
100003DE
  3
BTDETID
360
100003DC
  3
BTOWNERFACEID_
360
100003DD
  3
BTPARTID
360
100003DF
  3
BTUNFLATTENEDPARTID
360
100003E0
  0
DICTIONARY
  5
100003E2
330
100003E1
100
AcDbDictionary
280
     1
  3
BTARCONSURFACERADIUS
360
100003E5
  3
BTDETID
360
100003E3
  3
BTOWNERFACEID_
360
100003E4
  3
BTPARTID
360
100003E6
  3
BTUNFLATTENEDPARTID
360
100003E7
  0
DICTIONARY
  5
100003E9
330
100003E8
100
AcDbDictionary
280
     1
  3
BTARCONSURFACERADIUS
360
100003EC
  3
BTDETID
360
100003EA
  3
BTOWNERFACEID_
360
100003EB
  3
BTPARTID
360
100003ED
  3
BTUNFLATTENEDPARTID
360
100003EE
  0
DICTIONARY
  5
100003F0
330
100003EF
100
AcDbDictionary
280
     1
  3
BTARCONSURFACERADIUS
360
100003F3
  3
BTDETID
360
100003F1
  3
BTOWNERFACEID_
360
100003F2
  3
BTPARTID
360
100003F4
  3
BTUNFLATTENEDPARTID
360
100003F5
  0
DICTIONARY
  5
100003F7
330
100003F6
100
AcDbDictionary
280
     1
  3
BTARCONSURFACERADIUS
360
100003FA
  3
BTDETID
360
100003F8
  3
BTOWNERFACEID_
360
100003F9
  3
BTPARTID
360
100003FB
  3
BTUNFLATTENEDPARTID
360
100003FC
  0
DICTIONARY
  5
100003FE
330
100003FD
100
AcDbDictionary
280
     1
  3
BTARCONSURFACERADIUS
360
10000401
  3
BTDETID
360
100003FF
  3
BTOWNERFACEID_
360
10000400
  3
BTPARTID
360
10000402
  3
BTUNFLATTENEDPARTID
360
10000403
  0
DICTIONARY
  5
10000405
330
10000404
100
AcDbDictionary
280
     1
  3
BTARCONSURFACERADIUS
360
10000408
  3
BTDETID
360
10000406
  3
BTOWNERFACEID_
360
10000407
  3
BTPARTID
360
10000409
  3
BTUNFLATTENEDPARTID
360
1000040A
  0
DICTIONARY
  5
1000040C
330
1000040B
100
AcDbDictionary
280
     1
  3
BTARCONSURFACERADIUS
360
1000040F
  3
BTDETID
360
1000040D
  3
BTOWNERFACEID_
360
1000040E
  3
BTPARTID
360
10000410
  3
BTUNFLATTENEDPARTID
360
10000411
  0
DICTIONARY
  5
10000413
330
10000412
100
AcDbDictionary
280
     1
  3
BTARCONSURFACERADIUS
360
10000416
  3
BTDETID
360
10000414
  3
BTOWNERFACEID_
360
10000415
  3
BTPARTID
360
10000417
  3
BTUNFLATTENEDPARTID
360
10000418
  0
DICTIONARY
  5
1000041A
330
10000419
100
AcDbDictionary
280
     1
  3
BTARCONSURFACERADIUS
360
1000041D
  3
BTDETID
360
1000041B
  3
BTOWNERFACEID_
360
1000041C
  3
BTPARTID
360
1000041E
  3
BTUNFLATTENEDPARTID
360
1000041F
  0
DICTIONARY
  5
D
102
{ACAD_REACTORS
330
C
102
}
330
C
100
AcDbDictionary
  0
DICTIONARY
  5
1A
102
{ACAD_REACTORS
330
C
102
}
330
C
100
AcDbDictionary
  0
DICTIONARY
  5
43
102
{ACAD_REACTORS
330
C
102
}
330
C
100
AcDbDictionary
  3
BYBLOCK
350
45
  3
BYLAYER
350
44
  3
GLOBAL
350
46
  0
DICTIONARY
  5
5B
102
{ACAD_REACTORS
330
C
102
}
330
C
100
AcDbDictionary
  3
STANDARD
350
5C
  0
DICTIONARY
  5
17
102
{ACAD_REACTORS
330
C
102
}
330
C
100
AcDbDictionary
  3
STANDARD
350
18
  0
DICTIONARY
  5
19
102
{ACAD_REACTORS
330
C
102
}
330
C
100
AcDbDictionary
  0
DICTIONARY
  5
47
102
{ACAD_REACTORS
330
C
102
}
330
C
100
AcDbDictionary
  3
SCALE100_1
350
10000023
  3
SCALE10_1
350
1000001D
  3
SCALE12_1
350
1000001E
  3
SCALE16_1
350
1000001F
  3
SCALE1_1
350
10000006
  3
SCALE1_10
350
1000000D
  3
SCALE1_100
350
10000016
  3
SCALE1_12
350
1000000E
  3
SCALE1_16
350
1000000F
  3
SCALE1_2
350
10000007
  3
SCALE1_20
350
10000010
  3
SCALE1_25
350
10000011
  3
SCALE1_3
350
10000008
  3
SCALE1_32
350
10000012
  3
SCALE1_4
350
10000009
  3
SCALE1_40
350
10000013
  3
SCALE1_5
350
1000000A
  3
SCALE1_50
350
10000014
  3
SCALE1_6
350
1000000B
  3
SCALE1_8
350
1000000C
  3
SCALE1_80
350
10000015
  3
SCALE20_1
350
10000020
  3
SCALE2_1
350
10000017
  3
SCALE32_1
350
10000021
  3
SCALE3_1
350
10000018
  3
SCALE4_1
350
10000019
  3
SCALE50_1
350
10000022
  3
SCALE5_1
350
1000001A
  3
SCALE6_1
350
1000001B
  3
SCALE8_1
350
1000001C
  0
DICTIONARY
  5
2A
102
{ACAD_REACTORS
330
C
102
}
330
C
100
AcDbDictionary
  3
2DWIREFRAME
350
2F
  3
BASIC
350
32
  3
BRIGHTEN
350
36
  3
COLORCHANGE
350
3A
  3
CONCEPTUAL
350
34
  3
DIM
350
35
  3
EDGECOLOROFF
350
3D
  3
FACEPATTERN
350
39
  3
FLAT
350
2B
  3
FLATWITHEDGES
350
2C
  3
GOURAUD
350
2D
  3
GOURAUDWITHEDGES
350
2E
  3
HIDDEN
350
31
  3
JITTEROFF
350
3B
  3
LINEPATTERN
350
38
  3
OVERHANGOFF
350
3C
  3
REALISTIC
350
33
  3
SHADED
350
42
  3
SHADED_WITH_EDGES
350
41
  3
SHADES_OF_GRAY
350
3E
  3
SKETCHY
350
3F
  3
THICKEN
350
37
  3
WIREFRAME
350
30
  3
X-RAY
350
40
  0
DICTIONARY
  5
10000422
102
{ACAD_REACTORS
330
C
102
}
330
C
100
AcDbDictionary
  3
CEPSNID
350
1000042C
  3
CEPSNTYPE
350
1000042B
  3
DIMSTYLEDATA
350
10000442
  3
FINGERPRINTGUID
350
1000042D
  3
HYPERLINKBASE
350
10000425
  3
INSUNITS
350
1000042A
  3
LAYOUTDICT
350
10000427
  3
LWETCUNION
350
10000429
  3
PLOTSETDICT
350
10000428
  3
PSVPSCALE
350
1000042F
  3
PUCSBASE
350
10000432
  3
PUCSORGBACK
350
10000438
  3
PUCSORGBOTTOM
350
10000434
  3
PUCSORGFRONT
350
10000437
  3
PUCSORGLEFT
350
10000435
  3
PUCSORGRIGHT
350
10000436
  3
PUCSORGTOP
350
10000433
  3
PUCSORTHOREF
350
10000430
  3
PUCSORTHOVIEW
350
10000431
  3
STYLESHEET
350
10000426
  3
TSTACKALIGN
350
10000423
  3
TSTACKSIZE
350
10000424
  3
UCSBASE
350
1000043B
  3
UCSORGBACK
350
10000441
  3
UCSORGBOTTOM
350
1000043D
  3
UCSORGFRONT
350
10000440
  3
UCSORGLEFT
350
1000043E
  3
UCSORGRIGHT
350
1000043F
  3
UCSORGTOP
350
1000043C
  3
UCSORTHOREF
350
10000439
  3
UCSORTHOVIEW
350
1000043A
  3
VERSIONGUID
350
1000042E
  0
DICTIONARY
  5
10000443
102
{ACAD_REACTORS
330
C
102
}
330
C
100
AcDbDictionary
  3
CANNOSCALE
350
10000451
  3
CENTEREXE
350
1000044A
  3
CENTERLTYPEFILE
350
1000044B
  3
CMLEADERSTYLE
350
10000445
  3
CTABLESTYLE
350
10000444
  3
DIMASSOC
350
1000044C
  3
HIDETEXT
350
1000044D
  3
MSLTSCALE
350
10000452
  3
PSOLHEIGHT
350
10000447
  3
PSOLWIDTH
350
10000446
  0
XRECORD
  5
1000044E
102
{ACAD_REACTORS
330
C
102
}
330
C
100
AcDbXrecord
  1
DWGPROPS COOKIE
  2

  3

  4

  6
File was created by BTDwgCreate
  7

  8
onshape
  9

300
=
301
=
302
=
303
=
304
=
305
=
306
=
307
=
308
=
309
=
 40
0.0
 41
2461273.751899456
 42
2461273.751899549
  1

 90
        0
  0
DICTIONARY
  5
10000001
102
{ACAD_REACTORS
330
C
102
}
330
C
100
AcDbDictionary
280
     1
  3
DIM_UNITS
360
10000003
  3
DWGGEN_VERSION
360
10000002
  3
FIRST_ANGLE
360
10000005
  0
XRECORD
  5
10000450
102
{ACAD_REACTORS
330
1000044F
102
}
330
1000044F
100
AcDbXrecord
102
VTR_0.000_0.000_1.000_1.000_VISUALSTYLE
340
2F
102
VTR_0.000_0.000_1.000_1.000_GRIDDISPLAY
 70
     3
102
VTR_0.000_0.000_1.000_1.000_GRIDMAJOR
 70
     5
102
VTR_0.000_0.000_1.000_1.000_DEFAULTLIGHTING
280
     1
102
VTR_0.000_0.000_1.000_1.000_DEFAULTLIGHTINGTYPE
 70
     1
102
VTR_0.000_0.000_1.000_1.000_BRIGHTNESS
141
0.0
102
VTR_0.000_0.000_1.000_1.000_CONTRAST
142
0.0
  0
SORTENTSTABLE
  5
10000421
102
{ACAD_REACTORS
330
10000420
102
}
330
10000420
100
AcDbSortentsTable
330
1F
331
100000B9
  5
100001B5
331
100000C0
  5
100001BC
331
100000C7
  5
100001C3
331
100000CE
  5
100001CA
331
100000D5
  5
100001D1
331
100000DC
  5
100001D8
331
100000E3
  5
100001DF
331
100000EA
  5
100001E6
331
100000F1
  5
100001EB
331
100000F8
  5
100001F0
331
100000FF
  5
100001F5
331
10000106
  5
100001FA
331
1000010D
  5
100001FF
331
10000114
  5
10000204
331
1000011B
  5
10000209
331
10000122
  5
1000020E
331
10000129
  5
100000B9
331
10000130
  5
10000213
331
10000137
  5
100000C0
331
1000013E
  5
10000218
331
10000145
  5
100000C7
331
1000014C
  5
1000021D
331
10000153
  5
100000CE
331
1000015A
  5
10000224
331
10000161
  5
100000D5
331
10000168
  5
1000022B
331
1000016F
  5
100000DC
331
10000176
  5
10000232
331
1000017D
  5
100000E3
331
10000184
  5
10000239
331
1000018B
  5
100000EA
331
10000192
  5
10000240
331
10000199
  5
100000F1
331
100001A0
  5
10000247
331
100001A7
  5
100000F8
331
100001AE
  5
1000024C
331
100001B5
  5
100000FF
331
100001BC
  5
10000253
331
100001C3
  5
10000106
331
100001CA
  5
10000258
331
100001D1
  5
1000025D
331
100001D8
  5
1000010D
331
100001DF
  5
10000114
331
100001E6
  5
10000262
331
100001EB
  5
10000267
331
100001F0
  5
1000026C
331
100001F5
  5
10000271
331
100001FA
  5
10000276
331
100001FF
  5
1000027B
331
10000204
  5
10000280
331
10000209
  5
10000285
331
1000020E
  5
1000028A
331
10000213
  5
1000028F
331
10000218
  5
10000294
331
1000021D
  5
10000299
331
10000224
  5
1000029E
331
1000022B
  5
100002A3
331
10000232
  5
100002A8
331
10000239
  5
100002AD
331
10000240
  5
100002B2
331
10000247
  5
100002B7
331
1000024C
  5
100002BC
331
10000253
  5
100002C1
331
10000258
  5
100002C6
331
1000025D
  5
100002CB
331
10000262
  5
100002D0
331
10000267
  5
100002D5
331
1000026C
  5
100002DA
331
10000271
  5
100002DF
331
10000276
  5
100002E4
331
1000027B
  5
100002E9
331
10000280
  5
100002EE
331
10000285
  5
100002F3
331
1000028A
  5
100002F8
331
1000028F
  5
100002FD
331
10000294
  5
10000302
331
10000299
  5
10000307
331
1000029E
  5
1000030C
331
100002A3
  5
10000311
331
100002A8
  5
10000316
331
100002AD
  5
1000031B
331
100002B2
  5
10000320
331
100002B7
  5
10000325
331
100002BC
  5
1000032A
331
100002C1
  5
1000032F
331
100002C6
  5
10000334
331
100002CB
  5
10000339
331
100002D0
  5
1000033E
331
100002D5
  5
10000343
331
100002DA
  5
10000348
331
100002DF
  5
1000034D
331
100002E4
  5
10000352
331
100002E9
  5
10000357
331
100002EE
  5
1000035C
331
100002F3
  5
10000361
331
100002F8
  5
10000366
331
100002FD
  5
1000036B
331
10000302
  5
10000370
331
10000307
  5
10000375
331
1000030C
  5
1000037A
331
10000311
  5
1000037F
331
10000316
  5
10000386
331
1000031B
  5
1000038D
331
10000320
  5
10000394
331
10000325
  5
1000039B
331
1000032A
  5
100003A2
331
1000032F
  5
100003A9
331
10000334
  5
100003B0
331
10000339
  5
100003B7
331
1000033E
  5
100003BE
331
10000343
  5
100003C5
331
10000348
  5
100003CC
331
1000034D
  5
100003D3
331
10000352
  5
100003DA
331
10000357
  5
100003E1
331
1000035C
  5
100003E8
331
10000361
  5
100003EF
331
10000366
  5
100003F6
331
1000036B
  5
100003FD
331
10000370
  5
10000404
331
10000375
  5
1000040B
331
1000037A
  5
10000412
331
1000037F
  5
1000011B
331
10000386
  5
10000122
331
1000038D
  5
10000129
331
10000394
  5
10000130
331
1000039B
  5
10000137
331
100003A2
  5
1000013E
331
100003A9
  5
10000145
331
100003B0
  5
1000014C
331
100003B7
  5
10000419
331
100003BE
  5
10000153
331
100003C5
  5
1000015A
331
100003CC
  5
10000161
331
100003D3
  5
10000168
331
100003DA
  5
1000016F
331
100003E1
  5
10000176
331
100003E8
  5
1000017D
331
100003EF
  5
10000184
331
100003F6
  5
1000018B
331
100003FD
  5
10000192
331
10000404
  5
10000199
331
1000040B
  5
100001A0
331
10000412
  5
100001A7
331
10000419
  5
100001AE
  0
XRECORD
  5
1000005E
102
{ACAD_REACTORS
330
1000005A
102
}
330
1000005A
100
AcDbXrecord
 40
1.570796326794897
  0
ACAD_PROXY_OBJECT
  5
1000005F
102
{ACAD_REACTORS
330
1000005A
102
}
330
1000005A
100
AcDbProxyObject
 90
      499
 91
      509
 93
       34
310
40C8804000
  0
XRECORD
  5
1000005D
102
{ACAD_REACTORS
330
1000005A
102
}
330
1000005A
100
AcDbXrecord
 40
1.0
  0
XRECORD
  5
1000005B
102
{ACAD_REACTORS
330
1000005A
102
}
330
1000005A
100
AcDbXrecord
1000
RgIB
  0
ACAD_PROXY_OBJECT
  5
1000005C
102
{ACAD_REACTORS
330
1000005A
102
}
330
1000005A
100
AcDbProxyObject
 90
      499
 91
      509
 93
       34
310
40C8804040
  0
XRECORD
  5
10000060
102
{ACAD_REACTORS
330
1000005A
102
}
330
1000005A
100
AcDbXrecord
1000
RgID
  0
XRECORD
  5
10000066
102
{ACAD_REACTORS
330
10000062
102
}
330
10000062
100
AcDbXrecord
 40
1.570796326794897
  0
ACAD_PROXY_OBJECT
  5
10000067
102
{ACAD_REACTORS
330
10000062
102
}
330
10000062
100
AcDbProxyObject
 90
      499
 91
      509
 93
       34
310
40C8804000
  0
XRECORD
  5
10000065
102
{ACAD_REACTORS
330
10000062
102
}
330
10000062
100
AcDbXrecord
 40
1.0
  0
XRECORD
  5
10000063
102
{ACAD_REACTORS
330
10000062
102
}
330
10000062
100
AcDbXrecord
1000
RhIB
  0
ACAD_PROXY_OBJECT
  5
10000064
102
{ACAD_REACTORS
330
10000062
102
}
330
10000062
100
AcDbProxyObject
 90
      499
 91
      509
 93
       34
310
40C8804040
  0
XRECORD
  5
10000068
102
{ACAD_REACTORS
330
10000062
102
}
330
10000062
100
AcDbXrecord
1000
RhID
  0
XRECORD
  5
1000006E
102
{ACAD_REACTORS
330
1000006A
102
}
330
1000006A
100
AcDbXrecord
 40
1.570796326794897
  0
ACAD_PROXY_OBJECT
  5
1000006F
102
{ACAD_REACTORS
330
1000006A
102
}
330
1000006A
100
AcDbProxyObject
 90
      499
 91
      509
 93
       34
310
40C8804000
  0
XRECORD
  5
1000006D
102
{ACAD_REACTORS
330
1000006A
102
}
330
1000006A
100
AcDbXrecord
 40
1.0
  0
XRECORD
  5
1000006B
102
{ACAD_REACTORS
330
1000006A
102
}
330
1000006A
100
AcDbXrecord
1000
RiIB
  0
ACAD_PROXY_OBJECT
  5
1000006C
102
{ACAD_REACTORS
330
1000006A
102
}
330
1000006A
100
AcDbProxyObject
 90
      499
 91
      509
 93
       34
310
40C8804040
  0
XRECORD
  5
10000070
102
{ACAD_REACTORS
330
1000006A
102
}
330
1000006A
100
AcDbXrecord
1000
RiID
  0
XRECORD
  5
10000076
102
{ACAD_REACTORS
330
10000072
102
}
330
10000072
100
AcDbXrecord
 40
1.570796326794897
  0
ACAD_PROXY_OBJECT
  5
10000077
102
{ACAD_REACTORS
330
10000072
102
}
330
10000072
100
AcDbProxyObject
 90
      499
 91
      509
 93
       34
310
40C8804000
  0
XRECORD
  5
10000075
102
{ACAD_REACTORS
330
10000072
102
}
330
10000072
100
AcDbXrecord
 40
1.0
  0
XRECORD
  5
10000073
102
{ACAD_REACTORS
330
10000072
102
}
330
10000072
100
AcDbXrecord
1000
RjIB
  0
ACAD_PROXY_OBJECT
  5
10000074
102
{ACAD_REACTORS
330
10000072
102
}
330
10000072
100
AcDbProxyObject
 90
      499
 91
      509
 93
       34
310
40C8804040
  0
XRECORD
  5
10000078
102
{ACAD_REACTORS
330
10000072
102
}
330
10000072
100
AcDbXrecord
1000
RjID
  0
XRECORD
  5
1000007E
102
{ACAD_REACTORS
330
1000007A
102
}
330
1000007A
100
AcDbXrecord
 40
1.570796326794897
  0
ACAD_PROXY_OBJECT
  5
1000007F
102
{ACAD_REACTORS
330
1000007A
102
}
330
1000007A
100
AcDbProxyObject
 90
      499
 91
      509
 93
       34
310
40C8804000
  0
XRECORD
  5
1000007D
102
{ACAD_REACTORS
330
1000007A
102
}
330
1000007A
100
AcDbXrecord
 40
1.0
  0
XRECORD
  5
1000007B
102
{ACAD_REACTORS
330
1000007A
102
}
330
1000007A
100
AcDbXrecord
1000
RkIB
  0
ACAD_PROXY_OBJECT
  5
1000007C
102
{ACAD_REACTORS
330
1000007A
102
}
330
1000007A
100
AcDbProxyObject
 90
      499
 91
      509
 93
       34
310
40C8804040
  0
XRECORD
  5
10000080
102
{ACAD_REACTORS
330
1000007A
102
}
330
1000007A
100
AcDbXrecord
1000
RkID
  0
XRECORD
  5
10000086
102
{ACAD_REACTORS
330
10000082
102
}
330
10000082
100
AcDbXrecord
 40
1.570796326794897
  0
ACAD_PROXY_OBJECT
  5
10000087
102
{ACAD_REACTORS
330
10000082
102
}
330
10000082
100
AcDbProxyObject
 90
      499
 91
      509
 93
       34
310
40C8804000
  0
XRECORD
  5
10000085
102
{ACAD_REACTORS
330
10000082
102
}
330
10000082
100
AcDbXrecord
 40
1.0
  0
XRECORD
  5
10000083
102
{ACAD_REACTORS
330
10000082
102
}
330
10000082
100
AcDbXrecord
1000
RlIB
  0
ACAD_PROXY_OBJECT
  5
10000084
102
{ACAD_REACTORS
330
10000082
102
}
330
10000082
100
AcDbProxyObject
 90
      499
 91
      509
 93
       34
310
40C8804040
  0
XRECORD
  5
10000088
102
{ACAD_REACTORS
330
10000082
102
}
330
10000082
100
AcDbXrecord
1000
RlID
  0
XRECORD
  5
1000008E
102
{ACAD_REACTORS
330
1000008A
102
}
330
1000008A
100
AcDbXrecord
 40
1.570796326794897
  0
ACAD_PROXY_OBJECT
  5
1000008F
102
{ACAD_REACTORS
330
1000008A
102
}
330
1000008A
100
AcDbProxyObject
 90
      499
 91
      509
 93
       34
310
40C8804000
  0
XRECORD
  5
1000008D
102
{ACAD_REACTORS
330
1000008A
102
}
330
1000008A
100
AcDbXrecord
 40
1.0
  0
XRECORD
  5
1000008B
102
{ACAD_REACTORS
330
1000008A
102
}
330
1000008A
100
AcDbXrecord
1000
RmIB
  0
ACAD_PROXY_OBJECT
  5
1000008C
102
{ACAD_REACTORS
330
1000008A
102
}
330
1000008A
100
AcDbProxyObject
 90
      499
 91
      509
 93
       34
310
40C8804040
  0
XRECORD
  5
10000090
102
{ACAD_REACTORS
330
1000008A
102
}
330
1000008A
100
AcDbXrecord
1000
RmID
  0
XRECORD
  5
10000096
102
{ACAD_REACTORS
330
10000092
102
}
330
10000092
100
AcDbXrecord
 40
1.570796326794897
  0
ACAD_PROXY_OBJECT
  5
10000097
102
{ACAD_REACTORS
330
10000092
102
}
330
10000092
100
AcDbProxyObject
 90
      499
 91
      509
 93
       34
310
40C8804000
  0
XRECORD
  5
10000095
102
{ACAD_REACTORS
330
10000092
102
}
330
10000092
100
AcDbXrecord
 40
1.0
  0
XRECORD
  5
10000093
102
{ACAD_REACTORS
330
10000092
102
}
330
10000092
100
AcDbXrecord
1000
RoIB
  0
ACAD_PROXY_OBJECT
  5
10000094
102
{ACAD_REACTORS
330
10000092
102
}
330
10000092
100
AcDbProxyObject
 90
      499
 91
      509
 93
       34
310
40C8804040
  0
XRECORD
  5
10000098
102
{ACAD_REACTORS
330
10000092
102
}
330
10000092
100
AcDbXrecord
1000
RoID
  0
XRECORD
  5
1000009E
102
{ACAD_REACTORS
330
1000009A
102
}
330
1000009A
100
AcDbXrecord
 40
1.570796326794897
  0
ACAD_PROXY_OBJECT
  5
1000009F
102
{ACAD_REACTORS
330
1000009A
102
}
330
1000009A
100
AcDbProxyObject
 90
      499
 91
      509
 93
       34
310
40C8804000
  0
XRECORD
  5
1000009D
102
{ACAD_REACTORS
330
1000009A
102
}
330
1000009A
100
AcDbXrecord
 40
1.0
  0
XRECORD
  5
1000009B
102
{ACAD_REACTORS
330
1000009A
102
}
330
1000009A
100
AcDbXrecord
1000
RqIB
  0
ACAD_PROXY_OBJECT
  5
1000009C
102
{ACAD_REACTORS
330
1000009A
102
}
330
1000009A
100
AcDbProxyObject
 90
      499
 91
      509
 93
       34
310
40C8804040
  0
XRECORD
  5
100000A0
102
{ACAD_REACTORS
330
1000009A
102
}
330
1000009A
100
AcDbXrecord
1000
RqID
  0
XRECORD
  5
100000A6
102
{ACAD_REACTORS
330
100000A2
102
}
330
100000A2
100
AcDbXrecord
 40
1.570796326794897
  0
ACAD_PROXY_OBJECT
  5
100000A7
102
{ACAD_REACTORS
330
100000A2
102
}
330
100000A2
100
AcDbProxyObject
 90
      499
 91
      509
 93
       34
310
40C8804000
  0
XRECORD
  5
100000A5
102
{ACAD_REACTORS
330
100000A2
102
}
330
100000A2
100
AcDbXrecord
 40
1.0
  0
XRECORD
  5
100000A3
102
{ACAD_REACTORS
330
100000A2
102
}
330
100000A2
100
AcDbXrecord
1000
RpIB
  0
ACAD_PROXY_OBJECT
  5
100000A4
102
{ACAD_REACTORS
330
100000A2
102
}
330
100000A2
100
AcDbProxyObject
 90
      499
 91
      509
 93
       34
310
40C8804040
  0
XRECORD
  5
100000A8
102
{ACAD_REACTORS
330
100000A2
102
}
330
100000A2
100
AcDbXrecord
1000
RpID
  0
XRECORD
  5
100000AE
102
{ACAD_REACTORS
330
100000AA
102
}
330
100000AA
100
AcDbXrecord
 40
1.570796326794897
  0
ACAD_PROXY_OBJECT
  5
100000AF
102
{ACAD_REACTORS
330
100000AA
102
}
330
100000AA
100
AcDbProxyObject
 90
      499
 91
      509
 93
       34
310
40C8804000
  0
XRECORD
  5
100000AD
102
{ACAD_REACTORS
330
100000AA
102
}
330
100000AA
100
AcDbXrecord
 40
1.0
  0
XRECORD
  5
100000AB
102
{ACAD_REACTORS
330
100000AA
102
}
330
100000AA
100
AcDbXrecord
1000
RrIB
  0
ACAD_PROXY_OBJECT
  5
100000AC
102
{ACAD_REACTORS
330
100000AA
102
}
330
100000AA
100
AcDbProxyObject
 90
      499
 91
      509
 93
       34
310
40C8804040
  0
XRECORD
  5
100000B0
102
{ACAD_REACTORS
330
100000AA
102
}
330
100000AA
100
AcDbXrecord
1000
RrID
  0
XRECORD
  5
100000B6
102
{ACAD_REACTORS
330
100000B2
102
}
330
100000B2
100
AcDbXrecord
 40
1.570796326794897
  0
ACAD_PROXY_OBJECT
  5
100000B7
102
{ACAD_REACTORS
330
100000B2
102
}
330
100000B2
100
AcDbProxyObject
 90
      499
 91
      509
 93
       34
310
40C8804000
  0
XRECORD
  5
100000B5
102
{ACAD_REACTORS
330
100000B2
102
}
330
100000B2
100
AcDbXrecord
 40
1.0
  0
XRECORD
  5
100000B3
102
{ACAD_REACTORS
330
100000B2
102
}
330
100000B2
100
AcDbXrecord
1000
RnIB
  0
ACAD_PROXY_OBJECT
  5
100000B4
102
{ACAD_REACTORS
330
100000B2
102
}
330
100000B2
100
AcDbProxyObject
 90
      499
 91
      509
 93
       34
310
40C8804040
  0
XRECORD
  5
100000B8
102
{ACAD_REACTORS
330
100000B2
102
}
330
100000B2
100
AcDbXrecord
1000
RnID
  0
XRECORD
  5
100000BD
102
{ACAD_REACTORS
330
100000BA
102
}
330
100000BA
100
AcDbXrecord
 40
2.108199999999999
  0
XRECORD
  5
100000BB
102
{ACAD_REACTORS
330
100000BA
102
}
330
100000BA
100
AcDbXrecord
1000
SsIhN
  0
XRECORD
  5
100000BC
102
{ACAD_REACTORS
330
100000BA
102
}
330
100000BA
100
AcDbXrecord
1000
SsIWE
  0
XRECORD
  5
100000BE
102
{ACAD_REACTORS
330
100000BA
102
}
330
100000BA
100
AcDbXrecord
1000
RtID
  0
XRECORD
  5
100000BF
102
{ACAD_REACTORS
330
100000BA
102
}
330
100000BA
100
AcDbXrecord
1000
RuID
  0
XRECORD
  5
100000C4
102
{ACAD_REACTORS
330
100000C1
102
}
330
100000C1
100
AcDbXrecord
 40
2.108199999999999
  0
XRECORD
  5
100000C2
102
{ACAD_REACTORS
330
100000C1
102
}
330
100000C1
100
AcDbXrecord
1000
SsIlN
  0
XRECORD
  5
100000C3
102
{ACAD_REACTORS
330
100000C1
102
}
330
100000C1
100
AcDbXrecord
1000
SsIaE
  0
XRECORD
  5
100000C5
102
{ACAD_REACTORS
330
100000C1
102
}
330
100000C1
100
AcDbXrecord
1000
RtID
  0
XRECORD
  5
100000C6
102
{ACAD_REACTORS
330
100000C1
102
}
330
100000C1
100
AcDbXrecord
1000
RuID
  0
XRECORD
  5
100000CB
102
{ACAD_REACTORS
330
100000C8
102
}
330
100000C8
100
AcDbXrecord
 40
2.108199999999999
  0
XRECORD
  5
100000C9
102
{ACAD_REACTORS
330
100000C8
102
}
330
100000C8
100
AcDbXrecord
1000
SsIVN
  0
XRECORD
  5
100000CA
102
{ACAD_REACTORS
330
100000C8
102
}
330
100000C8
100
AcDbXrecord
1000
SsIKE
  0
XRECORD
  5
100000CC
102
{ACAD_REACTORS
330
100000C8
102
}
330
100000C8
100
AcDbXrecord
1000
RtID
  0
XRECORD
  5
100000CD
102
{ACAD_REACTORS
330
100000C8
102
}
330
100000C8
100
AcDbXrecord
1000
RuID
  0
XRECORD
  5
100000D2
102
{ACAD_REACTORS
330
100000CF
102
}
330
100000CF
100
AcDbXrecord
 40
2.108199999999999
  0
XRECORD
  5
100000D0
102
{ACAD_REACTORS
330
100000CF
102
}
330
100000CF
100
AcDbXrecord
1000
SsIRM
  0
XRECORD
  5
100000D1
102
{ACAD_REACTORS
330
100000CF
102
}
330
100000CF
100
AcDbXrecord
1000
SsIGD
  0
XRECORD
  5
100000D3
102
{ACAD_REACTORS
330
100000CF
102
}
330
100000CF
100
AcDbXrecord
1000
RtID
  0
XRECORD
  5
100000D4
102
{ACAD_REACTORS
330
100000CF
102
}
330
100000CF
100
AcDbXrecord
1000
RuID
  0
XRECORD
  5
100000D9
102
{ACAD_REACTORS
330
100000D6
102
}
330
100000D6
100
AcDbXrecord
 40
2.108199999999999
  0
XRECORD
  5
100000D7
102
{ACAD_REACTORS
330
100000D6
102
}
330
100000D6
100
AcDbXrecord
1000
SsIVM
  0
XRECORD
  5
100000D8
102
{ACAD_REACTORS
330
100000D6
102
}
330
100000D6
100
AcDbXrecord
1000
SsIKD
  0
XRECORD
  5
100000DA
102
{ACAD_REACTORS
330
100000D6
102
}
330
100000D6
100
AcDbXrecord
1000
RtID
  0
XRECORD
  5
100000DB
102
{ACAD_REACTORS
330
100000D6
102
}
330
100000D6
100
AcDbXrecord
1000
RuID
  0
XRECORD
  5
100000E0
102
{ACAD_REACTORS
330
100000DD
102
}
330
100000DD
100
AcDbXrecord
 40
2.108199999999999
  0
XRECORD
  5
100000DE
102
{ACAD_REACTORS
330
100000DD
102
}
330
100000DD
100
AcDbXrecord
1000
SsIBM
  0
XRECORD
  5
100000DF
102
{ACAD_REACTORS
330
100000DD
102
}
330
100000DD
100
AcDbXrecord
1000
SsI2C
  0
XRECORD
  5
100000E1
102
{ACAD_REACTORS
330
100000DD
102
}
330
100000DD
100
AcDbXrecord
1000
RtID
  0
XRECORD
  5
100000E2
102
{ACAD_REACTORS
330
100000DD
102
}
330
100000DD
100
AcDbXrecord
1000
RuID
  0
XRECORD
  5
100000E7
102
{ACAD_REACTORS
330
100000E4
102
}
330
100000E4
100
AcDbXrecord
 40
2.108199999999999
  0
XRECORD
  5
100000E5
102
{ACAD_REACTORS
330
100000E4
102
}
330
100000E4
100
AcDbXrecord
1000
SsIFM
  0
XRECORD
  5
100000E6
102
{ACAD_REACTORS
330
100000E4
102
}
330
100000E4
100
AcDbXrecord
1000
SsI6C
  0
XRECORD
  5
100000E8
102
{ACAD_REACTORS
330
100000E4
102
}
330
100000E4
100
AcDbXrecord
1000
RtID
  0
XRECORD
  5
100000E9
102
{ACAD_REACTORS
330
100000E4
102
}
330
100000E4
100
AcDbXrecord
1000
RuID
  0
XRECORD
  5
100000EE
102
{ACAD_REACTORS
330
100000EB
102
}
330
100000EB
100
AcDbXrecord
 40
2.108199999999999
  0
XRECORD
  5
100000EC
102
{ACAD_REACTORS
330
100000EB
102
}
330
100000EB
100
AcDbXrecord
1000
SsIxL
  0
XRECORD
  5
100000ED
102
{ACAD_REACTORS
330
100000EB
102
}
330
100000EB
100
AcDbXrecord
1000
SsImC
  0
XRECORD
  5
100000EF
102
{ACAD_REACTORS
330
100000EB
102
}
330
100000EB
100
AcDbXrecord
1000
RtID
  0
XRECORD
  5
100000F0
102
{ACAD_REACTORS
330
100000EB
102
}
330
100000EB
100
AcDbXrecord
1000
RuID
  0
XRECORD
  5
100000F5
102
{ACAD_REACTORS
330
100000F2
102
}
330
100000F2
100
AcDbXrecord
 40
2.108199999999999
  0
XRECORD
  5
100000F3
102
{ACAD_REACTORS
330
100000F2
102
}
330
100000F2
100
AcDbXrecord
1000
SsI1L
  0
XRECORD
  5
100000F4
102
{ACAD_REACTORS
330
100000F2
102
}
330
100000F2
100
AcDbXrecord
1000
SsIqC
  0
XRECORD
  5
100000F6
102
{ACAD_REACTORS
330
100000F2
102
}
330
100000F2
100
AcDbXrecord
1000
RtID
  0
XRECORD
  5
100000F7
102
{ACAD_REACTORS
330
100000F2
102
}
330
100000F2
100
AcDbXrecord
1000
RuID
  0
XRECORD
  5
100000FC
102
{ACAD_REACTORS
330
100000F9
102
}
330
100000F9
100
AcDbXrecord
 40
2.108199999999999
  0
XRECORD
  5
100000FA
102
{ACAD_REACTORS
330
100000F9
102
}
330
100000F9
100
AcDbXrecord
1000
SsIhL
  0
XRECORD
  5
100000FB
102
{ACAD_REACTORS
330
100000F9
102
}
330
100000F9
100
AcDbXrecord
1000
SsIWC
  0
XRECORD
  5
100000FD
102
{ACAD_REACTORS
330
100000F9
102
}
330
100000F9
100
AcDbXrecord
1000
RtID
  0
XRECORD
  5
100000FE
102
{ACAD_REACTORS
330
100000F9
102
}
330
100000F9
100
AcDbXrecord
1000
RuID
  0
XRECORD
  5
10000103
102
{ACAD_REACTORS
330
10000100
102
}
330
10000100
100
AcDbXrecord
 40
2.108199999999999
  0
XRECORD
  5
10000101
102
{ACAD_REACTORS
330
10000100
102
}
330
10000100
100
AcDbXrecord
1000
SsIlL
  0
XRECORD
  5
10000102
102
{ACAD_REACTORS
330
10000100
102
}
330
10000100
100
AcDbXrecord
1000
SsIaC
  0
XRECORD
  5
10000104
102
{ACAD_REACTORS
330
10000100
102
}
330
10000100
100
AcDbXrecord
1000
RtID
  0
XRECORD
  5
10000105
102
{ACAD_REACTORS
330
10000100
102
}
330
10000100
100
AcDbXrecord
1000
RuID
  0
XRECORD
  5
1000010A
102
{ACAD_REACTORS
330
10000107
102
}
330
10000107
100
AcDbXrecord
 40
2.108199999999999
  0
XRECORD
  5
10000108
102
{ACAD_REACTORS
330
10000107
102
}
330
10000107
100
AcDbXrecord
1000
SsIRL
  0
XRECORD
  5
10000109
102
{ACAD_REACTORS
330
10000107
102
}
330
10000107
100
AcDbXrecord
1000
SsIGC
  0
XRECORD
  5
1000010B
102
{ACAD_REACTORS
330
10000107
102
}
330
10000107
100
AcDbXrecord
1000
RtID
  0
XRECORD
  5
1000010C
102
{ACAD_REACTORS
330
10000107
102
}
330
10000107
100
AcDbXrecord
1000
RuID
  0
XRECORD
  5
10000111
102
{ACAD_REACTORS
330
1000010E
102
}
330
1000010E
100
AcDbXrecord
 40
2.108199999999999
  0
XRECORD
  5
1000010F
102
{ACAD_REACTORS
330
1000010E
102
}
330
1000010E
100
AcDbXrecord
1000
SsIVL
  0
XRECORD
  5
10000110
102
{ACAD_REACTORS
330
1000010E
102
}
330
1000010E
100
AcDbXrecord
1000
SsIKC
  0
XRECORD
  5
10000112
102
{ACAD_REACTORS
330
1000010E
102
}
330
1000010E
100
AcDbXrecord
1000
RtID
  0
XRECORD
  5
10000113
102
{ACAD_REACTORS
330
1000010E
102
}
330
1000010E
100
AcDbXrecord
1000
RuID
  0
XRECORD
  5
10000118
102
{ACAD_REACTORS
330
10000115
102
}
330
10000115
100
AcDbXrecord
 40
2.108199999999999
  0
XRECORD
  5
10000116
102
{ACAD_REACTORS
330
10000115
102
}
330
10000115
100
AcDbXrecord
1000
SsIBL
  0
XRECORD
  5
10000117
102
{ACAD_REACTORS
330
10000115
102
}
330
10000115
100
AcDbXrecord
1000
SsI2B
  0
XRECORD
  5
10000119
102
{ACAD_REACTORS
330
10000115
102
}
330
10000115
100
AcDbXrecord
1000
RtID
  0
XRECORD
  5
1000011A
102
{ACAD_REACTORS
330
10000115
102
}
330
10000115
100
AcDbXrecord
1000
RuID
  0
XRECORD
  5
1000011F
102
{ACAD_REACTORS
330
1000011C
102
}
330
1000011C
100
AcDbXrecord
 40
2.108199999999999
  0
XRECORD
  5
1000011D
102
{ACAD_REACTORS
330
1000011C
102
}
330
1000011C
100
AcDbXrecord
1000
SsIFL
  0
XRECORD
  5
1000011E
102
{ACAD_REACTORS
330
1000011C
102
}
330
1000011C
100
AcDbXrecord
1000
SsI6B
  0
XRECORD
  5
10000120
102
{ACAD_REACTORS
330
1000011C
102
}
330
1000011C
100
AcDbXrecord
1000
RtID
  0
XRECORD
  5
10000121
102
{ACAD_REACTORS
330
1000011C
102
}
330
1000011C
100
AcDbXrecord
1000
RuID
  0
XRECORD
  5
10000126
102
{ACAD_REACTORS
330
10000123
102
}
330
10000123
100
AcDbXrecord
 40
2.705100000000002
  0
XRECORD
  5
10000124
102
{ACAD_REACTORS
330
10000123
102
}
330
10000123
100
AcDbXrecord
1000
RsIN
  0
XRECORD
  5
10000125
102
{ACAD_REACTORS
330
10000123
102
}
330
10000123
100
AcDbXrecord
1000
RsIK
  0
XRECORD
  5
10000127
102
{ACAD_REACTORS
330
10000123
102
}
330
10000123
100
AcDbXrecord
1000
RtID
  0
XRECORD
  5
10000128
102
{ACAD_REACTORS
330
10000123
102
}
330
10000123
100
AcDbXrecord
1000
RuID
  0
XRECORD
  5
1000012D
102
{ACAD_REACTORS
330
1000012A
102
}
330
1000012A
100
AcDbXrecord
 40
2.705100000000002
  0
XRECORD
  5
1000012B
102
{ACAD_REACTORS
330
1000012A
102
}
330
1000012A
100
AcDbXrecord
1000
RsI9
  0
XRECORD
  5
1000012C
102
{ACAD_REACTORS
330
1000012A
102
}
330
1000012A
100
AcDbXrecord
1000
RsIK
  0
XRECORD
  5
1000012E
102
{ACAD_REACTORS
330
1000012A
102
}
330
1000012A
100
AcDbXrecord
1000
RtID
  0
XRECORD
  5
1000012F
102
{ACAD_REACTORS
330
1000012A
102
}
330
1000012A
100
AcDbXrecord
1000
RuID
  0
XRECORD
  5
10000134
102
{ACAD_REACTORS
330
10000131
102
}
330
10000131
100
AcDbXrecord
 40
2.705100000000002
  0
XRECORD
  5
10000132
102
{ACAD_REACTORS
330
10000131
102
}
330
10000131
100
AcDbXrecord
1000
RsIR
  0
XRECORD
  5
10000133
102
{ACAD_REACTORS
330
10000131
102
}
330
10000131
100
AcDbXrecord
1000
RsIO
  0
XRECORD
  5
10000135
102
{ACAD_REACTORS
330
10000131
102
}
330
10000131
100
AcDbXrecord
1000
RtID
  0
XRECORD
  5
10000136
102
{ACAD_REACTORS
330
10000131
102
}
330
10000131
100
AcDbXrecord
1000
RuID
  0
XRECORD
  5
1000013B
102
{ACAD_REACTORS
330
10000138
102
}
330
10000138
100
AcDbXrecord
 40
2.705100000000002
  0
XRECORD
  5
10000139
102
{ACAD_REACTORS
330
10000138
102
}
330
10000138
100
AcDbXrecord
1000
SsIBB
  0
XRECORD
  5
1000013A
102
{ACAD_REACTORS
330
10000138
102
}
330
10000138
100
AcDbXrecord
1000
RsIO
  0
XRECORD
  5
1000013C
102
{ACAD_REACTORS
330
10000138
102
}
330
10000138
100
AcDbXrecord
1000
RtID
  0
XRECORD
  5
1000013D
102
{ACAD_REACTORS
330
10000138
102
}
330
10000138
100
AcDbXrecord
1000
RuID
  0
XRECORD
  5
10000142
102
{ACAD_REACTORS
330
1000013F
102
}
330
1000013F
100
AcDbXrecord
 40
2.705100000000002
  0
XRECORD
  5
10000140
102
{ACAD_REACTORS
330
1000013F
102
}
330
1000013F
100
AcDbXrecord
1000
RsIV
  0
XRECORD
  5
10000141
102
{ACAD_REACTORS
330
1000013F
102
}
330
1000013F
100
AcDbXrecord
1000
RsIS
  0
XRECORD
  5
10000143
102
{ACAD_REACTORS
330
1000013F
102
}
330
1000013F
100
AcDbXrecord
1000
RtID
  0
XRECORD
  5
10000144
102
{ACAD_REACTORS
330
1000013F
102
}
330
1000013F
100
AcDbXrecord
1000
RuID
  0
XRECORD
  5
10000149
102
{ACAD_REACTORS
330
10000146
102
}
330
10000146
100
AcDbXrecord
 40
2.705100000000002
  0
XRECORD
  5
10000147
102
{ACAD_REACTORS
330
10000146
102
}
330
10000146
100
AcDbXrecord
1000
SsIFB
  0
XRECORD
  5
10000148
102
{ACAD_REACTORS
330
10000146
102
}
330
10000146
100
AcDbXrecord
1000
RsIS
  0
XRECORD
  5
1000014A
102
{ACAD_REACTORS
330
10000146
102
}
330
10000146
100
AcDbXrecord
1000
RtID
  0
XRECORD
  5
1000014B
102
{ACAD_REACTORS
330
10000146
102
}
330
10000146
100
AcDbXrecord
1000
RuID
  0
XRECORD
  5
10000150
102
{ACAD_REACTORS
330
1000014D
102
}
330
1000014D
100
AcDbXrecord
 40
2.705100000000002
  0
XRECORD
  5
1000014E
102
{ACAD_REACTORS
330
1000014D
102
}
330
1000014D
100
AcDbXrecord
1000
RsIZ
  0
XRECORD
  5
1000014F
102
{ACAD_REACTORS
330
1000014D
102
}
330
1000014D
100
AcDbXrecord
1000
RsIW
  0
XRECORD
  5
10000151
102
{ACAD_REACTORS
330
1000014D
102
}
330
1000014D
100
AcDbXrecord
1000
RtID
  0
XRECORD
  5
10000152
102
{ACAD_REACTORS
330
1000014D
102
}
330
1000014D
100
AcDbXrecord
1000
RuID
  0
XRECORD
  5
10000157
102
{ACAD_REACTORS
330
10000154
102
}
330
10000154
100
AcDbXrecord
 40
2.705100000000002
  0
XRECORD
  5
10000155
102
{ACAD_REACTORS
330
10000154
102
}
330
10000154
100
AcDbXrecord
1000
SsIJB
  0
XRECORD
  5
10000156
102
{ACAD_REACTORS
330
10000154
102
}
330
10000154
100
AcDbXrecord
1000
RsIW
  0
XRECORD
  5
10000158
102
{ACAD_REACTORS
330
10000154
102
}
330
10000154
100
AcDbXrecord
1000
RtID
  0
XRECORD
  5
10000159
102
{ACAD_REACTORS
330
10000154
102
}
330
10000154
100
AcDbXrecord
1000
RuID
  0
XRECORD
  5
1000015E
102
{ACAD_REACTORS
330
1000015B
102
}
330
1000015B
100
AcDbXrecord
 40
2.705100000000002
  0
XRECORD
  5
1000015C
102
{ACAD_REACTORS
330
1000015B
102
}
330
1000015B
100
AcDbXrecord
1000
RsId
  0
XRECORD
  5
1000015D
102
{ACAD_REACTORS
330
1000015B
102
}
330
1000015B
100
AcDbXrecord
1000
RsIa
  0
XRECORD
  5
1000015F
102
{ACAD_REACTORS
330
1000015B
102
}
330
1000015B
100
AcDbXrecord
1000
RtID
  0
XRECORD
  5
10000160
102
{ACAD_REACTORS
330
1000015B
102
}
330
1000015B
100
AcDbXrecord
1000
RuID
  0
XRECORD
  5
10000165
102
{ACAD_REACTORS
330
10000162
102
}
330
10000162
100
AcDbXrecord
 40
2.705100000000002
  0
XRECORD
  5
10000163
102
{ACAD_REACTORS
330
10000162
102
}
330
10000162
100
AcDbXrecord
1000
SsINB
  0
XRECORD
  5
10000164
102
{ACAD_REACTORS
330
10000162
102
}
330
10000162
100
AcDbXrecord
1000
RsIa
  0
XRECORD
  5
10000166
102
{ACAD_REACTORS
330
10000162
102
}
330
10000162
100
AcDbXrecord
1000
RtID
  0
XRECORD
  5
10000167
102
{ACAD_REACTORS
330
10000162
102
}
330
10000162
100
AcDbXrecord
1000
RuID
  0
XRECORD
  5
1000016C
102
{ACAD_REACTORS
330
10000169
102
}
330
10000169
100
AcDbXrecord
 40
2.705100000000002
  0
XRECORD
  5
1000016A
102
{ACAD_REACTORS
330
10000169
102
}
330
10000169
100
AcDbXrecord
1000
RsIh
  0
XRECORD
  5
1000016B
102
{ACAD_REACTORS
330
10000169
102
}
330
10000169
100
AcDbXrecord
1000
RsIe
  0
XRECORD
  5
1000016D
102
{ACAD_REACTORS
330
10000169
102
}
330
10000169
100
AcDbXrecord
1000
RtID
  0
XRECORD
  5
1000016E
102
{ACAD_REACTORS
330
10000169
102
}
330
10000169
100
AcDbXrecord
1000
RuID
  0
XRECORD
  5
10000173
102
{ACAD_REACTORS
330
10000170
102
}
330
10000170
100
AcDbXrecord
 40
2.705100000000002
  0
XRECORD
  5
10000171
102
{ACAD_REACTORS
330
10000170
102
}
330
10000170
100
AcDbXrecord
1000
SsIRB
  0
XRECORD
  5
10000172
102
{ACAD_REACTORS
330
10000170
102
}
330
10000170
100
AcDbXrecord
1000
RsIe
  0
XRECORD
  5
10000174
102
{ACAD_REACTORS
330
10000170
102
}
330
10000170
100
AcDbXrecord
1000
RtID
  0
XRECORD
  5
10000175
102
{ACAD_REACTORS
330
10000170
102
}
330
10000170
100
AcDbXrecord
1000
RuID
  0
XRECORD
  5
1000017A
102
{ACAD_REACTORS
330
10000177
102
}
330
10000177
100
AcDbXrecord
 40
2.705100000000002
  0
XRECORD
  5
10000178
102
{ACAD_REACTORS
330
10000177
102
}
330
10000177
100
AcDbXrecord
1000
RsIl
  0
XRECORD
  5
10000179
102
{ACAD_REACTORS
330
10000177
102
}
330
10000177
100
AcDbXrecord
1000
RsIi
  0
XRECORD
  5
1000017B
102
{ACAD_REACTORS
330
10000177
102
}
330
10000177
100
AcDbXrecord
1000
RtID
  0
XRECORD
  5
1000017C
102
{ACAD_REACTORS
330
10000177
102
}
330
10000177
100
AcDbXrecord
1000
RuID
  0
XRECORD
  5
10000181
102
{ACAD_REACTORS
330
1000017E
102
}
330
1000017E
100
AcDbXrecord
 40
2.705100000000002
  0
XRECORD
  5
1000017F
102
{ACAD_REACTORS
330
1000017E
102
}
330
1000017E
100
AcDbXrecord
1000
SsIVB
  0
XRECORD
  5
10000180
102
{ACAD_REACTORS
330
1000017E
102
}
330
1000017E
100
AcDbXrecord
1000
RsIi
  0
XRECORD
  5
10000182
102
{ACAD_REACTORS
330
1000017E
102
}
330
1000017E
100
AcDbXrecord
1000
RtID
  0
XRECORD
  5
10000183
102
{ACAD_REACTORS
330
1000017E
102
}
330
1000017E
100
AcDbXrecord
1000
RuID
  0
XRECORD
  5
10000188
102
{ACAD_REACTORS
330
10000185
102
}
330
10000185
100
AcDbXrecord
 40
2.705100000000002
  0
XRECORD
  5
10000186
102
{ACAD_REACTORS
330
10000185
102
}
330
10000185
100
AcDbXrecord
1000
RsIp
  0
XRECORD
  5
10000187
102
{ACAD_REACTORS
330
10000185
102
}
330
10000185
100
AcDbXrecord
1000
RsIm
  0
XRECORD
  5
10000189
102
{ACAD_REACTORS
330
10000185
102
}
330
10000185
100
AcDbXrecord
1000
RtID
  0
XRECORD
  5
1000018A
102
{ACAD_REACTORS
330
10000185
102
}
330
10000185
100
AcDbXrecord
1000
RuID
  0
XRECORD
  5
1000018F
102
{ACAD_REACTORS
330
1000018C
102
}
330
1000018C
100
AcDbXrecord
 40
2.705100000000002
  0
XRECORD
  5
1000018D
102
{ACAD_REACTORS
330
1000018C
102
}
330
1000018C
100
AcDbXrecord
1000
SsIZB
  0
XRECORD
  5
1000018E
102
{ACAD_REACTORS
330
1000018C
102
}
330
1000018C
100
AcDbXrecord
1000
RsIm
  0
XRECORD
  5
10000190
102
{ACAD_REACTORS
330
1000018C
102
}
330
1000018C
100
AcDbXrecord
1000
RtID
  0
XRECORD
  5
10000191
102
{ACAD_REACTORS
330
1000018C
102
}
330
1000018C
100
AcDbXrecord
1000
RuID
  0
XRECORD
  5
10000196
102
{ACAD_REACTORS
330
10000193
102
}
330
10000193
100
AcDbXrecord
 40
2.705100000000002
  0
XRECORD
  5
10000194
102
{ACAD_REACTORS
330
10000193
102
}
330
10000193
100
AcDbXrecord
1000
RsIt
  0
XRECORD
  5
10000195
102
{ACAD_REACTORS
330
10000193
102
}
330
10000193
100
AcDbXrecord
1000
RsIq
  0
XRECORD
  5
10000197
102
{ACAD_REACTORS
330
10000193
102
}
330
10000193
100
AcDbXrecord
1000
RtID
  0
XRECORD
  5
10000198
102
{ACAD_REACTORS
330
10000193
102
}
330
10000193
100
AcDbXrecord
1000
RuID
  0
XRECORD
  5
1000019D
102
{ACAD_REACTORS
330
1000019A
102
}
330
1000019A
100
AcDbXrecord
 40
2.705100000000002
  0
XRECORD
  5
1000019B
102
{ACAD_REACTORS
330
1000019A
102
}
330
1000019A
100
AcDbXrecord
1000
SsIdB
  0
XRECORD
  5
1000019C
102
{ACAD_REACTORS
330
1000019A
102
}
330
1000019A
100
AcDbXrecord
1000
RsIq
  0
XRECORD
  5
1000019E
102
{ACAD_REACTORS
330
1000019A
102
}
330
1000019A
100
AcDbXrecord
1000
RtID
  0
XRECORD
  5
1000019F
102
{ACAD_REACTORS
330
1000019A
102
}
330
1000019A
100
AcDbXrecord
1000
RuID
  0
XRECORD
  5
100001A4
102
{ACAD_REACTORS
330
100001A1
102
}
330
100001A1
100
AcDbXrecord
 40
2.705100000000002
  0
XRECORD
  5
100001A2
102
{ACAD_REACTORS
330
100001A1
102
}
330
100001A1
100
AcDbXrecord
1000
RsIx
  0
XRECORD
  5
100001A3
102
{ACAD_REACTORS
330
100001A1
102
}
330
100001A1
100
AcDbXrecord
1000
RsIu
  0
XRECORD
  5
100001A5
102
{ACAD_REACTORS
330
100001A1
102
}
330
100001A1
100
AcDbXrecord
1000
RtID
  0
XRECORD
  5
100001A6
102
{ACAD_REACTORS
330
100001A1
102
}
330
100001A1
100
AcDbXrecord
1000
RuID
  0
XRECORD
  5
100001AB
102
{ACAD_REACTORS
330
100001A8
102
}
330
100001A8
100
AcDbXrecord
 40
2.705100000000002
  0
XRECORD
  5
100001A9
102
{ACAD_REACTORS
330
100001A8
102
}
330
100001A8
100
AcDbXrecord
1000
SsIhB
  0
XRECORD
  5
100001AA
102
{ACAD_REACTORS
330
100001A8
102
}
330
100001A8
100
AcDbXrecord
1000
RsIu
  0
XRECORD
  5
100001AC
102
{ACAD_REACTORS
330
100001A8
102
}
330
100001A8
100
AcDbXrecord
1000
RtID
  0
XRECORD
  5
100001AD
102
{ACAD_REACTORS
330
100001A8
102
}
330
100001A8
100
AcDbXrecord
1000
RuID
  0
XRECORD
  5
100001B2
102
{ACAD_REACTORS
330
100001AF
102
}
330
100001AF
100
AcDbXrecord
 40
2.705100000000002
  0
XRECORD
  5
100001B0
102
{ACAD_REACTORS
330
100001AF
102
}
330
100001AF
100
AcDbXrecord
1000
RsI1
  0
XRECORD
  5
100001B1
102
{ACAD_REACTORS
330
100001AF
102
}
330
100001AF
100
AcDbXrecord
1000
RsIy
  0
XRECORD
  5
100001B3
102
{ACAD_REACTORS
330
100001AF
102
}
330
100001AF
100
AcDbXrecord
1000
RtID
  0
XRECORD
  5
100001B4
102
{ACAD_REACTORS
330
100001AF
102
}
330
100001AF
100
AcDbXrecord
1000
RuID
  0
XRECORD
  5
100001B9
102
{ACAD_REACTORS
330
100001B6
102
}
330
100001B6
100
AcDbXrecord
 40
2.705100000000002
  0
XRECORD
  5
100001B7
102
{ACAD_REACTORS
330
100001B6
102
}
330
100001B6
100
AcDbXrecord
1000
SsIlB
  0
XRECORD
  5
100001B8
102
{ACAD_REACTORS
330
100001B6
102
}
330
100001B6
100
AcDbXrecord
1000
RsIy
  0
XRECORD
  5
100001BA
102
{ACAD_REACTORS
330
100001B6
102
}
330
100001B6
100
AcDbXrecord
1000
RtID
  0
XRECORD
  5
100001BB
102
{ACAD_REACTORS
330
100001B6
102
}
330
100001B6
100
AcDbXrecord
1000
RuID
  0
XRECORD
  5
100001C0
102
{ACAD_REACTORS
330
100001BD
102
}
330
100001BD
100
AcDbXrecord
 40
2.705100000000002
  0
XRECORD
  5
100001BE
102
{ACAD_REACTORS
330
100001BD
102
}
330
100001BD
100
AcDbXrecord
1000
RsIJ
  0
XRECORD
  5
100001BF
102
{ACAD_REACTORS
330
100001BD
102
}
330
100001BD
100
AcDbXrecord
1000
RsIG
  0
XRECORD
  5
100001C1
102
{ACAD_REACTORS
330
100001BD
102
}
330
100001BD
100
AcDbXrecord
1000
RtID
  0
XRECORD
  5
100001C2
102
{ACAD_REACTORS
330
100001BD
102
}
330
100001BD
100
AcDbXrecord
1000
RuID
  0
XRECORD
  5
100001C7
102
{ACAD_REACTORS
330
100001C4
102
}
330
100001C4
100
AcDbXrecord
 40
2.705100000000002
  0
XRECORD
  5
100001C5
102
{ACAD_REACTORS
330
100001C4
102
}
330
100001C4
100
AcDbXrecord
1000
RsI5
  0
XRECORD
  5
100001C6
102
{ACAD_REACTORS
330
100001C4
102
}
330
100001C4
100
AcDbXrecord
1000
RsIG
  0
XRECORD
  5
100001C8
102
{ACAD_REACTORS
330
100001C4
102
}
330
100001C4
100
AcDbXrecord
1000
RtID
  0
XRECORD
  5
100001C9
102
{ACAD_REACTORS
330
100001C4
102
}
330
100001C4
100
AcDbXrecord
1000
RuID
  0
XRECORD
  5
100001CE
102
{ACAD_REACTORS
330
100001CB
102
}
330
100001CB
100
AcDbXrecord
 40
2.108199999999999
  0
XRECORD
  5
100001CC
102
{ACAD_REACTORS
330
100001CB
102
}
330
100001CB
100
AcDbXrecord
1000
SsIhC
  0
XRECORD
  5
100001CD
102
{ACAD_REACTORS
330
100001CB
102
}
330
100001CB
100
AcDbXrecord
1000
RsI6
  0
XRECORD
  5
100001CF
102
{ACAD_REACTORS
330
100001CB
102
}
330
100001CB
100
AcDbXrecord
1000
RtID
  0
XRECORD
  5
100001D0
102
{ACAD_REACTORS
330
100001CB
102
}
330
100001CB
100
AcDbXrecord
1000
RuID
  0
XRECORD
  5
100001D5
102
{ACAD_REACTORS
330
100001D2
102
}
330
100001D2
100
AcDbXrecord
 40
2.108199999999999
  0
XRECORD
  5
100001D3
102
{ACAD_REACTORS
330
100001D2
102
}
330
100001D2
100
AcDbXrecord
1000
SsIlC
  0
XRECORD
  5
100001D4
102
{ACAD_REACTORS
330
100001D2
102
}
330
100001D2
100
AcDbXrecord
1000
RsI+
  0
XRECORD
  5
100001D6
102
{ACAD_REACTORS
330
100001D2
102
}
330
100001D2
100
AcDbXrecord
1000
RtID
  0
XRECORD
  5
100001D7
102
{ACAD_REACTORS
330
100001D2
102
}
330
100001D2
100
AcDbXrecord
1000
RuID
  0
XRECORD
  5
100001DC
102
{ACAD_REACTORS
330
100001D9
102
}
330
100001D9
100
AcDbXrecord
 40
2.108199999999999
  0
XRECORD
  5
100001DA
102
{ACAD_REACTORS
330
100001D9
102
}
330
100001D9
100
AcDbXrecord
1000
SsIZN
  0
XRECORD
  5
100001DB
102
{ACAD_REACTORS
330
100001D9
102
}
330
100001D9
100
AcDbXrecord
1000
SsI2M
  0
XRECORD
  5
100001DD
102
{ACAD_REACTORS
330
100001D9
102
}
330
100001D9
100
AcDbXrecord
1000
RtID
  0
XRECORD
  5
100001DE
102
{ACAD_REACTORS
330
100001D9
102
}
330
100001D9
100
AcDbXrecord
1000
RuID
  0
XRECORD
  5
100001E3
102
{ACAD_REACTORS
330
100001E0
102
}
330
100001E0
100
AcDbXrecord
 40
2.108199999999999
  0
XRECORD
  5
100001E1
102
{ACAD_REACTORS
330
100001E0
102
}
330
100001E0
100
AcDbXrecord
1000
SsIdN
  0
XRECORD
  5
100001E2
102
{ACAD_REACTORS
330
100001E0
102
}
330
100001E0
100
AcDbXrecord
1000
SsI2M
  0
XRECORD
  5
100001E4
102
{ACAD_REACTORS
330
100001E0
102
}
330
100001E0
100
AcDbXrecord
1000
RtID
  0
XRECORD
  5
100001E5
102
{ACAD_REACTORS
330
100001E0
102
}
330
100001E0
100
AcDbXrecord
1000
RuID
  0
XRECORD
  5
100001E8
102
{ACAD_REACTORS
330
100001E7
102
}
330
100001E7
100
AcDbXrecord
1000
SsItK
  0
XRECORD
  5
100001E9
102
{ACAD_REACTORS
330
100001E7
102
}
330
100001E7
100
AcDbXrecord
1000
RtID
  0
XRECORD
  5
100001EA
102
{ACAD_REACTORS
330
100001E7
102
}
330
100001E7
100
AcDbXrecord
1000
RuID
  0
XRECORD
  5
100001ED
102
{ACAD_REACTORS
330
100001EC
102
}
330
100001EC
100
AcDbXrecord
1000
SsIBY
  0
XRECORD
  5
100001EE
102
{ACAD_REACTORS
330
100001EC
102
}
330
100001EC
100
AcDbXrecord
1000
RtID
  0
XRECORD
  5
100001EF
102
{ACAD_REACTORS
330
100001EC
102
}
330
100001EC
100
AcDbXrecord
1000
RuID
  0
XRECORD
  5
100001F2
102
{ACAD_REACTORS
330
100001F1
102
}
330
100001F1
100
AcDbXrecord
1000
SsIVO
  0
XRECORD
  5
100001F3
102
{ACAD_REACTORS
330
100001F1
102
}
330
100001F1
100
AcDbXrecord
1000
RtID
  0
XRECORD
  5
100001F4
102
{ACAD_REACTORS
330
100001F1
102
}
330
100001F1
100
AcDbXrecord
1000
RuID
  0
XRECORD
  5
100001F7
102
{ACAD_REACTORS
330
100001F6
102
}
330
100001F6
100
AcDbXrecord
1000
SsI5X
  0
XRECORD
  5
100001F8
102
{ACAD_REACTORS
330
100001F6
102
}
330
100001F6
100
AcDbXrecord
1000
RtID
  0
XRECORD
  5
100001F9
102
{ACAD_REACTORS
330
100001F6
102
}
330
100001F6
100
AcDbXrecord
1000
RuID
  0
XRECORD
  5
100001FC
102
{ACAD_REACTORS
330
100001FB
102
}
330
100001FB
100
AcDbXrecord
1000
SsIpK
  0
XRECORD
  5
100001FD
102
{ACAD_REACTORS
330
100001FB
102
}
330
100001FB
100
AcDbXrecord
1000
RtID
  0
XRECORD
  5
100001FE
102
{ACAD_REACTORS
330
100001FB
102
}
330
100001FB
100
AcDbXrecord
1000
RuID
  0
XRECORD
  5
10000201
102
{ACAD_REACTORS
330
10000200
102
}
330
10000200
100
AcDbXrecord
1000
SsIpF
  0
XRECORD
  5
10000202
102
{ACAD_REACTORS
330
10000200
102
}
330
10000200
100
AcDbXrecord
1000
RtID
  0
XRECORD
  5
10000203
102
{ACAD_REACTORS
330
10000200
102
}
330
10000200
100
AcDbXrecord
1000
RuID
  0
XRECORD
  5
10000206
102
{ACAD_REACTORS
330
10000205
102
}
330
10000205
100
AcDbXrecord
1000
SsIdK
  0
XRECORD
  5
10000207
102
{ACAD_REACTORS
330
10000205
102
}
330
10000205
100
AcDbXrecord
1000
RtID
  0
XRECORD
  5
10000208
102
{ACAD_REACTORS
330
10000205
102
}
330
10000205
100
AcDbXrecord
1000
RuID
  0
XRECORD
  5
1000020B
102
{ACAD_REACTORS
330
1000020A
102
}
330
1000020A
100
AcDbXrecord
1000
SsIxX
  0
XRECORD
  5
1000020C
102
{ACAD_REACTORS
330
1000020A
102
}
330
1000020A
100
AcDbXrecord
1000
RtID
  0
XRECORD
  5
1000020D
102
{ACAD_REACTORS
330
1000020A
102
}
330
1000020A
100
AcDbXrecord
1000
RuID
  0
XRECORD
  5
10000210
102
{ACAD_REACTORS
330
1000020F
102
}
330
1000020F
100
AcDbXrecord
1000
SsIRO
  0
XRECORD
  5
10000211
102
{ACAD_REACTORS
330
1000020F
102
}
330
1000020F
100
AcDbXrecord
1000
RtID
  0
XRECORD
  5
10000212
102
{ACAD_REACTORS
330
1000020F
102
}
330
1000020F
100
AcDbXrecord
1000
RuID
  0
XRECORD
  5
10000215
102
{ACAD_REACTORS
330
10000214
102
}
330
10000214
100
AcDbXrecord
1000
SsIpX
  0
XRECORD
  5
10000216
102
{ACAD_REACTORS
330
10000214
102
}
330
10000214
100
AcDbXrecord
1000
RtID
  0
XRECORD
  5
10000217
102
{ACAD_REACTORS
330
10000214
102
}
330
10000214
100
AcDbXrecord
1000
RuID
  0
XRECORD
  5
1000021A
102
{ACAD_REACTORS
330
10000219
102
}
330
10000219
100
AcDbXrecord
1000
SsIZK
  0
XRECORD
  5
1000021B
102
{ACAD_REACTORS
330
10000219
102
}
330
10000219
100
AcDbXrecord
1000
RtID
  0
XRECORD
  5
1000021C
102
{ACAD_REACTORS
330
10000219
102
}
330
10000219
100
AcDbXrecord
1000
RuID
  0
XRECORD
  5
10000221
102
{ACAD_REACTORS
330
1000021E
102
}
330
1000021E
100
AcDbXrecord
 40
2.108199999999999
  0
XRECORD
  5
1000021F
102
{ACAD_REACTORS
330
1000021E
102
}
330
1000021E
100
AcDbXrecord
1000
SsIxM
  0
XRECORD
  5
10000220
102
{ACAD_REACTORS
330
1000021E
102
}
330
1000021E
100
AcDbXrecord
1000
SsImD
  0
XRECORD
  5
10000222
102
{ACAD_REACTORS
330
1000021E
102
}
330
1000021E
100
AcDbXrecord
1000
RtID
  0
XRECORD
  5
10000223
102
{ACAD_REACTORS
330
1000021E
102
}
330
1000021E
100
AcDbXrecord
1000
RuID
  0
XRECORD
  5
10000228
102
{ACAD_REACTORS
330
10000225
102
}
330
10000225
100
AcDbXrecord
 40
2.108199999999999
  0
XRECORD
  5
10000226
102
{ACAD_REACTORS
330
10000225
102
}
330
10000225
100
AcDbXrecord
1000
SsI1M
  0
XRECORD
  5
10000227
102
{ACAD_REACTORS
330
10000225
102
}
330
10000225
100
AcDbXrecord
1000
SsIqD
  0
XRECORD
  5
10000229
102
{ACAD_REACTORS
330
10000225
102
}
330
10000225
100
AcDbXrecord
1000
RtID
  0
XRECORD
  5
1000022A
102
{ACAD_REACTORS
330
10000225
102
}
330
10000225
100
AcDbXrecord
1000
RuID
  0
XRECORD
  5
1000022F
102
{ACAD_REACTORS
330
1000022C
102
}
330
1000022C
100
AcDbXrecord
 40
2.108199999999999
  0
XRECORD
  5
1000022D
102
{ACAD_REACTORS
330
1000022C
102
}
330
1000022C
100
AcDbXrecord
1000
SsIhM
  0
XRECORD
  5
1000022E
102
{ACAD_REACTORS
330
1000022C
102
}
330
1000022C
100
AcDbXrecord
1000
SsIWD
  0
XRECORD
  5
10000230
102
{ACAD_REACTORS
330
1000022C
102
}
330
1000022C
100
AcDbXrecord
1000
RtID
  0
XRECORD
  5
10000231
102
{ACAD_REACTORS
330
1000022C
102
}
330
1000022C
100
AcDbXrecord
1000
RuID
  0
XRECORD
  5
10000236
102
{ACAD_REACTORS
330
10000233
102
}
330
10000233
100
AcDbXrecord
 40
2.108199999999999
  0
XRECORD
  5
10000234
102
{ACAD_REACTORS
330
10000233
102
}
330
10000233
100
AcDbXrecord
1000
SsIlM
  0
XRECORD
  5
10000235
102
{ACAD_REACTORS
330
10000233
102
}
330
10000233
100
AcDbXrecord
1000
SsIaD
  0
XRECORD
  5
10000237
102
{ACAD_REACTORS
330
10000233
102
}
330
10000233
100
AcDbXrecord
1000
RtID
  0
XRECORD
  5
10000238
102
{ACAD_REACTORS
330
10000233
102
}
330
10000233
100
AcDbXrecord
1000
RuID
  0
XRECORD
  5
1000023D
102
{ACAD_REACTORS
330
1000023A
102
}
330
1000023A
100
AcDbXrecord
 40
2.108199999999999
  0
XRECORD
  5
1000023B
102
{ACAD_REACTORS
330
1000023A
102
}
330
1000023A
100
AcDbXrecord
1000
SsIBN
  0
XRECORD
  5
1000023C
102
{ACAD_REACTORS
330
1000023A
102
}
330
1000023A
100
AcDbXrecord
1000
SsI2D
  0
XRECORD
  5
1000023E
102
{ACAD_REACTORS
330
1000023A
102
}
330
1000023A
100
AcDbXrecord
1000
RtID
  0
XRECORD
  5
1000023F
102
{ACAD_REACTORS
330
1000023A
102
}
330
1000023A
100
AcDbXrecord
1000
RuID
  0
XRECORD
  5
10000244
102
{ACAD_REACTORS
330
10000241
102
}
330
10000241
100
AcDbXrecord
 40
2.108199999999999
  0
XRECORD
  5
10000242
102
{ACAD_REACTORS
330
10000241
102
}
330
10000241
100
AcDbXrecord
1000
SsIFN
  0
XRECORD
  5
10000243
102
{ACAD_REACTORS
330
10000241
102
}
330
10000241
100
AcDbXrecord
1000
SsI6D
  0
XRECORD
  5
10000245
102
{ACAD_REACTORS
330
10000241
102
}
330
10000241
100
AcDbXrecord
1000
RtID
  0
XRECORD
  5
10000246
102
{ACAD_REACTORS
330
10000241
102
}
330
10000241
100
AcDbXrecord
1000
RuID
  0
XRECORD
  5
10000249
102
{ACAD_REACTORS
330
10000248
102
}
330
10000248
100
AcDbXrecord
1000
SsIhF
  0
XRECORD
  5
1000024A
102
{ACAD_REACTORS
330
10000248
102
}
330
10000248
100
AcDbXrecord
1000
RtID
  0
XRECORD
  5
1000024B
102
{ACAD_REACTORS
330
10000248
102
}
330
10000248
100
AcDbXrecord
1000
RuID
  0
XRECORD
  5
10000250
102
{ACAD_REACTORS
330
1000024D
102
}
330
1000024D
100
AcDbXrecord
 40
2.108199999999999
  0
XRECORD
  5
1000024E
102
{ACAD_REACTORS
330
1000024D
102
}
330
1000024D
100
AcDbXrecord
1000
SsIRN
  0
XRECORD
  5
1000024F
102
{ACAD_REACTORS
330
1000024D
102
}
330
1000024D
100
AcDbXrecord
1000
SsIGE
  0
XRECORD
  5
10000251
102
{ACAD_REACTORS
330
1000024D
102
}
330
1000024D
100
AcDbXrecord
1000
RtID
  0
XRECORD
  5
10000252
102
{ACAD_REACTORS
330
1000024D
102
}
330
1000024D
100
AcDbXrecord
1000
RuID
  0
XRECORD
  5
10000255
102
{ACAD_REACTORS
330
10000254
102
}
330
10000254
100
AcDbXrecord
1000
SsINK
  0
XRECORD
  5
10000256
102
{ACAD_REACTORS
330
10000254
102
}
330
10000254
100
AcDbXrecord
1000
RtID
  0
XRECORD
  5
10000257
102
{ACAD_REACTORS
330
10000254
102
}
330
10000254
100
AcDbXrecord
1000
RuID
  0
XRECORD
  5
1000025A
102
{ACAD_REACTORS
330
10000259
102
}
330
10000259
100
AcDbXrecord
1000
SsIhX
  0
XRECORD
  5
1000025B
102
{ACAD_REACTORS
330
10000259
102
}
330
10000259
100
AcDbXrecord
1000
RtID
  0
XRECORD
  5
1000025C
102
{ACAD_REACTORS
330
10000259
102
}
330
10000259
100
AcDbXrecord
1000
RuID
  0
XRECORD
  5
1000025F
102
{ACAD_REACTORS
330
1000025E
102
}
330
1000025E
100
AcDbXrecord
1000
SsINO
  0
XRECORD
  5
10000260
102
{ACAD_REACTORS
330
1000025E
102
}
330
1000025E
100
AcDbXrecord
1000
RtID
  0
XRECORD
  5
10000261
102
{ACAD_REACTORS
330
1000025E
102
}
330
1000025E
100
AcDbXrecord
1000
RuID
  0
XRECORD
  5
10000264
102
{ACAD_REACTORS
330
10000263
102
}
330
10000263
100
AcDbXrecord
1000
SsIZX
  0
XRECORD
  5
10000265
102
{ACAD_REACTORS
330
10000263
102
}
330
10000263
100
AcDbXrecord
1000
RtID
  0
XRECORD
  5
10000266
102
{ACAD_REACTORS
330
10000263
102
}
330
10000263
100
AcDbXrecord
1000
RuID
  0
XRECORD
  5
10000269
102
{ACAD_REACTORS
330
10000268
102
}
330
10000268
100
AcDbXrecord
1000
SsIJK
  0
XRECORD
  5
1000026A
102
{ACAD_REACTORS
330
10000268
102
}
330
10000268
100
AcDbXrecord
1000
RtID
  0
XRECORD
  5
1000026B
102
{ACAD_REACTORS
330
10000268
102
}
330
10000268
100
AcDbXrecord
1000
RuID
  0
XRECORD
  5
1000026E
102
{ACAD_REACTORS
330
1000026D
102
}
330
1000026D
100
AcDbXrecord
1000
SsIZF
  0
XRECORD
  5
1000026F
102
{ACAD_REACTORS
330
1000026D
102
}
330
1000026D
100
AcDbXrecord
1000
RtID
  0
XRECORD
  5
10000270
102
{ACAD_REACTORS
330
1000026D
102
}
330
1000026D
100
AcDbXrecord
1000
RuID
  0
XRECORD
  5
10000273
102
{ACAD_REACTORS
330
10000272
102
}
330
10000272
100
AcDbXrecord
1000
SsI9J
  0
XRECORD
  5
10000274
102
{ACAD_REACTORS
330
10000272
102
}
330
10000272
100
AcDbXrecord
1000
RtID
  0
XRECORD
  5
10000275
102
{ACAD_REACTORS
330
10000272
102
}
330
10000272
100
AcDbXrecord
1000
RuID
  0
XRECORD
  5
10000278
102
{ACAD_REACTORS
330
10000277
102
}
330
10000277
100
AcDbXrecord
1000
SsIRX
  0
XRECORD
  5
10000279
102
{ACAD_REACTORS
330
10000277
102
}
330
10000277
100
AcDbXrecord
1000
RtID
  0
XRECORD
  5
1000027A
102
{ACAD_REACTORS
330
10000277
102
}
330
10000277
100
AcDbXrecord
1000
RuID
  0
XRECORD
  5
1000027D
102
{ACAD_REACTORS
330
1000027C
102
}
330
1000027C
100
AcDbXrecord
1000
SsIJO
  0
XRECORD
  5
1000027E
102
{ACAD_REACTORS
330
1000027C
102
}
330
1000027C
100
AcDbXrecord
1000
RtID
  0
XRECORD
  5
1000027F
102
{ACAD_REACTORS
330
1000027C
102
}
330
1000027C
100
AcDbXrecord
1000
RuID
  0
XRECORD
  5
10000282
102
{ACAD_REACTORS
330
10000281
102
}
330
10000281
100
AcDbXrecord
1000
SsIJX
  0
XRECORD
  5
10000283
102
{ACAD_REACTORS
330
10000281
102
}
330
10000281
100
AcDbXrecord
1000
RtID
  0
XRECORD
  5
10000284
102
{ACAD_REACTORS
330
10000281
102
}
330
10000281
100
AcDbXrecord
1000
RuID
  0
XRECORD
  5
10000287
102
{ACAD_REACTORS
330
10000286
102
}
330
10000286
100
AcDbXrecord
1000
SsI5J
  0
XRECORD
  5
10000288
102
{ACAD_REACTORS
330
10000286
102
}
330
10000286
100
AcDbXrecord
1000
RtID
  0
XRECORD
  5
10000289
102
{ACAD_REACTORS
330
10000286
102
}
330
10000286
100
AcDbXrecord
1000
RuID
  0
XRECORD
  5
1000028C
102
{ACAD_REACTORS
330
1000028B
102
}
330
1000028B
100
AcDbXrecord
1000
SsIRF
  0
XRECORD
  5
1000028D
102
{ACAD_REACTORS
330
1000028B
102
}
330
1000028B
100
AcDbXrecord
1000
RtID
  0
XRECORD
  5
1000028E
102
{ACAD_REACTORS
330
1000028B
102
}
330
1000028B
100
AcDbXrecord
1000
RuID
  0
XRECORD
  5
10000291
102
{ACAD_REACTORS
330
10000290
102
}
330
10000290
100
AcDbXrecord
1000
SsItJ
  0
XRECORD
  5
10000292
102
{ACAD_REACTORS
330
10000290
102
}
330
10000290
100
AcDbXrecord
1000
RtID
  0
XRECORD
  5
10000293
102
{ACAD_REACTORS
330
10000290
102
}
330
10000290
100
AcDbXrecord
1000
RuID
  0
XRECORD
  5
10000296
102
{ACAD_REACTORS
330
10000295
102
}
330
10000295
100
AcDbXrecord
1000
SsIBX
  0
XRECORD
  5
10000297
102
{ACAD_REACTORS
330
10000295
102
}
330
10000295
100
AcDbXrecord
1000
RtID
  0
XRECORD
  5
10000298
102
{ACAD_REACTORS
330
10000295
102
}
330
10000295
100
AcDbXrecord
1000
RuID
  0
XRECORD
  5
1000029B
102
{ACAD_REACTORS
330
1000029A
102
}
330
1000029A
100
AcDbXrecord
1000
SsIFO
  0
XRECORD
  5
1000029C
102
{ACAD_REACTORS
330
1000029A
102
}
330
1000029A
100
AcDbXrecord
1000
RtID
  0
XRECORD
  5
1000029D
102
{ACAD_REACTORS
330
1000029A
102
}
330
1000029A
100
AcDbXrecord
1000
RuID
  0
XRECORD
  5
100002A0
102
{ACAD_REACTORS
330
1000029F
102
}
330
1000029F
100
AcDbXrecord
1000
SsI5W
  0
XRECORD
  5
100002A1
102
{ACAD_REACTORS
330
1000029F
102
}
330
1000029F
100
AcDbXrecord
1000
RtID
  0
XRECORD
  5
100002A2
102
{ACAD_REACTORS
330
1000029F
102
}
330
1000029F
100
AcDbXrecord
1000
RuID
  0
XRECORD
  5
100002A5
102
{ACAD_REACTORS
330
100002A4
102
}
330
100002A4
100
AcDbXrecord
1000
SsIpJ
  0
XRECORD
  5
100002A6
102
{ACAD_REACTORS
330
100002A4
102
}
330
100002A4
100
AcDbXrecord
1000
RtID
  0
XRECORD
  5
100002A7
102
{ACAD_REACTORS
330
100002A4
102
}
330
100002A4
100
AcDbXrecord
1000
RuID
  0
XRECORD
  5
100002AA
102
{ACAD_REACTORS
330
100002A9
102
}
330
100002A9
100
AcDbXrecord
1000
SsIJF
  0
XRECORD
  5
100002AB
102
{ACAD_REACTORS
330
100002A9
102
}
330
100002A9
100
AcDbXrecord
1000
RtID
  0
XRECORD
  5
100002AC
102
{ACAD_REACTORS
330
100002A9
102
}
330
100002A9
100
AcDbXrecord
1000
RuID
  0
XRECORD
  5
100002AF
102
{ACAD_REACTORS
330
100002AE
102
}
330
100002AE
100
AcDbXrecord
1000
SsIdJ
  0
XRECORD
  5
100002B0
102
{ACAD_REACTORS
330
100002AE
102
}
330
100002AE
100
AcDbXrecord
1000
RtID
  0
XRECORD
  5
100002B1
102
{ACAD_REACTORS
330
100002AE
102
}
330
100002AE
100
AcDbXrecord
1000
RuID
  0
XRECORD
  5
100002B4
102
{ACAD_REACTORS
330
100002B3
102
}
330
100002B3
100
AcDbXrecord
1000
SsIxW
  0
XRECORD
  5
100002B5
102
{ACAD_REACTORS
330
100002B3
102
}
330
100002B3
100
AcDbXrecord
1000
RtID
  0
XRECORD
  5
100002B6
102
{ACAD_REACTORS
330
100002B3
102
}
330
100002B3
100
AcDbXrecord
1000
RuID
  0
XRECORD
  5
100002B9
102
{ACAD_REACTORS
330
100002B8
102
}
330
100002B8
100
AcDbXrecord
1000
SsIBO
  0
XRECORD
  5
100002BA
102
{ACAD_REACTORS
330
100002B8
102
}
330
100002B8
100
AcDbXrecord
1000
RtID
  0
XRECORD
  5
100002BB
102
{ACAD_REACTORS
330
100002B8
102
}
330
100002B8
100
AcDbXrecord
1000
RuID
  0
XRECORD
  5
100002BE
102
{ACAD_REACTORS
330
100002BD
102
}
330
100002BD
100
AcDbXrecord
1000
SsIpW
  0
XRECORD
  5
100002BF
102
{ACAD_REACTORS
330
100002BD
102
}
330
100002BD
100
AcDbXrecord
1000
RtID
  0
XRECORD
  5
100002C0
102
{ACAD_REACTORS
330
100002BD
102
}
330
100002BD
100
AcDbXrecord
1000
RuID
  0
XRECORD
  5
100002C3
102
{ACAD_REACTORS
330
100002C2
102
}
330
100002C2
100
AcDbXrecord
1000
SsIZJ
  0
XRECORD
  5
100002C4
102
{ACAD_REACTORS
330
100002C2
102
}
330
100002C2
100
AcDbXrecord
1000
RtID
  0
XRECORD
  5
100002C5
102
{ACAD_REACTORS
330
100002C2
102
}
330
100002C2
100
AcDbXrecord
1000
RuID
  0
XRECORD
  5
100002C8
102
{ACAD_REACTORS
330
100002C7
102
}
330
100002C7
100
AcDbXrecord
1000
SsIBF
  0
XRECORD
  5
100002C9
102
{ACAD_REACTORS
330
100002C7
102
}
330
100002C7
100
AcDbXrecord
1000
RtID
  0
XRECORD
  5
100002CA
102
{ACAD_REACTORS
330
100002C7
102
}
330
100002C7
100
AcDbXrecord
1000
RuID
  0
XRECORD
  5
100002CD
102
{ACAD_REACTORS
330
100002CC
102
}
330
100002CC
100
AcDbXrecord
1000
SsINJ
  0
XRECORD
  5
100002CE
102
{ACAD_REACTORS
330
100002CC
102
}
330
100002CC
100
AcDbXrecord
1000
RtID
  0
XRECORD
  5
100002CF
102
{ACAD_REACTORS
330
100002CC
102
}
330
100002CC
100
AcDbXrecord
1000
RuID
  0
XRECORD
  5
100002D2
102
{ACAD_REACTORS
330
100002D1
102
}
330
100002D1
100
AcDbXrecord
1000
SsIhW
  0
XRECORD
  5
100002D3
102
{ACAD_REACTORS
330
100002D1
102
}
330
100002D1
100
AcDbXrecord
1000
RtID
  0
XRECORD
  5
100002D4
102
{ACAD_REACTORS
330
100002D1
102
}
330
100002D1
100
AcDbXrecord
1000
RuID
  0
XRECORD
  5
100002D7
102
{ACAD_REACTORS
330
100002D6
102
}
330
100002D6
100
AcDbXrecord
1000
SsI9N
  0
XRECORD
  5
100002D8
102
{ACAD_REACTORS
330
100002D6
102
}
330
100002D6
100
AcDbXrecord
1000
RtID
  0
XRECORD
  5
100002D9
102
{ACAD_REACTORS
330
100002D6
102
}
330
100002D6
100
AcDbXrecord
1000
RuID
  0
XRECORD
  5
100002DC
102
{ACAD_REACTORS
330
100002DB
102
}
330
100002DB
100
AcDbXrecord
1000
SsIZW
  0
XRECORD
  5
100002DD
102
{ACAD_REACTORS
330
100002DB
102
}
330
100002DB
100
AcDbXrecord
1000
RtID
  0
XRECORD
  5
100002DE
102
{ACAD_REACTORS
330
100002DB
102
}
330
100002DB
100
AcDbXrecord
1000
RuID
  0
XRECORD
  5
100002E1
102
{ACAD_REACTORS
330
100002E0
102
}
330
100002E0
100
AcDbXrecord
1000
SsIJJ
  0
XRECORD
  5
100002E2
102
{ACAD_REACTORS
330
100002E0
102
}
330
100002E0
100
AcDbXrecord
1000
RtID
  0
XRECORD
  5
100002E3
102
{ACAD_REACTORS
330
100002E0
102
}
330
100002E0
100
AcDbXrecord
1000
RuID
  0
XRECORD
  5
100002E6
102
{ACAD_REACTORS
330
100002E5
102
}
330
100002E5
100
AcDbXrecord
1000
SsI5E
  0
XRECORD
  5
100002E7
102
{ACAD_REACTORS
330
100002E5
102
}
330
100002E5
100
AcDbXrecord
1000
RtID
  0
XRECORD
  5
100002E8
102
{ACAD_REACTORS
330
100002E5
102
}
330
100002E5
100
AcDbXrecord
1000
RuID
  0
XRECORD
  5
100002EB
102
{ACAD_REACTORS
330
100002EA
102
}
330
100002EA
100
AcDbXrecord
1000
SsI9I
  0
XRECORD
  5
100002EC
102
{ACAD_REACTORS
330
100002EA
102
}
330
100002EA
100
AcDbXrecord
1000
RtID
  0
XRECORD
  5
100002ED
102
{ACAD_REACTORS
330
100002EA
102
}
330
100002EA
100
AcDbXrecord
1000
RuID
  0
XRECORD
  5
100002F0
102
{ACAD_REACTORS
330
100002EF
102
}
330
100002EF
100
AcDbXrecord
1000
SsIRW
  0
XRECORD
  5
100002F1
102
{ACAD_REACTORS
330
100002EF
102
}
330
100002EF
100
AcDbXrecord
1000
RtID
  0
XRECORD
  5
100002F2
102
{ACAD_REACTORS
330
100002EF
102
}
330
100002EF
100
AcDbXrecord
1000
RuID
  0
XRECORD
  5
100002F5
102
{ACAD_REACTORS
330
100002F4
102
}
330
100002F4
100
AcDbXrecord
1000
SsI5N
  0
XRECORD
  5
100002F6
102
{ACAD_REACTORS
330
100002F4
102
}
330
100002F4
100
AcDbXrecord
1000
RtID
  0
XRECORD
  5
100002F7
102
{ACAD_REACTORS
330
100002F4
102
}
330
100002F4
100
AcDbXrecord
1000
RuID
  0
XRECORD
  5
100002FA
102
{ACAD_REACTORS
330
100002F9
102
}
330
100002F9
100
AcDbXrecord
1000
SsIJW
  0
XRECORD
  5
100002FB
102
{ACAD_REACTORS
330
100002F9
102
}
330
100002F9
100
AcDbXrecord
1000
RtID
  0
XRECORD
  5
100002FC
102
{ACAD_REACTORS
330
100002F9
102
}
330
100002F9
100
AcDbXrecord
1000
RuID
  0
XRECORD
  5
100002FF
102
{ACAD_REACTORS
330
100002FE
102
}
330
100002FE
100
AcDbXrecord
1000
SsI5I
  0
XRECORD
  5
10000300
102
{ACAD_REACTORS
330
100002FE
102
}
330
100002FE
100
AcDbXrecord
1000
RtID
  0
XRECORD
  5
10000301
102
{ACAD_REACTORS
330
100002FE
102
}
330
100002FE
100
AcDbXrecord
1000
RuID
  0
XRECORD
  5
10000304
102
{ACAD_REACTORS
330
10000303
102
}
330
10000303
100
AcDbXrecord
1000
SsIxE
  0
XRECORD
  5
10000305
102
{ACAD_REACTORS
330
10000303
102
}
330
10000303
100
AcDbXrecord
1000
RtID
  0
XRECORD
  5
10000306
102
{ACAD_REACTORS
330
10000303
102
}
330
10000303
100
AcDbXrecord
1000
RuID
  0
XRECORD
  5
10000309
102
{ACAD_REACTORS
330
10000308
102
}
330
10000308
100
AcDbXrecord
1000
SsItI
  0
XRECORD
  5
1000030A
102
{ACAD_REACTORS
330
10000308
102
}
330
10000308
100
AcDbXrecord
1000
RtID
  0
XRECORD
  5
1000030B
102
{ACAD_REACTORS
330
10000308
102
}
330
10000308
100
AcDbXrecord
1000
RuID
  0
XRECORD
  5
1000030E
102
{ACAD_REACTORS
330
1000030D
102
}
330
1000030D
100
AcDbXrecord
1000
SsIBW
  0
XRECORD
  5
1000030F
102
{ACAD_REACTORS
330
1000030D
102
}
330
1000030D
100
AcDbXrecord
1000
RtID
  0
XRECORD
  5
10000310
102
{ACAD_REACTORS
330
1000030D
102
}
330
1000030D
100
AcDbXrecord
1000
RuID
  0
XRECORD
  5
10000313
102
{ACAD_REACTORS
330
10000312
102
}
330
10000312
100
AcDbXrecord
1000
SsI1N
  0
XRECORD
  5
10000314
102
{ACAD_REACTORS
330
10000312
102
}
330
10000312
100
AcDbXrecord
1000
RtID
  0
XRECORD
  5
10000315
102
{ACAD_REACTORS
330
10000312
102
}
330
10000312
100
AcDbXrecord
1000
RuID
  0
XRECORD
  5
10000318
102
{ACAD_REACTORS
330
10000317
102
}
330
10000317
100
AcDbXrecord
1000
SsI5V
  0
XRECORD
  5
10000319
102
{ACAD_REACTORS
330
10000317
102
}
330
10000317
100
AcDbXrecord
1000
RtID
  0
XRECORD
  5
1000031A
102
{ACAD_REACTORS
330
10000317
102
}
330
10000317
100
AcDbXrecord
1000
RuID
  0
XRECORD
  5
1000031D
102
{ACAD_REACTORS
330
1000031C
102
}
330
1000031C
100
AcDbXrecord
1000
SsIpI
  0
XRECORD
  5
1000031E
102
{ACAD_REACTORS
330
1000031C
102
}
330
1000031C
100
AcDbXrecord
1000
RtID
  0
XRECORD
  5
1000031F
102
{ACAD_REACTORS
330
1000031C
102
}
330
1000031C
100
AcDbXrecord
1000
RuID
  0
XRECORD
  5
10000322
102
{ACAD_REACTORS
330
10000321
102
}
330
10000321
100
AcDbXrecord
1000
SsIpE
  0
XRECORD
  5
10000323
102
{ACAD_REACTORS
330
10000321
102
}
330
10000321
100
AcDbXrecord
1000
RtID
  0
XRECORD
  5
10000324
102
{ACAD_REACTORS
330
10000321
102
}
330
10000321
100
AcDbXrecord
1000
RuID
  0
XRECORD
  5
10000327
102
{ACAD_REACTORS
330
10000326
102
}
330
10000326
100
AcDbXrecord
1000
SsIdI
  0
XRECORD
  5
10000328
102
{ACAD_REACTORS
330
10000326
102
}
330
10000326
100
AcDbXrecord
1000
RtID
  0
XRECORD
  5
10000329
102
{ACAD_REACTORS
330
10000326
102
}
330
10000326
100
AcDbXrecord
1000
RuID
  0
XRECORD
  5
1000032C
102
{ACAD_REACTORS
330
1000032B
102
}
330
1000032B
100
AcDbXrecord
1000
SsIxV
  0
XRECORD
  5
1000032D
102
{ACAD_REACTORS
330
1000032B
102
}
330
1000032B
100
AcDbXrecord
1000
RtID
  0
XRECORD
  5
1000032E
102
{ACAD_REACTORS
330
1000032B
102
}
330
1000032B
100
AcDbXrecord
1000
RuID
  0
XRECORD
  5
10000331
102
{ACAD_REACTORS
330
10000330
102
}
330
10000330
100
AcDbXrecord
1000
SsIxN
  0
XRECORD
  5
10000332
102
{ACAD_REACTORS
330
10000330
102
}
330
10000330
100
AcDbXrecord
1000
RtID
  0
XRECORD
  5
10000333
102
{ACAD_REACTORS
330
10000330
102
}
330
10000330
100
AcDbXrecord
1000
RuID
  0
XRECORD
  5
10000336
102
{ACAD_REACTORS
330
10000335
102
}
330
10000335
100
AcDbXrecord
1000
SsIpV
  0
XRECORD
  5
10000337
102
{ACAD_REACTORS
330
10000335
102
}
330
10000335
100
AcDbXrecord
1000
RtID
  0
XRECORD
  5
10000338
102
{ACAD_REACTORS
330
10000335
102
}
330
10000335
100
AcDbXrecord
1000
RuID
  0
XRECORD
  5
1000033B
102
{ACAD_REACTORS
330
1000033A
102
}
330
1000033A
100
AcDbXrecord
1000
SsIZI
  0
XRECORD
  5
1000033C
102
{ACAD_REACTORS
330
1000033A
102
}
330
1000033A
100
AcDbXrecord
1000
RtID
  0
XRECORD
  5
1000033D
102
{ACAD_REACTORS
330
1000033A
102
}
330
1000033A
100
AcDbXrecord
1000
RuID
  0
XRECORD
  5
10000340
102
{ACAD_REACTORS
330
1000033F
102
}
330
1000033F
100
AcDbXrecord
1000
SsIhE
  0
XRECORD
  5
10000341
102
{ACAD_REACTORS
330
1000033F
102
}
330
1000033F
100
AcDbXrecord
1000
RtID
  0
XRECORD
  5
10000342
102
{ACAD_REACTORS
330
1000033F
102
}
330
1000033F
100
AcDbXrecord
1000
RuID
  0
XRECORD
  5
10000345
102
{ACAD_REACTORS
330
10000344
102
}
330
10000344
100
AcDbXrecord
1000
SsIBD
  0
XRECORD
  5
10000346
102
{ACAD_REACTORS
330
10000344
102
}
330
10000344
100
AcDbXrecord
1000
RtID
  0
XRECORD
  5
10000347
102
{ACAD_REACTORS
330
10000344
102
}
330
10000344
100
AcDbXrecord
1000
RuID
  0
XRECORD
  5
1000034A
102
{ACAD_REACTORS
330
10000349
102
}
330
10000349
100
AcDbXrecord
1000
SsIhV
  0
XRECORD
  5
1000034B
102
{ACAD_REACTORS
330
10000349
102
}
330
10000349
100
AcDbXrecord
1000
RtID
  0
XRECORD
  5
1000034C
102
{ACAD_REACTORS
330
10000349
102
}
330
10000349
100
AcDbXrecord
1000
RuID
  0
XRECORD
  5
1000034F
102
{ACAD_REACTORS
330
1000034E
102
}
330
1000034E
100
AcDbXrecord
1000
SsItN
  0
XRECORD
  5
10000350
102
{ACAD_REACTORS
330
1000034E
102
}
330
1000034E
100
AcDbXrecord
1000
RtID
  0
XRECORD
  5
10000351
102
{ACAD_REACTORS
330
1000034E
102
}
330
1000034E
100
AcDbXrecord
1000
RuID
  0
XRECORD
  5
10000354
102
{ACAD_REACTORS
330
10000353
102
}
330
10000353
100
AcDbXrecord
1000
SsIZV
  0
XRECORD
  5
10000355
102
{ACAD_REACTORS
330
10000353
102
}
330
10000353
100
AcDbXrecord
1000
RtID
  0
XRECORD
  5
10000356
102
{ACAD_REACTORS
330
10000353
102
}
330
10000353
100
AcDbXrecord
1000
RuID
  0
XRECORD
  5
10000359
102
{ACAD_REACTORS
330
10000358
102
}
330
10000358
100
AcDbXrecord
1000
SsIBC
  0
XRECORD
  5
1000035A
102
{ACAD_REACTORS
330
10000358
102
}
330
10000358
100
AcDbXrecord
1000
RtID
  0
XRECORD
  5
1000035B
102
{ACAD_REACTORS
330
10000358
102
}
330
10000358
100
AcDbXrecord
1000
RuID
  0
XRECORD
  5
1000035E
102
{ACAD_REACTORS
330
1000035D
102
}
330
1000035D
100
AcDbXrecord
1000
SsIRC
  0
XRECORD
  5
1000035F
102
{ACAD_REACTORS
330
1000035D
102
}
330
1000035D
100
AcDbXrecord
1000
RtID
  0
XRECORD
  5
10000360
102
{ACAD_REACTORS
330
1000035D
102
}
330
1000035D
100
AcDbXrecord
1000
RuID
  0
XRECORD
  5
10000363
102
{ACAD_REACTORS
330
10000362
102
}
330
10000362
100
AcDbXrecord
1000
SsI5B
  0
XRECORD
  5
10000364
102
{ACAD_REACTORS
330
10000362
102
}
330
10000362
100
AcDbXrecord
1000
RtID
  0
XRECORD
  5
10000365
102
{ACAD_REACTORS
330
10000362
102
}
330
10000362
100
AcDbXrecord
1000
RuID
  0
XRECORD
  5
10000368
102
{ACAD_REACTORS
330
10000367
102
}
330
10000367
100
AcDbXrecord
1000
SsIJV
  0
XRECORD
  5
10000369
102
{ACAD_REACTORS
330
10000367
102
}
330
10000367
100
AcDbXrecord
1000
RtID
  0
XRECORD
  5
1000036A
102
{ACAD_REACTORS
330
10000367
102
}
330
10000367
100
AcDbXrecord
1000
RuID
  0
XRECORD
  5
1000036D
102
{ACAD_REACTORS
330
1000036C
102
}
330
1000036C
100
AcDbXrecord
1000
SsIpN
  0
XRECORD
  5
1000036E
102
{ACAD_REACTORS
330
1000036C
102
}
330
1000036C
100
AcDbXrecord
1000
RtID
  0
XRECORD
  5
1000036F
102
{ACAD_REACTORS
330
1000036C
102
}
330
1000036C
100
AcDbXrecord
1000
RuID
  0
XRECORD
  5
10000372
102
{ACAD_REACTORS
330
10000371
102
}
330
10000371
100
AcDbXrecord
1000
SsIRV
  0
XRECORD
  5
10000373
102
{ACAD_REACTORS
330
10000371
102
}
330
10000371
100
AcDbXrecord
1000
RtID
  0
XRECORD
  5
10000374
102
{ACAD_REACTORS
330
10000371
102
}
330
10000371
100
AcDbXrecord
1000
RuID
  0
XRECORD
  5
10000377
102
{ACAD_REACTORS
330
10000376
102
}
330
10000376
100
AcDbXrecord
1000
SsI5C
  0
XRECORD
  5
10000378
102
{ACAD_REACTORS
330
10000376
102
}
330
10000376
100
AcDbXrecord
1000
RtID
  0
XRECORD
  5
10000379
102
{ACAD_REACTORS
330
10000376
102
}
330
10000376
100
AcDbXrecord
1000
RuID
  0
XRECORD
  5
1000037C
102
{ACAD_REACTORS
330
1000037B
102
}
330
1000037B
100
AcDbXrecord
1000
SsIxF
  0
XRECORD
  5
1000037D
102
{ACAD_REACTORS
330
1000037B
102
}
330
1000037B
100
AcDbXrecord
1000
RtID
  0
XRECORD
  5
1000037E
102
{ACAD_REACTORS
330
1000037B
102
}
330
1000037B
100
AcDbXrecord
1000
RuID
  0
XRECORD
  5
10000383
102
{ACAD_REACTORS
330
10000380
102
}
330
10000380
100
AcDbXrecord
 40
2.108199999999999
  0
XRECORD
  5
10000381
102
{ACAD_REACTORS
330
10000380
102
}
330
10000380
100
AcDbXrecord
1000
SsI5M
  0
XRECORD
  5
10000382
102
{ACAD_REACTORS
330
10000380
102
}
330
10000380
100
AcDbXrecord
1000
SsI2M
  0
XRECORD
  5
10000384
102
{ACAD_REACTORS
330
10000380
102
}
330
10000380
100
AcDbXrecord
1000
RtID
  0
XRECORD
  5
10000385
102
{ACAD_REACTORS
330
10000380
102
}
330
10000380
100
AcDbXrecord
1000
RuID
  0
XRECORD
  5
1000038A
102
{ACAD_REACTORS
330
10000387
102
}
330
10000387
100
AcDbXrecord
 40
2.108199999999999
  0
XRECORD
  5
10000388
102
{ACAD_REACTORS
330
10000387
102
}
330
10000387
100
AcDbXrecord
1000
SsI9M
  0
XRECORD
  5
10000389
102
{ACAD_REACTORS
330
10000387
102
}
330
10000387
100
AcDbXrecord
1000
SsI2M
  0
XRECORD
  5
1000038B
102
{ACAD_REACTORS
330
10000387
102
}
330
10000387
100
AcDbXrecord
1000
RtID
  0
XRECORD
  5
1000038C
102
{ACAD_REACTORS
330
10000387
102
}
330
10000387
100
AcDbXrecord
1000
RuID
  0
XRECORD
  5
10000391
102
{ACAD_REACTORS
330
1000038E
102
}
330
1000038E
100
AcDbXrecord
 40
2.108199999999999
  0
XRECORD
  5
1000038F
102
{ACAD_REACTORS
330
1000038E
102
}
330
1000038E
100
AcDbXrecord
1000
SsIpM
  0
XRECORD
  5
10000390
102
{ACAD_REACTORS
330
1000038E
102
}
330
1000038E
100
AcDbXrecord
1000
SsI2M
  0
XRECORD
  5
10000392
102
{ACAD_REACTORS
330
1000038E
102
}
330
1000038E
100
AcDbXrecord
1000
RtID
  0
XRECORD
  5
10000393
102
{ACAD_REACTORS
330
1000038E
102
}
330
1000038E
100
AcDbXrecord
1000
RuID
  0
XRECORD
  5
10000398
102
{ACAD_REACTORS
330
10000395
102
}
330
10000395
100
AcDbXrecord
 40
2.108199999999999
  0
XRECORD
  5
10000396
102
{ACAD_REACTORS
330
10000395
102
}
330
10000395
100
AcDbXrecord
1000
SsItM
  0
XRECORD
  5
10000397
102
{ACAD_REACTORS
330
10000395
102
}
330
10000395
100
AcDbXrecord
1000
SsI2M
  0
XRECORD
  5
10000399
102
{ACAD_REACTORS
330
10000395
102
}
330
10000395
100
AcDbXrecord
1000
RtID
  0
XRECORD
  5
1000039A
102
{ACAD_REACTORS
330
10000395
102
}
330
10000395
100
AcDbXrecord
1000
RuID
  0
XRECORD
  5
1000039F
102
{ACAD_REACTORS
330
1000039C
102
}
330
1000039C
100
AcDbXrecord
 40
2.108199999999999
  0
XRECORD
  5
1000039D
102
{ACAD_REACTORS
330
1000039C
102
}
330
1000039C
100
AcDbXrecord
1000
SsIZM
  0
XRECORD
  5
1000039E
102
{ACAD_REACTORS
330
1000039C
102
}
330
1000039C
100
AcDbXrecord
1000
SsI2M
  0
XRECORD
  5
100003A0
102
{ACAD_REACTORS
330
1000039C
102
}
330
1000039C
100
AcDbXrecord
1000
RtID
  0
XRECORD
  5
100003A1
102
{ACAD_REACTORS
330
1000039C
102
}
330
1000039C
100
AcDbXrecord
1000
RuID
  0
XRECORD
  5
100003A6
102
{ACAD_REACTORS
330
100003A3
102
}
330
100003A3
100
AcDbXrecord
 40
2.108199999999999
  0
XRECORD
  5
100003A4
102
{ACAD_REACTORS
330
100003A3
102
}
330
100003A3
100
AcDbXrecord
1000
SsIdM
  0
XRECORD
  5
100003A5
102
{ACAD_REACTORS
330
100003A3
102
}
330
100003A3
100
AcDbXrecord
1000
SsI2M
  0
XRECORD
  5
100003A7
102
{ACAD_REACTORS
330
100003A3
102
}
330
100003A3
100
AcDbXrecord
1000
RtID
  0
XRECORD
  5
100003A8
102
{ACAD_REACTORS
330
100003A3
102
}
330
100003A3
100
AcDbXrecord
1000
RuID
  0
XRECORD
  5
100003AD
102
{ACAD_REACTORS
330
100003AA
102
}
330
100003AA
100
AcDbXrecord
 40
2.108199999999999
  0
XRECORD
  5
100003AB
102
{ACAD_REACTORS
330
100003AA
102
}
330
100003AA
100
AcDbXrecord
1000
SsI5K
  0
XRECORD
  5
100003AC
102
{ACAD_REACTORS
330
100003AA
102
}
330
100003AA
100
AcDbXrecord
1000
SsI2M
  0
XRECORD
  5
100003AE
102
{ACAD_REACTORS
330
100003AA
102
}
330
100003AA
100
AcDbXrecord
1000
RtID
  0
XRECORD
  5
100003AF
102
{ACAD_REACTORS
330
100003AA
102
}
330
100003AA
100
AcDbXrecord
1000
RuID
  0
XRECORD
  5
100003B4
102
{ACAD_REACTORS
330
100003B1
102
}
330
100003B1
100
AcDbXrecord
 40
2.108199999999999
  0
XRECORD
  5
100003B2
102
{ACAD_REACTORS
330
100003B1
102
}
330
100003B1
100
AcDbXrecord
1000
SsI9K
  0
XRECORD
  5
100003B3
102
{ACAD_REACTORS
330
100003B1
102
}
330
100003B1
100
AcDbXrecord
1000
SsI2M
  0
XRECORD
  5
100003B5
102
{ACAD_REACTORS
330
100003B1
102
}
330
100003B1
100
AcDbXrecord
1000
RtID
  0
XRECORD
  5
100003B6
102
{ACAD_REACTORS
330
100003B1
102
}
330
100003B1
100
AcDbXrecord
1000
RuID
  0
XRECORD
  5
100003BB
102
{ACAD_REACTORS
330
100003B8
102
}
330
100003B8
100
AcDbXrecord
 40
125.0
  0
XRECORD
  5
100003B9
102
{ACAD_REACTORS
330
100003B8
102
}
330
100003B8
100
AcDbXrecord
1000
RsIB
  0
XRECORD
  5
100003BA
102
{ACAD_REACTORS
330
100003B8
102
}
330
100003B8
100
AcDbXrecord
1000
SsI2M
  0
XRECORD
  5
100003BC
102
{ACAD_REACTORS
330
100003B8
102
}
330
100003B8
100
AcDbXrecord
1000
RtID
  0
XRECORD
  5
100003BD
102
{ACAD_REACTORS
330
100003B8
102
}
330
100003B8
100
AcDbXrecord
1000
RuID
  0
XRECORD
  5
100003C2
102
{ACAD_REACTORS
330
100003BF
102
}
330
100003BF
100
AcDbXrecord
 40
2.108199999999999
  0
XRECORD
  5
100003C0
102
{ACAD_REACTORS
330
100003BF
102
}
330
100003BF
100
AcDbXrecord
1000
SsIJL
  0
XRECORD
  5
100003C1
102
{ACAD_REACTORS
330
100003BF
102
}
330
100003BF
100
AcDbXrecord
1000
SsI2M
  0
XRECORD
  5
100003C3
102
{ACAD_REACTORS
330
100003BF
102
}
330
100003BF
100
AcDbXrecord
1000
RtID
  0
XRECORD
  5
100003C4
102
{ACAD_REACTORS
330
100003BF
102
}
330
100003BF
100
AcDbXrecord
1000
RuID
  0
XRECORD
  5
100003C9
102
{ACAD_REACTORS
330
100003C6
102
}
330
100003C6
100
AcDbXrecord
 40
2.108199999999999
  0
XRECORD
  5
100003C7
102
{ACAD_REACTORS
330
100003C6
102
}
330
100003C6
100
AcDbXrecord
1000
SsINL
  0
XRECORD
  5
100003C8
102
{ACAD_REACTORS
330
100003C6
102
}
330
100003C6
100
AcDbXrecord
1000
SsI2M
  0
XRECORD
  5
100003CA
102
{ACAD_REACTORS
330
100003C6
102
}
330
100003C6
100
AcDbXrecord
1000
RtID
  0
XRECORD
  5
100003CB
102
{ACAD_REACTORS
330
100003C6
102
}
330
100003C6
100
AcDbXrecord
1000
RuID
  0
XRECORD
  5
100003D0
102
{ACAD_REACTORS
330
100003CD
102
}
330
100003CD
100
AcDbXrecord
 40
2.108199999999999
  0
XRECORD
  5
100003CE
102
{ACAD_REACTORS
330
100003CD
102
}
330
100003CD
100
AcDbXrecord
1000
SsIZL
  0
XRECORD
  5
100003CF
102
{ACAD_REACTORS
330
100003CD
102
}
330
100003CD
100
AcDbXrecord
1000
SsI2M
  0
XRECORD
  5
100003D1
102
{ACAD_REACTORS
330
100003CD
102
}
330
100003CD
100
AcDbXrecord
1000
RtID
  0
XRECORD
  5
100003D2
102
{ACAD_REACTORS
330
100003CD
102
}
330
100003CD
100
AcDbXrecord
1000
RuID
  0
XRECORD
  5
100003D7
102
{ACAD_REACTORS
330
100003D4
102
}
330
100003D4
100
AcDbXrecord
 40
2.108199999999999
  0
XRECORD
  5
100003D5
102
{ACAD_REACTORS
330
100003D4
102
}
330
100003D4
100
AcDbXrecord
1000
SsIdL
  0
XRECORD
  5
100003D6
102
{ACAD_REACTORS
330
100003D4
102
}
330
100003D4
100
AcDbXrecord
1000
SsI2M
  0
XRECORD
  5
100003D8
102
{ACAD_REACTORS
330
100003D4
102
}
330
100003D4
100
AcDbXrecord
1000
RtID
  0
XRECORD
  5
100003D9
102
{ACAD_REACTORS
330
100003D4
102
}
330
100003D4
100
AcDbXrecord
1000
RuID
  0
XRECORD
  5
100003DE
102
{ACAD_REACTORS
330
100003DB
102
}
330
100003DB
100
AcDbXrecord
 40
2.108199999999999
  0
XRECORD
  5
100003DC
102
{ACAD_REACTORS
330
100003DB
102
}
330
100003DB
100
AcDbXrecord
1000
SsIpL
  0
XRECORD
  5
100003DD
102
{ACAD_REACTORS
330
100003DB
102
}
330
100003DB
100
AcDbXrecord
1000
SsI2M
  0
XRECORD
  5
100003DF
102
{ACAD_REACTORS
330
100003DB
102
}
330
100003DB
100
AcDbXrecord
1000
RtID
  0
XRECORD
  5
100003E0
102
{ACAD_REACTORS
330
100003DB
102
}
330
100003DB
100
AcDbXrecord
1000
RuID
  0
XRECORD
  5
100003E5
102
{ACAD_REACTORS
330
100003E2
102
}
330
100003E2
100
AcDbXrecord
 40
2.108199999999999
  0
XRECORD
  5
100003E3
102
{ACAD_REACTORS
330
100003E2
102
}
330
100003E2
100
AcDbXrecord
1000
SsItL
  0
XRECORD
  5
100003E4
102
{ACAD_REACTORS
330
100003E2
102
}
330
100003E2
100
AcDbXrecord
1000
SsI2M
  0
XRECORD
  5
100003E6
102
{ACAD_REACTORS
330
100003E2
102
}
330
100003E2
100
AcDbXrecord
1000
RtID
  0
XRECORD
  5
100003E7
102
{ACAD_REACTORS
330
100003E2
102
}
330
100003E2
100
AcDbXrecord
1000
RuID
  0
XRECORD
  5
100003EC
102
{ACAD_REACTORS
330
100003E9
102
}
330
100003E9
100
AcDbXrecord
 40
2.108199999999999
  0
XRECORD
  5
100003EA
102
{ACAD_REACTORS
330
100003E9
102
}
330
100003E9
100
AcDbXrecord
1000
SsI5L
  0
XRECORD
  5
100003EB
102
{ACAD_REACTORS
330
100003E9
102
}
330
100003E9
100
AcDbXrecord
1000
SsI2M
  0
XRECORD
  5
100003ED
102
{ACAD_REACTORS
330
100003E9
102
}
330
100003E9
100
AcDbXrecord
1000
RtID
  0
XRECORD
  5
100003EE
102
{ACAD_REACTORS
330
100003E9
102
}
330
100003E9
100
AcDbXrecord
1000
RuID
  0
XRECORD
  5
100003F3
102
{ACAD_REACTORS
330
100003F0
102
}
330
100003F0
100
AcDbXrecord
 40
2.108199999999999
  0
XRECORD
  5
100003F1
102
{ACAD_REACTORS
330
100003F0
102
}
330
100003F0
100
AcDbXrecord
1000
SsI9L
  0
XRECORD
  5
100003F2
102
{ACAD_REACTORS
330
100003F0
102
}
330
100003F0
100
AcDbXrecord
1000
SsI2M
  0
XRECORD
  5
100003F4
102
{ACAD_REACTORS
330
100003F0
102
}
330
100003F0
100
AcDbXrecord
1000
RtID
  0
XRECORD
  5
100003F5
102
{ACAD_REACTORS
330
100003F0
102
}
330
100003F0
100
AcDbXrecord
1000
RuID
  0
XRECORD
  5
100003FA
102
{ACAD_REACTORS
330
100003F7
102
}
330
100003F7
100
AcDbXrecord
 40
2.108199999999999
  0
XRECORD
  5
100003F8
102
{ACAD_REACTORS
330
100003F7
102
}
330
100003F7
100
AcDbXrecord
1000
SsIJM
  0
XRECORD
  5
100003F9
102
{ACAD_REACTORS
330
100003F7
102
}
330
100003F7
100
AcDbXrecord
1000
SsI2M
  0
XRECORD
  5
100003FB
102
{ACAD_REACTORS
330
100003F7
102
}
330
100003F7
100
AcDbXrecord
1000
RtID
  0
XRECORD
  5
100003FC
102
{ACAD_REACTORS
330
100003F7
102
}
330
100003F7
100
AcDbXrecord
1000
RuID
  0
XRECORD
  5
10000401
102
{ACAD_REACTORS
330
100003FE
102
}
330
100003FE
100
AcDbXrecord
 40
2.108199999999999
  0
XRECORD
  5
100003FF
102
{ACAD_REACTORS
330
100003FE
102
}
330
100003FE
100
AcDbXrecord
1000
SsINM
  0
XRECORD
  5
10000400
102
{ACAD_REACTORS
330
100003FE
102
}
330
100003FE
100
AcDbXrecord
1000
SsI2M
  0
XRECORD
  5
10000402
102
{ACAD_REACTORS
330
100003FE
102
}
330
100003FE
100
AcDbXrecord
1000
RtID
  0
XRECORD
  5
10000403
102
{ACAD_REACTORS
330
100003FE
102
}
330
100003FE
100
AcDbXrecord
1000
RuID
  0
XRECORD
  5
10000408
102
{ACAD_REACTORS
330
10000405
102
}
330
10000405
100
AcDbXrecord
 40
2.108199999999999
  0
XRECORD
  5
10000406
102
{ACAD_REACTORS
330
10000405
102
}
330
10000405
100
AcDbXrecord
1000
SsIJN
  0
XRECORD
  5
10000407
102
{ACAD_REACTORS
330
10000405
102
}
330
10000405
100
AcDbXrecord
1000
SsI2M
  0
XRECORD
  5
10000409
102
{ACAD_REACTORS
330
10000405
102
}
330
10000405
100
AcDbXrecord
1000
RtID
  0
XRECORD
  5
1000040A
102
{ACAD_REACTORS
330
10000405
102
}
330
10000405
100
AcDbXrecord
1000
RuID
  0
XRECORD
  5
1000040F
102
{ACAD_REACTORS
330
1000040C
102
}
330
1000040C
100
AcDbXrecord
 40
2.108199999999999
  0
XRECORD
  5
1000040D
102
{ACAD_REACTORS
330
1000040C
102
}
330
1000040C
100
AcDbXrecord
1000
SsINN
  0
XRECORD
  5
1000040E
102
{ACAD_REACTORS
330
1000040C
102
}
330
1000040C
100
AcDbXrecord
1000
SsI2M
  0
XRECORD
  5
10000410
102
{ACAD_REACTORS
330
1000040C
102
}
330
1000040C
100
AcDbXrecord
1000
RtID
  0
XRECORD
  5
10000411
102
{ACAD_REACTORS
330
1000040C
102
}
330
1000040C
100
AcDbXrecord
1000
RuID
  0
XRECORD
  5
10000416
102
{ACAD_REACTORS
330
10000413
102
}
330
10000413
100
AcDbXrecord
 40
2.108199999999999
  0
XRECORD
  5
10000414
102
{ACAD_REACTORS
330
10000413
102
}
330
10000413
100
AcDbXrecord
1000
SsIZC
  0
XRECORD
  5
10000415
102
{ACAD_REACTORS
330
10000413
102
}
330
10000413
100
AcDbXrecord
1000
SsI2M
  0
XRECORD
  5
10000417
102
{ACAD_REACTORS
330
10000413
102
}
330
10000413
100
AcDbXrecord
1000
RtID
  0
XRECORD
  5
10000418
102
{ACAD_REACTORS
330
10000413
102
}
330
10000413
100
AcDbXrecord
1000
RuID
  0
XRECORD
  5
1000041D
102
{ACAD_REACTORS
330
1000041A
102
}
330
1000041A
100
AcDbXrecord
 40
2.108199999999999
  0
XRECORD
  5
1000041B
102
{ACAD_REACTORS
330
1000041A
102
}
330
1000041A
100
AcDbXrecord
1000
SsIdC
  0
XRECORD
  5
1000041C
102
{ACAD_REACTORS
330
1000041A
102
}
330
1000041A
100
AcDbXrecord
1000
SsI2M
  0
XRECORD
  5
1000041E
102
{ACAD_REACTORS
330
1000041A
102
}
330
1000041A
100
AcDbXrecord
1000
RtID
  0
XRECORD
  5
1000041F
102
{ACAD_REACTORS
330
1000041A
102
}
330
1000041A
100
AcDbXrecord
1000
RuID
  0
MATERIAL
  5
45
102
{ACAD_REACTORS
330
43
102
}
102
{ACAD_XDICTIONARY
360
10000455
102
}
330
43
100
AcDbMaterial
  1
BYBLOCK
  0
MATERIAL
  5
44
102
{ACAD_REACTORS
330
43
102
}
102
{ACAD_XDICTIONARY
360
10000453
102
}
330
43
100
AcDbMaterial
  1
BYLAYER
  0
MATERIAL
  5
46
102
{ACAD_REACTORS
330
43
102
}
102
{ACAD_XDICTIONARY
360
10000457
102
}
330
43
100
AcDbMaterial
  1
GLOBAL
  0
ACAD_PROXY_OBJECT
  5
5C
102
{ACAD_REACTORS
330
5B
102
}
330
5B
100
AcDbProxyObject
 90
      499
 91
      505
 93
      610
310
40901902A4063FBFFFFFE0000000000000020400000000000020404214DD185B99185C990000000000000104090141901A00000000000004100000000000000041025764000000000000039000
340
14
340
0
340
11
340
0
 94
        0
1001
ACAD_MLEADERVER
1070
     2
  0
MLINESTYLE
  5
18
102
{ACAD_REACTORS
330
17
102
}
330
17
100
AcDbMlineStyle
  2
Standard
 70
     0
  3

 62
   256
 51
90.0
 52
90.0
 71
     2
 49
0.5
 62
   256
  6
BYLAYER
 49
-0.5
 62
   256
  6
BYLAYER
  0
ACAD_PROXY_OBJECT
  5
10000023
102
{ACAD_REACTORS
330
47
102
}
330
47
100
AcDbProxyObject
 90
      499
 91
      503
 93
      121
310
9053130303A310000000000001650100
  0
ACAD_PROXY_OBJECT
  5
1000001D
102
{ACAD_REACTORS
330
47
102
}
330
47
100
AcDbProxyObject
 90
      499
 91
      503
 93
      113
310
90431303A310000000000000910100
  0
ACAD_PROXY_OBJECT
  5
1000001E
102
{ACAD_REACTORS
330
47
102
}
330
47
100
AcDbProxyObject
 90
      499
 91
      503
 93
      113
310
90431323A310000000000000A10100
  0
ACAD_PROXY_OBJECT
  5
1000001F
102
{ACAD_REACTORS
330
47
102
}
330
47
100
AcDbProxyObject
 90
      499
 91
      503
 93
      113
310
90431363A310000000000000C10100
  0
ACAD_PROXY_OBJECT
  5
10000006
102
{ACAD_REACTORS
330
47
102
}
330
47
100
AcDbProxyObject
 90
      499
 91
      503
 93
       41
310
903313A31500
  0
ACAD_PROXY_OBJECT
  5
1000000D
102
{ACAD_REACTORS
330
47
102
}
330
47
100
AcDbProxyObject
 90
      499
 91
      503
 93
      113
310
904313A31304000000000000244000
  0
ACAD_PROXY_OBJECT
  5
10000016
102
{ACAD_REACTORS
330
47
102
}
330
47
100
AcDbProxyObject
 90
      499
 91
      503
 93
      121
310
905313A3130304000000000000594000
  0
ACAD_PROXY_OBJECT
  5
1000000E
102
{ACAD_REACTORS
330
47
102
}
330
47
100
AcDbProxyObject
 90
      499
 91
      503
 93
      113
310
904313A31324000000000000284000
  0
ACAD_PROXY_OBJECT
  5
1000000F
102
{ACAD_REACTORS
330
47
102
}
330
47
100
AcDbProxyObject
 90
      499
 91
      503
 93
      113
310
904313A31364000000000000304000
  0
ACAD_PROXY_OBJECT
  5
10000007
102
{ACAD_REACTORS
330
47
102
}
330
47
100
AcDbProxyObject
 90
      499
 91
      503
 93
      105
310
903313A324000000000000004000
  0
ACAD_PROXY_OBJECT
  5
10000010
102
{ACAD_REACTORS
330
47
102
}
330
47
100
AcDbProxyObject
 90
      499
 91
      503
 93
      113
310
904313A32304000000000000344000
  0
ACAD_PROXY_OBJECT
  5
10000011
102
{ACAD_REACTORS
330
47
102
}
330
47
100
AcDbProxyObject
 90
      499
 91
      503
 93
      113
310
904313A32354000000000000394000
  0
ACAD_PROXY_OBJECT
  5
10000008
102
{ACAD_REACTORS
330
47
102
}
330
47
100
AcDbProxyObject
 90
      499
 91
      503
 93
      105
310
903313A334000000000000084000
  0
ACAD_PROXY_OBJECT
  5
10000012
102
{ACAD_REACTORS
330
47
102
}
330
47
100
AcDbProxyObject
 90
      499
 91
      503
 93
      113
310
904313A33324000000000000404000
  0
ACAD_PROXY_OBJECT
  5
10000009
102
{ACAD_REACTORS
330
47
102
}
330
47
100
AcDbProxyObject
 90
      499
 91
      503
 93
      105
310
903313A344000000000000104000
  0
ACAD_PROXY_OBJECT
  5
10000013
102
{ACAD_REACTORS
330
47
102
}
330
47
100
AcDbProxyObject
 90
      499
 91
      503
 93
      113
310
904313A34304000000000000444000
  0
ACAD_PROXY_OBJECT
  5
1000000A
102
{ACAD_REACTORS
330
47
102
}
330
47
100
AcDbProxyObject
 90
      499
 91
      503
 93
      105
310
903313A354000000000000144000
  0
ACAD_PROXY_OBJECT
  5
10000014
102
{ACAD_REACTORS
330
47
102
}
330
47
100
AcDbProxyObject
 90
      499
 91
      503
 93
      113
310
904313A35304000000000000494000
  0
ACAD_PROXY_OBJECT
  5
1000000B
102
{ACAD_REACTORS
330
47
102
}
330
47
100
AcDbProxyObject
 90
      499
 91
      503
 93
      105
310
903313A364000000000000184000
  0
ACAD_PROXY_OBJECT
  5
1000000C
102
{ACAD_REACTORS
330
47
102
}
330
47
100
AcDbProxyObject
 90
      499
 91
      503
 93
      105
310
903313A384000000000000204000
  0
ACAD_PROXY_OBJECT
  5
10000015
102
{ACAD_REACTORS
330
47
102
}
330
47
100
AcDbProxyObject
 90
      499
 91
      503
 93
      113
310
904313A38304000000000000544000
  0
ACAD_PROXY_OBJECT
  5
10000020
102
{ACAD_REACTORS
330
47
102
}
330
47
100
AcDbProxyObject
 90
      499
 91
      503
 93
      113
310
90432303A310000000000000D10100
  0
ACAD_PROXY_OBJECT
  5
10000017
102
{ACAD_REACTORS
330
47
102
}
330
47
100
AcDbProxyObject
 90
      499
 91
      503
 93
      105
310
903323A310000000000000010100
  0
ACAD_PROXY_OBJECT
  5
10000021
102
{ACAD_REACTORS
330
47
102
}
330
47
100
AcDbProxyObject
 90
      499
 91
      503
 93
      113
310
90433323A310000000000001010100
  0
ACAD_PROXY_OBJECT
  5
10000018
102
{ACAD_REACTORS
330
47
102
}
330
47
100
AcDbProxyObject
 90
      499
 91
      503
 93
      105
310
903333A310000000000000210100
  0
ACAD_PROXY_OBJECT
  5
10000019
102
{ACAD_REACTORS
330
47
102
}
330
47
100
AcDbProxyObject
 90
      499
 91
      503
 93
      105
310
903343A310000000000000410100
  0
ACAD_PROXY_OBJECT
  5
10000022
102
{ACAD_REACTORS
330
47
102
}
330
47
100
AcDbProxyObject
 90
      499
 91
      503
 93
      113
310
90435303A310000000000001250100
  0
ACAD_PROXY_OBJECT
  5
1000001A
102
{ACAD_REACTORS
330
47
102
}
330
47
100
AcDbProxyObject
 90
      499
 91
      503
 93
      105
310
903353A310000000000000510100
  0
ACAD_PROXY_OBJECT
  5
1000001B
102
{ACAD_REACTORS
330
47
102
}
330
47
100
AcDbProxyObject
 90
      499
 91
      503
 93
      105
310
903363A310000000000000610100
  0
ACAD_PROXY_OBJECT
  5
1000001C
102
{ACAD_REACTORS
330
47
102
}
330
47
100
AcDbProxyObject
 90
      499
 91
      503
 93
      105
310
903383A310000000000000810100
  0
ACAD_PROXY_OBJECT
  5
2F
102
{ACAD_REACTORS
330
2A
102
}
330
2A
100
AcDbProxyObject
 90
      499
 91
      501
 93
      436
310
42CC9915DA5C99599C985B595049028333333333333E33F0000000000000F90107901411070040501600405405064090741402480A0340
1001
ACAD
1000
AcDbSavedByObjectVersion
1070
     0
  0
ACAD_PROXY_OBJECT
  5
32
102
{ACAD_REACTORS
330
2A
102
}
330
2A
100
AcDbProxyObject
 90
      499
 91
      501
 93
      388
310
4150985CDA58D07406404333333333333E33F0000000000000F90107A41107004050150841D405064090741402480A0350
1001
ACAD
1000
AcDbSavedByObjectVersion
1070
     0
  0
ACAD_PROXY_OBJECT
  5
36
102
{ACAD_REACTORS
330
2A
102
}
330
2A
100
AcDbProxyObject
 90
      499
 91
      501
 93
      428
310
42109C9A59DA1D195B90C409028333333333333E33F0000000000000F9010790141107004050150841D405064090741402480A029950
1001
ACAD
1000
AcDbSavedByObjectVersion
1070
     0
  0
ACAD_PROXY_OBJECT
  5
3A
102
{ACAD_REACTORS
330
2A
102
}
330
2A
100
AcDbProxyObject
 90
      499
 91
      501
 93
      452
310
42D0DBDB1BDC90DA185B99D95104090240C333333333333E33F0000000000000F90108901411070040501508421405064090741402480A0350
1001
ACAD
1000
AcDbSavedByObjectVersion
1070
     0
  0
ACAD_PROXY_OBJECT
  5
34
102
{ACAD_REACTORS
330
2A
102
}
330
2A
100
AcDbProxyObject
 90
      499
 91
      501
 93
      500
310
4290DBDB98D95C1D1D585B10940D028333333333333E33F0000000000000F90107902409070040501000000000018199010841D405064090740C02480A0340
1001
ACAD
1000
AcDbSavedByObjectVersion
1070
     0
  0
ACAD_PROXY_OBJECT
  5
35
102
{ACAD_REACTORS
330
2A
102
}
330
2A
100
AcDbProxyObject
 90
      499
 91
      501
 93
      412
310
40D11A5B50B409028333333333333E33F0000000000000F9010790141107004050150841D405064090741402480A02677FFFFFD0
1001
ACAD
1000
AcDbSavedByObjectVersion
1070
     0
  0
ACAD_PROXY_OBJECT
  5
3D
102
{ACAD_REACTORS
330
2A
102
}
330
2A
100
AcDbProxyObject
 90
      499
 91
      501
 93
      452
310
43115919D950DBDB1BDC93D999916409028333333333333E33F0000000000000F9010790141107004050150841D405064090741402480A0350
1001
ACAD
1000
AcDbSavedByObjectVersion
1070
     0
  0
ACAD_PROXY_OBJECT
  5
39
102
{ACAD_REACTORS
330
2A
102
}
330
2A
100
AcDbProxyObject
 90
      499
 91
      501
 93
      444
310
42D19858D95C185D1D195C9B90F409028333333333333E33F0000000000000F9010790141107004050150841D405064090741402480A0350
1001
ACAD
1000
AcDbSavedByObjectVersion
1070
     0
  0
ACAD_PROXY_OBJECT
  5
2B
102
{ACAD_REACTORS
330
2A
102
}
330
2A
100
AcDbProxyObject
 90
      499
 91
      501
 93
      380
310
41119B185D240901404333333333333E33F0000000000000F9010740A907004050150841D405064090741402480A1B50
1001
ACAD
1000
AcDbSavedByObjectVersion
1070
     0
  0
ACAD_PROXY_OBJECT
  5
2C
102
{ACAD_REACTORS
330
2A
102
}
330
2A
100
AcDbProxyObject
 90
      499
 91
      501
 93
      468
310
43519B185D15DA5D1A115919D95CD0140901404333333333333E33F0000000000000F90107409019070040501600405405064090741402480A1B50
1001
ACAD
1000
AcDbSavedByObjectVersion
1070
     0
  0
ACAD_PROXY_OBJECT
  5
2D
102
{ACAD_REACTORS
330
2A
102
}
330
2A
100
AcDbProxyObject
 90
      499
 91
      501
 93
      404
310
41D1DBDD5C985D5910240902404333333333333E33F0000000000000F9010740A9070040501641D405064090741402480A1B50
1001
ACAD
1000
AcDbSavedByObjectVersion
1070
     0
  0
ACAD_PROXY_OBJECT
  5
2E
102
{ACAD_REACTORS
330
2A
102
}
330
2A
100
AcDbProxyObject
 90
      499
 91
      501
 93
      492
310
4411DBDD5C985D5915DA5D1A115919D95CD0340902404333333333333E33F0000000000000F90107409019070040501600405405064090741402480A1B50
1001
ACAD
1000
AcDbSavedByObjectVersion
1070
     0
  0
ACAD_PROXY_OBJECT
  5
31
102
{ACAD_REACTORS
330
2A
102
}
330
2A
100
AcDbProxyObject
 90
      499
 91
      501
 93
      476
310
41921A5919195B90640502408333333333333E33F0000000000000F901079024090700405020000000000001110200405405064090740C02480A0340
1001
ACAD
1000
AcDbSavedByObjectVersion
1070
     0
  0
ACAD_PROXY_OBJECT
  5
3B
102
{ACAD_REACTORS
330
2A
102
}
330
2A
100
AcDbProxyObject
 90
      499
 91
      501
 93
      428
310
42529A5D1D195C93D999914409028333333333333E33F0000000000000F9010790141107004050150A41D405064090741402480A0350
1001
ACAD
1000
AcDbSavedByObjectVersion
1070
     0
  0
ACAD_PROXY_OBJECT
  5
38
102
{ACAD_REACTORS
330
2A
102
}
330
2A
100
AcDbProxyObject
 90
      499
 91
      501
 93
      444
310
42D31A5B995C185D1D195C9B90E409028333333333333E33F0000000000000F9010790141107004050750841D405064090741402483A0350
1001
ACAD
1000
AcDbSavedByObjectVersion
1070
     0
  0
ACAD_PROXY_OBJECT
  5
3C
102
{ACAD_REACTORS
330
2A
102
}
330
2A
100
AcDbProxyObject
 90
      499
 91
      501
 93
      444
310
42D3DD995C9A185B99D3D999915409028333333333333E33F0000000000000F9010790141107004050150941D405064090741402480A0350
1001
ACAD
1000
AcDbSavedByObjectVersion
1070
     0
  0
ACAD_PROXY_OBJECT
  5
33
102
{ACAD_REACTORS
330
2A
102
}
330
2A
100
AcDbProxyObject
 90
      499
 91
      501
 93
      428
310
425499585B1A5CDD1A58D08409038333333333333E33F0000000000000F9010740A907004050150800405405064090740C02480A1B40
1001
ACAD
1000
AcDbSavedByObjectVersion
1070
     0
  0
ACAD_PROXY_OBJECT
  5
42
102
{ACAD_REACTORS
330
2A
102
}
330
2A
100
AcDbProxyObject
 90
      499
 91
      501
 93
      420
310
4194DA1859195911B40902404333333333333E33F0000000000000F9010740A41107004050150800405405064090840C02480A0B40
1001
ACAD
1000
AcDbSavedByObjectVersion
1070
     0
  0
ACAD_PROXY_OBJECT
  5
41
102
{ACAD_REACTORS
330
2A
102
}
330
2A
100
AcDbProxyObject
 90
      499
 91
      501
 93
      516
310
4454DA18591959081DDA5D1A08195919D95CD1A40902404333333333333E33F0000000000000F901074090142907004050250800405405064090740C02480A0B40
1001
ACAD
1000
AcDbSavedByObjectVersion
1070
     0
  0
ACAD_PROXY_OBJECT
  5
3E
102
{ACAD_REACTORS
330
2A
102
}
330
2A
100
AcDbProxyObject
 90
      499
 91
      501
 93
      532
310
4394DA1859195CC81BD98811DC985E5174090240C333333333333E33F0000000000000F901079024090741D01000000000000111010841D405064090740C02480A0340
1001
ACAD
1000
AcDbSavedByObjectVersion
1070
     0
  0
ACAD_PROXY_OBJECT
  5
3F
102
{ACAD_REACTORS
330
2A
102
}
330
2A
100
AcDbProxyObject
 90
      499
 91
      501
 93
      476
310
41D4DAD95D18DA1E51840502408333333333333E33F0000000000000F901079024090741D01000000000000111010B41D405064090741802480A0340
1001
ACAD
1000
AcDbSavedByObjectVersion
1070
     0
  0
ACAD_PROXY_OBJECT
  5
37
102
{ACAD_REACTORS
330
2A
102
}
330
2A
100
AcDbProxyObject
 90
      499
 91
      501
 93
      412
310
41D51A1A58DAD95B90D409028333333333333E33F0000000000000F9010790141107004050150C41D405064090741402480A0350
1001
ACAD
1000
AcDbSavedByObjectVersion
1070
     0
  0
ACAD_PROXY_OBJECT
  5
30
102
{ACAD_REACTORS
330
2A
102
}
330
2A
100
AcDbProxyObject
 90
      499
 91
      501
 93
      420
310
4255DA5C99599C985B595059028333333333333E33F0000000000000F90107901411070040501600405405064090740C02480A0340
1001
ACAD
1000
AcDbSavedByObjectVersion
1070
     0
  0
ACAD_PROXY_OBJECT
  5
40
102
{ACAD_REACTORS
330
2A
102
}
330
2A
100
AcDbProxyObject
 90
      499
 91
      501
 93
      404
310
41560B54985E51940902404000000000000E03F0000000000000F9010740501907004050150841D405064090740C02480A1B40
1001
ACAD
1000
AcDbSavedByObjectVersion
1070
     0
  0
XRECORD
  5
1000042C
102
{ACAD_REACTORS
330
10000422
102
}
330
10000422
100
AcDbXrecord
340
0
  0
XRECORD
  5
1000042B
102
{ACAD_REACTORS
330
10000422
102
}
330
10000422
100
AcDbXrecord
 90
        0
  0
XRECORD
  5
10000442
102
{ACAD_REACTORS
330
10000422
102
}
330
10000422
100
AcDbXrecord
1000
DSTYLE
1002
{
1070
   340
340
11
1002
}
  0
XRECORD
  5
1000042D
102
{ACAD_REACTORS
330
10000422
102
}
330
10000422
100
AcDbXrecord
  1
{33b67734-6162-7374-b462-337170337338}
  0
XRECORD
  5
10000425
102
{ACAD_REACTORS
330
10000422
102
}
330
10000422
100
AcDbXrecord
  1

  0
XRECORD
  5
1000042A
102
{ACAD_REACTORS
330
10000422
102
}
330
10000422
100
AcDbXrecord
 90
        4
  0
XRECORD
  5
10000427
102
{ACAD_REACTORS
330
10000422
102
}
330
10000422
100
AcDbXrecord
340
1A
  0
XRECORD
  5
10000429
102
{ACAD_REACTORS
330
10000422
102
}
330
10000422
100
AcDbXrecord
 90
    10781
  0
XRECORD
  5
10000428
102
{ACAD_REACTORS
330
10000422
102
}
330
10000422
100
AcDbXrecord
340
19
  0
XRECORD
  5
1000042F
102
{ACAD_REACTORS
330
10000422
102
}
330
10000422
100
AcDbXrecord
 40
0.0
  0
XRECORD
  5
10000432
102
{ACAD_REACTORS
330
10000422
102
}
330
10000422
100
AcDbXrecord
340
0
  0
XRECORD
  5
10000438
102
{ACAD_REACTORS
330
10000422
102
}
330
10000422
100
AcDbXrecord
 10
0.0
 20
0.0
 30
0.0
  0
XRECORD
  5
10000434
102
{ACAD_REACTORS
330
10000422
102
}
330
10000422
100
AcDbXrecord
 10
0.0
 20
0.0
 30
0.0
  0
XRECORD
  5
10000437
102
{ACAD_REACTORS
330
10000422
102
}
330
10000422
100
AcDbXrecord
 10
0.0
 20
0.0
 30
0.0
  0
XRECORD
  5
10000435
102
{ACAD_REACTORS
330
10000422
102
}
330
10000422
100
AcDbXrecord
 10
0.0
 20
0.0
 30
0.0
  0
XRECORD
  5
10000436
102
{ACAD_REACTORS
330
10000422
102
}
330
10000422
100
AcDbXrecord
 10
0.0
 20
0.0
 30
0.0
  0
XRECORD
  5
10000433
102
{ACAD_REACTORS
330
10000422
102
}
330
10000422
100
AcDbXrecord
 10
0.0
 20
0.0
 30
0.0
  0
XRECORD
  5
10000430
102
{ACAD_REACTORS
330
10000422
102
}
330
10000422
100
AcDbXrecord
340
0
  0
XRECORD
  5
10000431
102
{ACAD_REACTORS
330
10000422
102
}
330
10000422
100
AcDbXrecord
 70
     0
  0
XRECORD
  5
10000426
102
{ACAD_REACTORS
330
10000422
102
}
330
10000422
100
AcDbXrecord
  1

  0
XRECORD
  5
10000423
102
{ACAD_REACTORS
330
10000422
102
}
330
10000422
100
AcDbXrecord
 90
        1
  0
XRECORD
  5
10000424
102
{ACAD_REACTORS
330
10000422
102
}
330
10000422
100
AcDbXrecord
 90
       70
  0
XRECORD
  5
1000043B
102
{ACAD_REACTORS
330
10000422
102
}
330
10000422
100
AcDbXrecord
340
0
  0
XRECORD
  5
10000441
102
{ACAD_REACTORS
330
10000422
102
}
330
10000422
100
AcDbXrecord
 10
0.0
 20
0.0
 30
0.0
  0
XRECORD
  5
1000043D
102
{ACAD_REACTORS
330
10000422
102
}
330
10000422
100
AcDbXrecord
 10
0.0
 20
0.0
 30
0.0
  0
XRECORD
  5
10000440
102
{ACAD_REACTORS
330
10000422
102
}
330
10000422
100
AcDbXrecord
 10
0.0
 20
0.0
 30
0.0
  0
XRECORD
  5
1000043E
102
{ACAD_REACTORS
330
10000422
102
}
330
10000422
100
AcDbXrecord
 10
0.0
 20
0.0
 30
0.0
  0
XRECORD
  5
1000043F
102
{ACAD_REACTORS
330
10000422
102
}
330
10000422
100
AcDbXrecord
 10
0.0
 20
0.0
 30
0.0
  0
XRECORD
  5
1000043C
102
{ACAD_REACTORS
330
10000422
102
}
330
10000422
100
AcDbXrecord
 10
0.0
 20
0.0
 30
0.0
  0
XRECORD
  5
10000439
102
{ACAD_REACTORS
330
10000422
102
}
330
10000422
100
AcDbXrecord
340
0
  0
XRECORD
  5
1000043A
102
{ACAD_REACTORS
330
10000422
102
}
330
10000422
100
AcDbXrecord
 70
     0
  0
XRECORD
  5
1000042E
102
{ACAD_REACTORS
330
10000422
102
}
330
10000422
100
AcDbXrecord
  1
{FAEB1C32-E019-11D5-929B-00C0DF256EC4}
  0
DICTIONARYVAR
  5
10000451
102
{ACAD_REACTORS
330
10000443
102
}
330
10000443
100
DictionaryVariables
280
     0
  1
1:1
  0
DICTIONARYVAR
  5
1000044A
102
{ACAD_REACTORS
330
10000443
102
}
330
10000443
100
DictionaryVariables
280
     0
  1
3.500000
  0
DICTIONARYVAR
  5
1000044B
102
{ACAD_REACTORS
330
10000443
102
}
330
10000443
100
DictionaryVariables
280
     0
  1
acadiso.lin
  0
DICTIONARYVAR
  5
10000445
102
{ACAD_REACTORS
330
10000443
102
}
330
10000443
100
DictionaryVariables
280
     0
  1
Standard
  0
DICTIONARYVAR
  5
10000444
102
{ACAD_REACTORS
330
10000443
102
}
330
10000443
100
DictionaryVariables
280
     0
  1
Standard
  0
DICTIONARYVAR
  5
1000044C
102
{ACAD_REACTORS
330
10000443
102
}
330
10000443
100
DictionaryVariables
280
     0
  1
2
  0
DICTIONARYVAR
  5
1000044D
102
{ACAD_REACTORS
330
10000443
102
}
330
10000443
100
DictionaryVariables
280
     0
  1
1
  0
DICTIONARYVAR
  5
10000452
102
{ACAD_REACTORS
330
10000443
102
}
330
10000443
100
DictionaryVariables
280
     0
  1
1
  0
DICTIONARYVAR
  5
10000447
102
{ACAD_REACTORS
330
10000443
102
}
330
10000443
100
DictionaryVariables
280
     0
  1
80.000000
  0
DICTIONARYVAR
  5
10000446
102
{ACAD_REACTORS
330
10000443
102
}
330
10000443
100
DictionaryVariables
280
     0
  1
5.000000
  0
XRECORD
  5
10000003
102
{ACAD_REACTORS
330
10000001
102
}
330
10000001
100
AcDbXrecord
 70
     4
  0
XRECORD
  5
10000002
102
{ACAD_REACTORS
330
10000001
102
}
330
10000001
100
AcDbXrecord
1040
89.0
  0
ACAD_PROXY_OBJECT
  5
10000005
102
{ACAD_REACTORS
330
10000001
102
}
330
10000001
100
AcDbProxyObject
 90
      499
 91
      509
 93
       34
310
40C8804040
  0
DICTIONARY
  5
10000455
330
45
100
AcDbDictionary
280
     1
  3
ACAD_XREC_ROUNDTRIP
360
10000456
  0
DICTIONARY
  5
10000453
330
44
100
AcDbDictionary
280
     1
  3
ACAD_XREC_ROUNDTRIP
360
10000454
  0
DICTIONARY
  5
10000457
330
46
100
AcDbDictionary
280
     1
  3
ACAD_XREC_ROUNDTRIP
360
10000458
  0
XRECORD
  5
10000456
102
{ACAD_REACTORS
330
10000455
102
}
330
10000455
100
AcDbXrecord
102
MATERIAL
148
0.0
149
0.0
149
0.0
 93
        0
 94
      127
282
     0
 72
     1
 77
     1
171
     1
175
     1
179
     1
273
     0
  0
XRECORD
  5
10000454
102
{ACAD_REACTORS
330
10000453
102
}
330
10000453
100
AcDbXrecord
102
MATERIAL
148
0.0
149
0.0
149
0.0
 93
        0
 94
      127
282
     0
 72
     1
 77
     1
171
     1
175
     1
179
     1
273
     0
  0
XRECORD
  5
10000458
102
{ACAD_REACTORS
330
10000457
102
}
330
10000457
100
AcDbXrecord
102
MATERIAL
148
0.0
149
0.0
149
0.0
 93
        0
 94
      127
282
     0
 72
     1
 77
     1
171
     1
175
     1
179
     1
273
     0
  0
ENDSEC
  0
EOF
