  0
SECTION
  2
HEADER
  9
$ACADVER
  1
AC1014
  9
$ACADMAINTVER
 70
     9
  9
$DWGCODEPAGE
  3
ANSI_1252
  9
$INSBASE
 10
0.0
 20
0.0
 30
0.0
  9
$EXTMIN
 10
1.000000000000000E+20
 20
1.000000000000000E+20
 30
1.000000000000000E+20
  9
$EXTMAX
 10
-1.000000000000000E+20
 20
-1.000000000000000E+20
 30
-1.000000000000000E+20
  9
$LIMMIN
 10
0.0
 20
0.0
  9
$LIMMAX
 10
420.0
 20
297.0
  9
$ORTHOMODE
 70
     0
  9
$REGENMODE
 70
     1
  9
$FILLMODE
 70
     1
  9
$QTEXTMODE
 70
     0
  9
$MIRRTEXT
 70
     1
  9
$DRAGMODE
 70
     2
  9
$LTSCALE
 40
1.0
  9
$OSMODE
 70
    37
  9
$ATTMODE
 70
     1
  9
$TEXTSIZE
 40
2.5
  9
$TRACEWID
 40
1.0
  9
$TEXTSTYLE
  7
STANDARD
  9
$CLAYER
  8
0
  9
$CELTYPE
  6
BYLAYER
  9
$CECOLOR
 62
   256
  9
$CELTSCALE
 40
1.0
  9
$DELOBJ
 70
     1
  9
$DISPSILH
 70
     0
  9
$DIMSCALE
 40
1.0
  9
$DIMASZ
 40
2.5
  9
$DIMEXO
 40
0.625
  9
$DIMDLI
 40
3.75
  9
$DIMRND
 40
0.0
  9
$DIMDLE
 40
0.0
  9
$DIMEXE
 40
1.25
  9
$DIMTP
 40
0.0
  9
$DIMTM
 40
0.0
  9
$DIMTXT
 40
2.5
  9
$DIMCEN
 40
2.5
  9
$DIMTSZ
 40
0.0
  9
$DIMTOL
 70
     0
  9
$DIMLIM
 70
     0
  9
$DIMTIH
 70
     0
  9
$DIMTOH
 70
     0
  9
$DIMSE1
 70
     0
  9
$DIMSE2
 70
     0
  9
$DIMTAD
 70
     1
  9
$DIMZIN
 70
     8
  9
$DIMBLK
  1

  9
$DIMASO
 70
     1
  9
$DIMSHO
 70
     1
  9
$DIMPOST
  1

  9
$DIMAPOST
  1

  9
$DIMALT
 70
     0
  9
$DIMALTD
 70
     3
  9
$DIMALTF
 40
0.03937007874016
  9
$DIMLFAC
 40
1.0
  9
$DIMTOFL
 70
     1
  9
$DIMTVP
 40
0.0
  9
$DIMTIX
 70
     0
  9
$DIMSOXD
 70
     0
  9
$DIMSAH
 70
     0
  9
$DIMBLK1
  1

  9
$DIMBLK2
  1

  9
$DIMSTYLE
  2
ISO-25
  9
$DIMCLRD
 70
     0
  9
$DIMCLRE
 70
     0
  9
$DIMCLRT
 70
     0
  9
$DIMTFAC
 40
1.0
  9
$DIMGAP
 40
0.625
  9
$DIMJUST
 70
     0
  9
$DIMSD1
 70
     0
  9
$DIMSD2
 70
     0
  9
$DIMTOLJ
 70
     0
  9
$DIMTZIN
 70
     8
  9
$DIMALTZ
 70
     0
  9
$DIMALTTZ
 70
     0
  9
$DIMFIT
 70
     3
  9
$DIMUPT
 70
     0
  9
$DIMUNIT
 70
     2
  9
$DIMDEC
 70
     2
  9
$DIMTDEC
 70
     2
  9
$DIMALTU
 70
     2
  9
$DIMALTTD
 70
     3
  9
$DIMTXSTY
  7
STANDARD
  9
$DIMAUNIT
 70
     0
  9
$LUNITS
 70
     2
  9
$LUPREC
 70
     4
  9
$SKETCHINC
 40
1.0
  9
$FILLETRAD
 40
0.0
  9
$AUNITS
 70
     0
  9
$AUPREC
 70
     0
  9
$MENU
  1
.
  9
$ELEVATION
 40
0.0
  9
$PELEVATION
 40
0.0
  9
$THICKNESS
 40
0.0
  9
$LIMCHECK
 70
     0
  9
$CHAMFERA
 40
0.0
  9
$CHAMFERB
 40
0.0
  9
$CHAMFERC
 40
0.0
  9
$CHAMFERD
 40
0.0
  9
$SKPOLY
 70
     0
  9
$TDCREATE
 40
2461273.751917292
  9
$TDUPDATE
 40
2461273.751917373
  9
$TDINDWG
 40
0.0000000116
  9
$TDUSRTIMER
 40
0.0000000116
  9
$USRTIMER
 70
     1
  9
$ANGBASE
 50
0.0
  9
$ANGDIR
 70
     0
  9
$PDMODE
 70
     0
  9
$PDSIZE
 40
0.0
  9
$PLINEWID
 40
0.0
  9
$COORDS
 70
     1
  9
$SPLFRAME
 70
     0
  9
$SPLINETYPE
 70
     6
  9
$SPLINESEGS
 70
     8
  9
$ATTDIA
 70
     0
  9
$ATTREQ
 70
     1
  9
$HANDLING
 70
     1
  9
$HANDSEED
  5
100003AB
  9
$SURFTAB1
 70
     6
  9
$SURFTAB2
 70
     6
  9
$SURFTYPE
 70
     6
  9
$SURFU
 70
     6
  9
$SURFV
 70
     6
  9
$UCSNAME
  2

  9
$UCSORG
 10
0.0
 20
0.0
 30
0.0
  9
$UCSXDIR
 10
1.0
 20
0.0
 30
0.0
  9
$UCSYDIR
 10
0.0
 20
1.0
 30
0.0
  9
$PUCSNAME
  2

  9
$PUCSORG
 10
0.0
 20
0.0
 30
0.0
  9
$PUCSXDIR
 10
1.0
 20
0.0
 30
0.0
  9
$PUCSYDIR
 10
0.0
 20
1.0
 30
0.0
  9
$USERI1
 70
     0
  9
$USERI2
 70
     0
  9
$USERI3
 70
     0
  9
$USERI4
 70
     0
  9
$USERI5
 70
     0
  9
$USERR1
 40
0.0
  9
$USERR2
 40
0.0
  9
$USERR3
 40
0.0
  9
$USERR4
 40
0.0
  9
$USERR5
 40
0.0
  9
$WORLDVIEW
 70
     1
  9
$SHADEDGE
 70
     3
  9
$SHADEDIF
 70
    70
  9
$TILEMODE
 70
     1
  9
$MAXACTVP
 70
    64
  9
$PINSBASE
 10
0.0
 20
0.0
 30
0.0
  9
$PLIMCHECK
 70
     0
  9
$PEXTMIN
 10
1.000000000000000E+20
 20
1.000000000000000E+20
 30
1.000000000000000E+20
  9
$PEXTMAX
 10
-1.000000000000000E+20
 20
-1.000000000000000E+20
 30
-1.000000000000000E+20
  9
$PLIMMIN
 10
0.0
 20
0.0
  9
$PLIMMAX
 10
420.0
 20
297.0
  9
$UNITMODE
 70
     0
  9
$VISRETAIN
 70
     1
  9
$PLINEGEN
 70
     0
  9
$PSLTSCALE
 70
     1
  9
$TREEDEPTH
 70
  3020
  9
$PICKSTYLE
 70
     1
  9
$CMLSTYLE
  2
STANDARD
  9
$CMLJUST
 70
     0
  9
$CMLSCALE
 40
20.0
  9
$PROXYGRAPHICS
 70
     1
  9
$MEASUREMENT
 70
     1
  0
ENDSEC
  0
SECTION
  2
CLASSES
  0
CLASS
  1
ACDBDICTIONARYWDFLT
  2
AcDbDictionaryWithDefault
  3
ObjectDBX Classes
 90
        0
280
     0
281
     0
  0
CLASS
  1
VISUALSTYLE
  2
AcDbVisualStyle
  3
ObjectDBX Classes
 90
     4095
280
     0
281
     0
  0
CLASS
  1
MATERIAL
  2
AcDbMaterial
  3
ObjectDBX Classes
 90
     1153
280
     0
281
     0
  0
CLASS
  1
SCALE
  2
AcDbScale
  3
ObjectDBX Classes
 90
     1153
280
     0
281
     0
  0
CLASS
  1
TABLESTYLE
  2
AcDbTableStyle
  3
ObjectDBX Classes
 90
     4095
280
     0
281
     0
  0
CLASS
  1
MLEADERSTYLE
  2
AcDbMLeaderStyle
  3
ACDB_MLEADERSTYLE_CLASS
 90
     4095
280
     0
281
     0
  0
CLASS
  1
SUN
  2
AcDbSun
  3
SCENEOE
 90
     1153
280
     0
281
     0
  0
CLASS
  1
SORTENTSTABLE
  2
AcDbSortentsTable
  3
ObjectDBX Classes
 90
        0
280
     0
281
     0
  0
CLASS
  1
DICTIONARYVAR
  2
AcDbDictionaryVar
  3
ObjectDBX Classes
 90
        0
280
     0
281
     0
  0
CLASS
  1
XRECORD
  2
AcDbXrecord
  3
ObjectDBX Classes
 90
        0
280
     0
281
     0
  0
CLASS
  1
LWPOLYLINE
  2
AcDbPolyline
  3
ObjectDBX Classes
 90
        0
280
     0
281
     1
  0
CLASS
  1
HATCH
  2
AcDbHatch
  3
ObjectDBX Classes
 90
        0
280
     0
281
     1
  0
CLASS
  1
ACDBPLACEHOLDER
  2
AcDbPlaceHolder
  3
ObjectDBX Classes
 90
        0
280
     0
281
     0
  0
CLASS
  1
LAYOUT
  2
AcDbLayout
  3
ObjectDBX Classes
 90
        0
280
     0
281
     0
  0
ENDSEC
  0
SECTION
  2
TABLES
  0
TABLE
  2
VPORT
  5
8
102
{ACAD_XDICTIONARY
360
100003A0
102
}
330
0
100
AcDbSymbolTable
 70
     1
  0
VPORT
  5
29
330
8
100
AcDbSymbolTableRecord
100
AcDbViewportTableRecord
  2
*ACTIVE
 70
     0
 10
0.0
 20
0.0
 11
1.0
 21
1.0
 12
344.1869158878504
 22
148.5
 13
0.0
 23
0.0
 14
10.0
 24
10.0
 15
10.0
 25
10.0
 16
0.0
 26
0.0
 36
1.0
 17
0.0
 27
0.0
 37
0.0
 40
297.0
 41
1.972972972850329
 42
50.0
 43
0.0
 44
0.0
 50
0.0
 51
0.0
 71
     0
 72
   100
 73
     1
 74
     3
 75
     0
 76
     0
 77
     0
 78
     0
  0
ENDTAB
  0
TABLE
  2
LTYPE
  5
5
330
0
100
AcDbSymbolTable
 70
     7
  0
LTYPE
  5
14
330
5
100
AcDbSymbolTableRecord
100
AcDbLinetypeTableRecord
  2
BYBLOCK
 70
     0
  3

 72
    65
 73
     0
 40
0.0
  0
LTYPE
  5
15
330
5
100
AcDbSymbolTableRecord
100
AcDbLinetypeTableRecord
  2
BYLAYER
 70
     0
  3

 72
    65
 73
     0
 40
0.0
  0
LTYPE
  5
16
330
5
100
AcDbSymbolTableRecord
100
AcDbLinetypeTableRecord
  2
CONTINUOUS
 70
     0
  3
Solid line
 72
    65
 73
     0
 40
0.0
  0
LTYPE
  5
10000024
330
5
100
AcDbSymbolTableRecord
100
AcDbLinetypeTableRecord
  2
ONS_PHANTOM
 70
     0
  3
Onshape Phantom line ______ __ __ ______
 72
    65
 73
     6
 40
0.4999999999999999
 49
0.25
 74
     0
 49
-0.05
 74
     0
 49
0.05
 74
     0
 49
-0.05
 74
     0
 49
0.05
 74
     0
 49
-0.05
 74
     0
  0
LTYPE
  5
10000025
330
5
100
AcDbSymbolTableRecord
100
AcDbLinetypeTableRecord
  2
CENTER
 70
     0
  3
Center line ____ _ ____ _ ____ _
 72
    65
 73
     4
 40
0.7874015748031495
 49
0.4921259842519685
 74
     0
 49
-0.0984251968503937
 74
     0
 49
0.0984251968503937
 74
     0
 49
-0.0984251968503937
 74
     0
  0
LTYPE
  5
10000026
330
5
100
AcDbSymbolTableRecord
100
AcDbLinetypeTableRecord
  2
DASHED
 70
     0
  3
Dashed line __ __ __ __ __
 72
    65
 73
     2
 40
0.75
 49
0.5
 74
     0
 49
-0.25
 74
     0
  0
LTYPE
  5
10000027
330
5
100
AcDbSymbolTableRecord
100
AcDbLinetypeTableRecord
  2
ONS_DASHDOT
 70
     0
  3
Onshape Dashed with Dot _ . ____ . ____
 72
    65
 73
     4
 40
0.71
 49
0.5
 74
     0
 49
-0.1
 74
     0
 49
0.01
 74
     0
 49
-0.1
 74
     0
  0
LTYPE
  5
10000028
330
5
100
AcDbSymbolTableRecord
100
AcDbLinetypeTableRecord
  2
ONS_DOTTED
 70
     0
  3
Onshape Dotted line . . . . . . .
 72
    65
 73
     2
 40
0.11
 49
0.01
 74
     0
 49
-0.1
 74
     0
  0
LTYPE
  5
10000029
330
5
100
AcDbSymbolTableRecord
100
AcDbLinetypeTableRecord
  2
HIDDEN
 70
     0
  3
Hidden line ____ ____ ____ ____ 
 72
    65
 73
     2
 40
0.15
 49
0.1
 74
     0
 49
-0.05
 74
     0
  0
ENDTAB
  0
TABLE
  2
LAYER
  5
2
330
0
100
AcDbSymbolTable
 70
    48
  0
LAYER
  5
10
330
2
100
AcDbSymbolTableRecord
100
AcDbLayerTableRecord
  2
0
 70
     0
 62
     7
  6
CONTINUOUS
  0
LAYER
  5
1000002A
330
2
100
AcDbSymbolTableRecord
100
AcDbLayerTableRecord
  2
SECTION_CUTTING_LINE
 70
     0
 62
     7
  6
ONS_DASHDOT
  0
LAYER
  5
1000002B
330
2
100
AcDbSymbolTableRecord
100
AcDbLayerTableRecord
  2
DETAIL_VIEW_BORDER
 70
     0
 62
     7
  6
CONTINUOUS
  0
LAYER
  5
1000002C
330
2
100
AcDbSymbolTableRecord
100
AcDbLayerTableRecord
  2
DETAIL_VIEW_PARENT_BORDER
 70
     0
 62
     7
  6
ONS_PHANTOM
  0
LAYER
  5
1000002D
330
2
100
AcDbSymbolTableRecord
100
AcDbLayerTableRecord
  2
TEXT
 70
     0
 62
     7
  6
CONTINUOUS
  0
LAYER
  5
1000002E
330
2
100
AcDbSymbolTableRecord
100
AcDbLayerTableRecord
  2
SKETCHED_GEOMETRY
 70
     0
 62
    -7
  6
CONTINUOUS
  0
LAYER
  5
1000002F
330
2
100
AcDbSymbolTableRecord
100
AcDbLayerTableRecord
  2
VIRTUAL_SHARPS
 70
     0
 62
    -7
  6
CONTINUOUS
  0
LAYER
  5
10000030
330
2
100
AcDbSymbolTableRecord
100
AcDbLayerTableRecord
  2
CENTERLINES
 70
     0
 62
    -7
  6
CENTER
  0
LAYER
  5
10000031
330
2
100
AcDbSymbolTableRecord
100
AcDbLayerTableRecord
  2
CENTERMARKS
 70
     0
 62
    -7
  6
CONTINUOUS
  0
LAYER
  5
10000032
330
2
100
AcDbSymbolTableRecord
100
AcDbLayerTableRecord
  2
TABLES
 70
     0
 62
     7
  6
CONTINUOUS
  0
LAYER
  5
10000033
330
2
100
AcDbSymbolTableRecord
100
AcDbLayerTableRecord
  2
IMAGES
 70
     0
 62
    -7
  6
CONTINUOUS
  0
LAYER
  5
10000034
330
2
100
AcDbSymbolTableRecord
100
AcDbLayerTableRecord
  2
ANNOTATION_LINES
 70
     0
 62
    -7
  6
CONTINUOUS
  0
LAYER
  5
10000035
330
2
100
AcDbSymbolTableRecord
100
AcDbLayerTableRecord
  2
ANNOTATION_TEXT
 70
     0
 62
    -7
  6
CONTINUOUS
  0
LAYER
  5
10000036
330
2
100
AcDbSymbolTableRecord
100
AcDbLayerTableRecord
  2
SIDE_THREAD_SYMBOLS
 70
     0
 62
     7
  6
CONTINUOUS
  0
LAYER
  5
10000037
330
2
100
AcDbSymbolTableRecord
100
AcDbLayerTableRecord
  2
SIDE_THREAD_SYMBOLS_HIDDEN
 70
     0
 62
    -7
  6
HIDDEN
  0
LAYER
  5
10000038
330
2
100
AcDbSymbolTableRecord
100
AcDbLayerTableRecord
  2
SURFACE_THREAD_SYMBOLS
 70
     0
 62
     7
  6
CONTINUOUS
  0
LAYER
  5
10000039
330
2
100
AcDbSymbolTableRecord
100
AcDbLayerTableRecord
  2
SURFACE_THREAD_SYMBOLS_ON_
 70
     0
 62
     7
  6
CONTINUOUS
  0
LAYER
  5
1000003A
330
2
100
AcDbSymbolTableRecord
100
AcDbLayerTableRecord
  2
SURFACE_THREAD_SYMBOLS_HID
 70
     0
 62
    -7
  6
HIDDEN
  0
LAYER
  5
1000003B
330
2
100
AcDbSymbolTableRecord
100
AcDbLayerTableRecord
  2
BLIND_THREAD_SYMBOLS
 70
     0
 62
     7
  6
CONTINUOUS
  0
LAYER
  5
1000003C
330
2
100
AcDbSymbolTableRecord
100
AcDbLayerTableRecord
  2
BLIND_THREAD_SYMBOLS_HIDDE
 70
     0
 62
    -7
  6
HIDDEN
  0
LAYER
  5
1000003D
330
2
100
AcDbSymbolTableRecord
100
AcDbLayerTableRecord
  2
EXPLODE_LINES
 70
     0
 62
     7
  6
ONS_PHANTOM
  0
LAYER
  5
1000003E
330
2
100
AcDbSymbolTableRecord
100
AcDbLayerTableRecord
  2
HIDDEN_EXPLODE_LINES
 70
     0
 62
    -7
  6
ONS_PHANTOM
  0
LAYER
  5
1000003F
330
2
100
AcDbSymbolTableRecord
100
AcDbLayerTableRecord
  2
BREAK_LINES
 70
     0
 62
    -7
  6
CONTINUOUS
  0
LAYER
  5
10000040
330
2
100
AcDbSymbolTableRecord
100
AcDbLayerTableRecord
  2
SHEETMETAL_BEND_LINES_UP
 70
     0
 62
     7
  6
CENTER
  0
LAYER
  5
10000041
330
2
100
AcDbSymbolTableRecord
100
AcDbLayerTableRecord
  2
SHEETMETAL_BEND_LINES_DOWN
 70
     0
 62
     7
  6
CENTER
  0
LAYER
  5
10000042
330
2
100
AcDbSymbolTableRecord
100
AcDbLayerTableRecord
  2
SHEETMETAL_BEND_TANGENT_LI
 70
     0
 62
     7
  6
CONTINUOUS
  0
LAYER
  5
10000043
330
2
100
AcDbSymbolTableRecord
100
AcDbLayerTableRecord
  2
SHEETMETAL_CUT_LINES
 70
     0
 62
     7
  6
CONTINUOUS
  0
LAYER
  5
10000044
330
2
100
AcDbSymbolTableRecord
100
AcDbLayerTableRecord
  2
SHEETMETAL_CBORE_CSINK_UP
 70
     0
 62
     7
  6
CONTINUOUS
  0
LAYER
  5
10000045
330
2
100
AcDbSymbolTableRecord
100
AcDbLayerTableRecord
  2
SHEETMETAL_CBORE_CSINK_DOW
 70
     0
 62
     7
  6
CONTINUOUS
  0
LAYER
  5
10000046
330
2
100
AcDbSymbolTableRecord
100
AcDbLayerTableRecord
  2
SHEETMETAL_CBORE_CSINK_UP_
 70
     0
 62
    -7
  6
HIDDEN
  0
LAYER
  5
10000047
330
2
100
AcDbSymbolTableRecord
100
AcDbLayerTableRecord
  2
SHEETMETAL_CBORE_CSINK_DO0
 70
     0
 62
    -7
  6
HIDDEN
  0
LAYER
  5
10000048
330
2
100
AcDbSymbolTableRecord
100
AcDbLayerTableRecord
  2
SHEETMETAL_FORM_TEAR
 70
     0
 62
     7
  6
CONTINUOUS
  0
LAYER
  5
10000049
330
2
100
AcDbSymbolTableRecord
100
AcDbLayerTableRecord
  2
SHEETMETAL_FORM_UP
 70
     0
 62
     7
  6
CENTER
  0
LAYER
  5
1000004A
330
2
100
AcDbSymbolTableRecord
100
AcDbLayerTableRecord
  2
SHEETMETAL_FORM_DOWN
 70
     0
 62
     7
  6
CENTER
  0
LAYER
  5
1000004B
330
2
100
AcDbSymbolTableRecord
100
AcDbLayerTableRecord
  2
SHEETMETAL_FORM_CENTERMARK
 70
     0
 62
     7
  6
CENTER
  0
LAYER
  5
1000004C
330
2
100
AcDbSymbolTableRecord
100
AcDbLayerTableRecord
  2
REGION_ASSOC_POINTS
 70
     0
 62
    -7
  6
CONTINUOUS
  0
LAYER
  5
1000004D
330
2
100
AcDbSymbolTableRecord
100
AcDbLayerTableRecord
  2
PATTERN_CENTERLINES
 70
     1
 62
    -7
  6
CENTER
  0
LAYER
  5
1000004E
330
2
100
AcDbSymbolTableRecord
100
AcDbLayerTableRecord
  2
HIDDEN
 70
     0
 62
    -7
  6
HIDDEN
  0
LAYER
  5
1000004F
330
2
100
AcDbSymbolTableRecord
100
AcDbLayerTableRecord
  2
VISIBLE
 70
     0
 62
     7
  6
CONTINUOUS
  0
LAYER
  5
10000050
330
2
100
AcDbSymbolTableRecord
100
AcDbLayerTableRecord
  2
MODELSKETCH_VISIBLE
 70
     0
 62
     7
  6
CONTINUOUS
  0
LAYER
  5
10000051
330
2
100
AcDbSymbolTableRecord
100
AcDbLayerTableRecord
  2
MODELSKETCH_POINT
 70
     0
 62
     7
  6
CONTINUOUS
  0
LAYER
  5
10000052
330
2
100
AcDbSymbolTableRecord
100
AcDbLayerTableRecord
  2
MODELSKETCH_CONSTRUCTION
 70
     0
 62
    -7
  6
CENTER
  0
LAYER
  5
10000053
330
2
100
AcDbSymbolTableRecord
100
AcDbLayerTableRecord
  2
HIDDEN_BASE_VIEW
 70
     0
 62
     7
  6
CONTINUOUS
  0
LAYER
  5
10000054
330
2
100
AcDbSymbolTableRecord
100
AcDbLayerTableRecord
  2
TANGENT_LINES
 70
     0
 62
    -7
  6
CONTINUOUS
  0
LAYER
  5
10000055
330
2
100
AcDbSymbolTableRecord
100
AcDbLayerTableRecord
  2
TANGENT_HIDDEN
 70
     0
 62
    -7
  6
HIDDEN
  0
LAYER
  5
10000056
330
2
100
AcDbSymbolTableRecord
100
AcDbLayerTableRecord
  2
INVISIBLE_LINES
 70
     0
 62
    -7
  6
CONTINUOUS
  0
LAYER
  5
10000057
330
2
100
AcDbSymbolTableRecord
100
AcDbLayerTableRecord
  2
VIEW_HATCHES
 70
     0
 62
    -7
  6
CONTINUOUS
  0
LAYER
  5
10000058
330
2
100
AcDbSymbolTableRecord
100
AcDbLayerTableRecord
  2
SECTION_JOG_LINES
 70
     0
 62
    -7
  6
CONTINUOUS
  0
ENDTAB
  0
TABLE
  2
STYLE
  5
3
330
0
100
AcDbSymbolTable
 70
     2
  0
STYLE
  5
11
330
3
100
AcDbSymbolTableRecord
100
AcDbTextStyleTableRecord
  2
STANDARD
 70
     0
 40
0.0
 41
1.0
 50
0.0
 71
     0
 42
2.5
  3
txt
  4

  0
STYLE
  5
10000004
330
3
100
AcDbSymbolTableRecord
100
AcDbTextStyleTableRecord
  2
TTFSTYLE
 70
     0
 40
0.0
 41
1.0
 50
0.0
 71
     0
 42
2.5
  3

  4

1001
ACAD
1000
Verdana
1071
       34
  0
ENDTAB
  0
TABLE
  2
VIEW
  5
6
330
0
100
AcDbSymbolTable
 70
     0
  0
ENDTAB
  0
TABLE
  2
UCS
  5
7
330
0
100
AcDbSymbolTable
 70
     0
  0
ENDTAB
  0
TABLE
  2
APPID
  5
9
330
0
100
AcDbSymbolTable
 70
     2
  0
APPID
  5
12
330
9
100
AcDbSymbolTableRecord
100
AcDbRegAppTableRecord
  2
ACAD
 70
     0
  0
APPID
  5
100003AA
330
9
100
AcDbSymbolTableRecord
100
AcDbRegAppTableRecord
  2
ACAD_MLEADERVER
 70
     0
  0
ENDTAB
  0
TABLE
  2
DIMSTYLE
  5
A
330
0
100
AcDbSymbolTable
 70
     1
  0
DIMSTYLE
105
27
330
A
100
AcDbSymbolTableRecord
100
AcDbDimStyleTableRecord
  2
ISO-25
 70
     0
  3

  4

  5

  6

  7

 40
1.0
 41
2.5
 42
0.625
 43
3.75
 44
1.25
 45
0.0
 46
0.0
 47
0.0
 48
0.0
140
2.5
141
2.5
142
0.0
143
0.03937007874016
144
1.0
145
0.0
146
1.0
147
0.625
 71
     0
 72
     0
 73
     0
 74
     0
 75
     0
 76
     0
 77
     1
 78
     8
170
     0
171
     3
172
     1
173
     0
174
     0
175
     0
176
     0
177
     0
178
     0
270
     2
271
     2
272
     2
273
     2
274
     3
340
11
275
     0
280
     0
281
     0
282
     0
283
     0
284
     8
285
     0
286
     0
287
     3
288
     0
  0
ENDTAB
  0
TABLE
  2
BLOCK_RECORD
  5
1
330
0
100
AcDbSymbolTable
 70
     0
  0
BLOCK_RECORD
  5
1F
102
{ACAD_XDICTIONARY
360
10000371
102
}
330
1
100
AcDbSymbolTableRecord
100
AcDbBlockTableRecord
  2
*MODEL_SPACE
  0
BLOCK_RECORD
  5
1B
330
1
100
AcDbSymbolTableRecord
100
AcDbBlockTableRecord
  2
*PAPER_SPACE
  0
ENDTAB
  0
ENDSEC
  0
SECTION
  2
BLOCKS
  0
BLOCK
  5
20
330
1F
100
AcDbEntity
  8
0
100
AcDbBlockBegin
  2
*MODEL_SPACE
 70
     0
 10
0.0
 20
0.0
 30
0.0
  3
*MODEL_SPACE
  1

  0
ENDBLK
  5
21
330
1F
100
AcDbEntity
  8
0
100
AcDbBlockEnd
  0
BLOCK
  5
1C
330
1B
100
AcDbEntity
 67
     1
  8
0
100
AcDbBlockBegin
  2
*PAPER_SPACE
 70
     0
 10
0.0
 20
0.0
 30
0.0
  3
*PAPER_SPACE
  1

  0
ENDBLK
  5
1D
330
1B
100
AcDbEntity
 67
     1
  8
0
100
AcDbBlockEnd
  0
ENDSEC
  0
SECTION
  2
ENTITIES
  0
LINE
  5
10000059
102
{ACAD_XDICTIONARY
360
1000005A
102
}
330
1F
100
AcDbEntity
  8
SHEETMETAL_BEND_LINES_DOWN
100
AcDbLine
 10
36.18215774649838
 20
-284.8367255756847
 30
0.0
 11
-36.18215774649848
 21
-284.8367255756846
 31
0.0
  0
LINE
  5
10000061
102
{ACAD_XDICTIONARY
360
10000062
102
}
330
1F
100
AcDbEntity
  8
SHEETMETAL_BEND_LINES_DOWN
100
AcDbLine
 10
-100.9826529660033
 20
-321.5899258360672
 30
0.0
 11
-38.31331742159644
 21
-285.4077680895689
 31
0.0
  0
LINE
  5
10000069
102
{ACAD_XDICTIONARY
360
1000006A
102
}
330
1F
100
AcDbEntity
  8
SHEETMETAL_BEND_LINES_DOWN
100
AcDbLine
 10
-138.7249278737153
 20
-385.8193785416879
 30
0.0
 11
-102.5427701272169
 21
-323.1500429972808
 31
0.0
  0
LINE
  5
10000071
102
{ACAD_XDICTIONARY
360
10000072
102
}
330
1F
100
AcDbEntity
  8
SHEETMETAL_BEND_LINES_DOWN
100
AcDbLine
 10
-139.2959703875996
 20
-460.3148537097824
 30
0.0
 11
-139.2959703875996
 21
-387.9505382167857
 31
0.0
  0
LINE
  5
10000079
102
{ACAD_XDICTIONARY
360
1000007A
102
}
330
1F
100
AcDbEntity
  8
SHEETMETAL_BEND_LINES_DOWN
100
AcDbLine
 10
-102.542770127217
 20
-525.1153489292873
 30
0.0
 11
-138.7249278737153
 21
-462.4460133848804
 31
0.0
  0
LINE
  5
10000081
102
{ACAD_XDICTIONARY
360
10000082
102
}
330
1F
100
AcDbEntity
  8
SHEETMETAL_BEND_LINES_DOWN
100
AcDbLine
 10
-38.31331742159626
 20
-562.8576238369993
 30
0.0
 11
-100.9826529660035
 21
-526.6754660905009
 31
0.0
  0
LINE
  5
10000089
102
{ACAD_XDICTIONARY
360
1000008A
102
}
330
1F
100
AcDbEntity
  8
SHEETMETAL_BEND_LINES_DOWN
100
AcDbLine
 10
100.982652966003
 20
-526.6754660905012
 30
0.0
 11
38.31331742159613
 21
-562.8576238369994
 31
0.0
  0
LINE
  5
10000091
102
{ACAD_XDICTIONARY
360
10000092
102
}
330
1F
100
AcDbEntity
  8
SHEETMETAL_BEND_LINES_DOWN
100
AcDbLine
 10
138.7249278737152
 20
-462.4460133848804
 30
0.0
 11
102.5427701272168
 21
-525.1153489292875
 31
0.0
  0
LINE
  5
10000099
102
{ACAD_XDICTIONARY
360
1000009A
102
}
330
1F
100
AcDbEntity
  8
SHEETMETAL_BEND_LINES_DOWN
100
AcDbLine
 10
139.2959703875995
 20
-387.9505382167859
 30
0.0
 11
139.2959703875995
 21
-460.3148537097825
 31
0.0
  0
LINE
  5
100000A1
102
{ACAD_XDICTIONARY
360
100000A2
102
}
330
1F
100
AcDbEntity
  8
SHEETMETAL_BEND_LINES_DOWN
100
AcDbLine
 10
102.5427701272169
 20
-323.150042997281
 30
0.0
 11
138.7249278737153
 21
-385.819378541688
 31
0.0
  0
LINE
  5
100000A9
102
{ACAD_XDICTIONARY
360
100000AA
102
}
330
1F
100
AcDbEntity
  8
SHEETMETAL_BEND_LINES_DOWN
100
AcDbLine
 10
38.31331742159623
 20
-285.4077680895689
 30
0.0
 11
100.9826529660032
 21
-321.5899258360673
 31
0.0
  0
LINE
  5
100000B1
102
{ACAD_XDICTIONARY
360
100000B2
102
}
330
1F
100
AcDbEntity
  8
SHEETMETAL_BEND_LINES_DOWN
100
AcDbLine
 10
36.18215774649826
 20
-563.4286663508838
 30
0.0
 11
-36.18215774649834
 21
-563.4286663508838
 31
0.0
  0
CIRCLE
  5
100000B9
102
{ACAD_XDICTIONARY
360
100000BA
102
}
330
1F
100
AcDbEntity
  8
SHEETMETAL_CUT_LINES
100
AcDbCircle
 10
86.74166552894755
 20
-298.891724134001
 30
0.0
 40
2.108200000000001
  0
CIRCLE
  5
100000C0
102
{ACAD_XDICTIONARY
360
100000C1
102
}
330
1F
100
AcDbEntity
  8
SHEETMETAL_CUT_LINES
100
AcDbCircle
 10
151.8326959632841
 20
-436.6326959632842
 30
0.0
 40
2.108200000000001
  0
CIRCLE
  5
100000C7
102
{ACAD_XDICTIONARY
360
100000C8
102
}
330
1F
100
AcDbEntity
  8
SHEETMETAL_CUT_LINES
100
AcDbCircle
 10
86.74166552894752
 20
-549.3736677925671
 30
0.0
 40
2.108200000000001
  0
CIRCLE
  5
100000CE
102
{ACAD_XDICTIONARY
360
100000CF
102
}
330
1F
100
AcDbEntity
  8
SHEETMETAL_CUT_LINES
100
AcDbCircle
 10
-12.50000000000009
 20
-575.9653919265684
 30
0.0
 40
2.108200000000001
  0
CIRCLE
  5
100000D5
102
{ACAD_XDICTIONARY
360
100000D6
102
}
330
1F
100
AcDbEntity
  8
SHEETMETAL_CUT_LINES
100
AcDbCircle
 10
137.740971829283
 20
-489.2237263976207
 30
0.0
 40
2.108200000000001
  0
CIRCLE
  5
100000DC
102
{ACAD_XDICTIONARY
360
100000DD
102
}
330
1F
100
AcDbEntity
  8
SHEETMETAL_CUT_LINES
100
AcDbCircle
 10
-86.74166552894766
 20
-549.3736677925674
 30
0.0
 40
2.108200000000001
  0
CIRCLE
  5
100000E3
102
{ACAD_XDICTIONARY
360
100000E4
102
}
330
1F
100
AcDbEntity
  8
SHEETMETAL_CUT_LINES
100
AcDbCircle
 10
-65.09103043433673
 20
-561.8736677925674
 30
0.0
 40
2.108200000000001
  0
CIRCLE
  5
100000EA
102
{ACAD_XDICTIONARY
360
100000EB
102
}
330
1F
100
AcDbEntity
  8
SHEETMETAL_CUT_LINES
100
AcDbCircle
 10
-137.7409718292831
 20
-489.2237263976206
 30
0.0
 40
2.108200000000001
  0
CIRCLE
  5
100000F1
102
{ACAD_XDICTIONARY
360
100000F2
102
}
330
1F
100
AcDbEntity
  8
SHEETMETAL_CUT_LINES
100
AcDbCircle
 10
-125.2409718292831
 20
-510.8743614922315
 30
0.0
 40
2.108200000000001
  0
CIRCLE
  5
100000F8
102
{ACAD_XDICTIONARY
360
100000F9
102
}
330
1F
100
AcDbEntity
  8
SHEETMETAL_CUT_LINES
100
AcDbCircle
 10
-151.8326959632842
 20
-411.6326959632841
 30
0.0
 40
2.108200000000001
  0
CIRCLE
  5
100000FF
102
{ACAD_XDICTIONARY
360
10000100
102
}
330
1F
100
AcDbEntity
  8
SHEETMETAL_CUT_LINES
100
AcDbCircle
 10
-151.8326959632842
 20
-436.6326959632841
 30
0.0
 40
2.108200000000001
  0
CIRCLE
  5
10000106
102
{ACAD_XDICTIONARY
360
10000107
102
}
330
1F
100
AcDbEntity
  8
SHEETMETAL_CUT_LINES
100
AcDbCircle
 10
-125.2409718292832
 20
-337.3910304343366
 30
0.0
 40
2.108200000000001
  0
CIRCLE
  5
1000010D
102
{ACAD_XDICTIONARY
360
1000010E
102
}
330
1F
100
AcDbEntity
  8
SHEETMETAL_CUT_LINES
100
AcDbCircle
 10
-137.7409718292831
 20
-359.0416655289476
 30
0.0
 40
2.108200000000001
  0
CIRCLE
  5
10000114
102
{ACAD_XDICTIONARY
360
10000115
102
}
330
1F
100
AcDbEntity
  8
SHEETMETAL_CUT_LINES
100
AcDbCircle
 10
125.240971829283
 20
-510.8743614922316
 30
0.0
 40
2.108200000000001
  0
CIRCLE
  5
1000011B
102
{ACAD_XDICTIONARY
360
1000011C
102
}
330
1F
100
AcDbEntity
  8
SHEETMETAL_CUT_LINES
100
AcDbCircle
 10
-86.74166552894764
 20
-298.8917241340012
 30
0.0
 40
2.108200000000001
  0
CIRCLE
  5
10000122
102
{ACAD_XDICTIONARY
360
10000123
102
}
330
1F
100
AcDbEntity
  8
SHEETMETAL_CUT_LINES
100
AcDbCircle
 10
12.5
 20
-272.3
 30
0.0
 40
2.108200000000001
  0
CIRCLE
  5
10000129
102
{ACAD_XDICTIONARY
360
1000012A
102
}
330
1F
100
AcDbEntity
  8
SHEETMETAL_CUT_LINES
100
AcDbCircle
 10
-12.5
 20
-272.3
 30
0.0
 40
2.108200000000001
  0
CIRCLE
  5
10000130
102
{ACAD_XDICTIONARY
360
10000131
102
}
330
1F
100
AcDbEntity
  8
SHEETMETAL_CUT_LINES
100
AcDbCircle
 10
-125.2409718292832
 20
-337.3910304343366
 30
0.0
 40
2.108200000000001
  0
CIRCLE
  5
10000137
102
{ACAD_XDICTIONARY
360
10000138
102
}
330
1F
100
AcDbEntity
  8
SHEETMETAL_CUT_LINES
100
AcDbCircle
 10
-137.7409718292832
 20
-359.0416655289476
 30
0.0
 40
2.108200000000001
  0
LINE
  5
1000013E
102
{ACAD_XDICTIONARY
360
1000013F
102
}
330
1F
100
AcDbEntity
  8
SHEETMETAL_CUT_LINES
100
AcDbLine
 10
-155.4146447427369
 20
-376.2533649714033
 30
0.0
 11
-139.6529823938601
 21
-385.3533649714033
 31
0.0
  0
CIRCLE
  5
10000143
102
{ACAD_XDICTIONARY
360
10000144
102
}
330
1F
100
AcDbEntity
  8
SHEETMETAL_CUT_LINES
100
AcDbCircle
 10
-65.09103043433664
 20
-286.3917241340012
 30
0.0
 40
2.108200000000001
  0
CIRCLE
  5
1000014A
102
{ACAD_XDICTIONARY
360
1000014B
102
}
330
1F
100
AcDbEntity
  8
SHEETMETAL_CUT_LINES
100
AcDbCircle
 10
65.09103043433659
 20
-286.391724134001
 30
0.0
 40
2.108200000000001
  0
CIRCLE
  5
10000151
102
{ACAD_XDICTIONARY
360
10000152
102
}
330
1F
100
AcDbEntity
  8
SHEETMETAL_CUT_LINES
100
AcDbCircle
 10
151.8326959632841
 20
-411.6326959632842
 30
0.0
 40
2.108200000000001
  0
CIRCLE
  5
10000158
102
{ACAD_XDICTIONARY
360
10000159
102
}
330
1F
100
AcDbEntity
  8
SHEETMETAL_CUT_LINES
100
AcDbCircle
 10
125.240971829283
 20
-337.3910304343366
 30
0.0
 40
2.108200000000001
  0
CIRCLE
  5
1000015F
102
{ACAD_XDICTIONARY
360
10000160
102
}
330
1F
100
AcDbEntity
  8
SHEETMETAL_CUT_LINES
100
AcDbCircle
 10
12.49999999999991
 20
-575.9653919265684
 30
0.0
 40
2.108200000000001
  0
CIRCLE
  5
10000166
102
{ACAD_XDICTIONARY
360
10000167
102
}
330
1F
100
AcDbEntity
  8
SHEETMETAL_CUT_LINES
100
AcDbCircle
 10
137.740971829283
 20
-359.0416655289476
 30
0.0
 40
2.108200000000001
  0
CIRCLE
  5
1000016D
102
{ACAD_XDICTIONARY
360
1000016E
102
}
330
1F
100
AcDbEntity
  8
SHEETMETAL_CUT_LINES
100
AcDbCircle
 10
65.09103043433653
 20
-561.8736677925671
 30
0.0
 40
2.108200000000001
  0
SPLINE
  5
10000174
102
{ACAD_XDICTIONARY
360
10000175
102
}
330
1F
100
AcDbEntity
  8
SHEETMETAL_CUT_LINES
100
AcDbSpline
210
0.0
220
0.0
230
1.0
 70
     8
 71
     2
 72
    10
 73
     7
 74
     0
 42
0.0000000001
 43
0.00000001
 40
0.0
 40
0.0
 40
0.0
 40
0.5
 40
0.5
 40
0.75
 40
0.75
 40
1.0
 40
1.0
 40
1.0
 10
-139.6529823938601
 20
-385.3533649714033
 30
0.0
 10
-139.227181920156
 20
-385.6068780530556
 30
0.0
 10
-138.7249278737153
 20
-385.8193785416878
 30
0.0
 10
-138.5047632568714
 20
-385.9125287890385
 30
0.0
 10
-138.2375188018755
 20
-386.0118868408761
 30
0.0
 10
-138.0502025066444
 20
-386.0815286307193
 30
0.0
 10
-137.7416067217098
 20
-386.1896674976265
 30
0.0
  0
LINE
  5
10000179
102
{ACAD_XDICTIONARY
360
1000017A
102
}
330
1F
100
AcDbEntity
  8
SHEETMETAL_CUT_LINES
100
AcDbLine
 10
-138.2592448119149
 20
-388.1215191502046
 30
0.0
 11
-137.74160672171
 21
-386.1896674976265
 31
0.0
  0
SPLINE
  5
1000017E
102
{ACAD_XDICTIONARY
360
1000017F
102
}
330
1F
100
AcDbEntity
  8
SHEETMETAL_CUT_LINES
100
AcDbSpline
210
0.0
220
0.0
230
1.0
 70
     8
 71
     2
 72
    10
 73
     7
 74
     0
 42
0.0000000001
 43
0.00000001
 40
0.0
 40
0.0
 40
0.0
 40
0.25
 40
0.25
 40
0.5
 40
0.5
 40
1.0
 40
1.0
 40
1.0
 10
-138.259244811915
 20
-388.1215191502047
 30
0.0
 10
-138.5804830633852
 20
-388.0608879237924
 30
0.0
 10
-138.7776075997573
 20
-388.0275256751691
 30
0.0
 10
-139.0586761301256
 20
-387.9799563651131
 30
0.0
 10
-139.2959703875996
 20
-387.9505382167857
 30
0.0
 10
-139.8371853952869
 20
-387.8834420150374
 30
0.0
 10
-140.3326959632842
 20
-387.8900905470879
 30
0.0
  0
LINE
  5
10000183
102
{ACAD_XDICTIONARY
360
10000184
102
}
330
1F
100
AcDbEntity
  8
SHEETMETAL_CUT_LINES
100
AcDbLine
 10
-158.5326959632842
 20
-387.8900905470879
 30
0.0
 11
-140.3326959632842
 21
-387.8900905470879
 31
0.0
  0
LINE
  5
10000188
102
{ACAD_XDICTIONARY
360
10000189
102
}
330
1F
100
AcDbEntity
  8
SHEETMETAL_CUT_LINES
100
AcDbLine
 10
-158.5326959632842
 20
-387.8900905470879
 30
0.0
 11
-158.5326959632842
 21
-460.3753013794802
 31
0.0
  0
LINE
  5
1000018D
102
{ACAD_XDICTIONARY
360
1000018E
102
}
330
1F
100
AcDbEntity
  8
SHEETMETAL_CUT_LINES
100
AcDbLine
 10
-158.5326959632842
 20
-460.3753013794802
 30
0.0
 11
-140.3326959632842
 21
-460.3753013794802
 31
0.0
  0
SPLINE
  5
10000192
102
{ACAD_XDICTIONARY
360
10000193
102
}
330
1F
100
AcDbEntity
  8
SHEETMETAL_CUT_LINES
100
AcDbSpline
210
0.0
220
0.0
230
1.0
 70
     8
 71
     2
 72
    10
 73
     7
 74
     0
 42
0.0000000001
 43
0.00000001
 40
0.0
 40
0.0
 40
0.0
 40
0.5
 40
0.5
 40
0.75
 40
0.75
 40
1.0
 40
1.0
 40
1.0
 10
-140.3326959632843
 20
-460.3753013794802
 30
0.0
 10
-139.8371853952869
 20
-460.3819499115307
 30
0.0
 10
-139.2959703875996
 20
-460.3148537097824
 30
0.0
 10
-139.0587271126854
 20
-460.2854418819304
 30
0.0
 10
-138.7776075997573
 20
-460.237866251399
 30
0.0
 10
-138.5805660345615
 20
-460.2045196629412
 30
0.0
 10
-138.259244811915
 20
-460.1438727763635
 30
0.0
  0
LINE
  5
10000197
102
{ACAD_XDICTIONARY
360
10000198
102
}
330
1F
100
AcDbEntity
  8
SHEETMETAL_CUT_LINES
100
AcDbLine
 10
-137.7416067217099
 20
-462.0757244289416
 30
0.0
 11
-138.2592448119151
 21
-460.1438727763635
 31
0.0
  0
SPLINE
  5
1000019C
102
{ACAD_XDICTIONARY
360
1000019D
102
}
330
1F
100
AcDbEntity
  8
SHEETMETAL_CUT_LINES
100
AcDbSpline
210
0.0
220
0.0
230
1.0
 70
     8
 71
     2
 72
    10
 73
     7
 74
     0
 42
0.0000000001
 43
0.00000001
 40
0.0
 40
0.0
 40
0.0
 40
0.25
 40
0.25
 40
0.5
 40
0.5
 40
1.0
 40
1.0
 40
1.0
 10
-137.7416067217099
 20
-462.0757244289416
 30
0.0
 10
-138.0501228211382
 20
-462.1838353722646
 30
0.0
 10
-138.2375188018756
 20
-462.253505085692
 30
0.0
 10
-138.5047159442773
 20
-462.3528431198724
 30
0.0
 10
-138.7249278737153
 20
-462.4460133848804
 30
0.0
 10
-139.227181920156
 20
-462.6585138735124
 30
0.0
 10
-139.6529823938602
 20
-462.9120269551648
 30
0.0
  0
LINE
  5
100001A1
102
{ACAD_XDICTIONARY
360
100001A2
102
}
330
1F
100
AcDbEntity
  8
SHEETMETAL_CUT_LINES
100
AcDbLine
 10
-155.4146447427369
 20
-472.0120269551646
 30
0.0
 11
-139.6529823938601
 21
-462.9120269551647
 31
0.0
  0
LINE
  5
100001A6
102
{ACAD_XDICTIONARY
360
100001A7
102
}
330
1F
100
AcDbEntity
  8
SHEETMETAL_CUT_LINES
100
AcDbLine
 10
-155.4146447427369
 20
-472.0120269551646
 30
0.0
 11
-119.1720393265408
 21
-534.7860609346873
 31
0.0
  0
LINE
  5
100001AB
102
{ACAD_XDICTIONARY
360
100001AC
102
}
330
1F
100
AcDbEntity
  8
SHEETMETAL_CUT_LINES
100
AcDbLine
 10
-119.1720393265408
 20
-534.7860609346873
 30
0.0
 11
-103.4103769776641
 21
-525.6860609346874
 31
0.0
  0
SPLINE
  5
100001B0
102
{ACAD_XDICTIONARY
360
100001B1
102
}
330
1F
100
AcDbEntity
  8
SHEETMETAL_CUT_LINES
100
AcDbSpline
210
0.0
220
0.0
230
1.0
 70
     8
 71
     2
 72
    10
 73
     7
 74
     0
 42
0.0000000001
 43
0.00000001
 40
0.0
 40
0.0
 40
0.0
 40
0.5
 40
0.5
 40
0.75
 40
0.75
 40
1.0
 40
1.0
 40
1.0
 10
-103.4103769776641
 20
-525.6860609346874
 30
0.0
 10
-102.9779279719094
 20
-525.4440634483424
 30
0.0
 10
-102.542770127217
 20
-525.1153489292873
 30
0.0
 10
-102.3520173383794
 20
-524.9712559018812
 30
0.0
 10
-102.1323485137608
 20
-524.7894944406331
 30
0.0
 10
-101.9783788072239
 20
-524.6620946655551
 30
0.0
 10
-101.7304299086306
 20
-524.4489123095412
 30
0.0
  0
LINE
  5
100001B5
102
{ACAD_XDICTIONARY
360
100001B6
102
}
330
1F
100
AcDbEntity
  8
SHEETMETAL_CUT_LINES
100
AcDbLine
 10
-100.3162163462576
 20
-525.8631258719145
 30
0.0
 11
-101.7304299086309
 21
-524.4489123095412
 31
0.0
  0
SPLINE
  5
100001BA
102
{ACAD_XDICTIONARY
360
100001BB
102
}
330
1F
100
AcDbEntity
  8
SHEETMETAL_CUT_LINES
100
AcDbSpline
210
0.0
220
0.0
230
1.0
 70
     8
 71
     2
 72
    10
 73
     7
 74
     0
 42
0.0000000001
 43
0.00000001
 40
0.0
 40
0.0
 40
0.0
 40
0.25
 40
0.25
 40
0.5
 40
0.5
 40
1.0
 40
1.0
 40
1.0
 10
-100.3162163462576
 20
-525.8631258719145
 30
0.0
 10
-100.5293436534592
 20
-526.1110107441382
 30
0.0
 10
-100.6567984773494
 20
-526.2650444770447
 30
0.0
 10
-100.8385289729939
 20
-526.484672308873
 30
0.0
 10
-100.9826529660034
 20
-526.6754660905009
 30
0.0
 10
-101.3113674850585
 20
-527.1106239351934
 30
0.0
 10
-101.5533649714035
 20
-527.5430729409482
 30
0.0
  0
LINE
  5
100001BF
102
{ACAD_XDICTIONARY
360
100001C0
102
}
330
1F
100
AcDbEntity
  8
SHEETMETAL_CUT_LINES
100
AcDbLine
 10
-110.6533649714036
 20
-543.3047352898251
 30
0.0
 11
-101.5533649714036
 21
-527.5430729409483
 31
0.0
  0
LINE
  5
100001C4
102
{ACAD_XDICTIONARY
360
100001C5
102
}
330
1F
100
AcDbEntity
  8
SHEETMETAL_CUT_LINES
100
AcDbLine
 10
-110.6533649714036
 20
-543.3047352898251
 30
0.0
 11
-47.87933099188088
 21
-579.5473407060213
 31
0.0
  0
LINE
  5
100001C9
102
{ACAD_XDICTIONARY
360
100001CA
102
}
330
1F
100
AcDbEntity
  8
SHEETMETAL_CUT_LINES
100
AcDbLine
 10
-47.87933099188088
 20
-579.5473407060213
 30
0.0
 11
-38.77933099188078
 21
-563.7856783571442
 31
0.0
  0
SPLINE
  5
100001CE
102
{ACAD_XDICTIONARY
360
100001CF
102
}
330
1F
100
AcDbEntity
  8
SHEETMETAL_CUT_LINES
100
AcDbSpline
210
0.0
220
0.0
230
1.0
 70
     8
 71
     2
 72
    10
 73
     7
 74
     0
 42
0.0000000001
 43
0.00000001
 40
0.0
 40
0.0
 40
0.0
 40
0.5
 40
0.5
 40
0.75
 40
0.75
 40
1.0
 40
1.0
 40
1.0
 10
-38.7793309918808
 20
-563.7856783571442
 30
0.0
 10
-38.5258179102285
 20
-563.3598778834402
 30
0.0
 10
-38.31331742159625
 20
-562.8576238369993
 30
0.0
 10
-38.22016717423729
 20
-562.6374592201361
 30
0.0
 10
-38.12080912240793
 20
-562.3702147651597
 30
0.0
 10
-38.05116733255311
 20
-562.1828984698958
 30
0.0
 10
-37.94302846565739
 20
-561.874302684994
 30
0.0
  0
LINE
  5
100001D3
102
{ACAD_XDICTIONARY
360
100001D4
102
}
330
1F
100
AcDbEntity
  8
SHEETMETAL_CUT_LINES
100
AcDbLine
 10
-36.01117681307931
 20
-562.391940775199
 30
0.0
 11
-37.9430284656576
 21
-561.874302684994
 31
0.0
  0
SPLINE
  5
100001D8
102
{ACAD_XDICTIONARY
360
100001D9
102
}
330
1F
100
AcDbEntity
  8
SHEETMETAL_CUT_LINES
100
AcDbSpline
210
0.0
220
0.0
230
1.0
 70
     8
 71
     2
 72
    10
 73
     7
 74
     0
 42
0.0000000001
 43
0.00000001
 40
0.0
 40
0.0
 40
0.0
 40
0.25
 40
0.25
 40
0.5
 40
0.5
 40
1.0
 40
1.0
 40
1.0
 10
-36.01117681307927
 20
-562.391940775199
 30
0.0
 10
-36.07180803949182
 20
-562.713179026671
 30
0.0
 10
-36.10517028811481
 20
-562.9103035630413
 30
0.0
 10
-36.152739598171
 20
-563.1913720934107
 30
0.0
 10
-36.18215774649834
 20
-563.4286663508838
 30
0.0
 10
-36.24925394824667
 20
-563.969881358571
 30
0.0
 10
-36.24260541619621
 20
-564.4653919265683
 30
0.0
  0
LINE
  5
100001DD
102
{ACAD_XDICTIONARY
360
100001DE
102
}
330
1F
100
AcDbEntity
  8
SHEETMETAL_CUT_LINES
100
AcDbLine
 10
-36.24260541619621
 20
-582.6653919265683
 30
0.0
 11
-36.24260541619621
 21
-564.4653919265683
 31
0.0
  0
LINE
  5
100001E2
102
{ACAD_XDICTIONARY
360
100001E3
102
}
330
1F
100
AcDbEntity
  8
SHEETMETAL_CUT_LINES
100
AcDbLine
 10
-36.24260541619621
 20
-582.6653919265683
 30
0.0
 11
36.24260541619599
 21
-582.6653919265684
 31
0.0
  0
LINE
  5
100001E7
102
{ACAD_XDICTIONARY
360
100001E8
102
}
330
1F
100
AcDbEntity
  8
SHEETMETAL_CUT_LINES
100
AcDbLine
 10
36.24260541619599
 20
-582.6653919265684
 30
0.0
 11
36.24260541619604
 21
-564.4653919265683
 31
0.0
  0
SPLINE
  5
100001EC
102
{ACAD_XDICTIONARY
360
100001ED
102
}
330
1F
100
AcDbEntity
  8
SHEETMETAL_CUT_LINES
100
AcDbSpline
210
0.0
220
0.0
230
1.0
 70
     8
 71
     2
 72
    10
 73
     7
 74
     0
 42
0.0000000001
 43
0.00000001
 40
0.0
 40
0.0
 40
0.0
 40
0.5
 40
0.5
 40
0.75
 40
0.75
 40
1.0
 40
1.0
 40
1.0
 10
36.242605416196
 20
-564.4653919265683
 30
0.0
 10
36.2492539482465
 20
-563.969881358571
 30
0.0
 10
36.18215774649825
 20
-563.4286663508838
 30
0.0
 10
36.15274591864499
 20
-563.19142307596
 30
0.0
 10
36.10517028811481
 20
-562.9103035630413
 30
0.0
 10
36.07182369965405
 20
-562.7132619978302
 30
0.0
 10
36.01117681307932
 20
-562.391940775199
 30
0.0
  0
LINE
  5
100001F1
102
{ACAD_XDICTIONARY
360
100001F2
102
}
330
1F
100
AcDbEntity
  8
SHEETMETAL_CUT_LINES
100
AcDbLine
 10
37.94302846565739
 20
-561.874302684994
 30
0.0
 11
36.01117681307911
 21
-562.391940775199
 31
0.0
  0
SPLINE
  5
100001F6
102
{ACAD_XDICTIONARY
360
100001F7
102
}
330
1F
100
AcDbEntity
  8
SHEETMETAL_CUT_LINES
100
AcDbSpline
210
0.0
220
0.0
230
1.0
 70
     8
 71
     2
 72
    10
 73
     7
 74
     0
 42
0.0000000001
 43
0.00000001
 40
0.0
 40
0.0
 40
0.0
 40
0.25
 40
0.25
 40
0.5
 40
0.5
 40
1.0
 40
1.0
 40
1.0
 10
37.94302846565742
 20
-561.8743026849941
 30
0.0
 10
38.05113940878177
 20
-562.1828187838554
 30
0.0
 10
38.12080912240787
 20
-562.3702147651597
 30
0.0
 10
38.22014715644578
 20
-562.6374119072249
 30
0.0
 10
38.31331742159619
 20
-562.8576238369994
 30
0.0
 10
38.52581791022838
 20
-563.3598778834402
 30
0.0
 10
38.77933099188065
 20
-563.7856783571442
 30
0.0
  0
LINE
  5
100001FB
102
{ACAD_XDICTIONARY
360
100001FC
102
}
330
1F
100
AcDbEntity
  8
SHEETMETAL_CUT_LINES
100
AcDbLine
 10
47.87933099188058
 20
-579.5473407060208
 30
0.0
 11
38.77933099188058
 21
-563.785678357144
 31
0.0
  0
LINE
  5
10000200
102
{ACAD_XDICTIONARY
360
10000201
102
}
330
1F
100
AcDbEntity
  8
SHEETMETAL_CUT_LINES
100
AcDbLine
 10
47.87933099188058
 20
-579.5473407060208
 30
0.0
 11
110.6533649714032
 21
-543.3047352898247
 31
0.0
  0
LINE
  5
10000205
102
{ACAD_XDICTIONARY
360
10000206
102
}
330
1F
100
AcDbEntity
  8
SHEETMETAL_CUT_LINES
100
AcDbLine
 10
110.6533649714032
 20
-543.3047352898247
 30
0.0
 11
101.5533649714033
 21
-527.5430729409482
 31
0.0
  0
SPLINE
  5
1000020A
102
{ACAD_XDICTIONARY
360
1000020B
102
}
330
1F
100
AcDbEntity
  8
SHEETMETAL_CUT_LINES
100
AcDbSpline
210
0.0
220
0.0
230
1.0
 70
     8
 71
     2
 72
    10
 73
     7
 74
     0
 42
0.0000000001
 43
0.00000001
 40
0.0
 40
0.0
 40
0.0
 40
0.5
 40
0.5
 40
0.75
 40
0.75
 40
1.0
 40
1.0
 40
1.0
 10
101.5533649714034
 20
-527.5430729409482
 30
0.0
 10
101.3113674850583
 20
-527.1106239351936
 30
0.0
 10
100.9826529660031
 20
-526.6754660905012
 30
0.0
 10
100.8385599389018
 20
-526.4847133020669
 30
0.0
 10
100.656798477349
 20
-526.265044477045
 30
0.0
 10
100.5293987028126
 20
-526.1110747711383
 30
0.0
 10
100.3162163462571
 20
-525.8631258719148
 30
0.0
  0
LINE
  5
1000020F
102
{ACAD_XDICTIONARY
360
10000210
102
}
330
1F
100
AcDbEntity
  8
SHEETMETAL_CUT_LINES
100
AcDbLine
 10
101.7304299086302
 20
-524.4489123095418
 30
0.0
 11
100.3162163462569
 21
-525.8631258719149
 31
0.0
  0
SPLINE
  5
10000214
102
{ACAD_XDICTIONARY
360
10000215
102
}
330
1F
100
AcDbEntity
  8
SHEETMETAL_CUT_LINES
100
AcDbSpline
210
0.0
220
0.0
230
1.0
 70
     8
 71
     2
 72
    10
 73
     7
 74
     0
 42
0.0000000001
 43
0.00000001
 40
0.0
 40
0.0
 40
0.0
 40
0.25
 40
0.25
 40
0.5
 40
0.5
 40
1.0
 40
1.0
 40
1.0
 10
101.7304299086301
 20
-524.4489123095417
 30
0.0
 10
101.9783147814264
 20
-524.6620396172357
 30
0.0
 10
102.1323485137604
 20
-524.7894944406336
 30
0.0
 10
102.3519763459555
 20
-524.971224936555
 30
0.0
 10
102.5427701272168
 20
-525.1153489292876
 30
0.0
 10
102.9779279719091
 20
-525.4440634483426
 30
0.0
 10
103.4103769776638
 20
-525.6860609346876
 30
0.0
  0
LINE
  5
10000219
102
{ACAD_XDICTIONARY
360
1000021A
102
}
330
1F
100
AcDbEntity
  8
SHEETMETAL_CUT_LINES
100
AcDbLine
 10
119.1720393265407
 20
-534.7860609346876
 30
0.0
 11
103.4103769776639
 21
-525.6860609346876
 31
0.0
  0
LINE
  5
1000021E
102
{ACAD_XDICTIONARY
360
1000021F
102
}
330
1F
100
AcDbEntity
  8
SHEETMETAL_CUT_LINES
100
AcDbLine
 10
119.1720393265407
 20
-534.7860609346876
 30
0.0
 11
155.4146447427368
 21
-472.0120269551649
 31
0.0
  0
LINE
  5
10000223
102
{ACAD_XDICTIONARY
360
10000224
102
}
330
1F
100
AcDbEntity
  8
SHEETMETAL_CUT_LINES
100
AcDbLine
 10
155.4146447427368
 20
-472.0120269551649
 30
0.0
 11
139.65298239386
 21
-462.912026955165
 31
0.0
  0
SPLINE
  5
10000228
102
{ACAD_XDICTIONARY
360
10000229
102
}
330
1F
100
AcDbEntity
  8
SHEETMETAL_CUT_LINES
100
AcDbSpline
210
0.0
220
0.0
230
1.0
 70
     8
 71
     2
 72
    10
 73
     7
 74
     0
 42
0.0000000001
 43
0.00000001
 40
0.0
 40
0.0
 40
0.0
 40
0.5
 40
0.5
 40
0.75
 40
0.75
 40
1.0
 40
1.0
 40
1.0
 10
139.65298239386
 20
-462.912026955165
 30
0.0
 10
139.2271819201559
 20
-462.6585138735127
 30
0.0
 10
138.7249278737152
 20
-462.4460133848805
 30
0.0
 10
138.504763256888
 20
-462.3528631375369
 30
0.0
 10
138.2375188018755
 20
-462.2535050856922
 30
0.0
 10
138.0502025066725
 20
-462.1838632958588
 30
0.0
 10
137.7416067217098
 20
-462.0757244289417
 30
0.0
  0
LINE
  5
1000022D
102
{ACAD_XDICTIONARY
360
1000022E
102
}
330
1F
100
AcDbEntity
  8
SHEETMETAL_CUT_LINES
100
AcDbLine
 10
138.2592448119148
 20
-460.1438727763635
 30
0.0
 11
137.7416067217095
 21
-462.0757244289417
 31
0.0
  0
SPLINE
  5
10000232
102
{ACAD_XDICTIONARY
360
10000233
102
}
330
1F
100
AcDbEntity
  8
SHEETMETAL_CUT_LINES
100
AcDbSpline
210
0.0
220
0.0
230
1.0
 70
     8
 71
     2
 72
    10
 73
     7
 74
     0
 42
0.0000000001
 43
0.00000001
 40
0.0
 40
0.0
 40
0.0
 40
0.25
 40
0.25
 40
0.5
 40
0.5
 40
1.0
 40
1.0
 40
1.0
 10
138.2592448119148
 20
-460.1438727763635
 30
0.0
 10
138.5804830628395
 20
-460.2045040026728
 30
0.0
 10
138.7776075997572
 20
-460.237866251399
 30
0.0
 10
139.0586761297901
 20
-460.2854355614135
 30
0.0
 10
139.2959703875995
 20
-460.3148537097825
 30
0.0
 10
139.8371853952867
 20
-460.3819499115308
 30
0.0
 10
140.3326959632841
 20
-460.3753013794803
 30
0.0
  0
LINE
  5
10000237
102
{ACAD_XDICTIONARY
360
10000238
102
}
330
1F
100
AcDbEntity
  8
SHEETMETAL_CUT_LINES
100
AcDbLine
 10
158.5326959632841
 20
-460.3753013794803
 30
0.0
 11
140.3326959632841
 21
-460.3753013794803
 31
0.0
  0
LINE
  5
1000023C
102
{ACAD_XDICTIONARY
360
1000023D
102
}
330
1F
100
AcDbEntity
  8
SHEETMETAL_CUT_LINES
100
AcDbLine
 10
158.5326959632841
 20
-460.3753013794803
 30
0.0
 11
158.5326959632842
 21
-387.8900905470882
 31
0.0
  0
LINE
  5
10000241
102
{ACAD_XDICTIONARY
360
10000242
102
}
330
1F
100
AcDbEntity
  8
SHEETMETAL_CUT_LINES
100
AcDbLine
 10
158.5326959632842
 20
-387.8900905470882
 30
0.0
 11
140.3326959632842
 21
-387.8900905470881
 31
0.0
  0
SPLINE
  5
10000246
102
{ACAD_XDICTIONARY
360
10000247
102
}
330
1F
100
AcDbEntity
  8
SHEETMETAL_CUT_LINES
100
AcDbSpline
210
0.0
220
0.0
230
1.0
 70
     8
 71
     2
 72
    10
 73
     7
 74
     0
 42
0.0000000001
 43
0.00000001
 40
0.0
 40
0.0
 40
0.0
 40
0.5
 40
0.5
 40
0.75
 40
0.75
 40
1.0
 40
1.0
 40
1.0
 10
140.3326959632841
 20
-387.8900905470881
 30
0.0
 10
139.8371853952868
 20
-387.8834420150376
 30
0.0
 10
139.2959703875995
 20
-387.9505382167859
 30
0.0
 10
139.0587271126856
 20
-387.9799500446379
 30
0.0
 10
138.7776075997571
 20
-388.0275256751693
 30
0.0
 10
138.5805660345616
 20
-388.0608722636272
 30
0.0
 10
138.2592448119149
 20
-388.1215191502048
 30
0.0
  0
LINE
  5
1000024B
102
{ACAD_XDICTIONARY
360
1000024C
102
}
330
1F
100
AcDbEntity
  8
SHEETMETAL_CUT_LINES
100
AcDbLine
 10
137.7416067217099
 20
-386.1896674976268
 30
0.0
 11
138.2592448119147
 21
-388.1215191502049
 31
0.0
  0
SPLINE
  5
10000250
102
{ACAD_XDICTIONARY
360
10000251
102
}
330
1F
100
AcDbEntity
  8
SHEETMETAL_CUT_LINES
100
AcDbSpline
210
0.0
220
0.0
230
1.0
 70
     8
 71
     2
 72
    10
 73
     7
 74
     0
 42
0.0000000001
 43
0.00000001
 40
0.0
 40
0.0
 40
0.0
 40
0.25
 40
0.25
 40
0.5
 40
0.5
 40
1.0
 40
1.0
 40
1.0
 10
137.7416067217099
 20
-386.1896674976268
 30
0.0
 10
138.0501228211205
 20
-386.0815565543099
 30
0.0
 10
138.2375188018756
 20
-386.0118868408763
 30
0.0
 10
138.5047159442669
 20
-385.9125488067003
 30
0.0
 10
138.7249278737153
 20
-385.819378541688
 30
0.0
 10
139.227181920156
 20
-385.6068780530557
 30
0.0
 10
139.65298239386
 20
-385.3533649714035
 30
0.0
  0
LINE
  5
10000255
102
{ACAD_XDICTIONARY
360
10000256
102
}
330
1F
100
AcDbEntity
  8
SHEETMETAL_CUT_LINES
100
AcDbLine
 10
155.4146447427368
 20
-376.2533649714035
 30
0.0
 11
139.65298239386
 21
-385.3533649714035
 31
0.0
  0
LINE
  5
1000025A
102
{ACAD_XDICTIONARY
360
1000025B
102
}
330
1F
100
AcDbEntity
  8
SHEETMETAL_CUT_LINES
100
AcDbLine
 10
155.4146447427368
 20
-376.2533649714035
 30
0.0
 11
119.1720393265407
 21
-313.4793309918808
 31
0.0
  0
LINE
  5
1000025F
102
{ACAD_XDICTIONARY
360
10000260
102
}
330
1F
100
AcDbEntity
  8
SHEETMETAL_CUT_LINES
100
AcDbLine
 10
119.1720393265407
 20
-313.4793309918808
 30
0.0
 11
103.4103769776639
 21
-322.5793309918807
 31
0.0
  0
SPLINE
  5
10000264
102
{ACAD_XDICTIONARY
360
10000265
102
}
330
1F
100
AcDbEntity
  8
SHEETMETAL_CUT_LINES
100
AcDbSpline
210
0.0
220
0.0
230
1.0
 70
     8
 71
     2
 72
    10
 73
     7
 74
     0
 42
0.0000000001
 43
0.00000001
 40
0.0
 40
0.0
 40
0.0
 40
0.5
 40
0.5
 40
0.75
 40
0.75
 40
1.0
 40
1.0
 40
1.0
 10
103.4103769776639
 20
-322.5793309918807
 30
0.0
 10
102.9779279719093
 20
-322.8213284782259
 30
0.0
 10
102.5427701272169
 20
-323.1500429972809
 30
0.0
 10
102.3520173383715
 20
-323.2941360246927
 30
0.0
 10
102.1323485137607
 20
-323.475897485935
 30
0.0
 10
101.9783788072114
 20
-323.6032972610238
 30
0.0
 10
101.7304299086304
 20
-323.8164796170269
 30
0.0
  0
LINE
  5
10000269
102
{ACAD_XDICTIONARY
360
1000026A
102
}
330
1F
100
AcDbEntity
  8
SHEETMETAL_CUT_LINES
100
AcDbLine
 10
100.3162163462574
 20
-322.4022660546538
 30
0.0
 11
101.7304299086303
 21
-323.8164796170269
 31
0.0
  0
SPLINE
  5
1000026E
102
{ACAD_XDICTIONARY
360
1000026F
102
}
330
1F
100
AcDbEntity
  8
SHEETMETAL_CUT_LINES
100
AcDbSpline
210
0.0
220
0.0
230
1.0
 70
     8
 71
     2
 72
    10
 73
     7
 74
     0
 42
0.0000000001
 43
0.00000001
 40
0.0
 40
0.0
 40
0.0
 40
0.25
 40
0.25
 40
0.5
 40
0.5
 40
1.0
 40
1.0
 40
1.0
 10
100.3162163462574
 20
-322.4022660546538
 30
0.0
 10
100.5293436539634
 20
-322.1543811818435
 30
0.0
 10
100.6567984773492
 20
-322.0003474495236
 30
0.0
 10
100.8385289732773
 20
-321.7807196173197
 30
0.0
 10
100.9826529660033
 20
-321.5899258360673
 30
0.0
 10
101.3113674850583
 20
-321.1547679913749
 30
0.0
 10
101.5533649714034
 20
-320.7223189856202
 30
0.0
  0
LINE
  5
10000273
102
{ACAD_XDICTIONARY
360
10000274
102
}
330
1F
100
AcDbEntity
  8
SHEETMETAL_CUT_LINES
100
AcDbLine
 10
110.6533649714034
 20
-304.9606566367433
 30
0.0
 11
101.5533649714034
 21
-320.7223189856201
 31
0.0
  0
LINE
  5
10000278
102
{ACAD_XDICTIONARY
360
10000279
102
}
330
1F
100
AcDbEntity
  8
SHEETMETAL_CUT_LINES
100
AcDbLine
 10
110.6533649714034
 20
-304.9606566367433
 30
0.0
 11
47.87933099188071
 21
-268.7180512205472
 31
0.0
  0
LINE
  5
1000027D
102
{ACAD_XDICTIONARY
360
1000027E
102
}
330
1F
100
AcDbEntity
  8
SHEETMETAL_CUT_LINES
100
AcDbLine
 10
47.87933099188071
 20
-268.7180512205472
 30
0.0
 11
38.77933099188071
 21
-284.479713569424
 31
0.0
  0
SPLINE
  5
10000282
102
{ACAD_XDICTIONARY
360
10000283
102
}
330
1F
100
AcDbEntity
  8
SHEETMETAL_CUT_LINES
100
AcDbSpline
210
0.0
220
0.0
230
1.0
 70
     8
 71
     2
 72
    10
 73
     7
 74
     0
 42
0.0000000001
 43
0.00000001
 40
0.0
 40
0.0
 40
0.0
 40
0.5
 40
0.5
 40
0.75
 40
0.75
 40
1.0
 40
1.0
 40
1.0
 10
38.77933099188066
 20
-284.4797135694241
 30
0.0
 10
38.52581791022848
 20
-284.9055140431282
 30
0.0
 10
38.31331742159627
 20
-285.4077680895689
 30
0.0
 10
38.22016717425671
 20
-285.6279327063866
 30
0.0
 10
38.12080912240802
 20
-285.8951771614086
 30
0.0
 10
38.0511673325802
 20
-286.0824934565957
 30
0.0
 10
37.94302846565761
 20
-286.3910892415744
 30
0.0
  0
LINE
  5
10000287
102
{ACAD_XDICTIONARY
360
10000288
102
}
330
1F
100
AcDbEntity
  8
SHEETMETAL_CUT_LINES
100
AcDbLine
 10
36.01117681307952
 20
-285.8734511513693
 30
0.0
 11
37.9430284656575
 21
-286.3910892415745
 31
0.0
  0
SPLINE
  5
1000028C
102
{ACAD_XDICTIONARY
360
1000028D
102
}
330
1F
100
AcDbEntity
  8
SHEETMETAL_CUT_LINES
100
AcDbSpline
210
0.0
220
0.0
230
1.0
 70
     8
 71
     2
 72
    10
 73
     7
 74
     0
 42
0.0000000001
 43
0.00000001
 40
0.0
 40
0.0
 40
0.0
 40
0.25
 40
0.25
 40
0.5
 40
0.5
 40
1.0
 40
1.0
 40
1.0
 10
36.01117681307947
 20
-285.8734511513693
 30
0.0
 10
36.07180803949144
 20
-285.5522128999002
 30
0.0
 10
36.10517028811494
 20
-285.3550883635271
 30
0.0
 10
36.15273959817085
 20
-285.0740198331595
 30
0.0
 10
36.18215774649837
 20
-284.8367255756847
 30
0.0
 10
36.2492539482466
 20
-284.2955105679974
 30
0.0
 10
36.24260541619608
 20
-283.8000000000001
 30
0.0
  0
LINE
  5
10000291
102
{ACAD_XDICTIONARY
360
10000292
102
}
330
1F
100
AcDbEntity
  8
SHEETMETAL_CUT_LINES
100
AcDbLine
 10
36.24260541619609
 20
-265.6
 30
0.0
 11
36.24260541619609
 21
-283.8
 31
0.0
  0
LINE
  5
10000296
102
{ACAD_XDICTIONARY
360
10000297
102
}
330
1F
100
AcDbEntity
  8
SHEETMETAL_CUT_LINES
100
AcDbLine
 10
36.24260541619609
 20
-265.6
 30
0.0
 11
-36.24260541619614
 21
-265.6
 31
0.0
  0
LINE
  5
1000029B
102
{ACAD_XDICTIONARY
360
1000029C
102
}
330
1F
100
AcDbEntity
  8
SHEETMETAL_CUT_LINES
100
AcDbLine
 10
-36.24260541619614
 20
-265.6
 30
0.0
 11
-36.24260541619619
 21
-283.8000000000001
 31
0.0
  0
SPLINE
  5
100002A0
102
{ACAD_XDICTIONARY
360
100002A1
102
}
330
1F
100
AcDbEntity
  8
SHEETMETAL_CUT_LINES
100
AcDbSpline
210
0.0
220
0.0
230
1.0
 70
     8
 71
     2
 72
    10
 73
     7
 74
     0
 42
0.0000000001
 43
0.00000001
 40
0.0
 40
0.0
 40
0.0
 40
0.5
 40
0.5
 40
0.75
 40
0.75
 40
1.0
 40
1.0
 40
1.0
 10
-36.24260541619615
 20
-283.8000000000001
 30
0.0
 10
-36.24925394824668
 20
-284.2955105679975
 30
0.0
 10
-36.18215774649846
 20
-284.8367255756847
 30
0.0
 10
-36.15274591864637
 20
-285.0739688505991
 30
0.0
 10
-36.10517028811504
 20
-285.3550883635271
 30
0.0
 10
-36.07182369965712
 20
-285.5521299287234
 30
0.0
 10
-36.01117681307957
 20
-285.8734511513693
 30
0.0
  0
LINE
  5
100002A5
102
{ACAD_XDICTIONARY
360
100002A6
102
}
330
1F
100
AcDbEntity
  8
SHEETMETAL_CUT_LINES
100
AcDbLine
 10
-37.94302846565789
 20
-286.3910892415745
 30
0.0
 11
-36.01117681307968
 21
-285.8734511513693
 31
0.0
  0
SPLINE
  5
100002AA
102
{ACAD_XDICTIONARY
360
100002AB
102
}
330
1F
100
AcDbEntity
  8
SHEETMETAL_CUT_LINES
100
AcDbSpline
210
0.0
220
0.0
230
1.0
 70
     8
 71
     2
 72
    10
 73
     7
 74
     0
 42
0.0000000001
 43
0.00000001
 40
0.0
 40
0.0
 40
0.0
 40
0.25
 40
0.25
 40
0.5
 40
0.5
 40
1.0
 40
1.0
 40
1.0
 10
-37.94302846565775
 20
-286.3910892415744
 30
0.0
 10
-38.0511394089805
 20
-286.0825731421469
 30
0.0
 10
-38.12080912240816
 20
-285.8951771614087
 30
0.0
 10
-38.22014715658823
 20
-285.6279800190075
 30
0.0
 10
-38.31331742159642
 20
-285.4077680895689
 30
0.0
 10
-38.5258179102286
 20
-284.9055140431282
 30
0.0
 10
-38.7793309918808
 20
-284.4797135694241
 30
0.0
  0
LINE
  5
100002AF
102
{ACAD_XDICTIONARY
360
100002B0
102
}
330
1F
100
AcDbEntity
  8
SHEETMETAL_CUT_LINES
100
AcDbLine
 10
-47.87933099188074
 20
-268.7180512205474
 30
0.0
 11
-38.7793309918808
 21
-284.4797135694242
 31
0.0
  0
LINE
  5
100002B4
102
{ACAD_XDICTIONARY
360
100002B5
102
}
330
1F
100
AcDbEntity
  8
SHEETMETAL_CUT_LINES
100
AcDbLine
 10
-47.87933099188074
 20
-268.7180512205474
 30
0.0
 11
-110.6533649714034
 21
-304.9606566367435
 31
0.0
  0
LINE
  5
100002B9
102
{ACAD_XDICTIONARY
360
100002BA
102
}
330
1F
100
AcDbEntity
  8
SHEETMETAL_CUT_LINES
100
AcDbLine
 10
-110.6533649714034
 20
-304.9606566367435
 30
0.0
 11
-101.5533649714035
 21
-320.7223189856202
 31
0.0
  0
SPLINE
  5
100002BE
102
{ACAD_XDICTIONARY
360
100002BF
102
}
330
1F
100
AcDbEntity
  8
SHEETMETAL_CUT_LINES
100
AcDbSpline
210
0.0
220
0.0
230
1.0
 70
     8
 71
     2
 72
    10
 73
     7
 74
     0
 42
0.0000000001
 43
0.00000001
 40
0.0
 40
0.0
 40
0.0
 40
0.5
 40
0.5
 40
0.75
 40
0.75
 40
1.0
 40
1.0
 40
1.0
 10
-101.5533649714035
 20
-320.7223189856202
 30
0.0
 10
-101.3113674850584
 20
-321.1547679913747
 30
0.0
 10
-100.9826529660033
 20
-321.5899258360673
 30
0.0
 10
-100.8385599386034
 20
-321.7806786248968
 30
0.0
 10
-100.6567984773493
 20
-322.0003474495235
 30
0.0
 10
-100.529398702282
 20
-322.1543171560479
 30
0.0
 10
-100.3162163462574
 20
-322.4022660546537
 30
0.0
  0
LINE
  5
100002C3
102
{ACAD_XDICTIONARY
360
100002C4
102
}
330
1F
100
AcDbEntity
  8
SHEETMETAL_CUT_LINES
100
AcDbLine
 10
-101.7304299086304
 20
-323.8164796170267
 30
0.0
 11
-100.3162163462575
 21
-322.4022660546536
 31
0.0
  0
SPLINE
  5
100002C8
102
{ACAD_XDICTIONARY
360
100002C9
102
}
330
1F
100
AcDbEntity
  8
SHEETMETAL_CUT_LINES
100
AcDbSpline
210
0.0
220
0.0
230
1.0
 70
     8
 71
     2
 72
    10
 73
     7
 74
     0
 42
0.0000000001
 43
0.00000001
 40
0.0
 40
0.0
 40
0.0
 40
0.25
 40
0.25
 40
0.5
 40
0.5
 40
1.0
 40
1.0
 40
1.0
 10
-101.7304299086304
 20
-323.8164796170267
 30
0.0
 10
-101.9783147820568
 20
-323.603352308791
 30
0.0
 10
-102.1323485137607
 20
-323.4758974859349
 30
0.0
 10
-102.3519763463592
 20
-323.2941669897086
 30
0.0
 10
-102.5427701272169
 20
-323.1500429972809
 30
0.0
 10
-102.9779279719094
 20
-322.8213284782258
 30
0.0
 10
-103.4103769776639
 20
-322.5793309918806
 30
0.0
  0
LINE
  5
100002CD
102
{ACAD_XDICTIONARY
360
100002CE
102
}
330
1F
100
AcDbEntity
  8
SHEETMETAL_CUT_LINES
100
AcDbLine
 10
-119.1720393265407
 20
-313.4793309918807
 30
0.0
 11
-103.410376977664
 21
-322.5793309918806
 31
0.0
  0
LINE
  5
100002D2
102
{ACAD_XDICTIONARY
360
100002D3
102
}
330
1F
100
AcDbEntity
  8
SHEETMETAL_CUT_LINES
100
AcDbLine
 10
-119.1720393265407
 20
-313.4793309918807
 30
0.0
 11
-155.4146447427369
 21
-376.2533649714033
 31
0.0
  0
CIRCLE
  5
100002D7
102
{ACAD_XDICTIONARY
360
100002D8
102
}
330
1F
100
AcDbEntity
  8
SHEETMETAL_CUT_LINES
100
AcDbCircle
 10
-86.74166552894766
 20
-549.3736677925674
 30
0.0
 40
2.108200000000001
  0
CIRCLE
  5
100002DE
102
{ACAD_XDICTIONARY
360
100002DF
102
}
330
1F
100
AcDbEntity
  8
SHEETMETAL_CUT_LINES
100
AcDbCircle
 10
-65.09103043433673
 20
-561.8736677925674
 30
0.0
 40
2.108200000000001
  0
CIRCLE
  5
100002E5
102
{ACAD_XDICTIONARY
360
100002E6
102
}
330
1F
100
AcDbEntity
  8
SHEETMETAL_CUT_LINES
100
AcDbCircle
 10
-12.50000000000009
 20
-575.9653919265684
 30
0.0
 40
2.108200000000001
  0
CIRCLE
  5
100002EC
102
{ACAD_XDICTIONARY
360
100002ED
102
}
330
1F
100
AcDbEntity
  8
SHEETMETAL_CUT_LINES
100
AcDbCircle
 10
12.49999999999991
 20
-575.9653919265684
 30
0.0
 40
2.108200000000001
  0
CIRCLE
  5
100002F3
102
{ACAD_XDICTIONARY
360
100002F4
102
}
330
1F
100
AcDbEntity
  8
SHEETMETAL_CUT_LINES
100
AcDbCircle
 10
12.5
 20
-272.3
 30
0.0
 40
2.108200000000001
  0
CIRCLE
  5
100002FA
102
{ACAD_XDICTIONARY
360
100002FB
102
}
330
1F
100
AcDbEntity
  8
SHEETMETAL_CUT_LINES
100
AcDbCircle
 10
-12.5
 20
-272.3
 30
0.0
 40
2.108200000000001
  0
CIRCLE
  5
10000301
102
{ACAD_XDICTIONARY
360
10000302
102
}
330
1F
100
AcDbEntity
  8
SHEETMETAL_CUT_LINES
100
AcDbCircle
 10
86.74166552894755
 20
-298.891724134001
 30
0.0
 40
2.108200000000001
  0
CIRCLE
  5
10000308
102
{ACAD_XDICTIONARY
360
10000309
102
}
330
1F
100
AcDbEntity
  8
SHEETMETAL_CUT_LINES
100
AcDbCircle
 10
65.09103043433659
 20
-286.391724134001
 30
0.0
 40
2.108200000000001
  0
CIRCLE
  5
1000030F
102
{ACAD_XDICTIONARY
360
10000310
102
}
330
1F
100
AcDbEntity
  8
SHEETMETAL_CUT_LINES
100
AcDbCircle
 10
137.740971829283
 20
-359.0416655289476
 30
0.0
 40
2.108200000000001
  0
CIRCLE
  5
10000316
102
{ACAD_XDICTIONARY
360
10000317
102
}
330
1F
100
AcDbEntity
  8
SHEETMETAL_CUT_LINES
100
AcDbCircle
 10
125.240971829283
 20
-337.3910304343366
 30
0.0
 40
2.108200000000001
  0
CIRCLE
  5
1000031D
102
{ACAD_XDICTIONARY
360
1000031E
102
}
330
1F
100
AcDbEntity
  8
SHEETMETAL_CUT_LINES
100
AcDbCircle
 10
151.8326959632841
 20
-436.6326959632842
 30
0.0
 40
2.108200000000001
  0
CIRCLE
  5
10000324
102
{ACAD_XDICTIONARY
360
10000325
102
}
330
1F
100
AcDbEntity
  8
SHEETMETAL_CUT_LINES
100
AcDbCircle
 10
151.8326959632841
 20
-411.6326959632842
 30
0.0
 40
2.108200000000001
  0
CIRCLE
  5
1000032B
102
{ACAD_XDICTIONARY
360
1000032C
102
}
330
1F
100
AcDbEntity
  8
SHEETMETAL_CUT_LINES
100
AcDbCircle
 10
125.240971829283
 20
-510.8743614922316
 30
0.0
 40
2.108200000000001
  0
CIRCLE
  5
10000332
102
{ACAD_XDICTIONARY
360
10000333
102
}
330
1F
100
AcDbEntity
  8
SHEETMETAL_CUT_LINES
100
AcDbCircle
 10
137.740971829283
 20
-489.2237263976207
 30
0.0
 40
2.108200000000001
  0
CIRCLE
  5
10000339
102
{ACAD_XDICTIONARY
360
1000033A
102
}
330
1F
100
AcDbEntity
  8
SHEETMETAL_CUT_LINES
100
AcDbCircle
 10
65.09103043433653
 20
-561.8736677925671
 30
0.0
 40
2.108200000000001
  0
CIRCLE
  5
10000340
102
{ACAD_XDICTIONARY
360
10000341
102
}
330
1F
100
AcDbEntity
  8
SHEETMETAL_CUT_LINES
100
AcDbCircle
 10
86.74166552894752
 20
-549.3736677925671
 30
0.0
 40
2.108200000000001
  0
CIRCLE
  5
10000347
102
{ACAD_XDICTIONARY
360
10000348
102
}
330
1F
100
AcDbEntity
  8
SHEETMETAL_CUT_LINES
100
AcDbCircle
 10
-65.09103043433664
 20
-286.3917241340012
 30
0.0
 40
2.108200000000001
  0
CIRCLE
  5
1000034E
102
{ACAD_XDICTIONARY
360
1000034F
102
}
330
1F
100
AcDbEntity
  8
SHEETMETAL_CUT_LINES
100
AcDbCircle
 10
-86.7416655289476
 20
-298.8917241340012
 30
0.0
 40
2.108200000000001
  0
CIRCLE
  5
10000355
102
{ACAD_XDICTIONARY
360
10000356
102
}
330
1F
100
AcDbEntity
  8
SHEETMETAL_CUT_LINES
100
AcDbCircle
 10
-137.7409718292831
 20
-489.2237263976206
 30
0.0
 40
2.108200000000001
  0
CIRCLE
  5
1000035C
102
{ACAD_XDICTIONARY
360
1000035D
102
}
330
1F
100
AcDbEntity
  8
SHEETMETAL_CUT_LINES
100
AcDbCircle
 10
-125.2409718292831
 20
-510.8743614922315
 30
0.0
 40
2.108200000000001
  0
CIRCLE
  5
10000363
102
{ACAD_XDICTIONARY
360
10000364
102
}
330
1F
100
AcDbEntity
  8
SHEETMETAL_CUT_LINES
100
AcDbCircle
 10
-151.8326959632842
 20
-411.6326959632841
 30
0.0
 40
2.108200000000001
  0
CIRCLE
  5
1000036A
102
{ACAD_XDICTIONARY
360
1000036B
102
}
330
1F
100
AcDbEntity
  8
SHEETMETAL_CUT_LINES
100
AcDbCircle
 10
-151.8326959632842
 20
-436.6326959632841
 30
0.0
 40
2.108200000000001
  0
ENDSEC
  0
SECTION
  2
OBJECTS
  0
DICTIONARY
  5
C
330
0
100
AcDbDictionary
  3
ACAD_GROUP
350
D
  3
ACAD_LAYOUT
350
1A
  3
ACAD_MATERIAL
350
43
  3
ACAD_MLEADERSTYLE
350
5B
  3
ACAD_MLINESTYLE
350
17
  3
ACAD_PLOTSETTINGS
350
19
  3
ACAD_SCALELIST
350
47
  3
ACAD_VISUALSTYLE
350
2A
  3
ACDBHEADERROUNDTRIPXREC
350
10000373
  3
ACDBVARIABLEDICTIONARY
350
10000394
  3
DWGPROPS
350
1000039F
  3
ONSHAPE_DATA
350
10000001
  0
DICTIONARY
  5
100003A0
330
8
100
AcDbDictionary
280
     1
  3
ACAD_XREC_ROUNDTRIP
360
100003A1
  0
DICTIONARY
  5
10000371
330
1F
100
AcDbDictionary
280
     1
  3
ACAD_SORTENTS
360
10000372
  0
DICTIONARY
  5
1000005A
330
10000059
100
AcDbDictionary
280
     1
  3
BTBENDANGLE
360
1000005E
  3
BTBENDISUP
360
1000005F
  3
BTBENDRADIUS
360
1000005D
  3
BTDETID
360
1000005B
  3
BTISBEND
360
1000005C
  3
BTPARTID
360
10000060
  0
DICTIONARY
  5
10000062
330
10000061
100
AcDbDictionary
280
     1
  3
BTBENDANGLE
360
10000066
  3
BTBENDISUP
360
10000067
  3
BTBENDRADIUS
360
10000065
  3
BTDETID
360
10000063
  3
BTISBEND
360
10000064
  3
BTPARTID
360
10000068
  0
DICTIONARY
  5
1000006A
330
10000069
100
AcDbDictionary
280
     1
  3
BTBENDANGLE
360
1000006E
  3
BTBENDISUP
360
1000006F
  3
BTBENDRADIUS
360
1000006D
  3
BTDETID
360
1000006B
  3
BTISBEND
360
1000006C
  3
BTPARTID
360
10000070
  0
DICTIONARY
  5
10000072
330
10000071
100
AcDbDictionary
280
     1
  3
BTBENDANGLE
360
10000076
  3
BTBENDISUP
360
10000077
  3
BTBENDRADIUS
360
10000075
  3
BTDETID
360
10000073
  3
BTISBEND
360
10000074
  3
BTPARTID
360
10000078
  0
DICTIONARY
  5
1000007A
330
10000079
100
AcDbDictionary
280
     1
  3
BTBENDANGLE
360
1000007E
  3
BTBENDISUP
360
1000007F
  3
BTBENDRADIUS
360
1000007D
  3
BTDETID
360
1000007B
  3
BTISBEND
360
1000007C
  3
BTPARTID
360
10000080
  0
DICTIONARY
  5
10000082
330
10000081
100
AcDbDictionary
280
     1
  3
BTBENDANGLE
360
10000086
  3
BTBENDISUP
360
10000087
  3
BTBENDRADIUS
360
10000085
  3
BTDETID
360
10000083
  3
BTISBEND
360
10000084
  3
BTPARTID
360
10000088
  0
DICTIONARY
  5
1000008A
330
10000089
100
AcDbDictionary
280
     1
  3
BTBENDANGLE
360
1000008E
  3
BTBENDISUP
360
1000008F
  3
BTBENDRADIUS
360
1000008D
  3
BTDETID
360
1000008B
  3
BTISBEND
360
1000008C
  3
BTPARTID
360
10000090
  0
DICTIONARY
  5
10000092
330
10000091
100
AcDbDictionary
280
     1
  3
BTBENDANGLE
360
10000096
  3
BTBENDISUP
360
10000097
  3
BTBENDRADIUS
360
10000095
  3
BTDETID
360
10000093
  3
BTISBEND
360
10000094
  3
BTPARTID
360
10000098
  0
DICTIONARY
  5
1000009A
330
10000099
100
AcDbDictionary
280
     1
  3
BTBENDANGLE
360
1000009E
  3
BTBENDISUP
360
1000009F
  3
BTBENDRADIUS
360
1000009D
  3
BTDETID
360
1000009B
  3
BTISBEND
360
1000009C
  3
BTPARTID
360
100000A0
  0
DICTIONARY
  5
100000A2
330
100000A1
100
AcDbDictionary
280
     1
  3
BTBENDANGLE
360
100000A6
  3
BTBENDISUP
360
100000A7
  3
BTBENDRADIUS
360
100000A5
  3
BTDETID
360
100000A3
  3
BTISBEND
360
100000A4
  3
BTPARTID
360
100000A8
  0
DICTIONARY
  5
100000AA
330
100000A9
100
AcDbDictionary
280
     1
  3
BTBENDANGLE
360
100000AE
  3
BTBENDISUP
360
100000AF
  3
BTBENDRADIUS
360
100000AD
  3
BTDETID
360
100000AB
  3
BTISBEND
360
100000AC
  3
BTPARTID
360
100000B0
  0
DICTIONARY
  5
100000B2
330
100000B1
100
AcDbDictionary
280
     1
  3
BTBENDANGLE
360
100000B6
  3
BTBENDISUP
360
100000B7
  3
BTBENDRADIUS
360
100000B5
  3
BTDETID
360
100000B3
  3
BTISBEND
360
100000B4
  3
BTPARTID
360
100000B8
  0
DICTIONARY
  5
100000BA
330
100000B9
100
AcDbDictionary
280
     1
  3
BTARCONSURFACERADIUS
360
100000BD
  3
BTDETID
360
100000BB
  3
BTOWNERFACEID_
360
100000BC
  3
BTPARTID
360
100000BE
  3
BTUNFLATTENEDPARTID
360
100000BF
  0
DICTIONARY
  5
100000C1
330
100000C0
100
AcDbDictionary
280
     1
  3
BTARCONSURFACERADIUS
360
100000C4
  3
BTDETID
360
100000C2
  3
BTOWNERFACEID_
360
100000C3
  3
BTPARTID
360
100000C5
  3
BTUNFLATTENEDPARTID
360
100000C6
  0
DICTIONARY
  5
100000C8
330
100000C7
100
AcDbDictionary
280
     1
  3
BTARCONSURFACERADIUS
360
100000CB
  3
BTDETID
360
100000C9
  3
BTOWNERFACEID_
360
100000CA
  3
BTPARTID
360
100000CC
  3
BTUNFLATTENEDPARTID
360
100000CD
  0
DICTIONARY
  5
100000CF
330
100000CE
100
AcDbDictionary
280
     1
  3
BTARCONSURFACERADIUS
360
100000D2
  3
BTDETID
360
100000D0
  3
BTOWNERFACEID_
360
100000D1
  3
BTPARTID
360
100000D3
  3
BTUNFLATTENEDPARTID
360
100000D4
  0
DICTIONARY
  5
100000D6
330
100000D5
100
AcDbDictionary
280
     1
  3
BTARCONSURFACERADIUS
360
100000D9
  3
BTDETID
360
100000D7
  3
BTOWNERFACEID_
360
100000D8
  3
BTPARTID
360
100000DA
  3
BTUNFLATTENEDPARTID
360
100000DB
  0
DICTIONARY
  5
100000DD
330
100000DC
100
AcDbDictionary
280
     1
  3
BTARCONSURFACERADIUS
360
100000E0
  3
BTDETID
360
100000DE
  3
BTOWNERFACEID_
360
100000DF
  3
BTPARTID
360
100000E1
  3
BTUNFLATTENEDPARTID
360
100000E2
  0
DICTIONARY
  5
100000E4
330
100000E3
100
AcDbDictionary
280
     1
  3
BTARCONSURFACERADIUS
360
100000E7
  3
BTDETID
360
100000E5
  3
BTOWNERFACEID_
360
100000E6
  3
BTPARTID
360
100000E8
  3
BTUNFLATTENEDPARTID
360
100000E9
  0
DICTIONARY
  5
100000EB
330
100000EA
100
AcDbDictionary
280
     1
  3
BTARCONSURFACERADIUS
360
100000EE
  3
BTDETID
360
100000EC
  3
BTOWNERFACEID_
360
100000ED
  3
BTPARTID
360
100000EF
  3
BTUNFLATTENEDPARTID
360
100000F0
  0
DICTIONARY
  5
100000F2
330
100000F1
100
AcDbDictionary
280
     1
  3
BTARCONSURFACERADIUS
360
100000F5
  3
BTDETID
360
100000F3
  3
BTOWNERFACEID_
360
100000F4
  3
BTPARTID
360
100000F6
  3
BTUNFLATTENEDPARTID
360
100000F7
  0
DICTIONARY
  5
100000F9
330
100000F8
100
AcDbDictionary
280
     1
  3
BTARCONSURFACERADIUS
360
100000FC
  3
BTDETID
360
100000FA
  3
BTOWNERFACEID_
360
100000FB
  3
BTPARTID
360
100000FD
  3
BTUNFLATTENEDPARTID
360
100000FE
  0
DICTIONARY
  5
10000100
330
100000FF
100
AcDbDictionary
280
     1
  3
BTARCONSURFACERADIUS
360
10000103
  3
BTDETID
360
10000101
  3
BTOWNERFACEID_
360
10000102
  3
BTPARTID
360
10000104
  3
BTUNFLATTENEDPARTID
360
10000105
  0
DICTIONARY
  5
10000107
330
10000106
100
AcDbDictionary
280
     1
  3
BTARCONSURFACERADIUS
360
1000010A
  3
BTDETID
360
10000108
  3
BTOWNERFACEID_
360
10000109
  3
BTPARTID
360
1000010B
  3
BTUNFLATTENEDPARTID
360
1000010C
  0
DICTIONARY
  5
1000010E
330
1000010D
100
AcDbDictionary
280
     1
  3
BTARCONSURFACERADIUS
360
10000111
  3
BTDETID
360
1000010F
  3
BTOWNERFACEID_
360
10000110
  3
BTPARTID
360
10000112
  3
BTUNFLATTENEDPARTID
360
10000113
  0
DICTIONARY
  5
10000115
330
10000114
100
AcDbDictionary
280
     1
  3
BTARCONSURFACERADIUS
360
10000118
  3
BTDETID
360
10000116
  3
BTOWNERFACEID_
360
10000117
  3
BTPARTID
360
10000119
  3
BTUNFLATTENEDPARTID
360
1000011A
  0
DICTIONARY
  5
1000011C
330
1000011B
100
AcDbDictionary
280
     1
  3
BTARCONSURFACERADIUS
360
1000011F
  3
BTDETID
360
1000011D
  3
BTOWNERFACEID_
360
1000011E
  3
BTPARTID
360
10000120
  3
BTUNFLATTENEDPARTID
360
10000121
  0
DICTIONARY
  5
10000123
330
10000122
100
AcDbDictionary
280
     1
  3
BTARCONSURFACERADIUS
360
10000126
  3
BTDETID
360
10000124
  3
BTOWNERFACEID_
360
10000125
  3
BTPARTID
360
10000127
  3
BTUNFLATTENEDPARTID
360
10000128
  0
DICTIONARY
  5
1000012A
330
10000129
100
AcDbDictionary
280
     1
  3
BTARCONSURFACERADIUS
360
1000012D
  3
BTDETID
360
1000012B
  3
BTOWNERFACEID_
360
1000012C
  3
BTPARTID
360
1000012E
  3
BTUNFLATTENEDPARTID
360
1000012F
  0
DICTIONARY
  5
10000131
330
10000130
100
AcDbDictionary
280
     1
  3
BTARCONSURFACERADIUS
360
10000134
  3
BTDETID
360
10000132
  3
BTOWNERFACEID_
360
10000133
  3
BTPARTID
360
10000135
  3
BTUNFLATTENEDPARTID
360
10000136
  0
DICTIONARY
  5
10000138
330
10000137
100
AcDbDictionary
280
     1
  3
BTARCONSURFACERADIUS
360
1000013B
  3
BTDETID
360
10000139
  3
BTOWNERFACEID_
360
1000013A
  3
BTPARTID
360
1000013C
  3
BTUNFLATTENEDPARTID
360
1000013D
  0
DICTIONARY
  5
1000013F
330
1000013E
100
AcDbDictionary
280
     1
  3
BTDETID
360
10000140
  3
BTPARTID
360
10000141
  3
BTUNFLATTENEDPARTID
360
10000142
  0
DICTIONARY
  5
10000144
330
10000143
100
AcDbDictionary
280
     1
  3
BTARCONSURFACERADIUS
360
10000147
  3
BTDETID
360
10000145
  3
BTOWNERFACEID_
360
10000146
  3
BTPARTID
360
10000148
  3
BTUNFLATTENEDPARTID
360
10000149
  0
DICTIONARY
  5
1000014B
330
1000014A
100
AcDbDictionary
280
     1
  3
BTARCONSURFACERADIUS
360
1000014E
  3
BTDETID
360
1000014C
  3
BTOWNERFACEID_
360
1000014D
  3
BTPARTID
360
1000014F
  3
BTUNFLATTENEDPARTID
360
10000150
  0
DICTIONARY
  5
10000152
330
10000151
100
AcDbDictionary
280
     1
  3
BTARCONSURFACERADIUS
360
10000155
  3
BTDETID
360
10000153
  3
BTOWNERFACEID_
360
10000154
  3
BTPARTID
360
10000156
  3
BTUNFLATTENEDPARTID
360
10000157
  0
DICTIONARY
  5
10000159
330
10000158
100
AcDbDictionary
280
     1
  3
BTARCONSURFACERADIUS
360
1000015C
  3
BTDETID
360
1000015A
  3
BTOWNERFACEID_
360
1000015B
  3
BTPARTID
360
1000015D
  3
BTUNFLATTENEDPARTID
360
1000015E
  0
DICTIONARY
  5
10000160
330
1000015F
100
AcDbDictionary
280
     1
  3
BTARCONSURFACERADIUS
360
10000163
  3
BTDETID
360
10000161
  3
BTOWNERFACEID_
360
10000162
  3
BTPARTID
360
10000164
  3
BTUNFLATTENEDPARTID
360
10000165
  0
DICTIONARY
  5
10000167
330
10000166
100
AcDbDictionary
280
     1
  3
BTARCONSURFACERADIUS
360
1000016A
  3
BTDETID
360
10000168
  3
BTOWNERFACEID_
360
10000169
  3
BTPARTID
360
1000016B
  3
BTUNFLATTENEDPARTID
360
1000016C
  0
DICTIONARY
  5
1000016E
330
1000016D
100
AcDbDictionary
280
     1
  3
BTARCONSURFACERADIUS
360
10000171
  3
BTDETID
360
1000016F
  3
BTOWNERFACEID_
360
10000170
  3
BTPARTID
360
10000172
  3
BTUNFLATTENEDPARTID
360
10000173
  0
DICTIONARY
  5
10000175
330
10000174
100
AcDbDictionary
280
     1
  3
BTDETID
360
10000176
  3
BTPARTID
360
10000177
  3
BTUNFLATTENEDPARTID
360
10000178
  0
DICTIONARY
  5
1000017A
330
10000179
100
AcDbDictionary
280
     1
  3
BTDETID
360
1000017B
  3
BTPARTID
360
1000017C
  3
BTUNFLATTENEDPARTID
360
1000017D
  0
DICTIONARY
  5
1000017F
330
1000017E
100
AcDbDictionary
280
     1
  3
BTDETID
360
10000180
  3
BTPARTID
360
10000181
  3
BTUNFLATTENEDPARTID
360
10000182
  0
DICTIONARY
  5
10000184
330
10000183
100
AcDbDictionary
280
     1
  3
BTDETID
360
10000185
  3
BTPARTID
360
10000186
  3
BTUNFLATTENEDPARTID
360
10000187
  0
DICTIONARY
  5
10000189
330
10000188
100
AcDbDictionary
280
     1
  3
BTDETID
360
1000018A
  3
BTPARTID
360
1000018B
  3
BTUNFLATTENEDPARTID
360
1000018C
  0
DICTIONARY
  5
1000018E
330
1000018D
100
AcDbDictionary
280
     1
  3
BTDETID
360
1000018F
  3
BTPARTID
360
10000190
  3
BTUNFLATTENEDPARTID
360
10000191
  0
DICTIONARY
  5
10000193
330
10000192
100
AcDbDictionary
280
     1
  3
BTDETID
360
10000194
  3
BTPARTID
360
10000195
  3
BTUNFLATTENEDPARTID
360
10000196
  0
DICTIONARY
  5
10000198
330
10000197
100
AcDbDictionary
280
     1
  3
BTDETID
360
10000199
  3
BTPARTID
360
1000019A
  3
BTUNFLATTENEDPARTID
360
1000019B
  0
DICTIONARY
  5
1000019D
330
1000019C
100
AcDbDictionary
280
     1
  3
BTDETID
360
1000019E
  3
BTPARTID
360
1000019F
  3
BTUNFLATTENEDPARTID
360
100001A0
  0
DICTIONARY
  5
100001A2
330
100001A1
100
AcDbDictionary
280
     1
  3
BTDETID
360
100001A3
  3
BTPARTID
360
100001A4
  3
BTUNFLATTENEDPARTID
360
100001A5
  0
DICTIONARY
  5
100001A7
330
100001A6
100
AcDbDictionary
280
     1
  3
BTDETID
360
100001A8
  3
BTPARTID
360
100001A9
  3
BTUNFLATTENEDPARTID
360
100001AA
  0
DICTIONARY
  5
100001AC
330
100001AB
100
AcDbDictionary
280
     1
  3
BTDETID
360
100001AD
  3
BTPARTID
360
100001AE
  3
BTUNFLATTENEDPARTID
360
100001AF
  0
DICTIONARY
  5
100001B1
330
100001B0
100
AcDbDictionary
280
     1
  3
BTDETID
360
100001B2
  3
BTPARTID
360
100001B3
  3
BTUNFLATTENEDPARTID
360
100001B4
  0
DICTIONARY
  5
100001B6
330
100001B5
100
AcDbDictionary
280
     1
  3
BTDETID
360
100001B7
  3
BTPARTID
360
100001B8
  3
BTUNFLATTENEDPARTID
360
100001B9
  0
DICTIONARY
  5
100001BB
330
100001BA
100
AcDbDictionary
280
     1
  3
BTDETID
360
100001BC
  3
BTPARTID
360
100001BD
  3
BTUNFLATTENEDPARTID
360
100001BE
  0
DICTIONARY
  5
100001C0
330
100001BF
100
AcDbDictionary
280
     1
  3
BTDETID
360
100001C1
  3
BTPARTID
360
100001C2
  3
BTUNFLATTENEDPARTID
360
100001C3
  0
DICTIONARY
  5
100001C5
330
100001C4
100
AcDbDictionary
280
     1
  3
BTDETID
360
100001C6
  3
BTPARTID
360
100001C7
  3
BTUNFLATTENEDPARTID
360
100001C8
  0
DICTIONARY
  5
100001CA
330
100001C9
100
AcDbDictionary
280
     1
  3
BTDETID
360
100001CB
  3
BTPARTID
360
100001CC
  3
BTUNFLATTENEDPARTID
360
100001CD
  0
DICTIONARY
  5
100001CF
330
100001CE
100
AcDbDictionary
280
     1
  3
BTDETID
360
100001D0
  3
BTPARTID
360
100001D1
  3
BTUNFLATTENEDPARTID
360
100001D2
  0
DICTIONARY
  5
100001D4
330
100001D3
100
AcDbDictionary
280
     1
  3
BTDETID
360
100001D5
  3
BTPARTID
360
100001D6
  3
BTUNFLATTENEDPARTID
360
100001D7
  0
DICTIONARY
  5
100001D9
330
100001D8
100
AcDbDictionary
280
     1
  3
BTDETID
360
100001DA
  3
BTPARTID
360
100001DB
  3
BTUNFLATTENEDPARTID
360
100001DC
  0
DICTIONARY
  5
100001DE
330
100001DD
100
AcDbDictionary
280
     1
  3
BTDETID
360
100001DF
  3
BTPARTID
360
100001E0
  3
BTUNFLATTENEDPARTID
360
100001E1
  0
DICTIONARY
  5
100001E3
330
100001E2
100
AcDbDictionary
280
     1
  3
BTDETID
360
100001E4
  3
BTPARTID
360
100001E5
  3
BTUNFLATTENEDPARTID
360
100001E6
  0
DICTIONARY
  5
100001E8
330
100001E7
100
AcDbDictionary
280
     1
  3
BTDETID
360
100001E9
  3
BTPARTID
360
100001EA
  3
BTUNFLATTENEDPARTID
360
100001EB
  0
DICTIONARY
  5
100001ED
330
100001EC
100
AcDbDictionary
280
     1
  3
BTDETID
360
100001EE
  3
BTPARTID
360
100001EF
  3
BTUNFLATTENEDPARTID
360
100001F0
  0
DICTIONARY
  5
100001F2
330
100001F1
100
AcDbDictionary
280
     1
  3
BTDETID
360
100001F3
  3
BTPARTID
360
100001F4
  3
BTUNFLATTENEDPARTID
360
100001F5
  0
DICTIONARY
  5
100001F7
330
100001F6
100
AcDbDictionary
280
     1
  3
BTDETID
360
100001F8
  3
BTPARTID
360
100001F9
  3
BTUNFLATTENEDPARTID
360
100001FA
  0
DICTIONARY
  5
100001FC
330
100001FB
100
AcDbDictionary
280
     1
  3
BTDETID
360
100001FD
  3
BTPARTID
360
100001FE
  3
BTUNFLATTENEDPARTID
360
100001FF
  0
DICTIONARY
  5
10000201
330
10000200
100
AcDbDictionary
280
     1
  3
BTDETID
360
10000202
  3
BTPARTID
360
10000203
  3
BTUNFLATTENEDPARTID
360
10000204
  0
DICTIONARY
  5
10000206
330
10000205
100
AcDbDictionary
280
     1
  3
BTDETID
360
10000207
  3
BTPARTID
360
10000208
  3
BTUNFLATTENEDPARTID
360
10000209
  0
DICTIONARY
  5
1000020B
330
1000020A
100
AcDbDictionary
280
     1
  3
BTDETID
360
1000020C
  3
BTPARTID
360
1000020D
  3
BTUNFLATTENEDPARTID
360
1000020E
  0
DICTIONARY
  5
10000210
330
1000020F
100
AcDbDictionary
280
     1
  3
BTDETID
360
10000211
  3
BTPARTID
360
10000212
  3
BTUNFLATTENEDPARTID
360
10000213
  0
DICTIONARY
  5
10000215
330
10000214
100
AcDbDictionary
280
     1
  3
BTDETID
360
10000216
  3
BTPARTID
360
10000217
  3
BTUNFLATTENEDPARTID
360
10000218
  0
DICTIONARY
  5
1000021A
330
10000219
100
AcDbDictionary
280
     1
  3
BTDETID
360
1000021B
  3
BTPARTID
360
1000021C
  3
BTUNFLATTENEDPARTID
360
1000021D
  0
DICTIONARY
  5
1000021F
330
1000021E
100
AcDbDictionary
280
     1
  3
BTDETID
360
10000220
  3
BTPARTID
360
10000221
  3
BTUNFLATTENEDPARTID
360
10000222
  0
DICTIONARY
  5
10000224
330
10000223
100
AcDbDictionary
280
     1
  3
BTDETID
360
10000225
  3
BTPARTID
360
10000226
  3
BTUNFLATTENEDPARTID
360
10000227
  0
DICTIONARY
  5
10000229
330
10000228
100
AcDbDictionary
280
     1
  3
BTDETID
360
1000022A
  3
BTPARTID
360
1000022B
  3
BTUNFLATTENEDPARTID
360
1000022C
  0
DICTIONARY
  5
1000022E
330
1000022D
100
AcDbDictionary
280
     1
  3
BTDETID
360
1000022F
  3
BTPARTID
360
10000230
  3
BTUNFLATTENEDPARTID
360
10000231
  0
DICTIONARY
  5
10000233
330
10000232
100
AcDbDictionary
280
     1
  3
BTDETID
360
10000234
  3
BTPARTID
360
10000235
  3
BTUNFLATTENEDPARTID
360
10000236
  0
DICTIONARY
  5
10000238
330
10000237
100
AcDbDictionary
280
     1
  3
BTDETID
360
10000239
  3
BTPARTID
360
1000023A
  3
BTUNFLATTENEDPARTID
360
1000023B
  0
DICTIONARY
  5
1000023D
330
1000023C
100
AcDbDictionary
280
     1
  3
BTDETID
360
1000023E
  3
BTPARTID
360
1000023F
  3
BTUNFLATTENEDPARTID
360
10000240
  0
DICTIONARY
  5
10000242
330
10000241
100
AcDbDictionary
280
     1
  3
BTDETID
360
10000243
  3
BTPARTID
360
10000244
  3
BTUNFLATTENEDPARTID
360
10000245
  0
DICTIONARY
  5
10000247
330
10000246
100
AcDbDictionary
280
     1
  3
BTDETID
360
10000248
  3
BTPARTID
360
10000249
  3
BTUNFLATTENEDPARTID
360
1000024A
  0
DICTIONARY
  5
1000024C
330
1000024B
100
AcDbDictionary
280
     1
  3
BTDETID
360
1000024D
  3
BTPARTID
360
1000024E
  3
BTUNFLATTENEDPARTID
360
1000024F
  0
DICTIONARY
  5
10000251
330
10000250
100
AcDbDictionary
280
     1
  3
BTDETID
360
10000252
  3
BTPARTID
360
10000253
  3
BTUNFLATTENEDPARTID
360
10000254
  0
DICTIONARY
  5
10000256
330
10000255
100
AcDbDictionary
280
     1
  3
BTDETID
360
10000257
  3
BTPARTID
360
10000258
  3
BTUNFLATTENEDPARTID
360
10000259
  0
DICTIONARY
  5
1000025B
330
1000025A
100
AcDbDictionary
280
     1
  3
BTDETID
360
1000025C
  3
BTPARTID
360
1000025D
  3
BTUNFLATTENEDPARTID
360
1000025E
  0
DICTIONARY
  5
10000260
330
1000025F
100
AcDbDictionary
280
     1
  3
BTDETID
360
10000261
  3
BTPARTID
360
10000262
  3
BTUNFLATTENEDPARTID
360
10000263
  0
DICTIONARY
  5
10000265
330
10000264
100
AcDbDictionary
280
     1
  3
BTDETID
360
10000266
  3
BTPARTID
360
10000267
  3
BTUNFLATTENEDPARTID
360
10000268
  0
DICTIONARY
  5
1000026A
330
10000269
100
AcDbDictionary
280
     1
  3
BTDETID
360
1000026B
  3
BTPARTID
360
1000026C
  3
BTUNFLATTENEDPARTID
360
1000026D
  0
DICTIONARY
  5
1000026F
330
1000026E
100
AcDbDictionary
280
     1
  3
BTDETID
360
10000270
  3
BTPARTID
360
10000271
  3
BTUNFLATTENEDPARTID
360
10000272
  0
DICTIONARY
  5
10000274
330
10000273
100
AcDbDictionary
280
     1
  3
BTDETID
360
10000275
  3
BTPARTID
360
10000276
  3
BTUNFLATTENEDPARTID
360
10000277
  0
DICTIONARY
  5
10000279
330
10000278
100
AcDbDictionary
280
     1
  3
BTDETID
360
1000027A
  3
BTPARTID
360
1000027B
  3
BTUNFLATTENEDPARTID
360
1000027C
  0
DICTIONARY
  5
1000027E
330
1000027D
100
AcDbDictionary
280
     1
  3
BTDETID
360
1000027F
  3
BTPARTID
360
10000280
  3
BTUNFLATTENEDPARTID
360
10000281
  0
DICTIONARY
  5
10000283
330
10000282
100
AcDbDictionary
280
     1
  3
BTDETID
360
10000284
  3
BTPARTID
360
10000285
  3
BTUNFLATTENEDPARTID
360
10000286
  0
DICTIONARY
  5
10000288
330
10000287
100
AcDbDictionary
280
     1
  3
BTDETID
360
10000289
  3
BTPARTID
360
1000028A
  3
BTUNFLATTENEDPARTID
360
1000028B
  0
DICTIONARY
  5
1000028D
330
1000028C
100
AcDbDictionary
280
     1
  3
BTDETID
360
1000028E
  3
BTPARTID
360
1000028F
  3
BTUNFLATTENEDPARTID
360
10000290
  0
DICTIONARY
  5
10000292
330
10000291
100
AcDbDictionary
280
     1
  3
BTDETID
360
10000293
  3
BTPARTID
360
10000294
  3
BTUNFLATTENEDPARTID
360
10000295
  0
DICTIONARY
  5
10000297
330
10000296
100
AcDbDictionary
280
     1
  3
BTDETID
360
10000298
  3
BTPARTID
360
10000299
  3
BTUNFLATTENEDPARTID
360
1000029A
  0
DICTIONARY
  5
1000029C
330
1000029B
100
AcDbDictionary
280
     1
  3
BTDETID
360
1000029D
  3
BTPARTID
360
1000029E
  3
BTUNFLATTENEDPARTID
360
1000029F
  0
DICTIONARY
  5
100002A1
330
100002A0
100
AcDbDictionary
280
     1
  3
BTDETID
360
100002A2
  3
BTPARTID
360
100002A3
  3
BTUNFLATTENEDPARTID
360
100002A4
  0
DICTIONARY
  5
100002A6
330
100002A5
100
AcDbDictionary
280
     1
  3
BTDETID
360
100002A7
  3
BTPARTID
360
100002A8
  3
BTUNFLATTENEDPARTID
360
100002A9
  0
DICTIONARY
  5
100002AB
330
100002AA
100
AcDbDictionary
280
     1
  3
BTDETID
360
100002AC
  3
BTPARTID
360
100002AD
  3
BTUNFLATTENEDPARTID
360
100002AE
  0
DICTIONARY
  5
100002B0
330
100002AF
100
AcDbDictionary
280
     1
  3
BTDETID
360
100002B1
  3
BTPARTID
360
100002B2
  3
BTUNFLATTENEDPARTID
360
100002B3
  0
DICTIONARY
  5
100002B5
330
100002B4
100
AcDbDictionary
280
     1
  3
BTDETID
360
100002B6
  3
BTPARTID
360
100002B7
  3
BTUNFLATTENEDPARTID
360
100002B8
  0
DICTIONARY
  5
100002BA
330
100002B9
100
AcDbDictionary
280
     1
  3
BTDETID
360
100002BB
  3
BTPARTID
360
100002BC
  3
BTUNFLATTENEDPARTID
360
100002BD
  0
DICTIONARY
  5
100002BF
330
100002BE
100
AcDbDictionary
280
     1
  3
BTDETID
360
100002C0
  3
BTPARTID
360
100002C1
  3
BTUNFLATTENEDPARTID
360
100002C2
  0
DICTIONARY
  5
100002C4
330
100002C3
100
AcDbDictionary
280
     1
  3
BTDETID
360
100002C5
  3
BTPARTID
360
100002C6
  3
BTUNFLATTENEDPARTID
360
100002C7
  0
DICTIONARY
  5
100002C9
330
100002C8
100
AcDbDictionary
280
     1
  3
BTDETID
360
100002CA
  3
BTPARTID
360
100002CB
  3
BTUNFLATTENEDPARTID
360
100002CC
  0
DICTIONARY
  5
100002CE
330
100002CD
100
AcDbDictionary
280
     1
  3
BTDETID
360
100002CF
  3
BTPARTID
360
100002D0
  3
BTUNFLATTENEDPARTID
360
100002D1
  0
DICTIONARY
  5
100002D3
330
100002D2
100
AcDbDictionary
280
     1
  3
BTDETID
360
100002D4
  3
BTPARTID
360
100002D5
  3
BTUNFLATTENEDPARTID
360
100002D6
  0
DICTIONARY
  5
100002D8
330
100002D7
100
AcDbDictionary
280
     1
  3
BTARCONSURFACERADIUS
360
100002DB
  3
BTDETID
360
100002D9
  3
BTOWNERFACEID_
360
100002DA
  3
BTPARTID
360
100002DC
  3
BTUNFLATTENEDPARTID
360
100002DD
  0
DICTIONARY
  5
100002DF
330
100002DE
100
AcDbDictionary
280
     1
  3
BTARCONSURFACERADIUS
360
100002E2
  3
BTDETID
360
100002E0
  3
BTOWNERFACEID_
360
100002E1
  3
BTPARTID
360
100002E3
  3
BTUNFLATTENEDPARTID
360
100002E4
  0
DICTIONARY
  5
100002E6
330
100002E5
100
AcDbDictionary
280
     1
  3
BTARCONSURFACERADIUS
360
100002E9
  3
BTDETID
360
100002E7
  3
BTOWNERFACEID_
360
100002E8
  3
BTPARTID
360
100002EA
  3
BTUNFLATTENEDPARTID
360
100002EB
  0
DICTIONARY
  5
100002ED
330
100002EC
100
AcDbDictionary
280
     1
  3
BTARCONSURFACERADIUS
360
100002F0
  3
BTDETID
360
100002EE
  3
BTOWNERFACEID_
360
100002EF
  3
BTPARTID
360
100002F1
  3
BTUNFLATTENEDPARTID
360
100002F2
  0
DICTIONARY
  5
100002F4
330
100002F3
100
AcDbDictionary
280
     1
  3
BTARCONSURFACERADIUS
360
100002F7
  3
BTDETID
360
100002F5
  3
BTOWNERFACEID_
360
100002F6
  3
BTPARTID
360
100002F8
  3
BTUNFLATTENEDPARTID
360
100002F9
  0
DICTIONARY
  5
100002FB
330
100002FA
100
AcDbDictionary
280
     1
  3
BTARCONSURFACERADIUS
360
100002FE
  3
BTDETID
360
100002FC
  3
BTOWNERFACEID_
360
100002FD
  3
BTPARTID
360
100002FF
  3
BTUNFLATTENEDPARTID
360
10000300
  0
DICTIONARY
  5
10000302
330
10000301
100
AcDbDictionary
280
     1
  3
BTARCONSURFACERADIUS
360
10000305
  3
BTDETID
360
10000303
  3
BTOWNERFACEID_
360
10000304
  3
BTPARTID
360
10000306
  3
BTUNFLATTENEDPARTID
360
10000307
  0
DICTIONARY
  5
10000309
330
10000308
100
AcDbDictionary
280
     1
  3
BTARCONSURFACERADIUS
360
1000030C
  3
BTDETID
360
1000030A
  3
BTOWNERFACEID_
360
1000030B
  3
BTPARTID
360
1000030D
  3
BTUNFLATTENEDPARTID
360
1000030E
  0
DICTIONARY
  5
10000310
330
1000030F
100
AcDbDictionary
280
     1
  3
BTARCONSURFACERADIUS
360
10000313
  3
BTDETID
360
10000311
  3
BTOWNERFACEID_
360
10000312
  3
BTPARTID
360
10000314
  3
BTUNFLATTENEDPARTID
360
10000315
  0
DICTIONARY
  5
10000317
330
10000316
100
AcDbDictionary
280
     1
  3
BTARCONSURFACERADIUS
360
1000031A
  3
BTDETID
360
10000318
  3
BTOWNERFACEID_
360
10000319
  3
BTPARTID
360
1000031B
  3
BTUNFLATTENEDPARTID
360
1000031C
  0
DICTIONARY
  5
1000031E
330
1000031D
100
AcDbDictionary
280
     1
  3
BTARCONSURFACERADIUS
360
10000321
  3
BTDETID
360
1000031F
  3
BTOWNERFACEID_
360
10000320
  3
BTPARTID
360
10000322
  3
BTUNFLATTENEDPARTID
360
10000323
  0
DICTIONARY
  5
10000325
330
10000324
100
AcDbDictionary
280
     1
  3
BTARCONSURFACERADIUS
360
10000328
  3
BTDETID
360
10000326
  3
BTOWNERFACEID_
360
10000327
  3
BTPARTID
360
10000329
  3
BTUNFLATTENEDPARTID
360
1000032A
  0
DICTIONARY
  5
1000032C
330
1000032B
100
AcDbDictionary
280
     1
  3
BTARCONSURFACERADIUS
360
1000032F
  3
BTDETID
360
1000032D
  3
BTOWNERFACEID_
360
1000032E
  3
BTPARTID
360
10000330
  3
BTUNFLATTENEDPARTID
360
10000331
  0
DICTIONARY
  5
10000333
330
10000332
100
AcDbDictionary
280
     1
  3
BTARCONSURFACERADIUS
360
10000336
  3
BTDETID
360
10000334
  3
BTOWNERFACEID_
360
10000335
  3
BTPARTID
360
10000337
  3
BTUNFLATTENEDPARTID
360
10000338
  0
DICTIONARY
  5
1000033A
330
10000339
100
AcDbDictionary
280
     1
  3
BTARCONSURFACERADIUS
360
1000033D
  3
BTDETID
360
1000033B
  3
BTOWNERFACEID_
360
1000033C
  3
BTPARTID
360
1000033E
  3
BTUNFLATTENEDPARTID
360
1000033F
  0
DICTIONARY
  5
10000341
330
10000340
100
AcDbDictionary
280
     1
  3
BTARCONSURFACERADIUS
360
10000344
  3
BTDETID
360
10000342
  3
BTOWNERFACEID_
360
10000343
  3
BTPARTID
360
10000345
  3
BTUNFLATTENEDPARTID
360
10000346
  0
DICTIONARY
  5
10000348
330
10000347
100
AcDbDictionary
280
     1
  3
BTARCONSURFACERADIUS
360
1000034B
  3
BTDETID
360
10000349
  3
BTOWNERFACEID_
360
1000034A
  3
BTPARTID
360
1000034C
  3
BTUNFLATTENEDPARTID
360
1000034D
  0
DICTIONARY
  5
1000034F
330
1000034E
100
AcDbDictionary
280
     1
  3
BTARCONSURFACERADIUS
360
10000352
  3
BTDETID
360
10000350
  3
BTOWNERFACEID_
360
10000351
  3
BTPARTID
360
10000353
  3
BTUNFLATTENEDPARTID
360
10000354
  0
DICTIONARY
  5
10000356
330
10000355
100
AcDbDictionary
280
     1
  3
BTARCONSURFACERADIUS
360
10000359
  3
BTDETID
360
10000357
  3
BTOWNERFACEID_
360
10000358
  3
BTPARTID
360
1000035A
  3
BTUNFLATTENEDPARTID
360
1000035B
  0
DICTIONARY
  5
1000035D
330
1000035C
100
AcDbDictionary
280
     1
  3
BTARCONSURFACERADIUS
360
10000360
  3
BTDETID
360
1000035E
  3
BTOWNERFACEID_
360
1000035F
  3
BTPARTID
360
10000361
  3
BTUNFLATTENEDPARTID
360
10000362
  0
DICTIONARY
  5
10000364
330
10000363
100
AcDbDictionary
280
     1
  3
BTARCONSURFACERADIUS
360
10000367
  3
BTDETID
360
10000365
  3
BTOWNERFACEID_
360
10000366
  3
BTPARTID
360
10000368
  3
BTUNFLATTENEDPARTID
360
10000369
  0
DICTIONARY
  5
1000036B
330
1000036A
100
AcDbDictionary
280
     1
  3
BTARCONSURFACERADIUS
360
1000036E
  3
BTDETID
360
1000036C
  3
BTOWNERFACEID_
360
1000036D
  3
BTPARTID
360
1000036F
  3
BTUNFLATTENEDPARTID
360
10000370
  0
DICTIONARY
  5
D
102
{ACAD_REACTORS
330
C
102
}
330
C
100
AcDbDictionary
  0
DICTIONARY
  5
1A
102
{ACAD_REACTORS
330
C
102
}
330
C
100
AcDbDictionary
  0
DICTIONARY
  5
43
102
{ACAD_REACTORS
330
C
102
}
330
C
100
AcDbDictionary
  3
BYBLOCK
350
45
  3
BYLAYER
350
44
  3
GLOBAL
350
46
  0
DICTIONARY
  5
5B
102
{ACAD_REACTORS
330
C
102
}
330
C
100
AcDbDictionary
  3
STANDARD
350
5C
  0
DICTIONARY
  5
17
102
{ACAD_REACTORS
330
C
102
}
330
C
100
AcDbDictionary
  3
STANDARD
350
18
  0
DICTIONARY
  5
19
102
{ACAD_REACTORS
330
C
102
}
330
C
100
AcDbDictionary
  0
DICTIONARY
  5
47
102
{ACAD_REACTORS
330
C
102
}
330
C
100
AcDbDictionary
  3
SCALE100_1
350
10000023
  3
SCALE10_1
350
1000001D
  3
SCALE12_1
350
1000001E
  3
SCALE16_1
350
1000001F
  3
SCALE1_1
350
10000006
  3
SCALE1_10
350
1000000D
  3
SCALE1_100
350
10000016
  3
SCALE1_12
350
1000000E
  3
SCALE1_16
350
1000000F
  3
SCALE1_2
350
10000007
  3
SCALE1_20
350
10000010
  3
SCALE1_25
350
10000011
  3
SCALE1_3
350
10000008
  3
SCALE1_32
350
10000012
  3
SCALE1_4
350
10000009
  3
SCALE1_40
350
10000013
  3
SCALE1_5
350
1000000A
  3
SCALE1_50
350
10000014
  3
SCALE1_6
350
1000000B
  3
SCALE1_8
350
1000000C
  3
SCALE1_80
350
10000015
  3
SCALE20_1
350
10000020
  3
SCALE2_1
350
10000017
  3
SCALE32_1
350
10000021
  3
SCALE3_1
350
10000018
  3
SCALE4_1
350
10000019
  3
SCALE50_1
350
10000022
  3
SCALE5_1
350
1000001A
  3
SCALE6_1
350
1000001B
  3
SCALE8_1
350
1000001C
  0
DICTIONARY
  5
2A
102
{ACAD_REACTORS
330
C
102
}
330
C
100
AcDbDictionary
  3
2DWIREFRAME
350
2F
  3
BASIC
350
32
  3
BRIGHTEN
350
36
  3
COLORCHANGE
350
3A
  3
CONCEPTUAL
350
34
  3
DIM
350
35
  3
EDGECOLOROFF
350
3D
  3
FACEPATTERN
350
39
  3
FLAT
350
2B
  3
FLATWITHEDGES
350
2C
  3
GOURAUD
350
2D
  3
GOURAUDWITHEDGES
350
2E
  3
HIDDEN
350
31
  3
JITTEROFF
350
3B
  3
LINEPATTERN
350
38
  3
OVERHANGOFF
350
3C
  3
REALISTIC
350
33
  3
SHADED
350
42
  3
SHADED_WITH_EDGES
350
41
  3
SHADES_OF_GRAY
350
3E
  3
SKETCHY
350
3F
  3
THICKEN
350
37
  3
WIREFRAME
350
30
  3
X-RAY
350
40
  0
DICTIONARY
  5
10000373
102
{ACAD_REACTORS
330
C
102
}
330
C
100
AcDbDictionary
  3
CEPSNID
350
1000037D
  3
CEPSNTYPE
350
1000037C
  3
DIMSTYLEDATA
350
10000393
  3
FINGERPRINTGUID
350
1000037E
  3
HYPERLINKBASE
350
10000376
  3
INSUNITS
350
1000037B
  3
LAYOUTDICT
350
10000378
  3
LWETCUNION
350
1000037A
  3
PLOTSETDICT
350
10000379
  3
PSVPSCALE
350
10000380
  3
PUCSBASE
350
10000383
  3
PUCSORGBACK
350
10000389
  3
PUCSORGBOTTOM
350
10000385
  3
PUCSORGFRONT
350
10000388
  3
PUCSORGLEFT
350
10000386
  3
PUCSORGRIGHT
350
10000387
  3
PUCSORGTOP
350
10000384
  3
PUCSORTHOREF
350
10000381
  3
PUCSORTHOVIEW
350
10000382
  3
STYLESHEET
350
10000377
  3
TSTACKALIGN
350
10000374
  3
TSTACKSIZE
350
10000375
  3
UCSBASE
350
1000038C
  3
UCSORGBACK
350
10000392
  3
UCSORGBOTTOM
350
1000038E
  3
UCSORGFRONT
350
10000391
  3
UCSORGLEFT
350
1000038F
  3
UCSORGRIGHT
350
10000390
  3
UCSORGTOP
350
1000038D
  3
UCSORTHOREF
350
1000038A
  3
UCSORTHOVIEW
350
1000038B
  3
VERSIONGUID
350
1000037F
  0
DICTIONARY
  5
10000394
102
{ACAD_REACTORS
330
C
102
}
330
C
100
AcDbDictionary
  3
CANNOSCALE
350
100003A2
  3
CENTEREXE
350
1000039B
  3
CENTERLTYPEFILE
350
1000039C
  3
CMLEADERSTYLE
350
10000396
  3
CTABLESTYLE
350
10000395
  3
DIMASSOC
350
1000039D
  3
HIDETEXT
350
1000039E
  3
MSLTSCALE
350
100003A3
  3
PSOLHEIGHT
350
10000398
  3
PSOLWIDTH
350
10000397
  0
XRECORD
  5
1000039F
102
{ACAD_REACTORS
330
C
102
}
330
C
100
AcDbXrecord
  1
DWGPROPS COOKIE
  2

  3

  4

  6
File was created by BTDwgCreate
  7

  8
onshape
  9

300
=
301
=
302
=
303
=
304
=
305
=
306
=
307
=
308
=
309
=
 40
0.0
 41
2461273.751917292
 42
2461273.751917373
  1

 90
        0
  0
DICTIONARY
  5
10000001
102
{ACAD_REACTORS
330
C
102
}
330
C
100
AcDbDictionary
280
     1
  3
DIM_UNITS
360
10000003
  3
DWGGEN_VERSION
360
10000002
  3
FIRST_ANGLE
360
10000005
  0
XRECORD
  5
100003A1
102
{ACAD_REACTORS
330
100003A0
102
}
330
100003A0
100
AcDbXrecord
102
VTR_0.000_0.000_1.000_1.000_VISUALSTYLE
340
2F
102
VTR_0.000_0.000_1.000_1.000_GRIDDISPLAY
 70
     3
102
VTR_0.000_0.000_1.000_1.000_GRIDMAJOR
 70
     5
102
VTR_0.000_0.000_1.000_1.000_DEFAULTLIGHTING
280
     1
102
VTR_0.000_0.000_1.000_1.000_DEFAULTLIGHTINGTYPE
 70
     1
102
VTR_0.000_0.000_1.000_1.000_BRIGHTNESS
141
0.0
102
VTR_0.000_0.000_1.000_1.000_CONTRAST
142
0.0
  0
SORTENTSTABLE
  5
10000372
102
{ACAD_REACTORS
330
10000371
102
}
330
10000371
100
AcDbSortentsTable
330
1F
331
100000B9
  5
1000015F
331
100000C0
  5
10000166
331
100000C7
  5
1000016D
331
100000CE
  5
10000174
331
100000D5
  5
10000179
331
100000DC
  5
1000017E
331
100000E3
  5
10000183
331
100000EA
  5
10000188
331
100000F1
  5
1000018D
331
100000F8
  5
10000192
331
100000FF
  5
10000197
331
10000106
  5
1000019C
331
1000010D
  5
100001A1
331
10000114
  5
100001A6
331
1000011B
  5
100001AB
331
10000122
  5
100001B0
331
10000129
  5
100001B5
331
10000130
  5
100000B9
331
10000137
  5
100000C0
331
1000013E
  5
100001BA
331
10000143
  5
100001BF
331
1000014A
  5
100001C4
331
10000151
  5
100001C9
331
10000158
  5
100001CE
331
1000015F
  5
100001D3
331
10000166
  5
100001D8
331
1000016D
  5
100001DD
331
10000174
  5
100001E2
331
10000179
  5
100001E7
331
1000017E
  5
100001EC
331
10000183
  5
100001F1
331
10000188
  5
100001F6
331
1000018D
  5
100001FB
331
10000192
  5
10000200
331
10000197
  5
10000205
331
1000019C
  5
1000020A
331
100001A1
  5
1000020F
331
100001A6
  5
10000214
331
100001AB
  5
10000219
331
100001B0
  5
1000021E
331
100001B5
  5
10000223
331
100001BA
  5
10000228
331
100001BF
  5
1000022D
331
100001C4
  5
10000232
331
100001C9
  5
10000237
331
100001CE
  5
1000023C
331
100001D3
  5
10000241
331
100001D8
  5
10000246
331
100001DD
  5
1000024B
331
100001E2
  5
10000250
331
100001E7
  5
10000255
331
100001EC
  5
1000025A
331
100001F1
  5
1000025F
331
100001F6
  5
10000264
331
100001FB
  5
10000269
331
10000200
  5
1000026E
331
10000205
  5
10000273
331
1000020A
  5
10000278
331
1000020F
  5
1000027D
331
10000214
  5
10000282
331
10000219
  5
10000287
331
1000021E
  5
1000028C
331
10000223
  5
10000291
331
10000228
  5
10000296
331
1000022D
  5
1000029B
331
10000232
  5
100002A0
331
10000237
  5
100002A5
331
1000023C
  5
100002AA
331
10000241
  5
100002AF
331
10000246
  5
100002B4
331
1000024B
  5
100002B9
331
10000250
  5
100002BE
331
10000255
  5
100002C3
331
1000025A
  5
100002C8
331
1000025F
  5
100002CD
331
10000264
  5
100002D2
331
10000269
  5
100002D7
331
1000026E
  5
100002DE
331
10000273
  5
100002E5
331
10000278
  5
100002EC
331
1000027D
  5
100002F3
331
10000282
  5
100002FA
331
10000287
  5
10000301
331
1000028C
  5
10000308
331
10000291
  5
1000030F
331
10000296
  5
10000316
331
1000029B
  5
1000031D
331
100002A0
  5
10000324
331
100002A5
  5
1000032B
331
100002AA
  5
10000332
331
100002AF
  5
10000339
331
100002B4
  5
10000340
331
100002B9
  5
10000347
331
100002BE
  5
1000034E
331
100002C3
  5
10000355
331
100002C8
  5
1000035C
331
100002CD
  5
10000363
331
100002D2
  5
1000036A
331
100002D7
  5
100000C7
331
100002DE
  5
100000CE
331
100002E5
  5
100000D5
331
100002EC
  5
100000DC
331
100002F3
  5
100000E3
331
100002FA
  5
100000EA
331
10000301
  5
100000F1
331
10000308
  5
100000F8
331
1000030F
  5
100000FF
331
10000316
  5
10000106
331
1000031D
  5
1000010D
331
10000324
  5
10000114
331
1000032B
  5
1000011B
331
10000332
  5
10000122
331
10000339
  5
10000129
331
10000340
  5
10000130
331
10000347
  5
10000137
331
1000034E
  5
1000013E
331
10000355
  5
10000143
331
1000035C
  5
1000014A
331
10000363
  5
10000151
331
1000036A
  5
10000158
  0
XRECORD
  5
1000005E
102
{ACAD_REACTORS
330
1000005A
102
}
330
1000005A
100
AcDbXrecord
 40
1.570796326794897
  0
ACAD_PROXY_OBJECT
  5
1000005F
102
{ACAD_REACTORS
330
1000005A
102
}
330
1000005A
100
AcDbProxyObject
 90
      499
 91
      509
 93
       34
310
40C8804000
  0
XRECORD
  5
1000005D
102
{ACAD_REACTORS
330
1000005A
102
}
330
1000005A
100
AcDbXrecord
 40
1.0
  0
XRECORD
  5
1000005B
102
{ACAD_REACTORS
330
1000005A
102
}
330
1000005A
100
AcDbXrecord
1000
R+LB
  0
ACAD_PROXY_OBJECT
  5
1000005C
102
{ACAD_REACTORS
330
1000005A
102
}
330
1000005A
100
AcDbProxyObject
 90
      499
 91
      509
 93
       34
310
40C8804040
  0
XRECORD
  5
10000060
102
{ACAD_REACTORS
330
1000005A
102
}
330
1000005A
100
AcDbXrecord
1000
R+LD
  0
XRECORD
  5
10000066
102
{ACAD_REACTORS
330
10000062
102
}
330
10000062
100
AcDbXrecord
 40
1.570796326794897
  0
ACAD_PROXY_OBJECT
  5
10000067
102
{ACAD_REACTORS
330
10000062
102
}
330
10000062
100
AcDbProxyObject
 90
      499
 91
      509
 93
       34
310
40C8804000
  0
XRECORD
  5
10000065
102
{ACAD_REACTORS
330
10000062
102
}
330
10000062
100
AcDbXrecord
 40
1.0
  0
XRECORD
  5
10000063
102
{ACAD_REACTORS
330
10000062
102
}
330
10000062
100
AcDbXrecord
1000
R/LB
  0
ACAD_PROXY_OBJECT
  5
10000064
102
{ACAD_REACTORS
330
10000062
102
}
330
10000062
100
AcDbProxyObject
 90
      499
 91
      509
 93
       34
310
40C8804040
  0
XRECORD
  5
10000068
102
{ACAD_REACTORS
330
10000062
102
}
330
10000062
100
AcDbXrecord
1000
R/LD
  0
XRECORD
  5
1000006E
102
{ACAD_REACTORS
330
1000006A
102
}
330
1000006A
100
AcDbXrecord
 40
1.570796326794897
  0
ACAD_PROXY_OBJECT
  5
1000006F
102
{ACAD_REACTORS
330
1000006A
102
}
330
1000006A
100
AcDbProxyObject
 90
      499
 91
      509
 93
       34
310
40C8804000
  0
XRECORD
  5
1000006D
102
{ACAD_REACTORS
330
1000006A
102
}
330
1000006A
100
AcDbXrecord
 40
1.0
  0
XRECORD
  5
1000006B
102
{ACAD_REACTORS
330
1000006A
102
}
330
1000006A
100
AcDbXrecord
1000
RAMB
  0
ACAD_PROXY_OBJECT
  5
1000006C
102
{ACAD_REACTORS
330
1000006A
102
}
330
1000006A
100
AcDbProxyObject
 90
      499
 91
      509
 93
       34
310
40C8804040
  0
XRECORD
  5
10000070
102
{ACAD_REACTORS
330
1000006A
102
}
330
1000006A
100
AcDbXrecord
1000
RAMD
  0
XRECORD
  5
10000076
102
{ACAD_REACTORS
330
10000072
102
}
330
10000072
100
AcDbXrecord
 40
1.570796326794897
  0
ACAD_PROXY_OBJECT
  5
10000077
102
{ACAD_REACTORS
330
10000072
102
}
330
10000072
100
AcDbProxyObject
 90
      499
 91
      509
 93
       34
310
40C8804000
  0
XRECORD
  5
10000075
102
{ACAD_REACTORS
330
10000072
102
}
330
10000072
100
AcDbXrecord
 40
1.0
  0
XRECORD
  5
10000073
102
{ACAD_REACTORS
330
10000072
102
}
330
10000072
100
AcDbXrecord
1000
RBMB
  0
ACAD_PROXY_OBJECT
  5
10000074
102
{ACAD_REACTORS
330
10000072
102
}
330
10000072
100
AcDbProxyObject
 90
      499
 91
      509
 93
       34
310
40C8804040
  0
XRECORD
  5
10000078
102
{ACAD_REACTORS
330
10000072
102
}
330
10000072
100
AcDbXrecord
1000
RBMD
  0
XRECORD
  5
1000007E
102
{ACAD_REACTORS
330
1000007A
102
}
330
1000007A
100
AcDbXrecord
 40
1.570796326794897
  0
ACAD_PROXY_OBJECT
  5
1000007F
102
{ACAD_REACTORS
330
1000007A
102
}
330
1000007A
100
AcDbProxyObject
 90
      499
 91
      509
 93
       34
310
40C8804000
  0
XRECORD
  5
1000007D
102
{ACAD_REACTORS
330
1000007A
102
}
330
1000007A
100
AcDbXrecord
 40
1.0
  0
XRECORD
  5
1000007B
102
{ACAD_REACTORS
330
1000007A
102
}
330
1000007A
100
AcDbXrecord
1000
RCMB
  0
ACAD_PROXY_OBJECT
  5
1000007C
102
{ACAD_REACTORS
330
1000007A
102
}
330
1000007A
100
AcDbProxyObject
 90
      499
 91
      509
 93
       34
310
40C8804040
  0
XRECORD
  5
10000080
102
{ACAD_REACTORS
330
1000007A
102
}
330
1000007A
100
AcDbXrecord
1000
RCMD
  0
XRECORD
  5
10000086
102
{ACAD_REACTORS
330
10000082
102
}
330
10000082
100
AcDbXrecord
 40
1.570796326794897
  0
ACAD_PROXY_OBJECT
  5
10000087
102
{ACAD_REACTORS
330
10000082
102
}
330
10000082
100
AcDbProxyObject
 90
      499
 91
      509
 93
       34
310
40C8804000
  0
XRECORD
  5
10000085
102
{ACAD_REACTORS
330
10000082
102
}
330
10000082
100
AcDbXrecord
 40
1.0
  0
XRECORD
  5
10000083
102
{ACAD_REACTORS
330
10000082
102
}
330
10000082
100
AcDbXrecord
1000
RDMB
  0
ACAD_PROXY_OBJECT
  5
10000084
102
{ACAD_REACTORS
330
10000082
102
}
330
10000082
100
AcDbProxyObject
 90
      499
 91
      509
 93
       34
310
40C8804040
  0
XRECORD
  5
10000088
102
{ACAD_REACTORS
330
10000082
102
}
330
10000082
100
AcDbXrecord
1000
RDMD
  0
XRECORD
  5
1000008E
102
{ACAD_REACTORS
330
1000008A
102
}
330
1000008A
100
AcDbXrecord
 40
1.570796326794897
  0
ACAD_PROXY_OBJECT
  5
1000008F
102
{ACAD_REACTORS
330
1000008A
102
}
330
1000008A
100
AcDbProxyObject
 90
      499
 91
      509
 93
       34
310
40C8804000
  0
XRECORD
  5
1000008D
102
{ACAD_REACTORS
330
1000008A
102
}
330
1000008A
100
AcDbXrecord
 40
1.0
  0
XRECORD
  5
1000008B
102
{ACAD_REACTORS
330
1000008A
102
}
330
1000008A
100
AcDbXrecord
1000
RFMB
  0
ACAD_PROXY_OBJECT
  5
1000008C
102
{ACAD_REACTORS
330
1000008A
102
}
330
1000008A
100
AcDbProxyObject
 90
      499
 91
      509
 93
       34
310
40C8804040
  0
XRECORD
  5
10000090
102
{ACAD_REACTORS
330
1000008A
102
}
330
1000008A
100
AcDbXrecord
1000
RFMD
  0
XRECORD
  5
10000096
102
{ACAD_REACTORS
330
10000092
102
}
330
10000092
100
AcDbXrecord
 40
1.570796326794897
  0
ACAD_PROXY_OBJECT
  5
10000097
102
{ACAD_REACTORS
330
10000092
102
}
330
10000092
100
AcDbProxyObject
 90
      499
 91
      509
 93
       34
310
40C8804000
  0
XRECORD
  5
10000095
102
{ACAD_REACTORS
330
10000092
102
}
330
10000092
100
AcDbXrecord
 40
1.0
  0
XRECORD
  5
10000093
102
{ACAD_REACTORS
330
10000092
102
}
330
10000092
100
AcDbXrecord
1000
RGMB
  0
ACAD_PROXY_OBJECT
  5
10000094
102
{ACAD_REACTORS
330
10000092
102
}
330
10000092
100
AcDbProxyObject
 90
      499
 91
      509
 93
       34
310
40C8804040
  0
XRECORD
  5
10000098
102
{ACAD_REACTORS
330
10000092
102
}
330
10000092
100
AcDbXrecord
1000
RGMD
  0
XRECORD
  5
1000009E
102
{ACAD_REACTORS
330
1000009A
102
}
330
1000009A
100
AcDbXrecord
 40
1.570796326794897
  0
ACAD_PROXY_OBJECT
  5
1000009F
102
{ACAD_REACTORS
330
1000009A
102
}
330
1000009A
100
AcDbProxyObject
 90
      499
 91
      509
 93
       34
310
40C8804000
  0
XRECORD
  5
1000009D
102
{ACAD_REACTORS
330
1000009A
102
}
330
1000009A
100
AcDbXrecord
 40
1.0
  0
XRECORD
  5
1000009B
102
{ACAD_REACTORS
330
1000009A
102
}
330
1000009A
100
AcDbXrecord
1000
RHMB
  0
ACAD_PROXY_OBJECT
  5
1000009C
102
{ACAD_REACTORS
330
1000009A
102
}
330
1000009A
100
AcDbProxyObject
 90
      499
 91
      509
 93
       34
310
40C8804040
  0
XRECORD
  5
100000A0
102
{ACAD_REACTORS
330
1000009A
102
}
330
1000009A
100
AcDbXrecord
1000
RHMD
  0
XRECORD
  5
100000A6
102
{ACAD_REACTORS
330
100000A2
102
}
330
100000A2
100
AcDbXrecord
 40
1.570796326794897
  0
ACAD_PROXY_OBJECT
  5
100000A7
102
{ACAD_REACTORS
330
100000A2
102
}
330
100000A2
100
AcDbProxyObject
 90
      499
 91
      509
 93
       34
310
40C8804000
  0
XRECORD
  5
100000A5
102
{ACAD_REACTORS
330
100000A2
102
}
330
100000A2
100
AcDbXrecord
 40
1.0
  0
XRECORD
  5
100000A3
102
{ACAD_REACTORS
330
100000A2
102
}
330
100000A2
100
AcDbXrecord
1000
RIMB
  0
ACAD_PROXY_OBJECT
  5
100000A4
102
{ACAD_REACTORS
330
100000A2
102
}
330
100000A2
100
AcDbProxyObject
 90
      499
 91
      509
 93
       34
310
40C8804040
  0
XRECORD
  5
100000A8
102
{ACAD_REACTORS
330
100000A2
102
}
330
100000A2
100
AcDbXrecord
1000
RIMD
  0
XRECORD
  5
100000AE
102
{ACAD_REACTORS
330
100000AA
102
}
330
100000AA
100
AcDbXrecord
 40
1.570796326794897
  0
ACAD_PROXY_OBJECT
  5
100000AF
102
{ACAD_REACTORS
330
100000AA
102
}
330
100000AA
100
AcDbProxyObject
 90
      499
 91
      509
 93
       34
310
40C8804000
  0
XRECORD
  5
100000AD
102
{ACAD_REACTORS
330
100000AA
102
}
330
100000AA
100
AcDbXrecord
 40
1.0
  0
XRECORD
  5
100000AB
102
{ACAD_REACTORS
330
100000AA
102
}
330
100000AA
100
AcDbXrecord
1000
RJMB
  0
ACAD_PROXY_OBJECT
  5
100000AC
102
{ACAD_REACTORS
330
100000AA
102
}
330
100000AA
100
AcDbProxyObject
 90
      499
 91
      509
 93
       34
310
40C8804040
  0
XRECORD
  5
100000B0
102
{ACAD_REACTORS
330
100000AA
102
}
330
100000AA
100
AcDbXrecord
1000
RJMD
  0
XRECORD
  5
100000B6
102
{ACAD_REACTORS
330
100000B2
102
}
330
100000B2
100
AcDbXrecord
 40
1.570796326794897
  0
ACAD_PROXY_OBJECT
  5
100000B7
102
{ACAD_REACTORS
330
100000B2
102
}
330
100000B2
100
AcDbProxyObject
 90
      499
 91
      509
 93
       34
310
40C8804000
  0
XRECORD
  5
100000B5
102
{ACAD_REACTORS
330
100000B2
102
}
330
100000B2
100
AcDbXrecord
 40
1.0
  0
XRECORD
  5
100000B3
102
{ACAD_REACTORS
330
100000B2
102
}
330
100000B2
100
AcDbXrecord
1000
REMB
  0
ACAD_PROXY_OBJECT
  5
100000B4
102
{ACAD_REACTORS
330
100000B2
102
}
330
100000B2
100
AcDbProxyObject
 90
      499
 91
      509
 93
       34
310
40C8804040
  0
XRECORD
  5
100000B8
102
{ACAD_REACTORS
330
100000B2
102
}
330
100000B2
100
AcDbXrecord
1000
REMD
  0
XRECORD
  5
100000BD
102
{ACAD_REACTORS
330
100000BA
102
}
330
100000BA
100
AcDbXrecord
 40
2.108200000000001
  0
XRECORD
  5
100000BB
102
{ACAD_REACTORS
330
100000BA
102
}
330
100000BA
100
AcDbXrecord
1000
SKM5L
  0
XRECORD
  5
100000BC
102
{ACAD_REACTORS
330
100000BA
102
}
330
100000BA
100
AcDbXrecord
1000
SKMiD
  0
XRECORD
  5
100000BE
102
{ACAD_REACTORS
330
100000BA
102
}
330
100000BA
100
AcDbXrecord
1000
RLMD
  0
XRECORD
  5
100000BF
102
{ACAD_REACTORS
330
100000BA
102
}
330
100000BA
100
AcDbXrecord
1000
RMMD
  0
XRECORD
  5
100000C4
102
{ACAD_REACTORS
330
100000C1
102
}
330
100000C1
100
AcDbXrecord
 40
2.108200000000001
  0
XRECORD
  5
100000C2
102
{ACAD_REACTORS
330
100000C1
102
}
330
100000C1
100
AcDbXrecord
1000
SKMZL
  0
XRECORD
  5
100000C3
102
{ACAD_REACTORS
330
100000C1
102
}
330
100000C1
100
AcDbXrecord
1000
SKMCD
  0
XRECORD
  5
100000C5
102
{ACAD_REACTORS
330
100000C1
102
}
330
100000C1
100
AcDbXrecord
1000
RLMD
  0
XRECORD
  5
100000C6
102
{ACAD_REACTORS
330
100000C1
102
}
330
100000C1
100
AcDbXrecord
1000
RMMD
  0
XRECORD
  5
100000CB
102
{ACAD_REACTORS
330
100000C8
102
}
330
100000C8
100
AcDbXrecord
 40
2.108200000000001
  0
XRECORD
  5
100000C9
102
{ACAD_REACTORS
330
100000C8
102
}
330
100000C8
100
AcDbXrecord
1000
SKM9K
  0
XRECORD
  5
100000CA
102
{ACAD_REACTORS
330
100000C8
102
}
330
100000C8
100
AcDbXrecord
1000
SKMmC
  0
XRECORD
  5
100000CC
102
{ACAD_REACTORS
330
100000C8
102
}
330
100000C8
100
AcDbXrecord
1000
RLMD
  0
XRECORD
  5
100000CD
102
{ACAD_REACTORS
330
100000C8
102
}
330
100000C8
100
AcDbXrecord
1000
RMMD
  0
XRECORD
  5
100000D2
102
{ACAD_REACTORS
330
100000CF
102
}
330
100000CF
100
AcDbXrecord
 40
2.108200000000001
  0
XRECORD
  5
100000D0
102
{ACAD_REACTORS
330
100000CF
102
}
330
100000CF
100
AcDbXrecord
1000
SKMpK
  0
XRECORD
  5
100000D1
102
{ACAD_REACTORS
330
100000CF
102
}
330
100000CF
100
AcDbXrecord
1000
SKMSC
  0
XRECORD
  5
100000D3
102
{ACAD_REACTORS
330
100000CF
102
}
330
100000CF
100
AcDbXrecord
1000
RLMD
  0
XRECORD
  5
100000D4
102
{ACAD_REACTORS
330
100000CF
102
}
330
100000CF
100
AcDbXrecord
1000
RMMD
  0
XRECORD
  5
100000D9
102
{ACAD_REACTORS
330
100000D6
102
}
330
100000D6
100
AcDbXrecord
 40
2.108200000000001
  0
XRECORD
  5
100000D7
102
{ACAD_REACTORS
330
100000D6
102
}
330
100000D6
100
AcDbXrecord
1000
SKMNL
  0
XRECORD
  5
100000D8
102
{ACAD_REACTORS
330
100000D6
102
}
330
100000D6
100
AcDbXrecord
1000
SKM2C
  0
XRECORD
  5
100000DA
102
{ACAD_REACTORS
330
100000D6
102
}
330
100000D6
100
AcDbXrecord
1000
RLMD
  0
XRECORD
  5
100000DB
102
{ACAD_REACTORS
330
100000D6
102
}
330
100000D6
100
AcDbXrecord
1000
RMMD
  0
XRECORD
  5
100000E0
102
{ACAD_REACTORS
330
100000DD
102
}
330
100000DD
100
AcDbXrecord
 40
2.108200000000001
  0
XRECORD
  5
100000DE
102
{ACAD_REACTORS
330
100000DD
102
}
330
100000DD
100
AcDbXrecord
1000
SKMZK
  0
XRECORD
  5
100000DF
102
{ACAD_REACTORS
330
100000DD
102
}
330
100000DD
100
AcDbXrecord
1000
SKMCC
  0
XRECORD
  5
100000E1
102
{ACAD_REACTORS
330
100000DD
102
}
330
100000DD
100
AcDbXrecord
1000
RLMD
  0
XRECORD
  5
100000E2
102
{ACAD_REACTORS
330
100000DD
102
}
330
100000DD
100
AcDbXrecord
1000
RMMD
  0
XRECORD
  5
100000E7
102
{ACAD_REACTORS
330
100000E4
102
}
330
100000E4
100
AcDbXrecord
 40
2.108200000000001
  0
XRECORD
  5
100000E5
102
{ACAD_REACTORS
330
100000E4
102
}
330
100000E4
100
AcDbXrecord
1000
SKMdK
  0
XRECORD
  5
100000E6
102
{ACAD_REACTORS
330
100000E4
102
}
330
100000E4
100
AcDbXrecord
1000
SKMGC
  0
XRECORD
  5
100000E8
102
{ACAD_REACTORS
330
100000E4
102
}
330
100000E4
100
AcDbXrecord
1000
RLMD
  0
XRECORD
  5
100000E9
102
{ACAD_REACTORS
330
100000E4
102
}
330
100000E4
100
AcDbXrecord
1000
RMMD
  0
XRECORD
  5
100000EE
102
{ACAD_REACTORS
330
100000EB
102
}
330
100000EB
100
AcDbXrecord
 40
2.108200000000001
  0
XRECORD
  5
100000EC
102
{ACAD_REACTORS
330
100000EB
102
}
330
100000EB
100
AcDbXrecord
1000
SKMJK
  0
XRECORD
  5
100000ED
102
{ACAD_REACTORS
330
100000EB
102
}
330
100000EB
100
AcDbXrecord
1000
SKMyB
  0
XRECORD
  5
100000EF
102
{ACAD_REACTORS
330
100000EB
102
}
330
100000EB
100
AcDbXrecord
1000
RLMD
  0
XRECORD
  5
100000F0
102
{ACAD_REACTORS
330
100000EB
102
}
330
100000EB
100
AcDbXrecord
1000
RMMD
  0
XRECORD
  5
100000F5
102
{ACAD_REACTORS
330
100000F2
102
}
330
100000F2
100
AcDbXrecord
 40
2.108200000000001
  0
XRECORD
  5
100000F3
102
{ACAD_REACTORS
330
100000F2
102
}
330
100000F2
100
AcDbXrecord
1000
SKMNK
  0
XRECORD
  5
100000F4
102
{ACAD_REACTORS
330
100000F2
102
}
330
100000F2
100
AcDbXrecord
1000
SKM2B
  0
XRECORD
  5
100000F6
102
{ACAD_REACTORS
330
100000F2
102
}
330
100000F2
100
AcDbXrecord
1000
RLMD
  0
XRECORD
  5
100000F7
102
{ACAD_REACTORS
330
100000F2
102
}
330
100000F2
100
AcDbXrecord
1000
RMMD
  0
XRECORD
  5
100000FC
102
{ACAD_REACTORS
330
100000F9
102
}
330
100000F9
100
AcDbXrecord
 40
2.108200000000001
  0
XRECORD
  5
100000FA
102
{ACAD_REACTORS
330
100000F9
102
}
330
100000F9
100
AcDbXrecord
1000
SKM5J
  0
XRECORD
  5
100000FB
102
{ACAD_REACTORS
330
100000F9
102
}
330
100000F9
100
AcDbXrecord
1000
SKMiB
  0
XRECORD
  5
100000FD
102
{ACAD_REACTORS
330
100000F9
102
}
330
100000F9
100
AcDbXrecord
1000
RLMD
  0
XRECORD
  5
100000FE
102
{ACAD_REACTORS
330
100000F9
102
}
330
100000F9
100
AcDbXrecord
1000
RMMD
  0
XRECORD
  5
10000103
102
{ACAD_REACTORS
330
10000100
102
}
330
10000100
100
AcDbXrecord
 40
2.108200000000001
  0
XRECORD
  5
10000101
102
{ACAD_REACTORS
330
10000100
102
}
330
10000100
100
AcDbXrecord
1000
SKM9J
  0
XRECORD
  5
10000102
102
{ACAD_REACTORS
330
10000100
102
}
330
10000100
100
AcDbXrecord
1000
SKMmB
  0
XRECORD
  5
10000104
102
{ACAD_REACTORS
330
10000100
102
}
330
10000100
100
AcDbXrecord
1000
RLMD
  0
XRECORD
  5
10000105
102
{ACAD_REACTORS
330
10000100
102
}
330
10000100
100
AcDbXrecord
1000
RMMD
  0
XRECORD
  5
1000010A
102
{ACAD_REACTORS
330
10000107
102
}
330
10000107
100
AcDbXrecord
 40
2.108200000000001
  0
XRECORD
  5
10000108
102
{ACAD_REACTORS
330
10000107
102
}
330
10000107
100
AcDbXrecord
1000
SKMpJ
  0
XRECORD
  5
10000109
102
{ACAD_REACTORS
330
10000107
102
}
330
10000107
100
AcDbXrecord
1000
SKMSB
  0
XRECORD
  5
1000010B
102
{ACAD_REACTORS
330
10000107
102
}
330
10000107
100
AcDbXrecord
1000
RLMD
  0
XRECORD
  5
1000010C
102
{ACAD_REACTORS
330
10000107
102
}
330
10000107
100
AcDbXrecord
1000
RMMD
  0
XRECORD
  5
10000111
102
{ACAD_REACTORS
330
1000010E
102
}
330
1000010E
100
AcDbXrecord
 40
2.108200000000001
  0
XRECORD
  5
1000010F
102
{ACAD_REACTORS
330
1000010E
102
}
330
1000010E
100
AcDbXrecord
1000
SKMtJ
  0
XRECORD
  5
10000110
102
{ACAD_REACTORS
330
1000010E
102
}
330
1000010E
100
AcDbXrecord
1000
SKMWB
  0
XRECORD
  5
10000112
102
{ACAD_REACTORS
330
1000010E
102
}
330
1000010E
100
AcDbXrecord
1000
RLMD
  0
XRECORD
  5
10000113
102
{ACAD_REACTORS
330
1000010E
102
}
330
1000010E
100
AcDbXrecord
1000
RMMD
  0
XRECORD
  5
10000118
102
{ACAD_REACTORS
330
10000115
102
}
330
10000115
100
AcDbXrecord
 40
2.108200000000001
  0
XRECORD
  5
10000116
102
{ACAD_REACTORS
330
10000115
102
}
330
10000115
100
AcDbXrecord
1000
SKMJL
  0
XRECORD
  5
10000117
102
{ACAD_REACTORS
330
10000115
102
}
330
10000115
100
AcDbXrecord
1000
SKMyC
  0
XRECORD
  5
10000119
102
{ACAD_REACTORS
330
10000115
102
}
330
10000115
100
AcDbXrecord
1000
RLMD
  0
XRECORD
  5
1000011A
102
{ACAD_REACTORS
330
10000115
102
}
330
10000115
100
AcDbXrecord
1000
RMMD
  0
XRECORD
  5
1000011F
102
{ACAD_REACTORS
330
1000011C
102
}
330
1000011C
100
AcDbXrecord
 40
2.108200000000001
  0
XRECORD
  5
1000011D
102
{ACAD_REACTORS
330
1000011C
102
}
330
1000011C
100
AcDbXrecord
1000
SKMdJ
  0
XRECORD
  5
1000011E
102
{ACAD_REACTORS
330
1000011C
102
}
330
1000011C
100
AcDbXrecord
1000
SKMGB
  0
XRECORD
  5
10000120
102
{ACAD_REACTORS
330
1000011C
102
}
330
1000011C
100
AcDbXrecord
1000
RLMD
  0
XRECORD
  5
10000121
102
{ACAD_REACTORS
330
1000011C
102
}
330
1000011C
100
AcDbXrecord
1000
RMMD
  0
XRECORD
  5
10000126
102
{ACAD_REACTORS
330
10000123
102
}
330
10000123
100
AcDbXrecord
 40
2.108200000000001
  0
XRECORD
  5
10000124
102
{ACAD_REACTORS
330
10000123
102
}
330
10000123
100
AcDbXrecord
1000
RKM5
  0
XRECORD
  5
10000125
102
{ACAD_REACTORS
330
10000123
102
}
330
10000123
100
AcDbXrecord
1000
RKMG
  0
XRECORD
  5
10000127
102
{ACAD_REACTORS
330
10000123
102
}
330
10000123
100
AcDbXrecord
1000
RLMD
  0
XRECORD
  5
10000128
102
{ACAD_REACTORS
330
10000123
102
}
330
10000123
100
AcDbXrecord
1000
RMMD
  0
XRECORD
  5
1000012D
102
{ACAD_REACTORS
330
1000012A
102
}
330
1000012A
100
AcDbXrecord
 40
2.108200000000001
  0
XRECORD
  5
1000012B
102
{ACAD_REACTORS
330
1000012A
102
}
330
1000012A
100
AcDbXrecord
1000
RKM9
  0
XRECORD
  5
1000012C
102
{ACAD_REACTORS
330
1000012A
102
}
330
1000012A
100
AcDbXrecord
1000
RKMK
  0
XRECORD
  5
1000012E
102
{ACAD_REACTORS
330
1000012A
102
}
330
1000012A
100
AcDbXrecord
1000
RLMD
  0
XRECORD
  5
1000012F
102
{ACAD_REACTORS
330
1000012A
102
}
330
1000012A
100
AcDbXrecord
1000
RMMD
  0
XRECORD
  5
10000134
102
{ACAD_REACTORS
330
10000131
102
}
330
10000131
100
AcDbXrecord
 40
2.108200000000001
  0
XRECORD
  5
10000132
102
{ACAD_REACTORS
330
10000131
102
}
330
10000131
100
AcDbXrecord
1000
SKMhJ
  0
XRECORD
  5
10000133
102
{ACAD_REACTORS
330
10000131
102
}
330
10000131
100
AcDbXrecord
1000
SKMCL
  0
XRECORD
  5
10000135
102
{ACAD_REACTORS
330
10000131
102
}
330
10000131
100
AcDbXrecord
1000
RLMD
  0
XRECORD
  5
10000136
102
{ACAD_REACTORS
330
10000131
102
}
330
10000131
100
AcDbXrecord
1000
RMMD
  0
XRECORD
  5
1000013B
102
{ACAD_REACTORS
330
10000138
102
}
330
10000138
100
AcDbXrecord
 40
2.108200000000001
  0
XRECORD
  5
10000139
102
{ACAD_REACTORS
330
10000138
102
}
330
10000138
100
AcDbXrecord
1000
SKMlJ
  0
XRECORD
  5
1000013A
102
{ACAD_REACTORS
330
10000138
102
}
330
10000138
100
AcDbXrecord
1000
SKMCL
  0
XRECORD
  5
1000013C
102
{ACAD_REACTORS
330
10000138
102
}
330
10000138
100
AcDbXrecord
1000
RLMD
  0
XRECORD
  5
1000013D
102
{ACAD_REACTORS
330
10000138
102
}
330
10000138
100
AcDbXrecord
1000
RMMD
  0
XRECORD
  5
10000140
102
{ACAD_REACTORS
330
1000013F
102
}
330
1000013F
100
AcDbXrecord
1000
SKMBH
  0
XRECORD
  5
10000141
102
{ACAD_REACTORS
330
1000013F
102
}
330
1000013F
100
AcDbXrecord
1000
RLMD
  0
XRECORD
  5
10000142
102
{ACAD_REACTORS
330
1000013F
102
}
330
1000013F
100
AcDbXrecord
1000
RMMD
  0
XRECORD
  5
10000147
102
{ACAD_REACTORS
330
10000144
102
}
330
10000144
100
AcDbXrecord
 40
2.108200000000001
  0
XRECORD
  5
10000145
102
{ACAD_REACTORS
330
10000144
102
}
330
10000144
100
AcDbXrecord
1000
SKMZJ
  0
XRECORD
  5
10000146
102
{ACAD_REACTORS
330
10000144
102
}
330
10000144
100
AcDbXrecord
1000
SKMCB
  0
XRECORD
  5
10000148
102
{ACAD_REACTORS
330
10000144
102
}
330
10000144
100
AcDbXrecord
1000
RLMD
  0
XRECORD
  5
10000149
102
{ACAD_REACTORS
330
10000144
102
}
330
10000144
100
AcDbXrecord
1000
RMMD
  0
XRECORD
  5
1000014E
102
{ACAD_REACTORS
330
1000014B
102
}
330
1000014B
100
AcDbXrecord
 40
2.108200000000001
  0
XRECORD
  5
1000014C
102
{ACAD_REACTORS
330
1000014B
102
}
330
1000014B
100
AcDbXrecord
1000
SKM9L
  0
XRECORD
  5
1000014D
102
{ACAD_REACTORS
330
1000014B
102
}
330
1000014B
100
AcDbXrecord
1000
SKMmD
  0
XRECORD
  5
1000014F
102
{ACAD_REACTORS
330
1000014B
102
}
330
1000014B
100
AcDbXrecord
1000
RLMD
  0
XRECORD
  5
10000150
102
{ACAD_REACTORS
330
1000014B
102
}
330
1000014B
100
AcDbXrecord
1000
RMMD
  0
XRECORD
  5
10000155
102
{ACAD_REACTORS
330
10000152
102
}
330
10000152
100
AcDbXrecord
 40
2.108200000000001
  0
XRECORD
  5
10000153
102
{ACAD_REACTORS
330
10000152
102
}
330
10000152
100
AcDbXrecord
1000
SKMdL
  0
XRECORD
  5
10000154
102
{ACAD_REACTORS
330
10000152
102
}
330
10000152
100
AcDbXrecord
1000
SKMGD
  0
XRECORD
  5
10000156
102
{ACAD_REACTORS
330
10000152
102
}
330
10000152
100
AcDbXrecord
1000
RLMD
  0
XRECORD
  5
10000157
102
{ACAD_REACTORS
330
10000152
102
}
330
10000152
100
AcDbXrecord
1000
RMMD
  0
XRECORD
  5
1000015C
102
{ACAD_REACTORS
330
10000159
102
}
330
10000159
100
AcDbXrecord
 40
2.108200000000001
  0
XRECORD
  5
1000015A
102
{ACAD_REACTORS
330
10000159
102
}
330
10000159
100
AcDbXrecord
1000
SKMtL
  0
XRECORD
  5
1000015B
102
{ACAD_REACTORS
330
10000159
102
}
330
10000159
100
AcDbXrecord
1000
SKMWD
  0
XRECORD
  5
1000015D
102
{ACAD_REACTORS
330
10000159
102
}
330
10000159
100
AcDbXrecord
1000
RLMD
  0
XRECORD
  5
1000015E
102
{ACAD_REACTORS
330
10000159
102
}
330
10000159
100
AcDbXrecord
1000
RMMD
  0
XRECORD
  5
10000163
102
{ACAD_REACTORS
330
10000160
102
}
330
10000160
100
AcDbXrecord
 40
2.108200000000001
  0
XRECORD
  5
10000161
102
{ACAD_REACTORS
330
10000160
102
}
330
10000160
100
AcDbXrecord
1000
SKMtK
  0
XRECORD
  5
10000162
102
{ACAD_REACTORS
330
10000160
102
}
330
10000160
100
AcDbXrecord
1000
SKMWC
  0
XRECORD
  5
10000164
102
{ACAD_REACTORS
330
10000160
102
}
330
10000160
100
AcDbXrecord
1000
RLMD
  0
XRECORD
  5
10000165
102
{ACAD_REACTORS
330
10000160
102
}
330
10000160
100
AcDbXrecord
1000
RMMD
  0
XRECORD
  5
1000016A
102
{ACAD_REACTORS
330
10000167
102
}
330
10000167
100
AcDbXrecord
 40
2.108200000000001
  0
XRECORD
  5
10000168
102
{ACAD_REACTORS
330
10000167
102
}
330
10000167
100
AcDbXrecord
1000
SKMpL
  0
XRECORD
  5
10000169
102
{ACAD_REACTORS
330
10000167
102
}
330
10000167
100
AcDbXrecord
1000
SKMSD
  0
XRECORD
  5
1000016B
102
{ACAD_REACTORS
330
10000167
102
}
330
10000167
100
AcDbXrecord
1000
RLMD
  0
XRECORD
  5
1000016C
102
{ACAD_REACTORS
330
10000167
102
}
330
10000167
100
AcDbXrecord
1000
RMMD
  0
XRECORD
  5
10000171
102
{ACAD_REACTORS
330
1000016E
102
}
330
1000016E
100
AcDbXrecord
 40
2.108200000000001
  0
XRECORD
  5
1000016F
102
{ACAD_REACTORS
330
1000016E
102
}
330
1000016E
100
AcDbXrecord
1000
SKM5K
  0
XRECORD
  5
10000170
102
{ACAD_REACTORS
330
1000016E
102
}
330
1000016E
100
AcDbXrecord
1000
SKMiC
  0
XRECORD
  5
10000172
102
{ACAD_REACTORS
330
1000016E
102
}
330
1000016E
100
AcDbXrecord
1000
RLMD
  0
XRECORD
  5
10000173
102
{ACAD_REACTORS
330
1000016E
102
}
330
1000016E
100
AcDbXrecord
1000
RMMD
  0
XRECORD
  5
10000176
102
{ACAD_REACTORS
330
10000175
102
}
330
10000175
100
AcDbXrecord
1000
SKMRU
  0
XRECORD
  5
10000177
102
{ACAD_REACTORS
330
10000175
102
}
330
10000175
100
AcDbXrecord
1000
RLMD
  0
XRECORD
  5
10000178
102
{ACAD_REACTORS
330
10000175
102
}
330
10000175
100
AcDbXrecord
1000
RMMD
  0
XRECORD
  5
1000017B
102
{ACAD_REACTORS
330
1000017A
102
}
330
1000017A
100
AcDbXrecord
1000
SKMNM
  0
XRECORD
  5
1000017C
102
{ACAD_REACTORS
330
1000017A
102
}
330
1000017A
100
AcDbXrecord
1000
RLMD
  0
XRECORD
  5
1000017D
102
{ACAD_REACTORS
330
1000017A
102
}
330
1000017A
100
AcDbXrecord
1000
RMMD
  0
XRECORD
  5
10000180
102
{ACAD_REACTORS
330
1000017F
102
}
330
1000017F
100
AcDbXrecord
1000
SKMZU
  0
XRECORD
  5
10000181
102
{ACAD_REACTORS
330
1000017F
102
}
330
1000017F
100
AcDbXrecord
1000
RLMD
  0
XRECORD
  5
10000182
102
{ACAD_REACTORS
330
1000017F
102
}
330
1000017F
100
AcDbXrecord
1000
RMMD
  0
XRECORD
  5
10000185
102
{ACAD_REACTORS
330
10000184
102
}
330
10000184
100
AcDbXrecord
1000
SKMFH
  0
XRECORD
  5
10000186
102
{ACAD_REACTORS
330
10000184
102
}
330
10000184
100
AcDbXrecord
1000
RLMD
  0
XRECORD
  5
10000187
102
{ACAD_REACTORS
330
10000184
102
}
330
10000184
100
AcDbXrecord
1000
RMMD
  0
XRECORD
  5
1000018A
102
{ACAD_REACTORS
330
10000189
102
}
330
10000189
100
AcDbXrecord
1000
SKMJC
  0
XRECORD
  5
1000018B
102
{ACAD_REACTORS
330
10000189
102
}
330
10000189
100
AcDbXrecord
1000
RLMD
  0
XRECORD
  5
1000018C
102
{ACAD_REACTORS
330
10000189
102
}
330
10000189
100
AcDbXrecord
1000
RMMD
  0
XRECORD
  5
1000018F
102
{ACAD_REACTORS
330
1000018E
102
}
330
1000018E
100
AcDbXrecord
1000
SKMRH
  0
XRECORD
  5
10000190
102
{ACAD_REACTORS
330
1000018E
102
}
330
1000018E
100
AcDbXrecord
1000
RLMD
  0
XRECORD
  5
10000191
102
{ACAD_REACTORS
330
1000018E
102
}
330
1000018E
100
AcDbXrecord
1000
RMMD
  0
XRECORD
  5
10000194
102
{ACAD_REACTORS
330
10000193
102
}
330
10000193
100
AcDbXrecord
1000
SKMhU
  0
XRECORD
  5
10000195
102
{ACAD_REACTORS
330
10000193
102
}
330
10000193
100
AcDbXrecord
1000
RLMD
  0
XRECORD
  5
10000196
102
{ACAD_REACTORS
330
10000193
102
}
330
10000193
100
AcDbXrecord
1000
RMMD
  0
XRECORD
  5
10000199
102
{ACAD_REACTORS
330
10000198
102
}
330
10000198
100
AcDbXrecord
1000
SKMRM
  0
XRECORD
  5
1000019A
102
{ACAD_REACTORS
330
10000198
102
}
330
10000198
100
AcDbXrecord
1000
RLMD
  0
XRECORD
  5
1000019B
102
{ACAD_REACTORS
330
10000198
102
}
330
10000198
100
AcDbXrecord
1000
RMMD
  0
XRECORD
  5
1000019E
102
{ACAD_REACTORS
330
1000019D
102
}
330
1000019D
100
AcDbXrecord
1000
SKMpU
  0
XRECORD
  5
1000019F
102
{ACAD_REACTORS
330
1000019D
102
}
330
1000019D
100
AcDbXrecord
1000
RLMD
  0
XRECORD
  5
100001A0
102
{ACAD_REACTORS
330
1000019D
102
}
330
1000019D
100
AcDbXrecord
1000
RMMD
  0
XRECORD
  5
100001A3
102
{ACAD_REACTORS
330
100001A2
102
}
330
100001A2
100
AcDbXrecord
1000
SKMVH
  0
XRECORD
  5
100001A4
102
{ACAD_REACTORS
330
100001A2
102
}
330
100001A2
100
AcDbXrecord
1000
RLMD
  0
XRECORD
  5
100001A5
102
{ACAD_REACTORS
330
100001A2
102
}
330
100001A2
100
AcDbXrecord
1000
RMMD
  0
XRECORD
  5
100001A8
102
{ACAD_REACTORS
330
100001A7
102
}
330
100001A7
100
AcDbXrecord
1000
SKMZC
  0
XRECORD
  5
100001A9
102
{ACAD_REACTORS
330
100001A7
102
}
330
100001A7
100
AcDbXrecord
1000
RLMD
  0
XRECORD
  5
100001AA
102
{ACAD_REACTORS
330
100001A7
102
}
330
100001A7
100
AcDbXrecord
1000
RMMD
  0
XRECORD
  5
100001AD
102
{ACAD_REACTORS
330
100001AC
102
}
330
100001AC
100
AcDbXrecord
1000
SKMhH
  0
XRECORD
  5
100001AE
102
{ACAD_REACTORS
330
100001AC
102
}
330
100001AC
100
AcDbXrecord
1000
RLMD
  0
XRECORD
  5
100001AF
102
{ACAD_REACTORS
330
100001AC
102
}
330
100001AC
100
AcDbXrecord
1000
RMMD
  0
XRECORD
  5
100001B2
102
{ACAD_REACTORS
330
100001B1
102
}
330
100001B1
100
AcDbXrecord
1000
SKMxU
  0
XRECORD
  5
100001B3
102
{ACAD_REACTORS
330
100001B1
102
}
330
100001B1
100
AcDbXrecord
1000
RLMD
  0
XRECORD
  5
100001B4
102
{ACAD_REACTORS
330
100001B1
102
}
330
100001B1
100
AcDbXrecord
1000
RMMD
  0
XRECORD
  5
100001B7
102
{ACAD_REACTORS
330
100001B6
102
}
330
100001B6
100
AcDbXrecord
1000
SKMVM
  0
XRECORD
  5
100001B8
102
{ACAD_REACTORS
330
100001B6
102
}
330
100001B6
100
AcDbXrecord
1000
RLMD
  0
XRECORD
  5
100001B9
102
{ACAD_REACTORS
330
100001B6
102
}
330
100001B6
100
AcDbXrecord
1000
RMMD
  0
XRECORD
  5
100001BC
102
{ACAD_REACTORS
330
100001BB
102
}
330
100001BB
100
AcDbXrecord
1000
SKM5U
  0
XRECORD
  5
100001BD
102
{ACAD_REACTORS
330
100001BB
102
}
330
100001BB
100
AcDbXrecord
1000
RLMD
  0
XRECORD
  5
100001BE
102
{ACAD_REACTORS
330
100001BB
102
}
330
100001BB
100
AcDbXrecord
1000
RMMD
  0
XRECORD
  5
100001C1
102
{ACAD_REACTORS
330
100001C0
102
}
330
100001C0
100
AcDbXrecord
1000
SKMlH
  0
XRECORD
  5
100001C2
102
{ACAD_REACTORS
330
100001C0
102
}
330
100001C0
100
AcDbXrecord
1000
RLMD
  0
XRECORD
  5
100001C3
102
{ACAD_REACTORS
330
100001C0
102
}
330
100001C0
100
AcDbXrecord
1000
RMMD
  0
XRECORD
  5
100001C6
102
{ACAD_REACTORS
330
100001C5
102
}
330
100001C5
100
AcDbXrecord
1000
SKMpC
  0
XRECORD
  5
100001C7
102
{ACAD_REACTORS
330
100001C5
102
}
330
100001C5
100
AcDbXrecord
1000
RLMD
  0
XRECORD
  5
100001C8
102
{ACAD_REACTORS
330
100001C5
102
}
330
100001C5
100
AcDbXrecord
1000
RMMD
  0
XRECORD
  5
100001CB
102
{ACAD_REACTORS
330
100001CA
102
}
330
100001CA
100
AcDbXrecord
1000
SKMxH
  0
XRECORD
  5
100001CC
102
{ACAD_REACTORS
330
100001CA
102
}
330
100001CA
100
AcDbXrecord
1000
RLMD
  0
XRECORD
  5
100001CD
102
{ACAD_REACTORS
330
100001CA
102
}
330
100001CA
100
AcDbXrecord
1000
RMMD
  0
XRECORD
  5
100001D0
102
{ACAD_REACTORS
330
100001CF
102
}
330
100001CF
100
AcDbXrecord
1000
SKMBV
  0
XRECORD
  5
100001D1
102
{ACAD_REACTORS
330
100001CF
102
}
330
100001CF
100
AcDbXrecord
1000
RLMD
  0
XRECORD
  5
100001D2
102
{ACAD_REACTORS
330
100001CF
102
}
330
100001CF
100
AcDbXrecord
1000
RMMD
  0
XRECORD
  5
100001D5
102
{ACAD_REACTORS
330
100001D4
102
}
330
100001D4
100
AcDbXrecord
1000
SKMZM
  0
XRECORD
  5
100001D6
102
{ACAD_REACTORS
330
100001D4
102
}
330
100001D4
100
AcDbXrecord
1000
RLMD
  0
XRECORD
  5
100001D7
102
{ACAD_REACTORS
330
100001D4
102
}
330
100001D4
100
AcDbXrecord
1000
RMMD
  0
XRECORD
  5
100001DA
102
{ACAD_REACTORS
330
100001D9
102
}
330
100001D9
100
AcDbXrecord
1000
SKMJV
  0
XRECORD
  5
100001DB
102
{ACAD_REACTORS
330
100001D9
102
}
330
100001D9
100
AcDbXrecord
1000
RLMD
  0
XRECORD
  5
100001DC
102
{ACAD_REACTORS
330
100001D9
102
}
330
100001D9
100
AcDbXrecord
1000
RMMD
  0
XRECORD
  5
100001DF
102
{ACAD_REACTORS
330
100001DE
102
}
330
100001DE
100
AcDbXrecord
1000
SKM1H
  0
XRECORD
  5
100001E0
102
{ACAD_REACTORS
330
100001DE
102
}
330
100001DE
100
AcDbXrecord
1000
RLMD
  0
XRECORD
  5
100001E1
102
{ACAD_REACTORS
330
100001DE
102
}
330
100001DE
100
AcDbXrecord
1000
RMMD
  0
XRECORD
  5
100001E4
102
{ACAD_REACTORS
330
100001E3
102
}
330
100001E3
100
AcDbXrecord
1000
SKM5C
  0
XRECORD
  5
100001E5
102
{ACAD_REACTORS
330
100001E3
102
}
330
100001E3
100
AcDbXrecord
1000
RLMD
  0
XRECORD
  5
100001E6
102
{ACAD_REACTORS
330
100001E3
102
}
330
100001E3
100
AcDbXrecord
1000
RMMD
  0
XRECORD
  5
100001E9
102
{ACAD_REACTORS
330
100001E8
102
}
330
100001E8
100
AcDbXrecord
1000
SKMBI
  0
XRECORD
  5
100001EA
102
{ACAD_REACTORS
330
100001E8
102
}
330
100001E8
100
AcDbXrecord
1000
RLMD
  0
XRECORD
  5
100001EB
102
{ACAD_REACTORS
330
100001E8
102
}
330
100001E8
100
AcDbXrecord
1000
RMMD
  0
XRECORD
  5
100001EE
102
{ACAD_REACTORS
330
100001ED
102
}
330
100001ED
100
AcDbXrecord
1000
SKMRV
  0
XRECORD
  5
100001EF
102
{ACAD_REACTORS
330
100001ED
102
}
330
100001ED
100
AcDbXrecord
1000
RLMD
  0
XRECORD
  5
100001F0
102
{ACAD_REACTORS
330
100001ED
102
}
330
100001ED
100
AcDbXrecord
1000
RMMD
  0
XRECORD
  5
100001F3
102
{ACAD_REACTORS
330
100001F2
102
}
330
100001F2
100
AcDbXrecord
1000
SKMdM
  0
XRECORD
  5
100001F4
102
{ACAD_REACTORS
330
100001F2
102
}
330
100001F2
100
AcDbXrecord
1000
RLMD
  0
XRECORD
  5
100001F5
102
{ACAD_REACTORS
330
100001F2
102
}
330
100001F2
100
AcDbXrecord
1000
RMMD
  0
XRECORD
  5
100001F8
102
{ACAD_REACTORS
330
100001F7
102
}
330
100001F7
100
AcDbXrecord
1000
SKMZV
  0
XRECORD
  5
100001F9
102
{ACAD_REACTORS
330
100001F7
102
}
330
100001F7
100
AcDbXrecord
1000
RLMD
  0
XRECORD
  5
100001FA
102
{ACAD_REACTORS
330
100001F7
102
}
330
100001F7
100
AcDbXrecord
1000
RMMD
  0
XRECORD
  5
100001FD
102
{ACAD_REACTORS
330
100001FC
102
}
330
100001FC
100
AcDbXrecord
1000
SKMFI
  0
XRECORD
  5
100001FE
102
{ACAD_REACTORS
330
100001FC
102
}
330
100001FC
100
AcDbXrecord
1000
RLMD
  0
XRECORD
  5
100001FF
102
{ACAD_REACTORS
330
100001FC
102
}
330
100001FC
100
AcDbXrecord
1000
RMMD
  0
XRECORD
  5
10000202
102
{ACAD_REACTORS
330
10000201
102
}
330
10000201
100
AcDbXrecord
1000
SKMJD
  0
XRECORD
  5
10000203
102
{ACAD_REACTORS
330
10000201
102
}
330
10000201
100
AcDbXrecord
1000
RLMD
  0
XRECORD
  5
10000204
102
{ACAD_REACTORS
330
10000201
102
}
330
10000201
100
AcDbXrecord
1000
RMMD
  0
XRECORD
  5
10000207
102
{ACAD_REACTORS
330
10000206
102
}
330
10000206
100
AcDbXrecord
1000
SKMRI
  0
XRECORD
  5
10000208
102
{ACAD_REACTORS
330
10000206
102
}
330
10000206
100
AcDbXrecord
1000
RLMD
  0
XRECORD
  5
10000209
102
{ACAD_REACTORS
330
10000206
102
}
330
10000206
100
AcDbXrecord
1000
RMMD
  0
XRECORD
  5
1000020C
102
{ACAD_REACTORS
330
1000020B
102
}
330
1000020B
100
AcDbXrecord
1000
SKMhV
  0
XRECORD
  5
1000020D
102
{ACAD_REACTORS
330
1000020B
102
}
330
1000020B
100
AcDbXrecord
1000
RLMD
  0
XRECORD
  5
1000020E
102
{ACAD_REACTORS
330
1000020B
102
}
330
1000020B
100
AcDbXrecord
1000
RMMD
  0
XRECORD
  5
10000211
102
{ACAD_REACTORS
330
10000210
102
}
330
10000210
100
AcDbXrecord
1000
SKMhM
  0
XRECORD
  5
10000212
102
{ACAD_REACTORS
330
10000210
102
}
330
10000210
100
AcDbXrecord
1000
RLMD
  0
XRECORD
  5
10000213
102
{ACAD_REACTORS
330
10000210
102
}
330
10000210
100
AcDbXrecord
1000
RMMD
  0
XRECORD
  5
10000216
102
{ACAD_REACTORS
330
10000215
102
}
330
10000215
100
AcDbXrecord
1000
SKMpV
  0
XRECORD
  5
10000217
102
{ACAD_REACTORS
330
10000215
102
}
330
10000215
100
AcDbXrecord
1000
RLMD
  0
XRECORD
  5
10000218
102
{ACAD_REACTORS
330
10000215
102
}
330
10000215
100
AcDbXrecord
1000
RMMD
  0
XRECORD
  5
1000021B
102
{ACAD_REACTORS
330
1000021A
102
}
330
1000021A
100
AcDbXrecord
1000
SKMVI
  0
XRECORD
  5
1000021C
102
{ACAD_REACTORS
330
1000021A
102
}
330
1000021A
100
AcDbXrecord
1000
RLMD
  0
XRECORD
  5
1000021D
102
{ACAD_REACTORS
330
1000021A
102
}
330
1000021A
100
AcDbXrecord
1000
RMMD
  0
XRECORD
  5
10000220
102
{ACAD_REACTORS
330
1000021F
102
}
330
1000021F
100
AcDbXrecord
1000
SKMZD
  0
XRECORD
  5
10000221
102
{ACAD_REACTORS
330
1000021F
102
}
330
1000021F
100
AcDbXrecord
1000
RLMD
  0
XRECORD
  5
10000222
102
{ACAD_REACTORS
330
1000021F
102
}
330
1000021F
100
AcDbXrecord
1000
RMMD
  0
XRECORD
  5
10000225
102
{ACAD_REACTORS
330
10000224
102
}
330
10000224
100
AcDbXrecord
1000
SKMhI
  0
XRECORD
  5
10000226
102
{ACAD_REACTORS
330
10000224
102
}
330
10000224
100
AcDbXrecord
1000
RLMD
  0
XRECORD
  5
10000227
102
{ACAD_REACTORS
330
10000224
102
}
330
10000224
100
AcDbXrecord
1000
RMMD
  0
XRECORD
  5
1000022A
102
{ACAD_REACTORS
330
10000229
102
}
330
10000229
100
AcDbXrecord
1000
SKMxV
  0
XRECORD
  5
1000022B
102
{ACAD_REACTORS
330
10000229
102
}
330
10000229
100
AcDbXrecord
1000
RLMD
  0
XRECORD
  5
1000022C
102
{ACAD_REACTORS
330
10000229
102
}
330
10000229
100
AcDbXrecord
1000
RMMD
  0
XRECORD
  5
1000022F
102
{ACAD_REACTORS
330
1000022E
102
}
330
1000022E
100
AcDbXrecord
1000
SKMlM
  0
XRECORD
  5
10000230
102
{ACAD_REACTORS
330
1000022E
102
}
330
1000022E
100
AcDbXrecord
1000
RLMD
  0
XRECORD
  5
10000231
102
{ACAD_REACTORS
330
1000022E
102
}
330
1000022E
100
AcDbXrecord
1000
RMMD
  0
XRECORD
  5
10000234
102
{ACAD_REACTORS
330
10000233
102
}
330
10000233
100
AcDbXrecord
1000
SKM5V
  0
XRECORD
  5
10000235
102
{ACAD_REACTORS
330
10000233
102
}
330
10000233
100
AcDbXrecord
1000
RLMD
  0
XRECORD
  5
10000236
102
{ACAD_REACTORS
330
10000233
102
}
330
10000233
100
AcDbXrecord
1000
RMMD
  0
XRECORD
  5
10000239
102
{ACAD_REACTORS
330
10000238
102
}
330
10000238
100
AcDbXrecord
1000
SKMlI
  0
XRECORD
  5
1000023A
102
{ACAD_REACTORS
330
10000238
102
}
330
10000238
100
AcDbXrecord
1000
RLMD
  0
XRECORD
  5
1000023B
102
{ACAD_REACTORS
330
10000238
102
}
330
10000238
100
AcDbXrecord
1000
RMMD
  0
XRECORD
  5
1000023E
102
{ACAD_REACTORS
330
1000023D
102
}
330
1000023D
100
AcDbXrecord
1000
SKMpD
  0
XRECORD
  5
1000023F
102
{ACAD_REACTORS
330
1000023D
102
}
330
1000023D
100
AcDbXrecord
1000
RLMD
  0
XRECORD
  5
10000240
102
{ACAD_REACTORS
330
1000023D
102
}
330
1000023D
100
AcDbXrecord
1000
RMMD
  0
XRECORD
  5
10000243
102
{ACAD_REACTORS
330
10000242
102
}
330
10000242
100
AcDbXrecord
1000
SKMxI
  0
XRECORD
  5
10000244
102
{ACAD_REACTORS
330
10000242
102
}
330
10000242
100
AcDbXrecord
1000
RLMD
  0
XRECORD
  5
10000245
102
{ACAD_REACTORS
330
10000242
102
}
330
10000242
100
AcDbXrecord
1000
RMMD
  0
XRECORD
  5
10000248
102
{ACAD_REACTORS
330
10000247
102
}
330
10000247
100
AcDbXrecord
1000
SKMBW
  0
XRECORD
  5
10000249
102
{ACAD_REACTORS
330
10000247
102
}
330
10000247
100
AcDbXrecord
1000
RLMD
  0
XRECORD
  5
1000024A
102
{ACAD_REACTORS
330
10000247
102
}
330
10000247
100
AcDbXrecord
1000
RMMD
  0
XRECORD
  5
1000024D
102
{ACAD_REACTORS
330
1000024C
102
}
330
1000024C
100
AcDbXrecord
1000
SKMpM
  0
XRECORD
  5
1000024E
102
{ACAD_REACTORS
330
1000024C
102
}
330
1000024C
100
AcDbXrecord
1000
RLMD
  0
XRECORD
  5
1000024F
102
{ACAD_REACTORS
330
1000024C
102
}
330
1000024C
100
AcDbXrecord
1000
RMMD
  0
XRECORD
  5
10000252
102
{ACAD_REACTORS
330
10000251
102
}
330
10000251
100
AcDbXrecord
1000
SKMJW
  0
XRECORD
  5
10000253
102
{ACAD_REACTORS
330
10000251
102
}
330
10000251
100
AcDbXrecord
1000
RLMD
  0
XRECORD
  5
10000254
102
{ACAD_REACTORS
330
10000251
102
}
330
10000251
100
AcDbXrecord
1000
RMMD
  0
XRECORD
  5
10000257
102
{ACAD_REACTORS
330
10000256
102
}
330
10000256
100
AcDbXrecord
1000
SKM1I
  0
XRECORD
  5
10000258
102
{ACAD_REACTORS
330
10000256
102
}
330
10000256
100
AcDbXrecord
1000
RLMD
  0
XRECORD
  5
10000259
102
{ACAD_REACTORS
330
10000256
102
}
330
10000256
100
AcDbXrecord
1000
RMMD
  0
XRECORD
  5
1000025C
102
{ACAD_REACTORS
330
1000025B
102
}
330
1000025B
100
AcDbXrecord
1000
SKM5D
  0
XRECORD
  5
1000025D
102
{ACAD_REACTORS
330
1000025B
102
}
330
1000025B
100
AcDbXrecord
1000
RLMD
  0
XRECORD
  5
1000025E
102
{ACAD_REACTORS
330
1000025B
102
}
330
1000025B
100
AcDbXrecord
1000
RMMD
  0
XRECORD
  5
10000261
102
{ACAD_REACTORS
330
10000260
102
}
330
10000260
100
AcDbXrecord
1000
SKMBJ
  0
XRECORD
  5
10000262
102
{ACAD_REACTORS
330
10000260
102
}
330
10000260
100
AcDbXrecord
1000
RLMD
  0
XRECORD
  5
10000263
102
{ACAD_REACTORS
330
10000260
102
}
330
10000260
100
AcDbXrecord
1000
RMMD
  0
XRECORD
  5
10000266
102
{ACAD_REACTORS
330
10000265
102
}
330
10000265
100
AcDbXrecord
1000
SKMRW
  0
XRECORD
  5
10000267
102
{ACAD_REACTORS
330
10000265
102
}
330
10000265
100
AcDbXrecord
1000
RLMD
  0
XRECORD
  5
10000268
102
{ACAD_REACTORS
330
10000265
102
}
330
10000265
100
AcDbXrecord
1000
RMMD
  0
XRECORD
  5
1000026B
102
{ACAD_REACTORS
330
1000026A
102
}
330
1000026A
100
AcDbXrecord
1000
SKMtM
  0
XRECORD
  5
1000026C
102
{ACAD_REACTORS
330
1000026A
102
}
330
1000026A
100
AcDbXrecord
1000
RLMD
  0
XRECORD
  5
1000026D
102
{ACAD_REACTORS
330
1000026A
102
}
330
1000026A
100
AcDbXrecord
1000
RMMD
  0
XRECORD
  5
10000270
102
{ACAD_REACTORS
330
1000026F
102
}
330
1000026F
100
AcDbXrecord
1000
SKMZW
  0
XRECORD
  5
10000271
102
{ACAD_REACTORS
330
1000026F
102
}
330
1000026F
100
AcDbXrecord
1000
RLMD
  0
XRECORD
  5
10000272
102
{ACAD_REACTORS
330
1000026F
102
}
330
1000026F
100
AcDbXrecord
1000
RMMD
  0
XRECORD
  5
10000275
102
{ACAD_REACTORS
330
10000274
102
}
330
10000274
100
AcDbXrecord
1000
SKMFJ
  0
XRECORD
  5
10000276
102
{ACAD_REACTORS
330
10000274
102
}
330
10000274
100
AcDbXrecord
1000
RLMD
  0
XRECORD
  5
10000277
102
{ACAD_REACTORS
330
10000274
102
}
330
10000274
100
AcDbXrecord
1000
RMMD
  0
XRECORD
  5
1000027A
102
{ACAD_REACTORS
330
10000279
102
}
330
10000279
100
AcDbXrecord
1000
SKMJE
  0
XRECORD
  5
1000027B
102
{ACAD_REACTORS
330
10000279
102
}
330
10000279
100
AcDbXrecord
1000
RLMD
  0
XRECORD
  5
1000027C
102
{ACAD_REACTORS
330
10000279
102
}
330
10000279
100
AcDbXrecord
1000
RMMD
  0
XRECORD
  5
1000027F
102
{ACAD_REACTORS
330
1000027E
102
}
330
1000027E
100
AcDbXrecord
1000
SKMRB
  0
XRECORD
  5
10000280
102
{ACAD_REACTORS
330
1000027E
102
}
330
1000027E
100
AcDbXrecord
1000
RLMD
  0
XRECORD
  5
10000281
102
{ACAD_REACTORS
330
1000027E
102
}
330
1000027E
100
AcDbXrecord
1000
RMMD
  0
XRECORD
  5
10000284
102
{ACAD_REACTORS
330
10000283
102
}
330
10000283
100
AcDbXrecord
1000
SKMpT
  0
XRECORD
  5
10000285
102
{ACAD_REACTORS
330
10000283
102
}
330
10000283
100
AcDbXrecord
1000
RLMD
  0
XRECORD
  5
10000286
102
{ACAD_REACTORS
330
10000283
102
}
330
10000283
100
AcDbXrecord
1000
RMMD
  0
XRECORD
  5
10000289
102
{ACAD_REACTORS
330
10000288
102
}
330
10000288
100
AcDbXrecord
1000
SKMBM
  0
XRECORD
  5
1000028A
102
{ACAD_REACTORS
330
10000288
102
}
330
10000288
100
AcDbXrecord
1000
RLMD
  0
XRECORD
  5
1000028B
102
{ACAD_REACTORS
330
10000288
102
}
330
10000288
100
AcDbXrecord
1000
RMMD
  0
XRECORD
  5
1000028E
102
{ACAD_REACTORS
330
1000028D
102
}
330
1000028D
100
AcDbXrecord
1000
SKMhT
  0
XRECORD
  5
1000028F
102
{ACAD_REACTORS
330
1000028D
102
}
330
1000028D
100
AcDbXrecord
1000
RLMD
  0
XRECORD
  5
10000290
102
{ACAD_REACTORS
330
1000028D
102
}
330
1000028D
100
AcDbXrecord
1000
RMMD
  0
XRECORD
  5
10000293
102
{ACAD_REACTORS
330
10000292
102
}
330
10000292
100
AcDbXrecord
1000
RKMR
  0
XRECORD
  5
10000294
102
{ACAD_REACTORS
330
10000292
102
}
330
10000292
100
AcDbXrecord
1000
RLMD
  0
XRECORD
  5
10000295
102
{ACAD_REACTORS
330
10000292
102
}
330
10000292
100
AcDbXrecord
1000
RMMD
  0
XRECORD
  5
10000298
102
{ACAD_REACTORS
330
10000297
102
}
330
10000297
100
AcDbXrecord
1000
RKMp
  0
XRECORD
  5
10000299
102
{ACAD_REACTORS
330
10000297
102
}
330
10000297
100
AcDbXrecord
1000
RLMD
  0
XRECORD
  5
1000029A
102
{ACAD_REACTORS
330
10000297
102
}
330
10000297
100
AcDbXrecord
1000
RMMD
  0
XRECORD
  5
1000029D
102
{ACAD_REACTORS
330
1000029C
102
}
330
1000029C
100
AcDbXrecord
1000
RKMZ
  0
XRECORD
  5
1000029E
102
{ACAD_REACTORS
330
1000029C
102
}
330
1000029C
100
AcDbXrecord
1000
RLMD
  0
XRECORD
  5
1000029F
102
{ACAD_REACTORS
330
1000029C
102
}
330
1000029C
100
AcDbXrecord
1000
RMMD
  0
XRECORD
  5
100002A2
102
{ACAD_REACTORS
330
100002A1
102
}
330
100002A1
100
AcDbXrecord
1000
SKMxT
  0
XRECORD
  5
100002A3
102
{ACAD_REACTORS
330
100002A1
102
}
330
100002A1
100
AcDbXrecord
1000
RLMD
  0
XRECORD
  5
100002A4
102
{ACAD_REACTORS
330
100002A1
102
}
330
100002A1
100
AcDbXrecord
1000
RMMD
  0
XRECORD
  5
100002A7
102
{ACAD_REACTORS
330
100002A6
102
}
330
100002A6
100
AcDbXrecord
1000
SKMFM
  0
XRECORD
  5
100002A8
102
{ACAD_REACTORS
330
100002A6
102
}
330
100002A6
100
AcDbXrecord
1000
RLMD
  0
XRECORD
  5
100002A9
102
{ACAD_REACTORS
330
100002A6
102
}
330
100002A6
100
AcDbXrecord
1000
RMMD
  0
XRECORD
  5
100002AC
102
{ACAD_REACTORS
330
100002AB
102
}
330
100002AB
100
AcDbXrecord
1000
SKM5T
  0
XRECORD
  5
100002AD
102
{ACAD_REACTORS
330
100002AB
102
}
330
100002AB
100
AcDbXrecord
1000
RLMD
  0
XRECORD
  5
100002AE
102
{ACAD_REACTORS
330
100002AB
102
}
330
100002AB
100
AcDbXrecord
1000
RMMD
  0
XRECORD
  5
100002B1
102
{ACAD_REACTORS
330
100002B0
102
}
330
100002B0
100
AcDbXrecord
1000
SKMZB
  0
XRECORD
  5
100002B2
102
{ACAD_REACTORS
330
100002B0
102
}
330
100002B0
100
AcDbXrecord
1000
RLMD
  0
XRECORD
  5
100002B3
102
{ACAD_REACTORS
330
100002B0
102
}
330
100002B0
100
AcDbXrecord
1000
RMMD
  0
XRECORD
  5
100002B6
102
{ACAD_REACTORS
330
100002B5
102
}
330
100002B5
100
AcDbXrecord
1000
SKMpB
  0
XRECORD
  5
100002B7
102
{ACAD_REACTORS
330
100002B5
102
}
330
100002B5
100
AcDbXrecord
1000
RLMD
  0
XRECORD
  5
100002B8
102
{ACAD_REACTORS
330
100002B5
102
}
330
100002B5
100
AcDbXrecord
1000
RMMD
  0
XRECORD
  5
100002BB
102
{ACAD_REACTORS
330
100002BA
102
}
330
100002BA
100
AcDbXrecord
1000
SKMxG
  0
XRECORD
  5
100002BC
102
{ACAD_REACTORS
330
100002BA
102
}
330
100002BA
100
AcDbXrecord
1000
RLMD
  0
XRECORD
  5
100002BD
102
{ACAD_REACTORS
330
100002BA
102
}
330
100002BA
100
AcDbXrecord
1000
RMMD
  0
XRECORD
  5
100002C0
102
{ACAD_REACTORS
330
100002BF
102
}
330
100002BF
100
AcDbXrecord
1000
SKMBU
  0
XRECORD
  5
100002C1
102
{ACAD_REACTORS
330
100002BF
102
}
330
100002BF
100
AcDbXrecord
1000
RLMD
  0
XRECORD
  5
100002C2
102
{ACAD_REACTORS
330
100002BF
102
}
330
100002BF
100
AcDbXrecord
1000
RMMD
  0
XRECORD
  5
100002C5
102
{ACAD_REACTORS
330
100002C4
102
}
330
100002C4
100
AcDbXrecord
1000
SKMJM
  0
XRECORD
  5
100002C6
102
{ACAD_REACTORS
330
100002C4
102
}
330
100002C4
100
AcDbXrecord
1000
RLMD
  0
XRECORD
  5
100002C7
102
{ACAD_REACTORS
330
100002C4
102
}
330
100002C4
100
AcDbXrecord
1000
RMMD
  0
XRECORD
  5
100002CA
102
{ACAD_REACTORS
330
100002C9
102
}
330
100002C9
100
AcDbXrecord
1000
SKMJU
  0
XRECORD
  5
100002CB
102
{ACAD_REACTORS
330
100002C9
102
}
330
100002C9
100
AcDbXrecord
1000
RLMD
  0
XRECORD
  5
100002CC
102
{ACAD_REACTORS
330
100002C9
102
}
330
100002C9
100
AcDbXrecord
1000
RMMD
  0
XRECORD
  5
100002CF
102
{ACAD_REACTORS
330
100002CE
102
}
330
100002CE
100
AcDbXrecord
1000
SKM1G
  0
XRECORD
  5
100002D0
102
{ACAD_REACTORS
330
100002CE
102
}
330
100002CE
100
AcDbXrecord
1000
RLMD
  0
XRECORD
  5
100002D1
102
{ACAD_REACTORS
330
100002CE
102
}
330
100002CE
100
AcDbXrecord
1000
RMMD
  0
XRECORD
  5
100002D4
102
{ACAD_REACTORS
330
100002D3
102
}
330
100002D3
100
AcDbXrecord
1000
SKM5B
  0
XRECORD
  5
100002D5
102
{ACAD_REACTORS
330
100002D3
102
}
330
100002D3
100
AcDbXrecord
1000
RLMD
  0
XRECORD
  5
100002D6
102
{ACAD_REACTORS
330
100002D3
102
}
330
100002D3
100
AcDbXrecord
1000
RMMD
  0
XRECORD
  5
100002DB
102
{ACAD_REACTORS
330
100002D8
102
}
330
100002D8
100
AcDbXrecord
 40
2.108200000000001
  0
XRECORD
  5
100002D9
102
{ACAD_REACTORS
330
100002D8
102
}
330
100002D8
100
AcDbXrecord
1000
SKMRK
  0
XRECORD
  5
100002DA
102
{ACAD_REACTORS
330
100002D8
102
}
330
100002D8
100
AcDbXrecord
1000
SKMCL
  0
XRECORD
  5
100002DC
102
{ACAD_REACTORS
330
100002D8
102
}
330
100002D8
100
AcDbXrecord
1000
RLMD
  0
XRECORD
  5
100002DD
102
{ACAD_REACTORS
330
100002D8
102
}
330
100002D8
100
AcDbXrecord
1000
RMMD
  0
XRECORD
  5
100002E2
102
{ACAD_REACTORS
330
100002DF
102
}
330
100002DF
100
AcDbXrecord
 40
2.108200000000001
  0
XRECORD
  5
100002E0
102
{ACAD_REACTORS
330
100002DF
102
}
330
100002DF
100
AcDbXrecord
1000
SKMVK
  0
XRECORD
  5
100002E1
102
{ACAD_REACTORS
330
100002DF
102
}
330
100002DF
100
AcDbXrecord
1000
SKMCL
  0
XRECORD
  5
100002E3
102
{ACAD_REACTORS
330
100002DF
102
}
330
100002DF
100
AcDbXrecord
1000
RLMD
  0
XRECORD
  5
100002E4
102
{ACAD_REACTORS
330
100002DF
102
}
330
100002DF
100
AcDbXrecord
1000
RMMD
  0
XRECORD
  5
100002E9
102
{ACAD_REACTORS
330
100002E6
102
}
330
100002E6
100
AcDbXrecord
 40
2.108200000000001
  0
XRECORD
  5
100002E7
102
{ACAD_REACTORS
330
100002E6
102
}
330
100002E6
100
AcDbXrecord
1000
SKMhK
  0
XRECORD
  5
100002E8
102
{ACAD_REACTORS
330
100002E6
102
}
330
100002E6
100
AcDbXrecord
1000
SKMCL
  0
XRECORD
  5
100002EA
102
{ACAD_REACTORS
330
100002E6
102
}
330
100002E6
100
AcDbXrecord
1000
RLMD
  0
XRECORD
  5
100002EB
102
{ACAD_REACTORS
330
100002E6
102
}
330
100002E6
100
AcDbXrecord
1000
RMMD
  0
XRECORD
  5
100002F0
102
{ACAD_REACTORS
330
100002ED
102
}
330
100002ED
100
AcDbXrecord
 40
2.108200000000001
  0
XRECORD
  5
100002EE
102
{ACAD_REACTORS
330
100002ED
102
}
330
100002ED
100
AcDbXrecord
1000
SKMlK
  0
XRECORD
  5
100002EF
102
{ACAD_REACTORS
330
100002ED
102
}
330
100002ED
100
AcDbXrecord
1000
SKMCL
  0
XRECORD
  5
100002F1
102
{ACAD_REACTORS
330
100002ED
102
}
330
100002ED
100
AcDbXrecord
1000
RLMD
  0
XRECORD
  5
100002F2
102
{ACAD_REACTORS
330
100002ED
102
}
330
100002ED
100
AcDbXrecord
1000
RMMD
  0
XRECORD
  5
100002F7
102
{ACAD_REACTORS
330
100002F4
102
}
330
100002F4
100
AcDbXrecord
 40
2.108200000000001
  0
XRECORD
  5
100002F5
102
{ACAD_REACTORS
330
100002F4
102
}
330
100002F4
100
AcDbXrecord
1000
RKMx
  0
XRECORD
  5
100002F6
102
{ACAD_REACTORS
330
100002F4
102
}
330
100002F4
100
AcDbXrecord
1000
SKMCL
  0
XRECORD
  5
100002F8
102
{ACAD_REACTORS
330
100002F4
102
}
330
100002F4
100
AcDbXrecord
1000
RLMD
  0
XRECORD
  5
100002F9
102
{ACAD_REACTORS
330
100002F4
102
}
330
100002F4
100
AcDbXrecord
1000
RMMD
  0
XRECORD
  5
100002FE
102
{ACAD_REACTORS
330
100002FB
102
}
330
100002FB
100
AcDbXrecord
 40
2.108200000000001
  0
XRECORD
  5
100002FC
102
{ACAD_REACTORS
330
100002FB
102
}
330
100002FB
100
AcDbXrecord
1000
RKM1
  0
XRECORD
  5
100002FD
102
{ACAD_REACTORS
330
100002FB
102
}
330
100002FB
100
AcDbXrecord
1000
SKMCL
  0
XRECORD
  5
100002FF
102
{ACAD_REACTORS
330
100002FB
102
}
330
100002FB
100
AcDbXrecord
1000
RLMD
  0
XRECORD
  5
10000300
102
{ACAD_REACTORS
330
100002FB
102
}
330
100002FB
100
AcDbXrecord
1000
RMMD
  0
XRECORD
  5
10000305
102
{ACAD_REACTORS
330
10000302
102
}
330
10000302
100
AcDbXrecord
 40
2.108200000000001
  0
XRECORD
  5
10000303
102
{ACAD_REACTORS
330
10000302
102
}
330
10000302
100
AcDbXrecord
1000
SKMxL
  0
XRECORD
  5
10000304
102
{ACAD_REACTORS
330
10000302
102
}
330
10000302
100
AcDbXrecord
1000
SKMCL
  0
XRECORD
  5
10000306
102
{ACAD_REACTORS
330
10000302
102
}
330
10000302
100
AcDbXrecord
1000
RLMD
  0
XRECORD
  5
10000307
102
{ACAD_REACTORS
330
10000302
102
}
330
10000302
100
AcDbXrecord
1000
RMMD
  0
XRECORD
  5
1000030C
102
{ACAD_REACTORS
330
10000309
102
}
330
10000309
100
AcDbXrecord
 40
2.108200000000001
  0
XRECORD
  5
1000030A
102
{ACAD_REACTORS
330
10000309
102
}
330
10000309
100
AcDbXrecord
1000
SKM1L
  0
XRECORD
  5
1000030B
102
{ACAD_REACTORS
330
10000309
102
}
330
10000309
100
AcDbXrecord
1000
SKMCL
  0
XRECORD
  5
1000030D
102
{ACAD_REACTORS
330
10000309
102
}
330
10000309
100
AcDbXrecord
1000
RLMD
  0
XRECORD
  5
1000030E
102
{ACAD_REACTORS
330
10000309
102
}
330
10000309
100
AcDbXrecord
1000
RMMD
  0
XRECORD
  5
10000313
102
{ACAD_REACTORS
330
10000310
102
}
330
10000310
100
AcDbXrecord
 40
2.108200000000001
  0
XRECORD
  5
10000311
102
{ACAD_REACTORS
330
10000310
102
}
330
10000310
100
AcDbXrecord
1000
SKMhL
  0
XRECORD
  5
10000312
102
{ACAD_REACTORS
330
10000310
102
}
330
10000310
100
AcDbXrecord
1000
SKMCL
  0
XRECORD
  5
10000314
102
{ACAD_REACTORS
330
10000310
102
}
330
10000310
100
AcDbXrecord
1000
RLMD
  0
XRECORD
  5
10000315
102
{ACAD_REACTORS
330
10000310
102
}
330
10000310
100
AcDbXrecord
1000
RMMD
  0
XRECORD
  5
1000031A
102
{ACAD_REACTORS
330
10000317
102
}
330
10000317
100
AcDbXrecord
 40
2.108200000000001
  0
XRECORD
  5
10000318
102
{ACAD_REACTORS
330
10000317
102
}
330
10000317
100
AcDbXrecord
1000
SKMlL
  0
XRECORD
  5
10000319
102
{ACAD_REACTORS
330
10000317
102
}
330
10000317
100
AcDbXrecord
1000
SKMCL
  0
XRECORD
  5
1000031B
102
{ACAD_REACTORS
330
10000317
102
}
330
10000317
100
AcDbXrecord
1000
RLMD
  0
XRECORD
  5
1000031C
102
{ACAD_REACTORS
330
10000317
102
}
330
10000317
100
AcDbXrecord
1000
RMMD
  0
XRECORD
  5
10000321
102
{ACAD_REACTORS
330
1000031E
102
}
330
1000031E
100
AcDbXrecord
 40
2.108200000000001
  0
XRECORD
  5
1000031F
102
{ACAD_REACTORS
330
1000031E
102
}
330
1000031E
100
AcDbXrecord
1000
SKMRL
  0
XRECORD
  5
10000320
102
{ACAD_REACTORS
330
1000031E
102
}
330
1000031E
100
AcDbXrecord
1000
SKMCL
  0
XRECORD
  5
10000322
102
{ACAD_REACTORS
330
1000031E
102
}
330
1000031E
100
AcDbXrecord
1000
RLMD
  0
XRECORD
  5
10000323
102
{ACAD_REACTORS
330
1000031E
102
}
330
1000031E
100
AcDbXrecord
1000
RMMD
  0
XRECORD
  5
10000328
102
{ACAD_REACTORS
330
10000325
102
}
330
10000325
100
AcDbXrecord
 40
2.108200000000001
  0
XRECORD
  5
10000326
102
{ACAD_REACTORS
330
10000325
102
}
330
10000325
100
AcDbXrecord
1000
SKMVL
  0
XRECORD
  5
10000327
102
{ACAD_REACTORS
330
10000325
102
}
330
10000325
100
AcDbXrecord
1000
SKMCL
  0
XRECORD
  5
10000329
102
{ACAD_REACTORS
330
10000325
102
}
330
10000325
100
AcDbXrecord
1000
RLMD
  0
XRECORD
  5
1000032A
102
{ACAD_REACTORS
330
10000325
102
}
330
10000325
100
AcDbXrecord
1000
RMMD
  0
XRECORD
  5
1000032F
102
{ACAD_REACTORS
330
1000032C
102
}
330
1000032C
100
AcDbXrecord
 40
2.108200000000001
  0
XRECORD
  5
1000032D
102
{ACAD_REACTORS
330
1000032C
102
}
330
1000032C
100
AcDbXrecord
1000
SKMBL
  0
XRECORD
  5
1000032E
102
{ACAD_REACTORS
330
1000032C
102
}
330
1000032C
100
AcDbXrecord
1000
SKMCL
  0
XRECORD
  5
10000330
102
{ACAD_REACTORS
330
1000032C
102
}
330
1000032C
100
AcDbXrecord
1000
RLMD
  0
XRECORD
  5
10000331
102
{ACAD_REACTORS
330
1000032C
102
}
330
1000032C
100
AcDbXrecord
1000
RMMD
  0
XRECORD
  5
10000336
102
{ACAD_REACTORS
330
10000333
102
}
330
10000333
100
AcDbXrecord
 40
2.108200000000001
  0
XRECORD
  5
10000334
102
{ACAD_REACTORS
330
10000333
102
}
330
10000333
100
AcDbXrecord
1000
SKMFL
  0
XRECORD
  5
10000335
102
{ACAD_REACTORS
330
10000333
102
}
330
10000333
100
AcDbXrecord
1000
SKMCL
  0
XRECORD
  5
10000337
102
{ACAD_REACTORS
330
10000333
102
}
330
10000333
100
AcDbXrecord
1000
RLMD
  0
XRECORD
  5
10000338
102
{ACAD_REACTORS
330
10000333
102
}
330
10000333
100
AcDbXrecord
1000
RMMD
  0
XRECORD
  5
1000033D
102
{ACAD_REACTORS
330
1000033A
102
}
330
1000033A
100
AcDbXrecord
 40
2.108200000000001
  0
XRECORD
  5
1000033B
102
{ACAD_REACTORS
330
1000033A
102
}
330
1000033A
100
AcDbXrecord
1000
SKMxK
  0
XRECORD
  5
1000033C
102
{ACAD_REACTORS
330
1000033A
102
}
330
1000033A
100
AcDbXrecord
1000
SKMCL
  0
XRECORD
  5
1000033E
102
{ACAD_REACTORS
330
1000033A
102
}
330
1000033A
100
AcDbXrecord
1000
RLMD
  0
XRECORD
  5
1000033F
102
{ACAD_REACTORS
330
1000033A
102
}
330
1000033A
100
AcDbXrecord
1000
RMMD
  0
XRECORD
  5
10000344
102
{ACAD_REACTORS
330
10000341
102
}
330
10000341
100
AcDbXrecord
 40
2.108200000000001
  0
XRECORD
  5
10000342
102
{ACAD_REACTORS
330
10000341
102
}
330
10000341
100
AcDbXrecord
1000
SKM1K
  0
XRECORD
  5
10000343
102
{ACAD_REACTORS
330
10000341
102
}
330
10000341
100
AcDbXrecord
1000
SKMCL
  0
XRECORD
  5
10000345
102
{ACAD_REACTORS
330
10000341
102
}
330
10000341
100
AcDbXrecord
1000
RLMD
  0
XRECORD
  5
10000346
102
{ACAD_REACTORS
330
10000341
102
}
330
10000341
100
AcDbXrecord
1000
RMMD
  0
XRECORD
  5
1000034B
102
{ACAD_REACTORS
330
10000348
102
}
330
10000348
100
AcDbXrecord
 40
2.108200000000001
  0
XRECORD
  5
10000349
102
{ACAD_REACTORS
330
10000348
102
}
330
10000348
100
AcDbXrecord
1000
SKMRJ
  0
XRECORD
  5
1000034A
102
{ACAD_REACTORS
330
10000348
102
}
330
10000348
100
AcDbXrecord
1000
SKMCL
  0
XRECORD
  5
1000034C
102
{ACAD_REACTORS
330
10000348
102
}
330
10000348
100
AcDbXrecord
1000
RLMD
  0
XRECORD
  5
1000034D
102
{ACAD_REACTORS
330
10000348
102
}
330
10000348
100
AcDbXrecord
1000
RMMD
  0
XRECORD
  5
10000352
102
{ACAD_REACTORS
330
1000034F
102
}
330
1000034F
100
AcDbXrecord
 40
2.108200000000001
  0
XRECORD
  5
10000350
102
{ACAD_REACTORS
330
1000034F
102
}
330
1000034F
100
AcDbXrecord
1000
SKMVJ
  0
XRECORD
  5
10000351
102
{ACAD_REACTORS
330
1000034F
102
}
330
1000034F
100
AcDbXrecord
1000
SKMCL
  0
XRECORD
  5
10000353
102
{ACAD_REACTORS
330
1000034F
102
}
330
1000034F
100
AcDbXrecord
1000
RLMD
  0
XRECORD
  5
10000354
102
{ACAD_REACTORS
330
1000034F
102
}
330
1000034F
100
AcDbXrecord
1000
RMMD
  0
XRECORD
  5
10000359
102
{ACAD_REACTORS
330
10000356
102
}
330
10000356
100
AcDbXrecord
 40
2.108200000000001
  0
XRECORD
  5
10000357
102
{ACAD_REACTORS
330
10000356
102
}
330
10000356
100
AcDbXrecord
1000
SKMBK
  0
XRECORD
  5
10000358
102
{ACAD_REACTORS
330
10000356
102
}
330
10000356
100
AcDbXrecord
1000
SKMCL
  0
XRECORD
  5
1000035A
102
{ACAD_REACTORS
330
10000356
102
}
330
10000356
100
AcDbXrecord
1000
RLMD
  0
XRECORD
  5
1000035B
102
{ACAD_REACTORS
330
10000356
102
}
330
10000356
100
AcDbXrecord
1000
RMMD
  0
XRECORD
  5
10000360
102
{ACAD_REACTORS
330
1000035D
102
}
330
1000035D
100
AcDbXrecord
 40
2.108200000000001
  0
XRECORD
  5
1000035E
102
{ACAD_REACTORS
330
1000035D
102
}
330
1000035D
100
AcDbXrecord
1000
SKMFK
  0
XRECORD
  5
1000035F
102
{ACAD_REACTORS
330
1000035D
102
}
330
1000035D
100
AcDbXrecord
1000
SKMCL
  0
XRECORD
  5
10000361
102
{ACAD_REACTORS
330
1000035D
102
}
330
1000035D
100
AcDbXrecord
1000
RLMD
  0
XRECORD
  5
10000362
102
{ACAD_REACTORS
330
1000035D
102
}
330
1000035D
100
AcDbXrecord
1000
RMMD
  0
XRECORD
  5
10000367
102
{ACAD_REACTORS
330
10000364
102
}
330
10000364
100
AcDbXrecord
 40
2.108200000000001
  0
XRECORD
  5
10000365
102
{ACAD_REACTORS
330
10000364
102
}
330
10000364
100
AcDbXrecord
1000
SKMxJ
  0
XRECORD
  5
10000366
102
{ACAD_REACTORS
330
10000364
102
}
330
10000364
100
AcDbXrecord
1000
SKMCL
  0
XRECORD
  5
10000368
102
{ACAD_REACTORS
330
10000364
102
}
330
10000364
100
AcDbXrecord
1000
RLMD
  0
XRECORD
  5
10000369
102
{ACAD_REACTORS
330
10000364
102
}
330
10000364
100
AcDbXrecord
1000
RMMD
  0
XRECORD
  5
1000036E
102
{ACAD_REACTORS
330
1000036B
102
}
330
1000036B
100
AcDbXrecord
 40
2.108200000000001
  0
XRECORD
  5
1000036C
102
{ACAD_REACTORS
330
1000036B
102
}
330
1000036B
100
AcDbXrecord
1000
SKM1J
  0
XRECORD
  5
1000036D
102
{ACAD_REACTORS
330
1000036B
102
}
330
1000036B
100
AcDbXrecord
1000
SKMCL
  0
XRECORD
  5
1000036F
102
{ACAD_REACTORS
330
1000036B
102
}
330
1000036B
100
AcDbXrecord
1000
RLMD
  0
XRECORD
  5
10000370
102
{ACAD_REACTORS
330
1000036B
102
}
330
1000036B
100
AcDbXrecord
1000
RMMD
  0
MATERIAL
  5
45
102
{ACAD_REACTORS
330
43
102
}
102
{ACAD_XDICTIONARY
360
100003A6
102
}
330
43
100
AcDbMaterial
  1
BYBLOCK
  0
MATERIAL
  5
44
102
{ACAD_REACTORS
330
43
102
}
102
{ACAD_XDICTIONARY
360
100003A4
102
}
330
43
100
AcDbMaterial
  1
BYLAYER
  0
MATERIAL
  5
46
102
{ACAD_REACTORS
330
43
102
}
102
{ACAD_XDICTIONARY
360
100003A8
102
}
330
43
100
AcDbMaterial
  1
GLOBAL
  0
ACAD_PROXY_OBJECT
  5
5C
102
{ACAD_REACTORS
330
5B
102
}
330
5B
100
AcDbProxyObject
 90
      499
 91
      505
 93
      610
310
40901902A4063FBFFFFFE0000000000000020400000000000020404214DD185B99185C990000000000000104090141901A00000000000004100000000000000041025764000000000000039000
340
14
340
0
340
11
340
0
 94
        0
1001
ACAD_MLEADERVER
1070
     2
  0
MLINESTYLE
  5
18
102
{ACAD_REACTORS
330
17
102
}
330
17
100
AcDbMlineStyle
  2
Standard
 70
     0
  3

 62
   256
 51
90.0
 52
90.0
 71
     2
 49
0.5
 62
   256
  6
BYLAYER
 49
-0.5
 62
   256
  6
BYLAYER
  0
ACAD_PROXY_OBJECT
  5
10000023
102
{ACAD_REACTORS
330
47
102
}
330
47
100
AcDbProxyObject
 90
      499
 91
      503
 93
      121
310
9053130303A310000000000001650100
  0
ACAD_PROXY_OBJECT
  5
1000001D
102
{ACAD_REACTORS
330
47
102
}
330
47
100
AcDbProxyObject
 90
      499
 91
      503
 93
      113
310
90431303A310000000000000910100
  0
ACAD_PROXY_OBJECT
  5
1000001E
102
{ACAD_REACTORS
330
47
102
}
330
47
100
AcDbProxyObject
 90
      499
 91
      503
 93
      113
310
90431323A310000000000000A10100
  0
ACAD_PROXY_OBJECT
  5
1000001F
102
{ACAD_REACTORS
330
47
102
}
330
47
100
AcDbProxyObject
 90
      499
 91
      503
 93
      113
310
90431363A310000000000000C10100
  0
ACAD_PROXY_OBJECT
  5
10000006
102
{ACAD_REACTORS
330
47
102
}
330
47
100
AcDbProxyObject
 90
      499
 91
      503
 93
       41
310
903313A31500
  0
ACAD_PROXY_OBJECT
  5
1000000D
102
{ACAD_REACTORS
330
47
102
}
330
47
100
AcDbProxyObject
 90
      499
 91
      503
 93
      113
310
904313A31304000000000000244000
  0
ACAD_PROXY_OBJECT
  5
10000016
102
{ACAD_REACTORS
330
47
102
}
330
47
100
AcDbProxyObject
 90
      499
 91
      503
 93
      121
310
905313A3130304000000000000594000
  0
ACAD_PROXY_OBJECT
  5
1000000E
102
{ACAD_REACTORS
330
47
102
}
330
47
100
AcDbProxyObject
 90
      499
 91
      503
 93
      113
310
904313A31324000000000000284000
  0
ACAD_PROXY_OBJECT
  5
1000000F
102
{ACAD_REACTORS
330
47
102
}
330
47
100
AcDbProxyObject
 90
      499
 91
      503
 93
      113
310
904313A31364000000000000304000
  0
ACAD_PROXY_OBJECT
  5
10000007
102
{ACAD_REACTORS
330
47
102
}
330
47
100
AcDbProxyObject
 90
      499
 91
      503
 93
      105
310
903313A324000000000000004000
  0
ACAD_PROXY_OBJECT
  5
10000010
102
{ACAD_REACTORS
330
47
102
}
330
47
100
AcDbProxyObject
 90
      499
 91
      503
 93
      113
310
904313A32304000000000000344000
  0
ACAD_PROXY_OBJECT
  5
10000011
102
{ACAD_REACTORS
330
47
102
}
330
47
100
AcDbProxyObject
 90
      499
 91
      503
 93
      113
310
904313A32354000000000000394000
  0
ACAD_PROXY_OBJECT
  5
10000008
102
{ACAD_REACTORS
330
47
102
}
330
47
100
AcDbProxyObject
 90
      499
 91
      503
 93
      105
310
903313A334000000000000084000
  0
ACAD_PROXY_OBJECT
  5
10000012
102
{ACAD_REACTORS
330
47
102
}
330
47
100
AcDbProxyObject
 90
      499
 91
      503
 93
      113
310
904313A33324000000000000404000
  0
ACAD_PROXY_OBJECT
  5
10000009
102
{ACAD_REACTORS
330
47
102
}
330
47
100
AcDbProxyObject
 90
      499
 91
      503
 93
      105
310
903313A344000000000000104000
  0
ACAD_PROXY_OBJECT
  5
10000013
102
{ACAD_REACTORS
330
47
102
}
330
47
100
AcDbProxyObject
 90
      499
 91
      503
 93
      113
310
904313A34304000000000000444000
  0
ACAD_PROXY_OBJECT
  5
1000000A
102
{ACAD_REACTORS
330
47
102
}
330
47
100
AcDbProxyObject
 90
      499
 91
      503
 93
      105
310
903313A354000000000000144000
  0
ACAD_PROXY_OBJECT
  5
10000014
102
{ACAD_REACTORS
330
47
102
}
330
47
100
AcDbProxyObject
 90
      499
 91
      503
 93
      113
310
904313A35304000000000000494000
  0
ACAD_PROXY_OBJECT
  5
1000000B
102
{ACAD_REACTORS
330
47
102
}
330
47
100
AcDbProxyObject
 90
      499
 91
      503
 93
      105
310
903313A364000000000000184000
  0
ACAD_PROXY_OBJECT
  5
1000000C
102
{ACAD_REACTORS
330
47
102
}
330
47
100
AcDbProxyObject
 90
      499
 91
      503
 93
      105
310
903313A384000000000000204000
  0
ACAD_PROXY_OBJECT
  5
10000015
102
{ACAD_REACTORS
330
47
102
}
330
47
100
AcDbProxyObject
 90
      499
 91
      503
 93
      113
310
904313A38304000000000000544000
  0
ACAD_PROXY_OBJECT
  5
10000020
102
{ACAD_REACTORS
330
47
102
}
330
47
100
AcDbProxyObject
 90
      499
 91
      503
 93
      113
310
90432303A310000000000000D10100
  0
ACAD_PROXY_OBJECT
  5
10000017
102
{ACAD_REACTORS
330
47
102
}
330
47
100
AcDbProxyObject
 90
      499
 91
      503
 93
      105
310
903323A310000000000000010100
  0
ACAD_PROXY_OBJECT
  5
10000021
102
{ACAD_REACTORS
330
47
102
}
330
47
100
AcDbProxyObject
 90
      499
 91
      503
 93
      113
310
90433323A310000000000001010100
  0
ACAD_PROXY_OBJECT
  5
10000018
102
{ACAD_REACTORS
330
47
102
}
330
47
100
AcDbProxyObject
 90
      499
 91
      503
 93
      105
310
903333A310000000000000210100
  0
ACAD_PROXY_OBJECT
  5
10000019
102
{ACAD_REACTORS
330
47
102
}
330
47
100
AcDbProxyObject
 90
      499
 91
      503
 93
      105
310
903343A310000000000000410100
  0
ACAD_PROXY_OBJECT
  5
10000022
102
{ACAD_REACTORS
330
47
102
}
330
47
100
AcDbProxyObject
 90
      499
 91
      503
 93
      113
310
90435303A310000000000001250100
  0
ACAD_PROXY_OBJECT
  5
1000001A
102
{ACAD_REACTORS
330
47
102
}
330
47
100
AcDbProxyObject
 90
      499
 91
      503
 93
      105
310
903353A310000000000000510100
  0
ACAD_PROXY_OBJECT
  5
1000001B
102
{ACAD_REACTORS
330
47
102
}
330
47
100
AcDbProxyObject
 90
      499
 91
      503
 93
      105
310
903363A310000000000000610100
  0
ACAD_PROXY_OBJECT
  5
1000001C
102
{ACAD_REACTORS
330
47
102
}
330
47
100
AcDbProxyObject
 90
      499
 91
      503
 93
      105
310
903383A310000000000000810100
  0
ACAD_PROXY_OBJECT
  5
2F
102
{ACAD_REACTORS
330
2A
102
}
330
2A
100
AcDbProxyObject
 90
      499
 91
      501
 93
      436
310
42CC9915DA5C99599C985B595049028333333333333E33F0000000000000F90107901411070040501600405405064090741402480A0340
1001
ACAD
1000
AcDbSavedByObjectVersion
1070
     0
  0
ACAD_PROXY_OBJECT
  5
32
102
{ACAD_REACTORS
330
2A
102
}
330
2A
100
AcDbProxyObject
 90
      499
 91
      501
 93
      388
310
4150985CDA58D07406404333333333333E33F0000000000000F90107A41107004050150841D405064090741402480A0350
1001
ACAD
1000
AcDbSavedByObjectVersion
1070
     0
  0
ACAD_PROXY_OBJECT
  5
36
102
{ACAD_REACTORS
330
2A
102
}
330
2A
100
AcDbProxyObject
 90
      499
 91
      501
 93
      428
310
42109C9A59DA1D195B90C409028333333333333E33F0000000000000F9010790141107004050150841D405064090741402480A029950
1001
ACAD
1000
AcDbSavedByObjectVersion
1070
     0
  0
ACAD_PROXY_OBJECT
  5
3A
102
{ACAD_REACTORS
330
2A
102
}
330
2A
100
AcDbProxyObject
 90
      499
 91
      501
 93
      452
310
42D0DBDB1BDC90DA185B99D95104090240C333333333333E33F0000000000000F90108901411070040501508421405064090741402480A0350
1001
ACAD
1000
AcDbSavedByObjectVersion
1070
     0
  0
ACAD_PROXY_OBJECT
  5
34
102
{ACAD_REACTORS
330
2A
102
}
330
2A
100
AcDbProxyObject
 90
      499
 91
      501
 93
      500
310
4290DBDB98D95C1D1D585B10940D028333333333333E33F0000000000000F90107902409070040501000000000018199010841D405064090740C02480A0340
1001
ACAD
1000
AcDbSavedByObjectVersion
1070
     0
  0
ACAD_PROXY_OBJECT
  5
35
102
{ACAD_REACTORS
330
2A
102
}
330
2A
100
AcDbProxyObject
 90
      499
 91
      501
 93
      412
310
40D11A5B50B409028333333333333E33F0000000000000F9010790141107004050150841D405064090741402480A02677FFFFFD0
1001
ACAD
1000
AcDbSavedByObjectVersion
1070
     0
  0
ACAD_PROXY_OBJECT
  5
3D
102
{ACAD_REACTORS
330
2A
102
}
330
2A
100
AcDbProxyObject
 90
      499
 91
      501
 93
      452
310
43115919D950DBDB1BDC93D999916409028333333333333E33F0000000000000F9010790141107004050150841D405064090741402480A0350
1001
ACAD
1000
AcDbSavedByObjectVersion
1070
     0
  0
ACAD_PROXY_OBJECT
  5
39
102
{ACAD_REACTORS
330
2A
102
}
330
2A
100
AcDbProxyObject
 90
      499
 91
      501
 93
      444
310
42D19858D95C185D1D195C9B90F409028333333333333E33F0000000000000F9010790141107004050150841D405064090741402480A0350
1001
ACAD
1000
AcDbSavedByObjectVersion
1070
     0
  0
ACAD_PROXY_OBJECT
  5
2B
102
{ACAD_REACTORS
330
2A
102
}
330
2A
100
AcDbProxyObject
 90
      499
 91
      501
 93
      380
310
41119B185D240901404333333333333E33F0000000000000F9010740A907004050150841D405064090741402480A1B50
1001
ACAD
1000
AcDbSavedByObjectVersion
1070
     0
  0
ACAD_PROXY_OBJECT
  5
2C
102
{ACAD_REACTORS
330
2A
102
}
330
2A
100
AcDbProxyObject
 90
      499
 91
      501
 93
      468
310
43519B185D15DA5D1A115919D95CD0140901404333333333333E33F0000000000000F90107409019070040501600405405064090741402480A1B50
1001
ACAD
1000
AcDbSavedByObjectVersion
1070
     0
  0
ACAD_PROXY_OBJECT
  5
2D
102
{ACAD_REACTORS
330
2A
102
}
330
2A
100
AcDbProxyObject
 90
      499
 91
      501
 93
      404
310
41D1DBDD5C985D5910240902404333333333333E33F0000000000000F9010740A9070040501641D405064090741402480A1B50
1001
ACAD
1000
AcDbSavedByObjectVersion
1070
     0
  0
ACAD_PROXY_OBJECT
  5
2E
102
{ACAD_REACTORS
330
2A
102
}
330
2A
100
AcDbProxyObject
 90
      499
 91
      501
 93
      492
310
4411DBDD5C985D5915DA5D1A115919D95CD0340902404333333333333E33F0000000000000F90107409019070040501600405405064090741402480A1B50
1001
ACAD
1000
AcDbSavedByObjectVersion
1070
     0
  0
ACAD_PROXY_OBJECT
  5
31
102
{ACAD_REACTORS
330
2A
102
}
330
2A
100
AcDbProxyObject
 90
      499
 91
      501
 93
      476
310
41921A5919195B90640502408333333333333E33F0000000000000F901079024090700405020000000000001110200405405064090740C02480A0340
1001
ACAD
1000
AcDbSavedByObjectVersion
1070
     0
  0
ACAD_PROXY_OBJECT
  5
3B
102
{ACAD_REACTORS
330
2A
102
}
330
2A
100
AcDbProxyObject
 90
      499
 91
      501
 93
      428
310
42529A5D1D195C93D999914409028333333333333E33F0000000000000F9010790141107004050150A41D405064090741402480A0350
1001
ACAD
1000
AcDbSavedByObjectVersion
1070
     0
  0
ACAD_PROXY_OBJECT
  5
38
102
{ACAD_REACTORS
330
2A
102
}
330
2A
100
AcDbProxyObject
 90
      499
 91
      501
 93
      444
310
42D31A5B995C185D1D195C9B90E409028333333333333E33F0000000000000F9010790141107004050750841D405064090741402483A0350
1001
ACAD
1000
AcDbSavedByObjectVersion
1070
     0
  0
ACAD_PROXY_OBJECT
  5
3C
102
{ACAD_REACTORS
330
2A
102
}
330
2A
100
AcDbProxyObject
 90
      499
 91
      501
 93
      444
310
42D3DD995C9A185B99D3D999915409028333333333333E33F0000000000000F9010790141107004050150941D405064090741402480A0350
1001
ACAD
1000
AcDbSavedByObjectVersion
1070
     0
  0
ACAD_PROXY_OBJECT
  5
33
102
{ACAD_REACTORS
330
2A
102
}
330
2A
100
AcDbProxyObject
 90
      499
 91
      501
 93
      428
310
425499585B1A5CDD1A58D08409038333333333333E33F0000000000000F9010740A907004050150800405405064090740C02480A1B40
1001
ACAD
1000
AcDbSavedByObjectVersion
1070
     0
  0
ACAD_PROXY_OBJECT
  5
42
102
{ACAD_REACTORS
330
2A
102
}
330
2A
100
AcDbProxyObject
 90
      499
 91
      501
 93
      420
310
4194DA1859195911B40902404333333333333E33F0000000000000F9010740A41107004050150800405405064090840C02480A0B40
1001
ACAD
1000
AcDbSavedByObjectVersion
1070
     0
  0
ACAD_PROXY_OBJECT
  5
41
102
{ACAD_REACTORS
330
2A
102
}
330
2A
100
AcDbProxyObject
 90
      499
 91
      501
 93
      516
310
4454DA18591959081DDA5D1A08195919D95CD1A40902404333333333333E33F0000000000000F901074090142907004050250800405405064090740C02480A0B40
1001
ACAD
1000
AcDbSavedByObjectVersion
1070
     0
  0
ACAD_PROXY_OBJECT
  5
3E
102
{ACAD_REACTORS
330
2A
102
}
330
2A
100
AcDbProxyObject
 90
      499
 91
      501
 93
      532
310
4394DA1859195CC81BD98811DC985E5174090240C333333333333E33F0000000000000F901079024090741D01000000000000111010841D405064090740C02480A0340
1001
ACAD
1000
AcDbSavedByObjectVersion
1070
     0
  0
ACAD_PROXY_OBJECT
  5
3F
102
{ACAD_REACTORS
330
2A
102
}
330
2A
100
AcDbProxyObject
 90
      499
 91
      501
 93
      476
310
41D4DAD95D18DA1E51840502408333333333333E33F0000000000000F901079024090741D01000000000000111010B41D405064090741802480A0340
1001
ACAD
1000
AcDbSavedByObjectVersion
1070
     0
  0
ACAD_PROXY_OBJECT
  5
37
102
{ACAD_REACTORS
330
2A
102
}
330
2A
100
AcDbProxyObject
 90
      499
 91
      501
 93
      412
310
41D51A1A58DAD95B90D409028333333333333E33F0000000000000F9010790141107004050150C41D405064090741402480A0350
1001
ACAD
1000
AcDbSavedByObjectVersion
1070
     0
  0
ACAD_PROXY_OBJECT
  5
30
102
{ACAD_REACTORS
330
2A
102
}
330
2A
100
AcDbProxyObject
 90
      499
 91
      501
 93
      420
310
4255DA5C99599C985B595059028333333333333E33F0000000000000F90107901411070040501600405405064090740C02480A0340
1001
ACAD
1000
AcDbSavedByObjectVersion
1070
     0
  0
ACAD_PROXY_OBJECT
  5
40
102
{ACAD_REACTORS
330
2A
102
}
330
2A
100
AcDbProxyObject
 90
      499
 91
      501
 93
      404
310
41560B54985E51940902404000000000000E03F0000000000000F9010740501907004050150841D405064090740C02480A1B40
1001
ACAD
1000
AcDbSavedByObjectVersion
1070
     0
  0
XRECORD
  5
1000037D
102
{ACAD_REACTORS
330
10000373
102
}
330
10000373
100
AcDbXrecord
340
0
  0
XRECORD
  5
1000037C
102
{ACAD_REACTORS
330
10000373
102
}
330
10000373
100
AcDbXrecord
 90
        0
  0
XRECORD
  5
10000393
102
{ACAD_REACTORS
330
10000373
102
}
330
10000373
100
AcDbXrecord
1000
DSTYLE
1002
{
1070
   340
340
11
1002
}
  0
XRECORD
  5
1000037E
102
{ACAD_REACTORS
330
10000373
102
}
330
10000373
100
AcDbXrecord
  1
{39b33176-36b5-7466-b070-396465747979}
  0
XRECORD
  5
10000376
102
{ACAD_REACTORS
330
10000373
102
}
330
10000373
100
AcDbXrecord
  1

  0
XRECORD
  5
1000037B
102
{ACAD_REACTORS
330
10000373
102
}
330
10000373
100
AcDbXrecord
 90
        4
  0
XRECORD
  5
10000378
102
{ACAD_REACTORS
330
10000373
102
}
330
10000373
100
AcDbXrecord
340
1A
  0
XRECORD
  5
1000037A
102
{ACAD_REACTORS
330
10000373
102
}
330
10000373
100
AcDbXrecord
 90
    10781
  0
XRECORD
  5
10000379
102
{ACAD_REACTORS
330
10000373
102
}
330
10000373
100
AcDbXrecord
340
19
  0
XRECORD
  5
10000380
102
{ACAD_REACTORS
330
10000373
102
}
330
10000373
100
AcDbXrecord
 40
0.0
  0
XRECORD
  5
10000383
102
{ACAD_REACTORS
330
10000373
102
}
330
10000373
100
AcDbXrecord
340
0
  0
XRECORD
  5
10000389
102
{ACAD_REACTORS
330
10000373
102
}
330
10000373
100
AcDbXrecord
 10
0.0
 20
0.0
 30
0.0
  0
XRECORD
  5
10000385
102
{ACAD_REACTORS
330
10000373
102
}
330
10000373
100
AcDbXrecord
 10
0.0
 20
0.0
 30
0.0
  0
XRECORD
  5
10000388
102
{ACAD_REACTORS
330
10000373
102
}
330
10000373
100
AcDbXrecord
 10
0.0
 20
0.0
 30
0.0
  0
XRECORD
  5
10000386
102
{ACAD_REACTORS
330
10000373
102
}
330
10000373
100
AcDbXrecord
 10
0.0
 20
0.0
 30
0.0
  0
XRECORD
  5
10000387
102
{ACAD_REACTORS
330
10000373
102
}
330
10000373
100
AcDbXrecord
 10
0.0
 20
0.0
 30
0.0
  0
XRECORD
  5
10000384
102
{ACAD_REACTORS
330
10000373
102
}
330
10000373
100
AcDbXrecord
 10
0.0
 20
0.0
 30
0.0
  0
XRECORD
  5
10000381
102
{ACAD_REACTORS
330
10000373
102
}
330
10000373
100
AcDbXrecord
340
0
  0
XRECORD
  5
10000382
102
{ACAD_REACTORS
330
10000373
102
}
330
10000373
100
AcDbXrecord
 70
     0
  0
XRECORD
  5
10000377
102
{ACAD_REACTORS
330
10000373
102
}
330
10000373
100
AcDbXrecord
  1

  0
XRECORD
  5
10000374
102
{ACAD_REACTORS
330
10000373
102
}
330
10000373
100
AcDbXrecord
 90
        1
  0
XRECORD
  5
10000375
102
{ACAD_REACTORS
330
10000373
102
}
330
10000373
100
AcDbXrecord
 90
       70
  0
XRECORD
  5
1000038C
102
{ACAD_REACTORS
330
10000373
102
}
330
10000373
100
AcDbXrecord
340
0
  0
XRECORD
  5
10000392
102
{ACAD_REACTORS
330
10000373
102
}
330
10000373
100
AcDbXrecord
 10
0.0
 20
0.0
 30
0.0
  0
XRECORD
  5
1000038E
102
{ACAD_REACTORS
330
10000373
102
}
330
10000373
100
AcDbXrecord
 10
0.0
 20
0.0
 30
0.0
  0
XRECORD
  5
10000391
102
{ACAD_REACTORS
330
10000373
102
}
330
10000373
100
AcDbXrecord
 10
0.0
 20
0.0
 30
0.0
  0
XRECORD
  5
1000038F
102
{ACAD_REACTORS
330
10000373
102
}
330
10000373
100
AcDbXrecord
 10
0.0
 20
0.0
 30
0.0
  0
XRECORD
  5
10000390
102
{ACAD_REACTORS
330
10000373
102
}
330
10000373
100
AcDbXrecord
 10
0.0
 20
0.0
 30
0.0
  0
XRECORD
  5
1000038D
102
{ACAD_REACTORS
330
10000373
102
}
330
10000373
100
AcDbXrecord
 10
0.0
 20
0.0
 30
0.0
  0
XRECORD
  5
1000038A
102
{ACAD_REACTORS
330
10000373
102
}
330
10000373
100
AcDbXrecord
340
0
  0
XRECORD
  5
1000038B
102
{ACAD_REACTORS
330
10000373
102
}
330
10000373
100
AcDbXrecord
 70
     0
  0
XRECORD
  5
1000037F
102
{ACAD_REACTORS
330
10000373
102
}
330
10000373
100
AcDbXrecord
  1
{FAEB1C32-E019-11D5-929B-00C0DF256EC4}
  0
DICTIONARYVAR
  5
100003A2
102
{ACAD_REACTORS
330
10000394
102
}
330
10000394
100
DictionaryVariables
280
     0
  1
1:1
  0
DICTIONARYVAR
  5
1000039B
102
{ACAD_REACTORS
330
10000394
102
}
330
10000394
100
DictionaryVariables
280
     0
  1
3.500000
  0
DICTIONARYVAR
  5
1000039C
102
{ACAD_REACTORS
330
10000394
102
}
330
10000394
100
DictionaryVariables
280
     0
  1
acadiso.lin
  0
DICTIONARYVAR
  5
10000396
102
{ACAD_REACTORS
330
10000394
102
}
330
10000394
100
DictionaryVariables
280
     0
  1
Standard
  0
DICTIONARYVAR
  5
10000395
102
{ACAD_REACTORS
330
10000394
102
}
330
10000394
100
DictionaryVariables
280
     0
  1
Standard
  0
DICTIONARYVAR
  5
1000039D
102
{ACAD_REACTORS
330
10000394
102
}
330
10000394
100
DictionaryVariables
280
     0
  1
2
  0
DICTIONARYVAR
  5
1000039E
102
{ACAD_REACTORS
330
10000394
102
}
330
10000394
100
DictionaryVariables
280
     0
  1
1
  0
DICTIONARYVAR
  5
100003A3
102
{ACAD_REACTORS
330
10000394
102
}
330
10000394
100
DictionaryVariables
280
     0
  1
1
  0
DICTIONARYVAR
  5
10000398
102
{ACAD_REACTORS
330
10000394
102
}
330
10000394
100
DictionaryVariables
280
     0
  1
80.000000
  0
DICTIONARYVAR
  5
10000397
102
{ACAD_REACTORS
330
10000394
102
}
330
10000394
100
DictionaryVariables
280
     0
  1
5.000000
  0
XRECORD
  5
10000003
102
{ACAD_REACTORS
330
10000001
102
}
330
10000001
100
AcDbXrecord
 70
     4
  0
XRECORD
  5
10000002
102
{ACAD_REACTORS
330
10000001
102
}
330
10000001
100
AcDbXrecord
1040
89.0
  0
ACAD_PROXY_OBJECT
  5
10000005
102
{ACAD_REACTORS
330
10000001
102
}
330
10000001
100
AcDbProxyObject
 90
      499
 91
      509
 93
       34
310
40C8804040
  0
DICTIONARY
  5
100003A6
330
45
100
AcDbDictionary
280
     1
  3
ACAD_XREC_ROUNDTRIP
360
100003A7
  0
DICTIONARY
  5
100003A4
330
44
100
AcDbDictionary
280
     1
  3
ACAD_XREC_ROUNDTRIP
360
100003A5
  0
DICTIONARY
  5
100003A8
330
46
100
AcDbDictionary
280
     1
  3
ACAD_XREC_ROUNDTRIP
360
100003A9
  0
XRECORD
  5
100003A7
102
{ACAD_REACTORS
330
100003A6
102
}
330
100003A6
100
AcDbXrecord
102
MATERIAL
148
0.0
149
0.0
149
0.0
 93
        0
 94
      127
282
     0
 72
     1
 77
     1
171
     1
175
     1
179
     1
273
     0
  0
XRECORD
  5
100003A5
102
{ACAD_REACTORS
330
100003A4
102
}
330
100003A4
100
AcDbXrecord
102
MATERIAL
148
0.0
149
0.0
149
0.0
 93
        0
 94
      127
282
     0
 72
     1
 77
     1
171
     1
175
     1
179
     1
273
     0
  0
XRECORD
  5
100003A9
102
{ACAD_REACTORS
330
100003A8
102
}
330
100003A8
100
AcDbXrecord
102
MATERIAL
148
0.0
149
0.0
149
0.0
 93
        0
 94
      127
282
     0
 72
     1
 77
     1
171
     1
175
     1
179
     1
273
     0
  0
ENDSEC
  0
EOF
